"../../../Engine/Content/Functions/Engine_MaterialFunctions01/Shading/PowerToRoughness.uasset" 0
"../../../Engine/Content/Functions/Engine_MaterialFunctions01/Shading/PowerToRoughness.uexp" 1
"../../../Engine/Content/Functions/Engine_MaterialFunctions01/Shading/ConvertFromDiffSpec.uasset" 2
"../../../Engine/Content/Functions/Engine_MaterialFunctions01/Shading/ConvertFromDiffSpec.uexp" 3
"../../../Engine/Content/EngineSounds/Master.uasset" 4
"../../../Engine/Content/EngineSounds/Master.uexp" 5
"../../../Engine/Content/EngineSky/M_SimpleSkyDome.uasset" 6
"../../../Engine/Content/EngineSky/M_SimpleSkyDome.uexp" 7
"../../../Engine/Content/EngineSky/VolumetricClouds/CloudWeatherTexture.uasset" 8
"../../../Engine/Content/EngineSky/VolumetricClouds/CloudWeatherTexture.uexp" 9
"../../../Engine/Content/Functions/Engine_MaterialFunctions02/Utility/MakeFloat2.uasset" 10
"../../../Engine/Content/Functions/Engine_MaterialFunctions02/Utility/MakeFloat2.uexp" 11
"../../../Engine/Content/EngineSky/VolumetricClouds/CloudGradientTexture.uasset" 12
"../../../Engine/Content/EngineSky/VolumetricClouds/CloudGradientTexture.uexp" 13
"../../../Engine/Content/EngineSky/VolumetricClouds/T_NoiseShape64.ubulk" 14
"../../../Engine/Content/EngineSky/VolumetricClouds/T_NoiseShape64.uasset" 15
"../../../Engine/Content/EngineSky/VolumetricClouds/T_NoiseShape64.uexp" 16
"../../../Engine/Content/EngineSky/VolumetricClouds/T_VolumeNoiseShape64.uasset" 17
"../../../Engine/Content/EngineSky/VolumetricClouds/T_VolumeNoiseShape64.uexp" 18
"../../../Engine/Content/EngineSky/VolumetricClouds/T_NoiseErosion.ubulk" 19
"../../../Engine/Content/EngineSky/VolumetricClouds/T_NoiseErosion.uasset" 20
"../../../Engine/Content/EngineSky/VolumetricClouds/T_NoiseErosion.uexp" 21
"../../../Engine/Content/EngineSky/VolumetricClouds/T_VolumeNoiseErosion32.uasset" 22
"../../../Engine/Content/EngineSky/VolumetricClouds/T_VolumeNoiseErosion32.uexp" 23
"../../../Engine/Content/EngineSky/VolumetricClouds/m_SimpleVolumetricCloud.uasset" 24
"../../../Engine/Content/EngineSky/VolumetricClouds/m_SimpleVolumetricCloud.uexp" 25
"../../../Engine/Content/EngineSky/VolumetricClouds/m_SimpleVolumetricCloud_Inst.uasset" 26
"../../../Engine/Content/EngineSky/VolumetricClouds/m_SimpleVolumetricCloud_Inst.uexp" 27
"../../../Engine/Content/EngineResources/GradientTexture0.uasset" 28
"../../../Engine/Content/EngineResources/GradientTexture0.uexp" 29
"../../../Engine/Content/EngineResources/DefaultVolumeTexture2D.uasset" 30
"../../../Engine/Content/EngineResources/DefaultVolumeTexture2D.uexp" 31
"../../../Engine/Content/EngineResources/DefaultVolumeTexture.uasset" 32
"../../../Engine/Content/EngineResources/DefaultVolumeTexture.uexp" 33
"../../../Engine/Content/EngineResources/DefaultTextureCube.uasset" 34
"../../../Engine/Content/EngineResources/DefaultTextureCube.uexp" 35
"../../../Engine/Content/EngineResources/FilmGrains/Marcie_Grain_v3_128_M2_000.uasset" 36
"../../../Engine/Content/EngineResources/FilmGrains/Marcie_Grain_v3_128_M2_000.uexp" 37
"../../../Engine/Content/EngineMeshes/Sphere.ubulk" 38
"../../../Engine/Content/EngineMeshes/Sphere.uasset" 39
"../../../Engine/Content/EngineMeshes/Sphere.uexp" 40
"../../../Engine/Content/EngineResources/WhiteSquareTexture.uasset" 41
"../../../Engine/Content/EngineResources/WhiteSquareTexture.uexp" 42
"../../../Engine/Content/EngineMaterials/Widget3DPassThrough.uasset" 43
"../../../Engine/Content/EngineMaterials/Widget3DPassThrough.uexp" 44
"../../../Engine/Content/EngineMaterials/Widget3DPassThrough_Translucent.uasset" 45
"../../../Engine/Content/EngineMaterials/Widget3DPassThrough_Translucent.uexp" 46
"../../../Engine/Content/EngineMaterials/Widget3DPassThrough_Translucent_OneSided.uasset" 47
"../../../Engine/Content/EngineMaterials/Widget3DPassThrough_Translucent_OneSided.uexp" 48
"../../../Engine/Content/EngineMaterials/Widget3DPassThrough_Opaque.uasset" 49
"../../../Engine/Content/EngineMaterials/Widget3DPassThrough_Opaque.uexp" 50
"../../../Engine/Content/EngineMaterials/Widget3DPassThrough_Opaque_OneSided.uasset" 51
"../../../Engine/Content/EngineMaterials/Widget3DPassThrough_Opaque_OneSided.uexp" 52
"../../../Engine/Content/EngineMaterials/Widget3DPassThrough_Masked_OneSided.uasset" 53
"../../../Engine/Content/EngineMaterials/Widget3DPassThrough_Masked_OneSided.uexp" 54
"../../../Engine/Content/EngineMaterials/Widget3DPassThrough_Masked.uasset" 55
"../../../Engine/Content/EngineMaterials/Widget3DPassThrough_Masked.uexp" 56
"../../../Engine/Content/EngineMaterials/WeightMapPlaceholderTexture.uasset" 57
"../../../Engine/Content/EngineMaterials/WeightMapPlaceholderTexture.uexp" 58
"../../../Engine/Content/EngineMaterials/RemoveSurfaceMaterial.uasset" 59
"../../../Engine/Content/EngineMaterials/RemoveSurfaceMaterial.uexp" 60
"../../../Engine/Content/EngineMaterials/PreintegratedSkinBRDF.uasset" 61
"../../../Engine/Content/EngineMaterials/PreintegratedSkinBRDF.uexp" 62
"../../../Engine/Content/EngineMaterials/DefaultCalibrationGrayscale.uasset" 63
"../../../Engine/Content/EngineMaterials/DefaultCalibrationGrayscale.uexp" 64
"../../../Engine/Content/EngineMaterials/PPM_DefaultCalibrationGrayscale.uasset" 65
"../../../Engine/Content/EngineMaterials/PPM_DefaultCalibrationGrayscale.uexp" 66
"../../../Engine/Content/EngineMaterials/DefaultCalibrationColor.uasset" 67
"../../../Engine/Content/EngineMaterials/DefaultCalibrationColor.uexp" 68
"../../../Engine/Content/EngineMaterials/PPM_DefaultCalibrationColor.uasset" 69
"../../../Engine/Content/EngineMaterials/PPM_DefaultCalibrationColor.uexp" 70
"../../../Engine/Content/Functions/Engine_MaterialFunctions02/WorldPositionOffset/CameraOffset.uasset" 71
"../../../Engine/Content/Functions/Engine_MaterialFunctions02/WorldPositionOffset/CameraOffset.uexp" 72
"../../../Engine/Content/EngineMaterials/PhAT_JointLimitMaterial.uasset" 73
"../../../Engine/Content/EngineMaterials/PhAT_JointLimitMaterial.uexp" 74
"../../../Engine/Content/EngineMaterials/InvalidLightmapSettings.ubulk" 75
"../../../Engine/Content/EngineMaterials/InvalidLightmapSettings.uasset" 76
"../../../Engine/Content/EngineMaterials/InvalidLightmapSettings.uexp" 77
"../../../Engine/Content/EngineMaterials/M_InvalidLightmapSettings.uasset" 78
"../../../Engine/Content/EngineMaterials/M_InvalidLightmapSettings.uexp" 79
"../../../Engine/Content/EngineMaterials/MiniFont.uasset" 80
"../../../Engine/Content/EngineMaterials/MiniFont.uexp" 81
"../../../Engine/Content/EngineMaterials/Good64x64TilingNoiseHighFreq.uasset" 82
"../../../Engine/Content/EngineMaterials/Good64x64TilingNoiseHighFreq.uexp" 83
"../../../Engine/Content/EngineMaterials/GizmoMaterial.uasset" 84
"../../../Engine/Content/EngineMaterials/GizmoMaterial.uexp" 85
"../../../Engine/Content/EngineMaterials/BaseFlattenEmissiveMap_VT.uasset" 86
"../../../Engine/Content/EngineMaterials/BaseFlattenEmissiveMap_VT.uexp" 87
"../../../Engine/Content/EngineMaterials/BaseFlattenGrayscaleMap_VT.uasset" 88
"../../../Engine/Content/EngineMaterials/BaseFlattenGrayscaleMap_VT.uexp" 89
"../../../Engine/Content/EngineMaterials/BaseFlattenLinearColor_VT.uasset" 90
"../../../Engine/Content/EngineMaterials/BaseFlattenLinearColor_VT.uexp" 91
"../../../Engine/Content/EngineMaterials/Black_1x1_EXR_Texture_VT.uasset" 92
"../../../Engine/Content/EngineMaterials/Black_1x1_EXR_Texture_VT.uexp" 93
"../../../Engine/Content/EngineMaterials/BaseFlattenDiffuseMap_VT.uasset" 94
"../../../Engine/Content/EngineMaterials/BaseFlattenDiffuseMap_VT.uexp" 95
"../../../Engine/Content/EngineMaterials/BaseFlattenNormalMap_VT.uasset" 96
"../../../Engine/Content/EngineMaterials/BaseFlattenNormalMap_VT.uexp" 97
"../../../Engine/Content/EngineMaterials/FlattenMaterial_WS_Normal_VT.uasset" 98
"../../../Engine/Content/EngineMaterials/FlattenMaterial_WS_Normal_VT.uexp" 99
"../../../Engine/Content/EngineMaterials/FlattenMaterial_VT.uasset" 100
"../../../Engine/Content/EngineMaterials/FlattenMaterial_VT.uexp" 101
"../../../Engine/Content/EngineMaterials/BaseFlattenNormalMap.uasset" 102
"../../../Engine/Content/EngineMaterials/BaseFlattenNormalMap.uexp" 103
"../../../Engine/Content/EngineMaterials/BaseFlattenGrayscaleMap.uasset" 104
"../../../Engine/Content/EngineMaterials/BaseFlattenGrayscaleMap.uexp" 105
"../../../Engine/Content/EngineMaterials/BaseFlattenDiffuseMap.uasset" 106
"../../../Engine/Content/EngineMaterials/BaseFlattenDiffuseMap.uexp" 107
"../../../Engine/Content/Functions/Engine_MaterialFunctions02/PivotPainter2/Black_1x1_EXR_Texture.uasset" 108
"../../../Engine/Content/Functions/Engine_MaterialFunctions02/PivotPainter2/Black_1x1_EXR_Texture.uexp" 109
"../../../Engine/Content/EngineMaterials/BaseFlattenEmissiveMap.uasset" 110
"../../../Engine/Content/EngineMaterials/BaseFlattenEmissiveMap.uexp" 111
"../../../Engine/Content/EngineMaterials/BaseFlattenLinearColor.uasset" 112
"../../../Engine/Content/EngineMaterials/BaseFlattenLinearColor.uexp" 113
"../../../Engine/Content/EngineMaterials/FlattenMaterial.uasset" 114
"../../../Engine/Content/EngineMaterials/FlattenMaterial.uexp" 115
"../../../Engine/Content/EngineMaterials/DefaultWhiteGrid_Low.uasset" 116
"../../../Engine/Content/EngineMaterials/DefaultWhiteGrid_Low.uexp" 117
"../../../Engine/Content/EngineMaterials/EmissiveMeshMaterial.uasset" 118
"../../../Engine/Content/EngineMaterials/EmissiveMeshMaterial.uexp" 119
"../../../Engine/Content/EngineFonts/RobotoDistanceField.uasset" 120
"../../../Engine/Content/EngineFonts/RobotoDistanceField.uexp" 121
"../../../Engine/Content/EngineMaterials/DefaultTextMaterialOpaque.uasset" 122
"../../../Engine/Content/EngineMaterials/DefaultTextMaterialOpaque.uexp" 123
"../../../Engine/Content/EngineMaterials/DefaultDiffuse.ubulk" 124
"../../../Engine/Content/EngineMaterials/DefaultDiffuse.uasset" 125
"../../../Engine/Content/EngineMaterials/DefaultDiffuse.uexp" 126
"../../../Engine/Content/Functions/Engine_MaterialFunctions02/Utility/BreakOutFloat2Components.uasset" 127
"../../../Engine/Content/Functions/Engine_MaterialFunctions02/Utility/BreakOutFloat2Components.uexp" 128
"../../../Engine/Content/EngineMaterials/DefaultPostProcessMaterial.uasset" 129
"../../../Engine/Content/EngineMaterials/DefaultPostProcessMaterial.uexp" 130
"../../../Engine/Content/EngineMaterials/DefaultLightFunctionMaterial.uasset" 131
"../../../Engine/Content/EngineMaterials/DefaultLightFunctionMaterial.uexp" 132
"../../../Engine/Content/EngineMaterials/DefaultDestructiblePhysicalMaterial.uasset" 133
"../../../Engine/Content/EngineMaterials/DefaultDestructiblePhysicalMaterial.uexp" 134
"../../../Engine/Content/EngineMaterials/DefaultDeferredDecalMaterial.uasset" 135
"../../../Engine/Content/EngineMaterials/DefaultDeferredDecalMaterial.uexp" 136
"../../../Engine/Content/EngineMaterials/DefaultBokeh.uasset" 137
"../../../Engine/Content/EngineMaterials/DefaultBokeh.uexp" 138
"../../../Engine/Content/EngineMaterials/DefaultBloomKernel.uasset" 139
"../../../Engine/Content/EngineMaterials/DefaultBloomKernel.uexp" 140
"../../../Engine/Content/EngineMaterials/BlueNoise.uasset" 141
"../../../Engine/Content/EngineMaterials/BlueNoise.uexp" 142
"../../../Engine/Content/EngineFonts/Faces/RobotoLight.uexp" 143
"../../../Engine/Content/EngineFonts/Faces/RobotoLight.uasset" 144
"../../../Engine/Content/EngineFonts/Faces/RobotoLight.ufont" 145
"../../../Engine/Content/EngineFonts/Faces/RobotoBold.uexp" 146
"../../../Engine/Content/EngineFonts/Faces/RobotoBold.uasset" 147
"../../../Engine/Content/EngineFonts/Faces/RobotoBold.ufont" 148
"../../../Engine/Content/EngineFonts/Faces/RobotoRegular.uexp" 149
"../../../Engine/Content/EngineFonts/Faces/RobotoRegular.uasset" 150
"../../../Engine/Content/EngineFonts/Faces/RobotoRegular.ufont" 151
"../../../Engine/Content/EngineFonts/Faces/DroidSansFallback.uexp" 152
"../../../Engine/Content/EngineFonts/Faces/DroidSansFallback.uasset" 153
"../../../Engine/Content/EngineFonts/Faces/DroidSansFallback.ufont" 154
"../../../Engine/Content/EngineFonts/Faces/RobotoItalic.uexp" 155
"../../../Engine/Content/EngineFonts/Faces/RobotoItalic.uasset" 156
"../../../Engine/Content/EngineFonts/Faces/RobotoItalic.ufont" 157
"../../../Engine/Content/EngineFonts/Faces/RobotoBoldItalic.uexp" 158
"../../../Engine/Content/EngineFonts/Faces/RobotoBoldItalic.uasset" 159
"../../../Engine/Content/EngineFonts/Faces/RobotoBoldItalic.ufont" 160
"../../../Engine/Content/EngineFonts/Roboto.uasset" 161
"../../../Engine/Content/EngineFonts/Roboto.uexp" 162
"../../../Engine/Content/Functions/Engine_MaterialFunctions02/Utility/CameraDirectionVector.uasset" 163
"../../../Engine/Content/Functions/Engine_MaterialFunctions02/Utility/CameraDirectionVector.uexp" 164
"../../../Engine/Content/EngineDebugMaterials/VolumeToRender.uasset" 165
"../../../Engine/Content/EngineDebugMaterials/VolumeToRender.uexp" 166
"../../../Engine/Content/EngineDebugMaterials/M_VolumeRenderSphereTracePP.uasset" 167
"../../../Engine/Content/EngineDebugMaterials/M_VolumeRenderSphereTracePP.uexp" 168
"../../../Engine/Content/EngineDebugMaterials/M_SimpleUnlitTranslucent.uasset" 169
"../../../Engine/Content/EngineDebugMaterials/M_SimpleUnlitTranslucent.uexp" 170
"../../../Engine/Content/EngineDebugMaterials/DebugMeshMaterial.uasset" 171
"../../../Engine/Content/EngineDebugMaterials/DebugMeshMaterial.uexp" 172
"../../../Engine/Content/EngineDebugMaterials/DebugEditorMaterial.uasset" 173
"../../../Engine/Content/EngineDebugMaterials/DebugEditorMaterial.uexp" 174
"../../../Engine/Content/EngineDamageTypes/DmgTypeBP_Environmental.uasset" 175
"../../../Engine/Content/EngineDamageTypes/DmgTypeBP_Environmental.uexp" 176
"../../../Engine/Content/EditorResources/S_TriggerSphere.uasset" 177
"../../../Engine/Content/EditorResources/S_TriggerSphere.uexp" 178
"../../../Engine/Content/EditorResources/S_TriggerCapsule.uasset" 179
"../../../Engine/Content/EditorResources/S_TriggerCapsule.uexp" 180
"../../../Engine/Content/EditorResources/S_TriggerBox.uasset" 181
"../../../Engine/Content/EditorResources/S_TriggerBox.uexp" 182
"../../../Engine/Content/EditorResources/S_Trigger.ubulk" 183
"../../../Engine/Content/EditorResources/S_Trigger.uasset" 184
"../../../Engine/Content/EditorResources/S_Trigger.uexp" 185
"../../../Engine/Content/EditorResources/S_Terrain.ubulk" 186
"../../../Engine/Content/EditorResources/S_Terrain.uasset" 187
"../../../Engine/Content/EditorResources/S_Terrain.uexp" 188
"../../../Engine/Content/EditorResources/S_Solver.ubulk" 189
"../../../Engine/Content/EditorResources/S_Solver.uasset" 190
"../../../Engine/Content/EditorResources/S_Solver.uexp" 191
"../../../Engine/Content/EditorResources/S_BoxReflectionCapture.uasset" 192
"../../../Engine/Content/EditorResources/S_BoxReflectionCapture.uexp" 193
"../../../Engine/Content/EditorResources/S_Actor.ubulk" 194
"../../../Engine/Content/EditorResources/S_Actor.uasset" 195
"../../../Engine/Content/EditorResources/S_Actor.uexp" 196
"../../../Engine/Content/EditorResources/EmptyActor.uasset" 197
"../../../Engine/Content/EditorResources/EmptyActor.uexp" 198
"../../../Engine/Content/EditorResources/BSPVertex.uasset" 199
"../../../Engine/Content/EditorResources/BSPVertex.uexp" 200
"../../../Engine/Content/EditorResources/SequenceRecorder/RecordingIndicator.uasset" 201
"../../../Engine/Content/EditorResources/SequenceRecorder/RecordingIndicator.uexp" 202
"../../../Engine/Content/EditorResources/SequenceRecorder/Countdown.uasset" 203
"../../../Engine/Content/EditorResources/SequenceRecorder/Countdown.uexp" 204
"../../../Engine/Content/EditorResources/LightIcons/S_LightError.uasset" 205
"../../../Engine/Content/EditorResources/LightIcons/S_LightError.uexp" 206
"../../../Engine/Content/EditorResources/AudioIcons/S_AudioComponent_AutoActivate.uasset" 207
"../../../Engine/Content/EditorResources/AudioIcons/S_AudioComponent_AutoActivate.uexp" 208
"../../../Engine/Content/EditorResources/AudioIcons/S_AudioComponent.uasset" 209
"../../../Engine/Content/EditorResources/AudioIcons/S_AudioComponent.uexp" 210
"../../../Engine/Content/EditorMaterials/Camera/CineMat.uasset" 211
"../../../Engine/Content/EditorMaterials/Camera/CineMat.uexp" 212
"../../../Engine/Content/EditorMaterials/Camera/MI_CineMat_Rig.uasset" 213
"../../../Engine/Content/EditorMaterials/Camera/MI_CineMat_Rig.uexp" 214
"../../../Engine/Content/EditorMeshes/Camera/SM_RailRig_Track.ubulk" 215
"../../../Engine/Content/EditorMeshes/Camera/SM_RailRig_Track.uasset" 216
"../../../Engine/Content/EditorMeshes/Camera/SM_RailRig_Track.uexp" 217
"../../../Engine/Content/EditorMeshes/Camera/SM_RailRig_Mount.ubulk" 218
"../../../Engine/Content/EditorMeshes/Camera/SM_RailRig_Mount.uasset" 219
"../../../Engine/Content/EditorMeshes/Camera/SM_RailRig_Mount.uexp" 220
"../../../Engine/Content/EditorMeshes/Camera/SM_CraneRig_Mount.ubulk" 221
"../../../Engine/Content/EditorMeshes/Camera/SM_CraneRig_Mount.uasset" 222
"../../../Engine/Content/EditorMeshes/Camera/SM_CraneRig_Mount.uexp" 223
"../../../Engine/Content/EditorMeshes/Camera/SM_CraneRig_Body.ubulk" 224
"../../../Engine/Content/EditorMeshes/Camera/SM_CraneRig_Body.uasset" 225
"../../../Engine/Content/EditorMeshes/Camera/SM_CraneRig_Body.uexp" 226
"../../../Engine/Content/EditorMeshes/Camera/SM_CraneRig_Base.ubulk" 227
"../../../Engine/Content/EditorMeshes/Camera/SM_CraneRig_Base.uasset" 228
"../../../Engine/Content/EditorMeshes/Camera/SM_CraneRig_Base.uexp" 229
"../../../Engine/Content/EditorMeshes/Camera/SM_CraneRig_Arm.ubulk" 230
"../../../Engine/Content/EditorMeshes/Camera/SM_CraneRig_Arm.uasset" 231
"../../../Engine/Content/EditorMeshes/Camera/SM_CraneRig_Arm.uexp" 232
"../../../Engine/Content/EditorMaterials/PreviewShadowIndicator.ubulk" 233
"../../../Engine/Content/EditorMaterials/PreviewShadowIndicator.uasset" 234
"../../../Engine/Content/EditorMaterials/PreviewShadowIndicator.uexp" 235
"../../../Engine/Content/EditorMaterials/PreviewShadowIndicatorMaterial.uasset" 236
"../../../Engine/Content/EditorMaterials/PreviewShadowIndicatorMaterial.uexp" 237
"../../../Engine/Content/EditorMaterials/MAT_Groups_Visibility.uasset" 238
"../../../Engine/Content/EditorMaterials/MAT_Groups_Visibility.uexp" 239
"../../../Engine/Content/EditorMaterials/MAT_Groups_Toggle.uasset" 240
"../../../Engine/Content/EditorMaterials/MAT_Groups_Toggle.uexp" 241
"../../../Engine/Content/Functions/Engine_MaterialFunctions02/Utility/MakeFloat4.uasset" 242
"../../../Engine/Content/Functions/Engine_MaterialFunctions02/Utility/MakeFloat4.uexp" 243
"../../../Engine/Content/Functions/Engine_MaterialFunctions02/Utility/MakeFloat3.uasset" 244
"../../../Engine/Content/Functions/Engine_MaterialFunctions02/Utility/MakeFloat3.uexp" 245
"../../../Engine/Content/Functions/Engine_MaterialFunctions02/Utility/BreakOutFloat3Components.uasset" 246
"../../../Engine/Content/Functions/Engine_MaterialFunctions02/Utility/BreakOutFloat3Components.uexp" 247
"../../../Engine/Content/EditorMaterials/WorldPartition/WorldPartitionSpatialHashGridPreviewMaterial.uasset" 248
"../../../Engine/Content/EditorMaterials/WorldPartition/WorldPartitionSpatialHashGridPreviewMaterial.uexp" 249
"../../../Engine/Content/EditorMaterials/ParticleSystems/PSysThumbnail_OOD.ubulk" 250
"../../../Engine/Content/EditorMaterials/ParticleSystems/PSysThumbnail_OOD.uasset" 251
"../../../Engine/Content/EditorMaterials/ParticleSystems/PSysThumbnail_OOD.uexp" 252
"../../../Engine/Content/EditorMaterials/ParticleSystems/PSysThumbnail_NoImage.ubulk" 253
"../../../Engine/Content/EditorMaterials/ParticleSystems/PSysThumbnail_NoImage.uasset" 254
"../../../Engine/Content/EditorMaterials/ParticleSystems/PSysThumbnail_NoImage.uexp" 255
"../../../Engine/Content/EditorMaterials/MatineeGroups/MAT_Groups_Vector.uasset" 256
"../../../Engine/Content/EditorMaterials/MatineeGroups/MAT_Groups_Vector.uexp" 257
"../../../Engine/Content/EditorMaterials/MatineeGroups/MAT_Groups_Sound.uasset" 258
"../../../Engine/Content/EditorMaterials/MatineeGroups/MAT_Groups_Sound.uexp" 259
"../../../Engine/Content/EditorMaterials/MatineeGroups/MAT_Groups_Slomo.uasset" 260
"../../../Engine/Content/EditorMaterials/MatineeGroups/MAT_Groups_Slomo.uexp" 261
"../../../Engine/Content/EditorMaterials/MatineeGroups/MAT_Groups_Move.uasset" 262
"../../../Engine/Content/EditorMaterials/MatineeGroups/MAT_Groups_Move.uexp" 263
"../../../Engine/Content/EditorMaterials/MatineeGroups/MAT_Groups_Float.uasset" 264
"../../../Engine/Content/EditorMaterials/MatineeGroups/MAT_Groups_Float.uexp" 265
"../../../Engine/Content/EditorMaterials/MatineeGroups/MAT_Groups_Fade.uasset" 266
"../../../Engine/Content/EditorMaterials/MatineeGroups/MAT_Groups_Fade.uexp" 267
"../../../Engine/Content/EditorMaterials/MatineeGroups/MAT_Groups_Event.uasset" 268
"../../../Engine/Content/EditorMaterials/MatineeGroups/MAT_Groups_Event.uexp" 269
"../../../Engine/Content/EditorMaterials/MatineeGroups/MAT_Groups_Director.uasset" 270
"../../../Engine/Content/EditorMaterials/MatineeGroups/MAT_Groups_Director.uexp" 271
"../../../Engine/Content/EditorMaterials/MatineeGroups/MAT_Groups_AudioMaster.uasset" 272
"../../../Engine/Content/EditorMaterials/MatineeGroups/MAT_Groups_AudioMaster.uexp" 273
"../../../Engine/Content/EditorMaterials/MatineeGroups/MAT_Groups_Anim.uasset" 274
"../../../Engine/Content/EditorMaterials/MatineeGroups/MAT_Groups_Anim.uexp" 275
"../../../Engine/Content/EditorMaterials/MatineeGroups/MAT_ColorTrack.uasset" 276
"../../../Engine/Content/EditorMaterials/MatineeGroups/MAT_ColorTrack.uexp" 277
"../../../Engine/Content/EditorLandscapeResources/DefaultAlphaTexture.uasset" 278
"../../../Engine/Content/EditorLandscapeResources/DefaultAlphaTexture.uexp" 279
"../../../Engine/Content/EditorLandscapeResources/DataLayer.uasset" 280
"../../../Engine/Content/EditorLandscapeResources/DataLayer.uexp" 281
"../../../Engine/Content/EngineMaterials/T_Default_Material_Grid_M.ubulk" 282
"../../../Engine/Content/EngineMaterials/T_Default_Material_Grid_M.uasset" 283
"../../../Engine/Content/EngineMaterials/T_Default_Material_Grid_M.uexp" 284
"../../../Engine/Content/EngineMaterials/T_Default_Material_Grid_N.ubulk" 285
"../../../Engine/Content/EngineMaterials/T_Default_Material_Grid_N.uasset" 286
"../../../Engine/Content/EngineMaterials/T_Default_Material_Grid_N.uexp" 287
"../../../Engine/Content/Functions/Engine_MaterialFunctions01/Opacity/CameraDepthFade.uasset" 288
"../../../Engine/Content/Functions/Engine_MaterialFunctions01/Opacity/CameraDepthFade.uexp" 289
"../../../Engine/Content/EngineMaterials/DefaultMaterial.uasset" 290
"../../../Engine/Content/EngineMaterials/DefaultMaterial.uexp" 291
"../../../Engine/Content/BasicShapes/Sphere.ubulk" 292
"../../../Engine/Content/BasicShapes/Sphere.uasset" 293
"../../../Engine/Content/BasicShapes/Sphere.uexp" 294
"../../../Engine/Content/BasicShapes/Cylinder.ubulk" 295
"../../../Engine/Content/BasicShapes/Cylinder.uasset" 296
"../../../Engine/Content/BasicShapes/Cylinder.uexp" 297
"../../../Engine/Content/BasicShapes/Cone.ubulk" 298
"../../../Engine/Content/BasicShapes/Cone.uasset" 299
"../../../Engine/Content/BasicShapes/Cone.uexp" 300
"../../../Engine/Content/EngineMaterials/WorldGridMaterial.uasset" 301
"../../../Engine/Content/EngineMaterials/WorldGridMaterial.uexp" 302
"../../../Engine/Content/ArtTools/RenderToTexture/Meshes/S_1_Unit_Plane.ubulk" 303
"../../../Engine/Content/ArtTools/RenderToTexture/Meshes/S_1_Unit_Plane.uasset" 304
"../../../Engine/Content/ArtTools/RenderToTexture/Meshes/S_1_Unit_Plane.uexp" 305
"D:/GitHub/CutyKiller/GAME FOLDER/Content/LPSDeluxe2TropicalEnvironment/LPSD2_Textures/T_LPSNoise.ubulk" 306
"D:/GitHub/CutyKiller/GAME FOLDER/Content/LPSDeluxe2TropicalEnvironment/LPSD2_Textures/T_LPSNoise.uasset" 307
"D:/GitHub/CutyKiller/GAME FOLDER/Content/LPSDeluxe2TropicalEnvironment/LPSD2_Textures/T_LPSNoise.uexp" 308
"../../../Engine/Content/Functions/Engine_MaterialFunctions02/WorldPositionOffset/LocalPosition.uasset" 309
"../../../Engine/Content/Functions/Engine_MaterialFunctions02/WorldPositionOffset/LocalPosition.uexp" 310
"../../../Engine/Content/Functions/Engine_MaterialFunctions01/Gradient/LinearGradient.uasset" 311
"../../../Engine/Content/Functions/Engine_MaterialFunctions01/Gradient/LinearGradient.uexp" 312
"../../../Engine/Content/Functions/Engine_MaterialFunctions01/ImageAdjustment/CheapContrast.uasset" 313
"../../../Engine/Content/Functions/Engine_MaterialFunctions01/ImageAdjustment/CheapContrast.uexp" 314
"../../../Engine/Content/Functions/Engine_MaterialFunctions01/Texturing/WorldAlignedTexture.uasset" 315
"../../../Engine/Content/Functions/Engine_MaterialFunctions01/Texturing/WorldAlignedTexture.uexp" 316
"D:/GitHub/CutyKiller/GAME FOLDER/Content/LPSDeluxe2TropicalEnvironment/LPSD2_Materials/Materials/Master_Color/M_Color_Master.uasset" 317
"D:/GitHub/CutyKiller/GAME FOLDER/Content/LPSDeluxe2TropicalEnvironment/LPSD2_Materials/Materials/Master_Color/M_Color_Master.uexp" 318
"D:/GitHub/CutyKiller/GAME FOLDER/Content/LPSDeluxe2TropicalEnvironment/LPSD2_Materials/Materials/Master_Color_Instances/MI_Metal_Iron.uasset" 319
"D:/GitHub/CutyKiller/GAME FOLDER/Content/LPSDeluxe2TropicalEnvironment/LPSD2_Materials/Materials/Master_Color_Instances/MI_Metal_Iron.uexp" 320
"D:/GitHub/CutyKiller/GAME FOLDER/Content/LPSDeluxe2TropicalEnvironment/LPSD2_Materials/Materials/Master_Color_Instances/MI_Color_Caramel.uasset" 321
"D:/GitHub/CutyKiller/GAME FOLDER/Content/LPSDeluxe2TropicalEnvironment/LPSD2_Materials/Materials/Master_Color_Instances/MI_Color_Caramel.uexp" 322
"D:/GitHub/CutyKiller/GAME FOLDER/Content/LPSDeluxe2TropicalEnvironment/LPSD2_Materials/Materials/Master_Color_Instances/MI_Color_Oak.uasset" 323
"D:/GitHub/CutyKiller/GAME FOLDER/Content/LPSDeluxe2TropicalEnvironment/LPSD2_Materials/Materials/Master_Color_Instances/MI_Color_Oak.uexp" 324
"D:/GitHub/CutyKiller/GAME FOLDER/Content/LPSDeluxe2TropicalEnvironment/LPSD2_Materials/Materials/Master_Color_Instances/MI_Metal_Bronze.uasset" 325
"D:/GitHub/CutyKiller/GAME FOLDER/Content/LPSDeluxe2TropicalEnvironment/LPSD2_Materials/Materials/Master_Color_Instances/MI_Metal_Bronze.uexp" 326
"../../../Engine/Content/Functions/Engine_MaterialFunctions02/ScreenResolution.uasset" 327
"../../../Engine/Content/Functions/Engine_MaterialFunctions02/ScreenResolution.uexp" 328
"../../../Engine/Content/Functions/Engine_MaterialFunctions02/Utility/VectorLength.uasset" 329
"../../../Engine/Content/Functions/Engine_MaterialFunctions02/Utility/VectorLength.uexp" 330
"../../../Engine/Content/EngineMaterials/Grid.ubulk" 331
"../../../Engine/Content/EngineMaterials/Grid.uasset" 332
"../../../Engine/Content/EngineMaterials/Grid.uexp" 333
"../../../Engine/Content/Functions/Engine_MaterialFunctions02/WorldPositionOffset/ObjectScale.uasset" 334
"../../../Engine/Content/Functions/Engine_MaterialFunctions02/WorldPositionOffset/ObjectScale.uexp" 335
"../../../Engine/Content/EditorMaterials/GeometryCollection/SelectedGeometryMaterial.uasset" 336
"../../../Engine/Content/EditorMaterials/GeometryCollection/SelectedGeometryMaterial.uexp" 337
"D:/GitHub/CutyKiller/GAME FOLDER/Content/SM_PirateChest_1_GeometryCollection.uasset" 338
"D:/GitHub/CutyKiller/GAME FOLDER/Content/SM_PirateChest_1_GeometryCollection.uexp" 339
"../../../Engine/Content/BasicShapes/BasicShapeMaterial.uasset" 340
"../../../Engine/Content/BasicShapes/BasicShapeMaterial.uexp" 341
"D:/GitHub/CutyKiller/GAME FOLDER/Content/Cube_GeometryCollection.uasset" 342
"D:/GitHub/CutyKiller/GAME FOLDER/Content/Cube_GeometryCollection.uexp" 343
"D:/GitHub/CutyKiller/GAME FOLDER/Content/DONT_USE/Characters/Mannequins/Textures/Manny/T_Manny_01_ASAOPMASK_MSK.ubulk" 344
"D:/GitHub/CutyKiller/GAME FOLDER/Content/DONT_USE/Characters/Mannequins/Textures/Manny/T_Manny_01_ASAOPMASK_MSK.uasset" 345
"D:/GitHub/CutyKiller/GAME FOLDER/Content/DONT_USE/Characters/Mannequins/Textures/Manny/T_Manny_01_ASAOPMASK_MSK.uexp" 346
"D:/GitHub/CutyKiller/GAME FOLDER/Content/DONT_USE/Characters/Mannequins/Textures/Manny/T_Manny_01_CCRCCPlastic_MSK.ubulk" 347
"D:/GitHub/CutyKiller/GAME FOLDER/Content/DONT_USE/Characters/Mannequins/Textures/Manny/T_Manny_01_CCRCCPlastic_MSK.uasset" 348
"D:/GitHub/CutyKiller/GAME FOLDER/Content/DONT_USE/Characters/Mannequins/Textures/Manny/T_Manny_01_CCRCCPlastic_MSK.uexp" 349
"D:/GitHub/CutyKiller/GAME FOLDER/Content/DONT_USE/Characters/Mannequins/Materials/Functions/ML_BaseColorFallOff.uasset" 350
"D:/GitHub/CutyKiller/GAME FOLDER/Content/DONT_USE/Characters/Mannequins/Materials/Functions/ML_BaseColorFallOff.uexp" 351
"D:/GitHub/CutyKiller/GAME FOLDER/Content/DONT_USE/Characters/Mannequins/Materials/Functions/ChromaticCurve.uasset" 352
"D:/GitHub/CutyKiller/GAME FOLDER/Content/DONT_USE/Characters/Mannequins/Materials/Functions/ChromaticCurve.uexp" 353
"D:/GitHub/CutyKiller/GAME FOLDER/Content/DONT_USE/Characters/Mannequins/Materials/Functions/CA_Mannequin.uasset" 354
"D:/GitHub/CutyKiller/GAME FOLDER/Content/DONT_USE/Characters/Mannequins/Materials/Functions/CA_Mannequin.uexp" 355
"D:/GitHub/CutyKiller/GAME FOLDER/Content/DONT_USE/Characters/Mannequins/Materials/Functions/MF_Diffraction.uasset" 356
"D:/GitHub/CutyKiller/GAME FOLDER/Content/DONT_USE/Characters/Mannequins/Materials/Functions/MF_Diffraction.uexp" 357
"D:/GitHub/CutyKiller/GAME FOLDER/Content/DONT_USE/Characters/Mannequins/Textures/Manny/T_Manny_01_BN.ubulk" 358
"D:/GitHub/CutyKiller/GAME FOLDER/Content/DONT_USE/Characters/Mannequins/Textures/Manny/T_Manny_01_BN.uasset" 359
"D:/GitHub/CutyKiller/GAME FOLDER/Content/DONT_USE/Characters/Mannequins/Textures/Manny/T_Manny_01_BN.uexp" 360
"D:/GitHub/CutyKiller/GAME FOLDER/Content/DONT_USE/Characters/Mannequins/Textures/Manny/T_Manny_01_Tan.ubulk" 361
"D:/GitHub/CutyKiller/GAME FOLDER/Content/DONT_USE/Characters/Mannequins/Textures/Manny/T_Manny_01_Tan.uasset" 362
"D:/GitHub/CutyKiller/GAME FOLDER/Content/DONT_USE/Characters/Mannequins/Textures/Manny/T_Manny_01_Tan.uexp" 363
"D:/GitHub/CutyKiller/GAME FOLDER/Content/DONT_USE/Characters/Mannequins/Textures/Manny/T_Manny_01_MSR_MSK.ubulk" 364
"D:/GitHub/CutyKiller/GAME FOLDER/Content/DONT_USE/Characters/Mannequins/Textures/Manny/T_Manny_01_MSR_MSK.uasset" 365
"D:/GitHub/CutyKiller/GAME FOLDER/Content/DONT_USE/Characters/Mannequins/Textures/Manny/T_Manny_01_MSR_MSK.uexp" 366
"D:/GitHub/CutyKiller/GAME FOLDER/Content/DONT_USE/Characters/Mannequins/Textures/Manny/T_Manny_01_D.ubulk" 367
"D:/GitHub/CutyKiller/GAME FOLDER/Content/DONT_USE/Characters/Mannequins/Textures/Manny/T_Manny_01_D.uasset" 368
"D:/GitHub/CutyKiller/GAME FOLDER/Content/DONT_USE/Characters/Mannequins/Textures/Manny/T_Manny_01_D.uexp" 369
"../../../Engine/Content/Functions/Engine_MaterialFunctions01/Texturing/ScaleUVsByCenter.uasset" 370
"../../../Engine/Content/Functions/Engine_MaterialFunctions01/Texturing/ScaleUVsByCenter.uexp" 371
"D:/GitHub/CutyKiller/GAME FOLDER/Content/DONT_USE/Characters/Mannequins/Textures/Shared/T_UE_Logo_M.uasset" 372
"D:/GitHub/CutyKiller/GAME FOLDER/Content/DONT_USE/Characters/Mannequins/Textures/Shared/T_UE_Logo_M.uexp" 373
"D:/GitHub/CutyKiller/GAME FOLDER/Content/DONT_USE/Characters/Mannequins/Materials/Functions/MF_logo3layers.uasset" 374
"D:/GitHub/CutyKiller/GAME FOLDER/Content/DONT_USE/Characters/Mannequins/Materials/Functions/MF_logo3layers.uexp" 375
"D:/GitHub/CutyKiller/GAME FOLDER/Content/DONT_USE/Characters/Mannequins/Textures/Manny/T_Manny_01_N.ubulk" 376
"D:/GitHub/CutyKiller/GAME FOLDER/Content/DONT_USE/Characters/Mannequins/Textures/Manny/T_Manny_01_N.uasset" 377
"D:/GitHub/CutyKiller/GAME FOLDER/Content/DONT_USE/Characters/Mannequins/Textures/Manny/T_Manny_01_N.uexp" 378
"D:/GitHub/CutyKiller/GAME FOLDER/Content/DONT_USE/Characters/Mannequins/Materials/M_Mannequin.uasset" 379
"D:/GitHub/CutyKiller/GAME FOLDER/Content/DONT_USE/Characters/Mannequins/Materials/M_Mannequin.uexp" 380
"../../../Engine/Content/Animation/DefaultAnimCurveCompressionSettings.uasset" 381
"../../../Engine/Content/Animation/DefaultAnimCurveCompressionSettings.uexp" 382
"D:/GitHub/CutyKiller/GAME FOLDER/Content/Animation/Notify/NotifyMeleeAttack.uasset" 383
"D:/GitHub/CutyKiller/GAME FOLDER/Content/Animation/Notify/NotifyMeleeAttack.uexp" 384
"D:/GitHub/CutyKiller/GAME FOLDER/Content/DONT_USE/Characters/Mixamo_Skeleton.uasset" 385
"D:/GitHub/CutyKiller/GAME FOLDER/Content/DONT_USE/Characters/Mixamo_Skeleton.uexp" 386
"../../../Engine/Content/Animation/DefaultAnimBoneCompressionSettings.uasset" 387
"../../../Engine/Content/Animation/DefaultAnimBoneCompressionSettings.uexp" 388
"D:/GitHub/CutyKiller/GAME FOLDER/Content/Animation/melee_attack1.uasset" 389
"D:/GitHub/CutyKiller/GAME FOLDER/Content/Animation/melee_attack1.uexp" 390
"D:/GitHub/CutyKiller/GAME FOLDER/Content/Animation/Idle_1_.uasset" 391
"D:/GitHub/CutyKiller/GAME FOLDER/Content/Animation/Idle_1_.uexp" 392
"D:/GitHub/CutyKiller/GAME FOLDER/Content/Animation/Dying_Backwards.uasset" 393
"D:/GitHub/CutyKiller/GAME FOLDER/Content/Animation/Dying_Backwards.uexp" 394
"D:/GitHub/CutyKiller/GAME FOLDER/Content/Animation/Running_1_.uasset" 395
"D:/GitHub/CutyKiller/GAME FOLDER/Content/Animation/Running_1_.uexp" 396
"D:/GitHub/CutyKiller/GAME FOLDER/Content/Blueprints/TEST_Character/PlayerAnim.uasset" 397
"D:/GitHub/CutyKiller/GAME FOLDER/Content/Blueprints/TEST_Character/PlayerAnim.uexp" 398
"D:/GitHub/CutyKiller/GAME FOLDER/Content/StarterContent/Materials/M_Basic_Wall.uasset" 399
"D:/GitHub/CutyKiller/GAME FOLDER/Content/StarterContent/Materials/M_Basic_Wall.uexp" 400
"D:/GitHub/CutyKiller/GAME FOLDER/Content/StarterContent/Shapes/Shape_Plane.ubulk" 401
"D:/GitHub/CutyKiller/GAME FOLDER/Content/StarterContent/Shapes/Shape_Plane.uasset" 402
"D:/GitHub/CutyKiller/GAME FOLDER/Content/StarterContent/Shapes/Shape_Plane.uexp" 403
"D:/GitHub/CutyKiller/GAME FOLDER/Content/Widget/PowerImg.uasset" 404
"D:/GitHub/CutyKiller/GAME FOLDER/Content/Widget/PowerImg.uexp" 405
"D:/GitHub/CutyKiller/GAME FOLDER/Content/Widget/InGameWidget.uasset" 406
"D:/GitHub/CutyKiller/GAME FOLDER/Content/Widget/InGameWidget.uexp" 407
"../../../Engine/Content/EditorBlueprintResources/StandardMacros.uasset" 408
"../../../Engine/Content/EditorBlueprintResources/StandardMacros.uexp" 409
"D:/GitHub/CutyKiller/GAME FOLDER/Content/Blueprints/TriggerQuest.uasset" 410
"D:/GitHub/CutyKiller/GAME FOLDER/Content/Blueprints/TriggerQuest.uexp" 411
"D:/GitHub/CutyKiller/GAME FOLDER/Content/Blueprints/Managers/QuestManager.uasset" 412
"D:/GitHub/CutyKiller/GAME FOLDER/Content/Blueprints/Managers/QuestManager.uexp" 413
"D:/GitHub/CutyKiller/GAME FOLDER/Content/Widget/ShowRolesWidget.uasset" 414
"D:/GitHub/CutyKiller/GAME FOLDER/Content/Widget/ShowRolesWidget.uexp" 415
"D:/GitHub/CutyKiller/GAME FOLDER/Content/Blueprints/Multiplayer/GameStateMulti.uasset" 416
"D:/GitHub/CutyKiller/GAME FOLDER/Content/Blueprints/Multiplayer/GameStateMulti.uexp" 417
"D:/GitHub/CutyKiller/GAME FOLDER/Content/Widget/PlayerListSlot.uasset" 418
"D:/GitHub/CutyKiller/GAME FOLDER/Content/Widget/PlayerListSlot.uexp" 419
"D:/GitHub/CutyKiller/GAME FOLDER/Content/Widget/PlayerListWidget.uasset" 420
"D:/GitHub/CutyKiller/GAME FOLDER/Content/Widget/PlayerListWidget.uexp" 421
"../../../Engine/Content/EditorBlueprintResources/ActorMacros.uasset" 422
"../../../Engine/Content/EditorBlueprintResources/ActorMacros.uexp" 423
"D:/GitHub/CutyKiller/GAME FOLDER/Content/Blueprints/MapPlayerControllerBP.uasset" 424
"D:/GitHub/CutyKiller/GAME FOLDER/Content/Blueprints/MapPlayerControllerBP.uexp" 425
"D:/GitHub/CutyKiller/GAME FOLDER/Content/Blueprints/SpawnerManager.uasset" 426
"D:/GitHub/CutyKiller/GAME FOLDER/Content/Blueprints/SpawnerManager.uexp" 427
"D:/GitHub/CutyKiller/GAME FOLDER/Content/Blueprints/Multiplayer/GameModeMulti.uasset" 428
"D:/GitHub/CutyKiller/GAME FOLDER/Content/Blueprints/Multiplayer/GameModeMulti.uexp" 429
"D:/GitHub/CutyKiller/GAME FOLDER/Content/DONT_USE/Characters/Mannequins/Textures/Quinn/T_Quinn_02ID_N.ubulk" 430
"D:/GitHub/CutyKiller/GAME FOLDER/Content/DONT_USE/Characters/Mannequins/Textures/Quinn/T_Quinn_02ID_N.uasset" 431
"D:/GitHub/CutyKiller/GAME FOLDER/Content/DONT_USE/Characters/Mannequins/Textures/Quinn/T_Quinn_02ID_N.uexp" 432
"D:/GitHub/CutyKiller/GAME FOLDER/Content/DONT_USE/Characters/Mannequins/Textures/Quinn/T_Quinn_02_CCRCCPlastic_MSK.ubulk" 433
"D:/GitHub/CutyKiller/GAME FOLDER/Content/DONT_USE/Characters/Mannequins/Textures/Quinn/T_Quinn_02_CCRCCPlastic_MSK.uasset" 434
"D:/GitHub/CutyKiller/GAME FOLDER/Content/DONT_USE/Characters/Mannequins/Textures/Quinn/T_Quinn_02_CCRCCPlastic_MSK.uexp" 435
"D:/GitHub/CutyKiller/GAME FOLDER/Content/DONT_USE/Characters/Mannequins/Textures/Quinn/T_Quinn_02ID_D.ubulk" 436
"D:/GitHub/CutyKiller/GAME FOLDER/Content/DONT_USE/Characters/Mannequins/Textures/Quinn/T_Quinn_02ID_D.uasset" 437
"D:/GitHub/CutyKiller/GAME FOLDER/Content/DONT_USE/Characters/Mannequins/Textures/Quinn/T_Quinn_02ID_D.uexp" 438
"D:/GitHub/CutyKiller/GAME FOLDER/Content/DONT_USE/Characters/Mannequins/Textures/Quinn/T_Quinn_02ID_BN.ubulk" 439
"D:/GitHub/CutyKiller/GAME FOLDER/Content/DONT_USE/Characters/Mannequins/Textures/Quinn/T_Quinn_02ID_BN.uasset" 440
"D:/GitHub/CutyKiller/GAME FOLDER/Content/DONT_USE/Characters/Mannequins/Textures/Quinn/T_Quinn_02ID_BN.uexp" 441
"D:/GitHub/CutyKiller/GAME FOLDER/Content/DONT_USE/Characters/Mannequins/Textures/Quinn/T_Quinn_02ID_Tan.ubulk" 442
"D:/GitHub/CutyKiller/GAME FOLDER/Content/DONT_USE/Characters/Mannequins/Textures/Quinn/T_Quinn_02ID_Tan.uasset" 443
"D:/GitHub/CutyKiller/GAME FOLDER/Content/DONT_USE/Characters/Mannequins/Textures/Quinn/T_Quinn_02ID_Tan.uexp" 444
"D:/GitHub/CutyKiller/GAME FOLDER/Content/DONT_USE/Characters/Mannequins/Textures/Quinn/T_Quinn_02_ASAOMASK_MSK.ubulk" 445
"D:/GitHub/CutyKiller/GAME FOLDER/Content/DONT_USE/Characters/Mannequins/Textures/Quinn/T_Quinn_02_ASAOMASK_MSK.uasset" 446
"D:/GitHub/CutyKiller/GAME FOLDER/Content/DONT_USE/Characters/Mannequins/Textures/Quinn/T_Quinn_02_ASAOMASK_MSK.uexp" 447
"D:/GitHub/CutyKiller/GAME FOLDER/Content/DONT_USE/Characters/Mannequins/Textures/Quinn/T_Quinn_01ID_Tan.ubulk" 448
"D:/GitHub/CutyKiller/GAME FOLDER/Content/DONT_USE/Characters/Mannequins/Textures/Quinn/T_Quinn_01ID_Tan.uasset" 449
"D:/GitHub/CutyKiller/GAME FOLDER/Content/DONT_USE/Characters/Mannequins/Textures/Quinn/T_Quinn_01ID_Tan.uexp" 450
"D:/GitHub/CutyKiller/GAME FOLDER/Content/DONT_USE/Characters/Mannequins/Textures/Quinn/T_Quinn_01ID_BN.ubulk" 451
"D:/GitHub/CutyKiller/GAME FOLDER/Content/DONT_USE/Characters/Mannequins/Textures/Quinn/T_Quinn_01ID_BN.uasset" 452
"D:/GitHub/CutyKiller/GAME FOLDER/Content/DONT_USE/Characters/Mannequins/Textures/Quinn/T_Quinn_01ID_BN.uexp" 453
"D:/GitHub/CutyKiller/GAME FOLDER/Content/DONT_USE/Characters/Mannequins/Textures/Quinn/T_Quinn_01ID_MSR_MSK.ubulk" 454
"D:/GitHub/CutyKiller/GAME FOLDER/Content/DONT_USE/Characters/Mannequins/Textures/Quinn/T_Quinn_01ID_MSR_MSK.uasset" 455
"D:/GitHub/CutyKiller/GAME FOLDER/Content/DONT_USE/Characters/Mannequins/Textures/Quinn/T_Quinn_01ID_MSR_MSK.uexp" 456
"D:/GitHub/CutyKiller/GAME FOLDER/Content/DONT_USE/Characters/Mannequins/Textures/Quinn/T_Quinn_01_CCRCCPlastic_MSK.ubulk" 457
"D:/GitHub/CutyKiller/GAME FOLDER/Content/DONT_USE/Characters/Mannequins/Textures/Quinn/T_Quinn_01_CCRCCPlastic_MSK.uasset" 458
"D:/GitHub/CutyKiller/GAME FOLDER/Content/DONT_USE/Characters/Mannequins/Textures/Quinn/T_Quinn_01_CCRCCPlastic_MSK.uexp" 459
"D:/GitHub/CutyKiller/GAME FOLDER/Content/DONT_USE/Characters/Mannequins/Textures/Quinn/T_Quinn_01ID_D.ubulk" 460
"D:/GitHub/CutyKiller/GAME FOLDER/Content/DONT_USE/Characters/Mannequins/Textures/Quinn/T_Quinn_01ID_D.uasset" 461
"D:/GitHub/CutyKiller/GAME FOLDER/Content/DONT_USE/Characters/Mannequins/Textures/Quinn/T_Quinn_01ID_D.uexp" 462
"D:/GitHub/CutyKiller/GAME FOLDER/Content/DONT_USE/Characters/Mannequins/Textures/Quinn/T_Quinn_01ID_N.ubulk" 463
"D:/GitHub/CutyKiller/GAME FOLDER/Content/DONT_USE/Characters/Mannequins/Textures/Quinn/T_Quinn_01ID_N.uasset" 464
"D:/GitHub/CutyKiller/GAME FOLDER/Content/DONT_USE/Characters/Mannequins/Textures/Quinn/T_Quinn_01ID_N.uexp" 465
"D:/GitHub/CutyKiller/GAME FOLDER/Content/DONT_USE/Characters/Mannequins/Textures/Quinn/T_Quinn_01_ASAOMASK_MSK.ubulk" 466
"D:/GitHub/CutyKiller/GAME FOLDER/Content/DONT_USE/Characters/Mannequins/Textures/Quinn/T_Quinn_01_ASAOMASK_MSK.uasset" 467
"D:/GitHub/CutyKiller/GAME FOLDER/Content/DONT_USE/Characters/Mannequins/Textures/Quinn/T_Quinn_01_ASAOMASK_MSK.uexp" 468
"D:/GitHub/CutyKiller/GAME FOLDER/Content/DONT_USE/Characters/Mannequins/Materials/Instances/Quinn/MI_Quinn_01.uasset" 469
"D:/GitHub/CutyKiller/GAME FOLDER/Content/DONT_USE/Characters/Mannequins/Materials/Instances/Quinn/MI_Quinn_01.uexp" 470
"D:/GitHub/CutyKiller/GAME FOLDER/Content/DONT_USE/Characters/Mannequins/Textures/Quinn/T_Quinn_02ID_MSR_MSK.ubulk" 471
"D:/GitHub/CutyKiller/GAME FOLDER/Content/DONT_USE/Characters/Mannequins/Textures/Quinn/T_Quinn_02ID_MSR_MSK.uasset" 472
"D:/GitHub/CutyKiller/GAME FOLDER/Content/DONT_USE/Characters/Mannequins/Textures/Quinn/T_Quinn_02ID_MSR_MSK.uexp" 473
"D:/GitHub/CutyKiller/GAME FOLDER/Content/DONT_USE/Characters/Mannequins/Materials/Instances/Quinn/MI_Quinn_02.uasset" 474
"D:/GitHub/CutyKiller/GAME FOLDER/Content/DONT_USE/Characters/Mannequins/Materials/Instances/Quinn/MI_Quinn_02.uexp" 475
"D:/GitHub/CutyKiller/GAME FOLDER/Content/DONT_USE/Characters/Standing_Melee_Attack_360_Low_PhysicsAsset.uasset" 476
"D:/GitHub/CutyKiller/GAME FOLDER/Content/DONT_USE/Characters/Standing_Melee_Attack_360_Low_PhysicsAsset.uexp" 477
"D:/GitHub/CutyKiller/GAME FOLDER/Content/DONT_USE/Characters/Mixamo_Skeletal.uasset" 478
"D:/GitHub/CutyKiller/GAME FOLDER/Content/DONT_USE/Characters/Mixamo_Skeletal.uexp" 479
"D:/GitHub/CutyKiller/GAME FOLDER/Content/Blueprints/WeaponBP.uasset" 480
"D:/GitHub/CutyKiller/GAME FOLDER/Content/Blueprints/WeaponBP.uexp" 481
"D:/GitHub/CutyKiller/GAME FOLDER/Content/Widget/EquipWidget.uasset" 482
"D:/GitHub/CutyKiller/GAME FOLDER/Content/Widget/EquipWidget.uexp" 483
"D:/GitHub/CutyKiller/GAME FOLDER/Content/Blueprints/Managers/SceneManager.uasset" 484
"D:/GitHub/CutyKiller/GAME FOLDER/Content/Blueprints/Managers/SceneManager.uexp" 485
"D:/GitHub/CutyKiller/GAME FOLDER/Content/Blueprints/TEST_Character/Player.uasset" 486
"D:/GitHub/CutyKiller/GAME FOLDER/Content/Blueprints/TEST_Character/Player.uexp" 487
"D:/GitHub/CutyKiller/GAME FOLDER/Content/Widget/ErrorWidget.uasset" 488
"D:/GitHub/CutyKiller/GAME FOLDER/Content/Widget/ErrorWidget.uexp" 489
"D:/GitHub/CutyKiller/GAME FOLDER/Content/Blueprints/Multiplayer/OnlineGameInstance.uasset" 490
"D:/GitHub/CutyKiller/GAME FOLDER/Content/Blueprints/Multiplayer/OnlineGameInstance.uexp" 491
"D:/GitHub/CutyKiller/GAME FOLDER/Content/Widget/SessionResultUI.uasset" 492
"D:/GitHub/CutyKiller/GAME FOLDER/Content/Widget/SessionResultUI.uexp" 493
"D:/GitHub/CutyKiller/GAME FOLDER/Content/Widget/JoinWidget.uasset" 494
"D:/GitHub/CutyKiller/GAME FOLDER/Content/Widget/JoinWidget.uexp" 495
"D:/GitHub/CutyKiller/GAME FOLDER/Content/Weapon_Pack/Skeletal_Mesh/SK_Throwing_PhysicsAsset.uasset" 496
"D:/GitHub/CutyKiller/GAME FOLDER/Content/Weapon_Pack/Skeletal_Mesh/SK_Throwing_PhysicsAsset.uexp" 497
"D:/GitHub/CutyKiller/GAME FOLDER/Content/Weapon_Pack/Textures/Weapons/T_Weapon_Set1_Normal.ubulk" 498
"D:/GitHub/CutyKiller/GAME FOLDER/Content/Weapon_Pack/Textures/Weapons/T_Weapon_Set1_Normal.uasset" 499
"D:/GitHub/CutyKiller/GAME FOLDER/Content/Weapon_Pack/Textures/Weapons/T_Weapon_Set1_Normal.uexp" 500
"D:/GitHub/CutyKiller/GAME FOLDER/Content/Weapon_Pack/Textures/Weapons/T_Weapon_Set1_OcclusionRoughnessMetallic.ubulk" 501
"D:/GitHub/CutyKiller/GAME FOLDER/Content/Weapon_Pack/Textures/Weapons/T_Weapon_Set1_OcclusionRoughnessMetallic.uasset" 502
"D:/GitHub/CutyKiller/GAME FOLDER/Content/Weapon_Pack/Textures/Weapons/T_Weapon_Set1_OcclusionRoughnessMetallic.uexp" 503
"D:/GitHub/CutyKiller/GAME FOLDER/Content/Weapon_Pack/Textures/Weapons/T_Weapon_Set1_BaseColor.ubulk" 504
"D:/GitHub/CutyKiller/GAME FOLDER/Content/Weapon_Pack/Textures/Weapons/T_Weapon_Set1_BaseColor.uasset" 505
"D:/GitHub/CutyKiller/GAME FOLDER/Content/Weapon_Pack/Textures/Weapons/T_Weapon_Set1_BaseColor.uexp" 506
"D:/GitHub/CutyKiller/GAME FOLDER/Content/Weapon_Pack/Materials/Weapons/M_WeaponSet_1.uasset" 507
"D:/GitHub/CutyKiller/GAME FOLDER/Content/Weapon_Pack/Materials/Weapons/M_WeaponSet_1.uexp" 508
"D:/GitHub/CutyKiller/GAME FOLDER/Content/Weapon_Pack/Skeletal_Mesh/SK_Throwing_Skeleton.uasset" 509
"D:/GitHub/CutyKiller/GAME FOLDER/Content/Weapon_Pack/Skeletal_Mesh/SK_Throwing_Skeleton.uexp" 510
"D:/GitHub/CutyKiller/GAME FOLDER/Content/Weapon_Pack/Skeletal_Mesh/SK_Throwing.uasset" 511
"D:/GitHub/CutyKiller/GAME FOLDER/Content/Weapon_Pack/Skeletal_Mesh/SK_Throwing.uexp" 512
"D:/GitHub/CutyKiller/GAME FOLDER/Content/Weapon_Pack/Skeletal_Mesh/SK_Sword_PhysicsAsset.uasset" 513
"D:/GitHub/CutyKiller/GAME FOLDER/Content/Weapon_Pack/Skeletal_Mesh/SK_Sword_PhysicsAsset.uexp" 514
"D:/GitHub/CutyKiller/GAME FOLDER/Content/Weapon_Pack/Skeletal_Mesh/SK_Sword_Skeleton.uasset" 515
"D:/GitHub/CutyKiller/GAME FOLDER/Content/Weapon_Pack/Skeletal_Mesh/SK_Sword_Skeleton.uexp" 516
"D:/GitHub/CutyKiller/GAME FOLDER/Content/Weapon_Pack/Skeletal_Mesh/SK_Sword.uasset" 517
"D:/GitHub/CutyKiller/GAME FOLDER/Content/Weapon_Pack/Skeletal_Mesh/SK_Sword.uexp" 518
"D:/GitHub/CutyKiller/GAME FOLDER/Content/Weapon_Pack/Skeletal_Mesh/SK_Spear_Skeleton.uasset" 519
"D:/GitHub/CutyKiller/GAME FOLDER/Content/Weapon_Pack/Skeletal_Mesh/SK_Spear_Skeleton.uexp" 520
"D:/GitHub/CutyKiller/GAME FOLDER/Content/Weapon_Pack/Skeletal_Mesh/SK_Spear_PhysicsAsset.uasset" 521
"D:/GitHub/CutyKiller/GAME FOLDER/Content/Weapon_Pack/Skeletal_Mesh/SK_Spear_PhysicsAsset.uexp" 522
"D:/GitHub/CutyKiller/GAME FOLDER/Content/Weapon_Pack/Skeletal_Mesh/SK_Spear.uasset" 523
"D:/GitHub/CutyKiller/GAME FOLDER/Content/Weapon_Pack/Skeletal_Mesh/SK_Spear.uexp" 524
"D:/GitHub/CutyKiller/GAME FOLDER/Content/Weapon_Pack/Skeletal_Mesh/SK_Sickle_PhysicsAsset.uasset" 525
"D:/GitHub/CutyKiller/GAME FOLDER/Content/Weapon_Pack/Skeletal_Mesh/SK_Sickle_PhysicsAsset.uexp" 526
"D:/GitHub/CutyKiller/GAME FOLDER/Content/Weapon_Pack/Skeletal_Mesh/SK_Sickle_Skeleton.uasset" 527
"D:/GitHub/CutyKiller/GAME FOLDER/Content/Weapon_Pack/Skeletal_Mesh/SK_Sickle_Skeleton.uexp" 528
"D:/GitHub/CutyKiller/GAME FOLDER/Content/Weapon_Pack/Skeletal_Mesh/SK_Sickle.uasset" 529
"D:/GitHub/CutyKiller/GAME FOLDER/Content/Weapon_Pack/Skeletal_Mesh/SK_Sickle.uexp" 530
"D:/GitHub/CutyKiller/GAME FOLDER/Content/Weapon_Pack/Skeletal_Mesh/SK_Shield_Skeleton.uasset" 531
"D:/GitHub/CutyKiller/GAME FOLDER/Content/Weapon_Pack/Skeletal_Mesh/SK_Shield_Skeleton.uexp" 532
"D:/GitHub/CutyKiller/GAME FOLDER/Content/Weapon_Pack/Skeletal_Mesh/SK_Shield_PhysicsAsset.uasset" 533
"D:/GitHub/CutyKiller/GAME FOLDER/Content/Weapon_Pack/Skeletal_Mesh/SK_Shield_PhysicsAsset.uexp" 534
"D:/GitHub/CutyKiller/GAME FOLDER/Content/Weapon_Pack/Skeletal_Mesh/SK_Shield.uasset" 535
"D:/GitHub/CutyKiller/GAME FOLDER/Content/Weapon_Pack/Skeletal_Mesh/SK_Shield.uexp" 536
"D:/GitHub/CutyKiller/GAME FOLDER/Content/Weapon_Pack/Skeletal_Mesh/SK_Mace_Skeleton.uasset" 537
"D:/GitHub/CutyKiller/GAME FOLDER/Content/Weapon_Pack/Skeletal_Mesh/SK_Mace_Skeleton.uexp" 538
"D:/GitHub/CutyKiller/GAME FOLDER/Content/Weapon_Pack/Textures/Weapons/T_Weapon_Set2_Normal.ubulk" 539
"D:/GitHub/CutyKiller/GAME FOLDER/Content/Weapon_Pack/Textures/Weapons/T_Weapon_Set2_Normal.uasset" 540
"D:/GitHub/CutyKiller/GAME FOLDER/Content/Weapon_Pack/Textures/Weapons/T_Weapon_Set2_Normal.uexp" 541
"D:/GitHub/CutyKiller/GAME FOLDER/Content/Weapon_Pack/Textures/Weapons/T_Weapon_Set2_OcclusionRoughnessMetallic.ubulk" 542
"D:/GitHub/CutyKiller/GAME FOLDER/Content/Weapon_Pack/Textures/Weapons/T_Weapon_Set2_OcclusionRoughnessMetallic.uasset" 543
"D:/GitHub/CutyKiller/GAME FOLDER/Content/Weapon_Pack/Textures/Weapons/T_Weapon_Set2_OcclusionRoughnessMetallic.uexp" 544
"D:/GitHub/CutyKiller/GAME FOLDER/Content/Weapon_Pack/Textures/Weapons/T_Weapon_Set2_BaseColor.ubulk" 545
"D:/GitHub/CutyKiller/GAME FOLDER/Content/Weapon_Pack/Textures/Weapons/T_Weapon_Set2_BaseColor.uasset" 546
"D:/GitHub/CutyKiller/GAME FOLDER/Content/Weapon_Pack/Textures/Weapons/T_Weapon_Set2_BaseColor.uexp" 547
"D:/GitHub/CutyKiller/GAME FOLDER/Content/Weapon_Pack/Materials/Weapons/M_WeaponSet_2.uasset" 548
"D:/GitHub/CutyKiller/GAME FOLDER/Content/Weapon_Pack/Materials/Weapons/M_WeaponSet_2.uexp" 549
"D:/GitHub/CutyKiller/GAME FOLDER/Content/Weapon_Pack/Skeletal_Mesh/SK_Mace_PhysicsAsset.uasset" 550
"D:/GitHub/CutyKiller/GAME FOLDER/Content/Weapon_Pack/Skeletal_Mesh/SK_Mace_PhysicsAsset.uexp" 551
"D:/GitHub/CutyKiller/GAME FOLDER/Content/Weapon_Pack/Skeletal_Mesh/SK_Mace.uasset" 552
"D:/GitHub/CutyKiller/GAME FOLDER/Content/Weapon_Pack/Skeletal_Mesh/SK_Mace.uexp" 553
"D:/GitHub/CutyKiller/GAME FOLDER/Content/Weapon_Pack/Skeletal_Mesh/SK_H2H_Skeleton.uasset" 554
"D:/GitHub/CutyKiller/GAME FOLDER/Content/Weapon_Pack/Skeletal_Mesh/SK_H2H_Skeleton.uexp" 555
"D:/GitHub/CutyKiller/GAME FOLDER/Content/Weapon_Pack/Skeletal_Mesh/SK_H2H_PhysicsAsset.uasset" 556
"D:/GitHub/CutyKiller/GAME FOLDER/Content/Weapon_Pack/Skeletal_Mesh/SK_H2H_PhysicsAsset.uexp" 557
"D:/GitHub/CutyKiller/GAME FOLDER/Content/Weapon_Pack/Skeletal_Mesh/SK_H2H.uasset" 558
"D:/GitHub/CutyKiller/GAME FOLDER/Content/Weapon_Pack/Skeletal_Mesh/SK_H2H.uexp" 559
"D:/GitHub/CutyKiller/GAME FOLDER/Content/Weapon_Pack/Skeletal_Mesh/SK_GreatHammer_PhysicsAsset.uasset" 560
"D:/GitHub/CutyKiller/GAME FOLDER/Content/Weapon_Pack/Skeletal_Mesh/SK_GreatHammer_PhysicsAsset.uexp" 561
"D:/GitHub/CutyKiller/GAME FOLDER/Content/Weapon_Pack/Skeletal_Mesh/SK_GreatHammer_Skeleton.uasset" 562
"D:/GitHub/CutyKiller/GAME FOLDER/Content/Weapon_Pack/Skeletal_Mesh/SK_GreatHammer_Skeleton.uexp" 563
"D:/GitHub/CutyKiller/GAME FOLDER/Content/Weapon_Pack/Skeletal_Mesh/SK_GreatHammer.uasset" 564
"D:/GitHub/CutyKiller/GAME FOLDER/Content/Weapon_Pack/Skeletal_Mesh/SK_GreatHammer.uexp" 565
"D:/GitHub/CutyKiller/GAME FOLDER/Content/Weapon_Pack/Skeletal_Mesh/SK_GreatAxe_Skeleton.uasset" 566
"D:/GitHub/CutyKiller/GAME FOLDER/Content/Weapon_Pack/Skeletal_Mesh/SK_GreatAxe_Skeleton.uexp" 567
"D:/GitHub/CutyKiller/GAME FOLDER/Content/Weapon_Pack/Skeletal_Mesh/SK_GreatAxe_PhysicsAsset.uasset" 568
"D:/GitHub/CutyKiller/GAME FOLDER/Content/Weapon_Pack/Skeletal_Mesh/SK_GreatAxe_PhysicsAsset.uexp" 569
"D:/GitHub/CutyKiller/GAME FOLDER/Content/Weapon_Pack/Skeletal_Mesh/SK_GreatAxe.uasset" 570
"D:/GitHub/CutyKiller/GAME FOLDER/Content/Weapon_Pack/Skeletal_Mesh/SK_GreatAxe.uexp" 571
"D:/GitHub/CutyKiller/GAME FOLDER/Content/Weapon_Pack/Skeletal_Mesh/SK_Dagger_2_Skeleton.uasset" 572
"D:/GitHub/CutyKiller/GAME FOLDER/Content/Weapon_Pack/Skeletal_Mesh/SK_Dagger_2_Skeleton.uexp" 573
"D:/GitHub/CutyKiller/GAME FOLDER/Content/Weapon_Pack/Skeletal_Mesh/SK_Dagger_2_PhysicsAsset.uasset" 574
"D:/GitHub/CutyKiller/GAME FOLDER/Content/Weapon_Pack/Skeletal_Mesh/SK_Dagger_2_PhysicsAsset.uexp" 575
"D:/GitHub/CutyKiller/GAME FOLDER/Content/Weapon_Pack/Skeletal_Mesh/SK_Dagger_2.uasset" 576
"D:/GitHub/CutyKiller/GAME FOLDER/Content/Weapon_Pack/Skeletal_Mesh/SK_Dagger_2.uexp" 577
"D:/GitHub/CutyKiller/GAME FOLDER/Content/Weapon_Pack/Skeletal_Mesh/SK_Dagger_1_PhysicsAsset.uasset" 578
"D:/GitHub/CutyKiller/GAME FOLDER/Content/Weapon_Pack/Skeletal_Mesh/SK_Dagger_1_PhysicsAsset.uexp" 579
"D:/GitHub/CutyKiller/GAME FOLDER/Content/Weapon_Pack/Skeletal_Mesh/SK_Dagger_1_Skeleton.uasset" 580
"D:/GitHub/CutyKiller/GAME FOLDER/Content/Weapon_Pack/Skeletal_Mesh/SK_Dagger_1_Skeleton.uexp" 581
"D:/GitHub/CutyKiller/GAME FOLDER/Content/Weapon_Pack/Skeletal_Mesh/SK_Dagger_1.uasset" 582
"D:/GitHub/CutyKiller/GAME FOLDER/Content/Weapon_Pack/Skeletal_Mesh/SK_Dagger_1.uexp" 583
"D:/GitHub/CutyKiller/GAME FOLDER/Content/Weapon_Pack/Skeletal_Mesh/SK_Axe_PhysicsAsset.uasset" 584
"D:/GitHub/CutyKiller/GAME FOLDER/Content/Weapon_Pack/Skeletal_Mesh/SK_Axe_PhysicsAsset.uexp" 585
"D:/GitHub/CutyKiller/GAME FOLDER/Content/Weapon_Pack/Skeletal_Mesh/SK_Axe_Skeleton.uasset" 586
"D:/GitHub/CutyKiller/GAME FOLDER/Content/Weapon_Pack/Skeletal_Mesh/SK_Axe_Skeleton.uexp" 587
"D:/GitHub/CutyKiller/GAME FOLDER/Content/Weapon_Pack/Skeletal_Mesh/SK_Axe.uasset" 588
"D:/GitHub/CutyKiller/GAME FOLDER/Content/Weapon_Pack/Skeletal_Mesh/SK_Axe.uexp" 589
"D:/GitHub/CutyKiller/GAME FOLDER/Content/Weapon_Pack/Textures/Props/Interior/T_Prop_Set3_BaseColor.ubulk" 590
"D:/GitHub/CutyKiller/GAME FOLDER/Content/Weapon_Pack/Textures/Props/Interior/T_Prop_Set3_BaseColor.uasset" 591
"D:/GitHub/CutyKiller/GAME FOLDER/Content/Weapon_Pack/Textures/Props/Interior/T_Prop_Set3_BaseColor.uexp" 592
"D:/GitHub/CutyKiller/GAME FOLDER/Content/Weapon_Pack/Textures/Props/Interior/T_Prop_Set3_Normal.ubulk" 593
"D:/GitHub/CutyKiller/GAME FOLDER/Content/Weapon_Pack/Textures/Props/Interior/T_Prop_Set3_Normal.uasset" 594
"D:/GitHub/CutyKiller/GAME FOLDER/Content/Weapon_Pack/Textures/Props/Interior/T_Prop_Set3_Normal.uexp" 595
"D:/GitHub/CutyKiller/GAME FOLDER/Content/Weapon_Pack/Textures/Props/Interior/T_Prop_Set3_OcclusionRoughnessMetallic.ubulk" 596
"D:/GitHub/CutyKiller/GAME FOLDER/Content/Weapon_Pack/Textures/Props/Interior/T_Prop_Set3_OcclusionRoughnessMetallic.uasset" 597
"D:/GitHub/CutyKiller/GAME FOLDER/Content/Weapon_Pack/Textures/Props/Interior/T_Prop_Set3_OcclusionRoughnessMetallic.uexp" 598
"D:/GitHub/CutyKiller/GAME FOLDER/Content/Weapon_Pack/Materials/Props/Interior/M_Props3.uasset" 599
"D:/GitHub/CutyKiller/GAME FOLDER/Content/Weapon_Pack/Materials/Props/Interior/M_Props3.uexp" 600
"D:/GitHub/CutyKiller/GAME FOLDER/Content/Weapon_Pack/Mesh/Props/Interior/SM_Bowl.ubulk" 601
"D:/GitHub/CutyKiller/GAME FOLDER/Content/Weapon_Pack/Mesh/Props/Interior/SM_Bowl.uasset" 602
"D:/GitHub/CutyKiller/GAME FOLDER/Content/Weapon_Pack/Mesh/Props/Interior/SM_Bowl.uexp" 603
"D:/GitHub/CutyKiller/GAME FOLDER/Content/Weapon_Pack/Textures/Weapons/T_Dirty_Weapon_Set2_Normal.ubulk" 604
"D:/GitHub/CutyKiller/GAME FOLDER/Content/Weapon_Pack/Textures/Weapons/T_Dirty_Weapon_Set2_Normal.uasset" 605
"D:/GitHub/CutyKiller/GAME FOLDER/Content/Weapon_Pack/Textures/Weapons/T_Dirty_Weapon_Set2_Normal.uexp" 606
"D:/GitHub/CutyKiller/GAME FOLDER/Content/Weapon_Pack/Textures/Weapons/T_Dirty_Weapon_Set2_OcclusionRoughnessMetallic.ubulk" 607
"D:/GitHub/CutyKiller/GAME FOLDER/Content/Weapon_Pack/Textures/Weapons/T_Dirty_Weapon_Set2_OcclusionRoughnessMetallic.uasset" 608
"D:/GitHub/CutyKiller/GAME FOLDER/Content/Weapon_Pack/Textures/Weapons/T_Dirty_Weapon_Set2_OcclusionRoughnessMetallic.uexp" 609
"D:/GitHub/CutyKiller/GAME FOLDER/Content/Weapon_Pack/Textures/Weapons/T_Dirty_Weapon_Set2_BaseColor.ubulk" 610
"D:/GitHub/CutyKiller/GAME FOLDER/Content/Weapon_Pack/Textures/Weapons/T_Dirty_Weapon_Set2_BaseColor.uasset" 611
"D:/GitHub/CutyKiller/GAME FOLDER/Content/Weapon_Pack/Textures/Weapons/T_Dirty_Weapon_Set2_BaseColor.uexp" 612
"D:/GitHub/CutyKiller/GAME FOLDER/Content/Weapon_Pack/Materials/Weapons/M_WeaponSet_2Dirty.uasset" 613
"D:/GitHub/CutyKiller/GAME FOLDER/Content/Weapon_Pack/Materials/Weapons/M_WeaponSet_2Dirty.uexp" 614
"D:/GitHub/CutyKiller/GAME FOLDER/Content/Weapon_Pack/Textures/Weapons/T_Dirty_Weapon_Set1_OcclusionRoughnessMetallic.ubulk" 615
"D:/GitHub/CutyKiller/GAME FOLDER/Content/Weapon_Pack/Textures/Weapons/T_Dirty_Weapon_Set1_OcclusionRoughnessMetallic.uasset" 616
"D:/GitHub/CutyKiller/GAME FOLDER/Content/Weapon_Pack/Textures/Weapons/T_Dirty_Weapon_Set1_OcclusionRoughnessMetallic.uexp" 617
"D:/GitHub/CutyKiller/GAME FOLDER/Content/Weapon_Pack/Textures/Weapons/T_Dirty_Weapon_Set1_Normal.ubulk" 618
"D:/GitHub/CutyKiller/GAME FOLDER/Content/Weapon_Pack/Textures/Weapons/T_Dirty_Weapon_Set1_Normal.uasset" 619
"D:/GitHub/CutyKiller/GAME FOLDER/Content/Weapon_Pack/Textures/Weapons/T_Dirty_Weapon_Set1_Normal.uexp" 620
"D:/GitHub/CutyKiller/GAME FOLDER/Content/Weapon_Pack/Textures/Weapons/T_Dirty_Weapon_Set1_BaseColor.ubulk" 621
"D:/GitHub/CutyKiller/GAME FOLDER/Content/Weapon_Pack/Textures/Weapons/T_Dirty_Weapon_Set1_BaseColor.uasset" 622
"D:/GitHub/CutyKiller/GAME FOLDER/Content/Weapon_Pack/Textures/Weapons/T_Dirty_Weapon_Set1_BaseColor.uexp" 623
"D:/GitHub/CutyKiller/GAME FOLDER/Content/Weapon_Pack/Materials/Weapons/M_WeaponSet_1Dirty.uasset" 624
"D:/GitHub/CutyKiller/GAME FOLDER/Content/Weapon_Pack/Materials/Weapons/M_WeaponSet_1Dirty.uexp" 625
"D:/GitHub/CutyKiller/GAME FOLDER/Content/StarterContent/Shapes/Shape_WideCapsule.ubulk" 626
"D:/GitHub/CutyKiller/GAME FOLDER/Content/StarterContent/Shapes/Shape_WideCapsule.uasset" 627
"D:/GitHub/CutyKiller/GAME FOLDER/Content/StarterContent/Shapes/Shape_WideCapsule.uexp" 628
"D:/GitHub/CutyKiller/GAME FOLDER/Content/StarterContent/Shapes/Shape_Wedge_B.ubulk" 629
"D:/GitHub/CutyKiller/GAME FOLDER/Content/StarterContent/Shapes/Shape_Wedge_B.uasset" 630
"D:/GitHub/CutyKiller/GAME FOLDER/Content/StarterContent/Shapes/Shape_Wedge_B.uexp" 631
"D:/GitHub/CutyKiller/GAME FOLDER/Content/StarterContent/Shapes/Shape_Wedge_A.ubulk" 632
"D:/GitHub/CutyKiller/GAME FOLDER/Content/StarterContent/Shapes/Shape_Wedge_A.uasset" 633
"D:/GitHub/CutyKiller/GAME FOLDER/Content/StarterContent/Shapes/Shape_Wedge_A.uexp" 634
"D:/GitHub/CutyKiller/GAME FOLDER/Content/StarterContent/Shapes/Shape_Tube.ubulk" 635
"D:/GitHub/CutyKiller/GAME FOLDER/Content/StarterContent/Shapes/Shape_Tube.uasset" 636
"D:/GitHub/CutyKiller/GAME FOLDER/Content/StarterContent/Shapes/Shape_Tube.uexp" 637
"D:/GitHub/CutyKiller/GAME FOLDER/Content/StarterContent/Shapes/Shape_TriPyramid.ubulk" 638
"D:/GitHub/CutyKiller/GAME FOLDER/Content/StarterContent/Shapes/Shape_TriPyramid.uasset" 639
"D:/GitHub/CutyKiller/GAME FOLDER/Content/StarterContent/Shapes/Shape_TriPyramid.uexp" 640
"D:/GitHub/CutyKiller/GAME FOLDER/Content/StarterContent/Shapes/Shape_Trim_90_Out.ubulk" 641
"D:/GitHub/CutyKiller/GAME FOLDER/Content/StarterContent/Shapes/Shape_Trim_90_Out.uasset" 642
"D:/GitHub/CutyKiller/GAME FOLDER/Content/StarterContent/Shapes/Shape_Trim_90_Out.uexp" 643
"D:/GitHub/CutyKiller/GAME FOLDER/Content/StarterContent/Shapes/Shape_Trim_90_In.ubulk" 644
"D:/GitHub/CutyKiller/GAME FOLDER/Content/StarterContent/Shapes/Shape_Trim_90_In.uasset" 645
"D:/GitHub/CutyKiller/GAME FOLDER/Content/StarterContent/Shapes/Shape_Trim_90_In.uexp" 646
"D:/GitHub/CutyKiller/GAME FOLDER/Content/StarterContent/Shapes/Shape_Trim.ubulk" 647
"D:/GitHub/CutyKiller/GAME FOLDER/Content/StarterContent/Shapes/Shape_Trim.uasset" 648
"D:/GitHub/CutyKiller/GAME FOLDER/Content/StarterContent/Shapes/Shape_Trim.uexp" 649
"D:/GitHub/CutyKiller/GAME FOLDER/Content/StarterContent/Shapes/Shape_Torus.ubulk" 650
"D:/GitHub/CutyKiller/GAME FOLDER/Content/StarterContent/Shapes/Shape_Torus.uasset" 651
"D:/GitHub/CutyKiller/GAME FOLDER/Content/StarterContent/Shapes/Shape_Torus.uexp" 652
"D:/GitHub/CutyKiller/GAME FOLDER/Content/StarterContent/Shapes/Shape_Pipe_90.ubulk" 653
"D:/GitHub/CutyKiller/GAME FOLDER/Content/StarterContent/Shapes/Shape_Pipe_90.uasset" 654
"D:/GitHub/CutyKiller/GAME FOLDER/Content/StarterContent/Shapes/Shape_Pipe_90.uexp" 655
"D:/GitHub/CutyKiller/GAME FOLDER/Content/StarterContent/Shapes/Shape_Pipe_180.ubulk" 656
"D:/GitHub/CutyKiller/GAME FOLDER/Content/StarterContent/Shapes/Shape_Pipe_180.uasset" 657
"D:/GitHub/CutyKiller/GAME FOLDER/Content/StarterContent/Shapes/Shape_Pipe_180.uexp" 658
"D:/GitHub/CutyKiller/GAME FOLDER/Content/StarterContent/Shapes/Shape_Pipe.ubulk" 659
"D:/GitHub/CutyKiller/GAME FOLDER/Content/StarterContent/Shapes/Shape_Pipe.uasset" 660
"D:/GitHub/CutyKiller/GAME FOLDER/Content/StarterContent/Shapes/Shape_Pipe.uexp" 661
"D:/GitHub/CutyKiller/GAME FOLDER/Content/StarterContent/Shapes/Shape_NarrowCapsule.ubulk" 662
"D:/GitHub/CutyKiller/GAME FOLDER/Content/StarterContent/Shapes/Shape_NarrowCapsule.uasset" 663
"D:/GitHub/CutyKiller/GAME FOLDER/Content/StarterContent/Shapes/Shape_NarrowCapsule.uexp" 664
"D:/GitHub/CutyKiller/GAME FOLDER/Content/StarterContent/Shapes/Shape_Cylinder.ubulk" 665
"D:/GitHub/CutyKiller/GAME FOLDER/Content/StarterContent/Shapes/Shape_Cylinder.uasset" 666
"D:/GitHub/CutyKiller/GAME FOLDER/Content/StarterContent/Shapes/Shape_Cylinder.uexp" 667
"D:/GitHub/CutyKiller/GAME FOLDER/Content/StarterContent/Shapes/Shape_Cone.ubulk" 668
"D:/GitHub/CutyKiller/GAME FOLDER/Content/StarterContent/Shapes/Shape_Cone.uasset" 669
"D:/GitHub/CutyKiller/GAME FOLDER/Content/StarterContent/Shapes/Shape_Cone.uexp" 670
"D:/GitHub/CutyKiller/GAME FOLDER/Content/StarterContent/Materials/M_Basic_Floor.uasset" 671
"D:/GitHub/CutyKiller/GAME FOLDER/Content/StarterContent/Materials/M_Basic_Floor.uexp" 672
"D:/GitHub/CutyKiller/GAME FOLDER/Content/StarterContent/Props/SM_Stairs.ubulk" 673
"D:/GitHub/CutyKiller/GAME FOLDER/Content/StarterContent/Props/SM_Stairs.uasset" 674
"D:/GitHub/CutyKiller/GAME FOLDER/Content/StarterContent/Props/SM_Stairs.uexp" 675
"D:/GitHub/CutyKiller/GAME FOLDER/Content/StarterContent/Textures/T_Shelf_N.ubulk" 676
"D:/GitHub/CutyKiller/GAME FOLDER/Content/StarterContent/Textures/T_Shelf_N.uasset" 677
"D:/GitHub/CutyKiller/GAME FOLDER/Content/StarterContent/Textures/T_Shelf_N.uexp" 678
"D:/GitHub/CutyKiller/GAME FOLDER/Content/StarterContent/Textures/T_Shelf_M.ubulk" 679
"D:/GitHub/CutyKiller/GAME FOLDER/Content/StarterContent/Textures/T_Shelf_M.uasset" 680
"D:/GitHub/CutyKiller/GAME FOLDER/Content/StarterContent/Textures/T_Shelf_M.uexp" 681
"D:/GitHub/CutyKiller/GAME FOLDER/Content/StarterContent/Props/Materials/M_Shelf.uasset" 682
"D:/GitHub/CutyKiller/GAME FOLDER/Content/StarterContent/Props/Materials/M_Shelf.uexp" 683
"D:/GitHub/CutyKiller/GAME FOLDER/Content/StarterContent/Props/SM_Shelf.ubulk" 684
"D:/GitHub/CutyKiller/GAME FOLDER/Content/StarterContent/Props/SM_Shelf.uasset" 685
"D:/GitHub/CutyKiller/GAME FOLDER/Content/StarterContent/Props/SM_Shelf.uexp" 686
"../../../Engine/Content/Functions/Engine_MaterialFunctions02/Utility/BlendAngleCorrectedNormals.uasset" 687
"../../../Engine/Content/Functions/Engine_MaterialFunctions02/Utility/BlendAngleCorrectedNormals.uexp" 688
"D:/GitHub/CutyKiller/GAME FOLDER/Content/StarterContent/Textures/T_Detail_Rocky_N.ubulk" 689
"D:/GitHub/CutyKiller/GAME FOLDER/Content/StarterContent/Textures/T_Detail_Rocky_N.uasset" 690
"D:/GitHub/CutyKiller/GAME FOLDER/Content/StarterContent/Textures/T_Detail_Rocky_N.uexp" 691
"D:/GitHub/CutyKiller/GAME FOLDER/Content/StarterContent/Textures/T_Rock_Basalt_D.ubulk" 692
"D:/GitHub/CutyKiller/GAME FOLDER/Content/StarterContent/Textures/T_Rock_Basalt_D.uasset" 693
"D:/GitHub/CutyKiller/GAME FOLDER/Content/StarterContent/Textures/T_Rock_Basalt_D.uexp" 694
"D:/GitHub/CutyKiller/GAME FOLDER/Content/StarterContent/Textures/T_RockMesh_N.ubulk" 695
"D:/GitHub/CutyKiller/GAME FOLDER/Content/StarterContent/Textures/T_RockMesh_N.uasset" 696
"D:/GitHub/CutyKiller/GAME FOLDER/Content/StarterContent/Textures/T_RockMesh_N.uexp" 697
"D:/GitHub/CutyKiller/GAME FOLDER/Content/StarterContent/Textures/T_RockMesh_M.ubulk" 698
"D:/GitHub/CutyKiller/GAME FOLDER/Content/StarterContent/Textures/T_RockMesh_M.uasset" 699
"D:/GitHub/CutyKiller/GAME FOLDER/Content/StarterContent/Textures/T_RockMesh_M.uexp" 700
"D:/GitHub/CutyKiller/GAME FOLDER/Content/StarterContent/Props/Materials/M_Rock.uasset" 701
"D:/GitHub/CutyKiller/GAME FOLDER/Content/StarterContent/Props/Materials/M_Rock.uexp" 702
"D:/GitHub/CutyKiller/GAME FOLDER/Content/StarterContent/Props/SM_Rock.ubulk" 703
"D:/GitHub/CutyKiller/GAME FOLDER/Content/StarterContent/Props/SM_Rock.uasset" 704
"D:/GitHub/CutyKiller/GAME FOLDER/Content/StarterContent/Props/SM_Rock.uexp" 705
"D:/GitHub/CutyKiller/GAME FOLDER/Content/StarterContent/Props/Materials/M_MaterialSphere_Plain.uasset" 706
"D:/GitHub/CutyKiller/GAME FOLDER/Content/StarterContent/Props/Materials/M_MaterialSphere_Plain.uexp" 707
"D:/GitHub/CutyKiller/GAME FOLDER/Content/StarterContent/Props/Materials/M_MaterialSphere.uasset" 708
"D:/GitHub/CutyKiller/GAME FOLDER/Content/StarterContent/Props/Materials/M_MaterialSphere.uexp" 709
"D:/GitHub/CutyKiller/GAME FOLDER/Content/StarterContent/Props/SM_MatPreviewMesh_02.ubulk" 710
"D:/GitHub/CutyKiller/GAME FOLDER/Content/StarterContent/Props/SM_MatPreviewMesh_02.uasset" 711
"D:/GitHub/CutyKiller/GAME FOLDER/Content/StarterContent/Props/SM_MatPreviewMesh_02.uexp" 712
"D:/GitHub/CutyKiller/GAME FOLDER/Content/StarterContent/Materials/M_Glass.uasset" 713
"D:/GitHub/CutyKiller/GAME FOLDER/Content/StarterContent/Materials/M_Glass.uexp" 714
"D:/GitHub/CutyKiller/GAME FOLDER/Content/StarterContent/Textures/T_Door_N.ubulk" 715
"D:/GitHub/CutyKiller/GAME FOLDER/Content/StarterContent/Textures/T_Door_N.uasset" 716
"D:/GitHub/CutyKiller/GAME FOLDER/Content/StarterContent/Textures/T_Door_N.uexp" 717
"D:/GitHub/CutyKiller/GAME FOLDER/Content/StarterContent/Textures/T_Door_M.ubulk" 718
"D:/GitHub/CutyKiller/GAME FOLDER/Content/StarterContent/Textures/T_Door_M.uasset" 719
"D:/GitHub/CutyKiller/GAME FOLDER/Content/StarterContent/Textures/T_Door_M.uexp" 720
"D:/GitHub/CutyKiller/GAME FOLDER/Content/StarterContent/Props/Materials/M_Door.uasset" 721
"D:/GitHub/CutyKiller/GAME FOLDER/Content/StarterContent/Props/Materials/M_Door.uexp" 722
"D:/GitHub/CutyKiller/GAME FOLDER/Content/StarterContent/Props/SM_Door.ubulk" 723
"D:/GitHub/CutyKiller/GAME FOLDER/Content/StarterContent/Props/SM_Door.uasset" 724
"D:/GitHub/CutyKiller/GAME FOLDER/Content/StarterContent/Props/SM_Door.uexp" 725
"D:/GitHub/CutyKiller/GAME FOLDER/Content/StarterContent/Textures/T_Chair_N.ubulk" 726
"D:/GitHub/CutyKiller/GAME FOLDER/Content/StarterContent/Textures/T_Chair_N.uasset" 727
"D:/GitHub/CutyKiller/GAME FOLDER/Content/StarterContent/Textures/T_Chair_N.uexp" 728
"D:/GitHub/CutyKiller/GAME FOLDER/Content/StarterContent/Textures/T_Chair_M.ubulk" 729
"D:/GitHub/CutyKiller/GAME FOLDER/Content/StarterContent/Textures/T_Chair_M.uasset" 730
"D:/GitHub/CutyKiller/GAME FOLDER/Content/StarterContent/Textures/T_Chair_M.uexp" 731
"D:/GitHub/CutyKiller/GAME FOLDER/Content/StarterContent/Props/Materials/M_Chair.uasset" 732
"D:/GitHub/CutyKiller/GAME FOLDER/Content/StarterContent/Props/Materials/M_Chair.uexp" 733
"D:/GitHub/CutyKiller/GAME FOLDER/Content/StarterContent/Props/SM_Couch.ubulk" 734
"D:/GitHub/CutyKiller/GAME FOLDER/Content/StarterContent/Props/SM_Couch.uasset" 735
"D:/GitHub/CutyKiller/GAME FOLDER/Content/StarterContent/Props/SM_Couch.uexp" 736
"D:/GitHub/CutyKiller/GAME FOLDER/Content/StarterContent/Textures/T_Bush_N.ubulk" 737
"D:/GitHub/CutyKiller/GAME FOLDER/Content/StarterContent/Textures/T_Bush_N.uasset" 738
"D:/GitHub/CutyKiller/GAME FOLDER/Content/StarterContent/Textures/T_Bush_N.uexp" 739
"D:/GitHub/CutyKiller/GAME FOLDER/Content/StarterContent/Textures/T_Bush_D.ubulk" 740
"D:/GitHub/CutyKiller/GAME FOLDER/Content/StarterContent/Textures/T_Bush_D.uasset" 741
"D:/GitHub/CutyKiller/GAME FOLDER/Content/StarterContent/Textures/T_Bush_D.uexp" 742
"D:/GitHub/CutyKiller/GAME FOLDER/Content/StarterContent/Props/Materials/M_Bush.uasset" 743
"D:/GitHub/CutyKiller/GAME FOLDER/Content/StarterContent/Props/Materials/M_Bush.uexp" 744
"D:/GitHub/CutyKiller/GAME FOLDER/Content/StarterContent/Props/SM_Bush.ubulk" 745
"D:/GitHub/CutyKiller/GAME FOLDER/Content/StarterContent/Props/SM_Bush.uasset" 746
"D:/GitHub/CutyKiller/GAME FOLDER/Content/StarterContent/Props/SM_Bush.uexp" 747
"../../../Engine/Content/EditorMeshes/ColorCalibrator/T_ColorGrid.ubulk" 748
"../../../Engine/Content/EditorMeshes/ColorCalibrator/T_ColorGrid.uasset" 749
"../../../Engine/Content/EditorMeshes/ColorCalibrator/T_ColorGrid.uexp" 750
"D:/GitHub/CutyKiller/GAME FOLDER/Content/StarterContent/Materials/M_ColorGrid_LowSpec.uasset" 751
"D:/GitHub/CutyKiller/GAME FOLDER/Content/StarterContent/Materials/M_ColorGrid_LowSpec.uexp" 752
"D:/GitHub/CutyKiller/GAME FOLDER/Content/StarterContent/Textures/T_Smoke_SubUV.ubulk" 753
"D:/GitHub/CutyKiller/GAME FOLDER/Content/StarterContent/Textures/T_Smoke_SubUV.uasset" 754
"D:/GitHub/CutyKiller/GAME FOLDER/Content/StarterContent/Textures/T_Smoke_SubUV.uexp" 755
"D:/GitHub/CutyKiller/GAME FOLDER/Content/StarterContent/Textures/T_Smoke_Tiled_D.ubulk" 756
"D:/GitHub/CutyKiller/GAME FOLDER/Content/StarterContent/Textures/T_Smoke_Tiled_D.uasset" 757
"D:/GitHub/CutyKiller/GAME FOLDER/Content/StarterContent/Textures/T_Smoke_Tiled_D.uexp" 758
"D:/GitHub/CutyKiller/GAME FOLDER/Content/StarterContent/Particles/Materials/M_smoke_subUV.uasset" 759
"D:/GitHub/CutyKiller/GAME FOLDER/Content/StarterContent/Particles/Materials/M_smoke_subUV.uexp" 760
"D:/GitHub/CutyKiller/GAME FOLDER/Content/StarterContent/Textures/T_Burst_M.ubulk" 761
"D:/GitHub/CutyKiller/GAME FOLDER/Content/StarterContent/Textures/T_Burst_M.uasset" 762
"D:/GitHub/CutyKiller/GAME FOLDER/Content/StarterContent/Textures/T_Burst_M.uexp" 763
"D:/GitHub/CutyKiller/GAME FOLDER/Content/StarterContent/Particles/Materials/M_Burst.uasset" 764
"D:/GitHub/CutyKiller/GAME FOLDER/Content/StarterContent/Particles/Materials/M_Burst.uexp" 765
"D:/GitHub/CutyKiller/GAME FOLDER/Content/StarterContent/Particles/Materials/m_flare_01.uasset" 766
"D:/GitHub/CutyKiller/GAME FOLDER/Content/StarterContent/Particles/Materials/m_flare_01.uexp" 767
"D:/GitHub/CutyKiller/GAME FOLDER/Content/StarterContent/Textures/T_Explosion_SubUV.ubulk" 768
"D:/GitHub/CutyKiller/GAME FOLDER/Content/StarterContent/Textures/T_Explosion_SubUV.uasset" 769
"D:/GitHub/CutyKiller/GAME FOLDER/Content/StarterContent/Textures/T_Explosion_SubUV.uexp" 770
"D:/GitHub/CutyKiller/GAME FOLDER/Content/StarterContent/Particles/Materials/M_explosion_subUV.uasset" 771
"D:/GitHub/CutyKiller/GAME FOLDER/Content/StarterContent/Particles/Materials/M_explosion_subUV.uexp" 772
"../../../Engine/Content/Functions/Engine_MaterialFunctions01/Gradient/RadialGradient.uasset" 773
"../../../Engine/Content/Functions/Engine_MaterialFunctions01/Gradient/RadialGradient.uexp" 774
"D:/GitHub/CutyKiller/GAME FOLDER/Content/StarterContent/Particles/Materials/M_radial_ramp.uasset" 775
"D:/GitHub/CutyKiller/GAME FOLDER/Content/StarterContent/Particles/Materials/M_radial_ramp.uexp" 776
"D:/GitHub/CutyKiller/GAME FOLDER/Content/StarterContent/Particles/P_Explosion.uasset" 777
"D:/GitHub/CutyKiller/GAME FOLDER/Content/StarterContent/Particles/P_Explosion.uexp" 778
"D:/GitHub/CutyKiller/GAME FOLDER/Content/StarterContent/Audio/Explosion_Cue.uasset" 779
"D:/GitHub/CutyKiller/GAME FOLDER/Content/StarterContent/Audio/Explosion_Cue.uexp" 780
"D:/GitHub/CutyKiller/GAME FOLDER/Content/StarterContent/Blueprints/Blueprint_Effect_Explosion.uasset" 781
"D:/GitHub/CutyKiller/GAME FOLDER/Content/StarterContent/Blueprints/Blueprint_Effect_Explosion.uexp" 782
"D:/GitHub/CutyKiller/GAME FOLDER/Content/StarterContent/Audio/Steam01.ubulk" 783
"D:/GitHub/CutyKiller/GAME FOLDER/Content/StarterContent/Audio/Steam01.uasset" 784
"D:/GitHub/CutyKiller/GAME FOLDER/Content/StarterContent/Audio/Steam01.uexp" 785
"D:/GitHub/CutyKiller/GAME FOLDER/Content/StarterContent/Audio/Starter_Wind06.ubulk" 786
"D:/GitHub/CutyKiller/GAME FOLDER/Content/StarterContent/Audio/Starter_Wind06.uasset" 787
"D:/GitHub/CutyKiller/GAME FOLDER/Content/StarterContent/Audio/Starter_Wind06.uexp" 788
"D:/GitHub/CutyKiller/GAME FOLDER/Content/StarterContent/Audio/Starter_Wind05.ubulk" 789
"D:/GitHub/CutyKiller/GAME FOLDER/Content/StarterContent/Audio/Starter_Wind05.uasset" 790
"D:/GitHub/CutyKiller/GAME FOLDER/Content/StarterContent/Audio/Starter_Wind05.uexp" 791
"D:/GitHub/CutyKiller/GAME FOLDER/Content/StarterContent/Audio/Starter_Music01.ubulk" 792
"D:/GitHub/CutyKiller/GAME FOLDER/Content/StarterContent/Audio/Starter_Music01.uasset" 793
"D:/GitHub/CutyKiller/GAME FOLDER/Content/StarterContent/Audio/Starter_Music01.uexp" 794
"D:/GitHub/CutyKiller/GAME FOLDER/Content/StarterContent/Audio/Starter_Birds01.ubulk" 795
"D:/GitHub/CutyKiller/GAME FOLDER/Content/StarterContent/Audio/Starter_Birds01.uasset" 796
"D:/GitHub/CutyKiller/GAME FOLDER/Content/StarterContent/Audio/Starter_Birds01.uexp" 797
"D:/GitHub/CutyKiller/GAME FOLDER/Content/StarterContent/Audio/Smoke01.ubulk" 798
"D:/GitHub/CutyKiller/GAME FOLDER/Content/StarterContent/Audio/Smoke01.uasset" 799
"D:/GitHub/CutyKiller/GAME FOLDER/Content/StarterContent/Audio/Smoke01.uexp" 800
"D:/GitHub/CutyKiller/GAME FOLDER/Content/StarterContent/Audio/Light02_Cue.uasset" 801
"D:/GitHub/CutyKiller/GAME FOLDER/Content/StarterContent/Audio/Light02_Cue.uexp" 802
"D:/GitHub/CutyKiller/GAME FOLDER/Content/StarterContent/Audio/Light02.ubulk" 803
"D:/GitHub/CutyKiller/GAME FOLDER/Content/StarterContent/Audio/Light02.uasset" 804
"D:/GitHub/CutyKiller/GAME FOLDER/Content/StarterContent/Audio/Light02.uexp" 805
"D:/GitHub/CutyKiller/GAME FOLDER/Content/StarterContent/Audio/Light01_Cue.uasset" 806
"D:/GitHub/CutyKiller/GAME FOLDER/Content/StarterContent/Audio/Light01_Cue.uexp" 807
"D:/GitHub/CutyKiller/GAME FOLDER/Content/StarterContent/Audio/Light01.ubulk" 808
"D:/GitHub/CutyKiller/GAME FOLDER/Content/StarterContent/Audio/Light01.uasset" 809
"D:/GitHub/CutyKiller/GAME FOLDER/Content/StarterContent/Audio/Light01.uexp" 810
"D:/GitHub/CutyKiller/GAME FOLDER/Content/StarterContent/Audio/Fire_Sparks01.ubulk" 811
"D:/GitHub/CutyKiller/GAME FOLDER/Content/StarterContent/Audio/Fire_Sparks01.uasset" 812
"D:/GitHub/CutyKiller/GAME FOLDER/Content/StarterContent/Audio/Fire_Sparks01.uexp" 813
"D:/GitHub/CutyKiller/GAME FOLDER/Content/StarterContent/Audio/Fire01.ubulk" 814
"D:/GitHub/CutyKiller/GAME FOLDER/Content/StarterContent/Audio/Fire01.uasset" 815
"D:/GitHub/CutyKiller/GAME FOLDER/Content/StarterContent/Audio/Fire01.uexp" 816
"D:/GitHub/CutyKiller/GAME FOLDER/Content/StarterContent/Audio/Explosion02.ubulk" 817
"D:/GitHub/CutyKiller/GAME FOLDER/Content/StarterContent/Audio/Explosion02.uasset" 818
"D:/GitHub/CutyKiller/GAME FOLDER/Content/StarterContent/Audio/Explosion02.uexp" 819
"D:/GitHub/CutyKiller/GAME FOLDER/Content/StarterContent/Audio/Explosion01.ubulk" 820
"D:/GitHub/CutyKiller/GAME FOLDER/Content/StarterContent/Audio/Explosion01.uasset" 821
"D:/GitHub/CutyKiller/GAME FOLDER/Content/StarterContent/Audio/Explosion01.uexp" 822
"D:/GitHub/CutyKiller/GAME FOLDER/Content/StarterContent/Audio/Collapse02.ubulk" 823
"D:/GitHub/CutyKiller/GAME FOLDER/Content/StarterContent/Audio/Collapse02.uasset" 824
"D:/GitHub/CutyKiller/GAME FOLDER/Content/StarterContent/Audio/Collapse02.uexp" 825
"D:/GitHub/CutyKiller/GAME FOLDER/Content/StarterContent/Audio/Collapse01.ubulk" 826
"D:/GitHub/CutyKiller/GAME FOLDER/Content/StarterContent/Audio/Collapse01.uasset" 827
"D:/GitHub/CutyKiller/GAME FOLDER/Content/StarterContent/Audio/Collapse01.uexp" 828
"D:/GitHub/CutyKiller/GAME FOLDER/Content/StarterContent/Architecture/Wall_Window_400x400.ubulk" 829
"D:/GitHub/CutyKiller/GAME FOLDER/Content/StarterContent/Architecture/Wall_Window_400x400.uasset" 830
"D:/GitHub/CutyKiller/GAME FOLDER/Content/StarterContent/Architecture/Wall_Window_400x400.uexp" 831
"D:/GitHub/CutyKiller/GAME FOLDER/Content/StarterContent/Architecture/Wall_Door_400x400.ubulk" 832
"D:/GitHub/CutyKiller/GAME FOLDER/Content/StarterContent/Architecture/Wall_Door_400x400.uasset" 833
"D:/GitHub/CutyKiller/GAME FOLDER/Content/StarterContent/Architecture/Wall_Door_400x400.uexp" 834
"D:/GitHub/CutyKiller/GAME FOLDER/Content/StarterContent/Architecture/Wall_500x500.ubulk" 835
"D:/GitHub/CutyKiller/GAME FOLDER/Content/StarterContent/Architecture/Wall_500x500.uasset" 836
"D:/GitHub/CutyKiller/GAME FOLDER/Content/StarterContent/Architecture/Wall_500x500.uexp" 837
"D:/GitHub/CutyKiller/GAME FOLDER/Content/StarterContent/Architecture/Wall_400x400.ubulk" 838
"D:/GitHub/CutyKiller/GAME FOLDER/Content/StarterContent/Architecture/Wall_400x400.uasset" 839
"D:/GitHub/CutyKiller/GAME FOLDER/Content/StarterContent/Architecture/Wall_400x400.uexp" 840
"D:/GitHub/CutyKiller/GAME FOLDER/Content/StarterContent/Architecture/Wall_400x300.ubulk" 841
"D:/GitHub/CutyKiller/GAME FOLDER/Content/StarterContent/Architecture/Wall_400x300.uasset" 842
"D:/GitHub/CutyKiller/GAME FOLDER/Content/StarterContent/Architecture/Wall_400x300.uexp" 843
"D:/GitHub/CutyKiller/GAME FOLDER/Content/StarterContent/Architecture/Pillar_50x500.ubulk" 844
"D:/GitHub/CutyKiller/GAME FOLDER/Content/StarterContent/Architecture/Pillar_50x500.uasset" 845
"D:/GitHub/CutyKiller/GAME FOLDER/Content/StarterContent/Architecture/Pillar_50x500.uexp" 846
"../../../Engine/Plugins/Bridge/Content/MSPresets/MSVTTextures/BlackPlaceholder.uasset" 847
"../../../Engine/Plugins/Bridge/Content/MSPresets/MSVTTextures/BlackPlaceholder.uexp" 848
"../../../Engine/Content/EngineResources/Black.uasset" 849
"../../../Engine/Content/EngineResources/Black.uexp" 850
"../../../Engine/Plugins/Bridge/Content/MSPresets/M_MS_Default_Material/Functions/MF_Transmission.uasset" 851
"../../../Engine/Plugins/Bridge/Content/MSPresets/M_MS_Default_Material/Functions/MF_Transmission.uexp" 852
"../../../Engine/Content/Functions/Engine_MaterialFunctions02/Texturing/CustomRotator.uasset" 853
"../../../Engine/Content/Functions/Engine_MaterialFunctions02/Texturing/CustomRotator.uexp" 854
"../../../Engine/Plugins/Bridge/Content/MSPresets/M_MS_Default_Material/Functions/MF_MapAdjustments.uasset" 855
"../../../Engine/Plugins/Bridge/Content/MSPresets/M_MS_Default_Material/Functions/MF_MapAdjustments.uexp" 856
"../../../Engine/Plugins/Bridge/Content/MSPresets/MSVTTextures/DefaultDiffuse.uasset" 857
"../../../Engine/Plugins/Bridge/Content/MSPresets/MSVTTextures/DefaultDiffuse.uexp" 858
"../../../Engine/Plugins/Bridge/Content/MSPresets/MSVTTextures/Placeholder_Normal.uasset" 859
"../../../Engine/Plugins/Bridge/Content/MSPresets/MSVTTextures/Placeholder_Normal.uexp" 860
"../../../Engine/Plugins/Bridge/Content/MSPresets/M_MS_Default_Material/Functions/MF_Tiling.uasset" 861
"../../../Engine/Plugins/Bridge/Content/MSPresets/M_MS_Default_Material/Functions/MF_Tiling.uexp" 862
"../../../Engine/Plugins/Bridge/Content/MSPresets/MSVTTextures/WhitePlaceholder.uasset" 863
"../../../Engine/Plugins/Bridge/Content/MSPresets/MSVTTextures/WhitePlaceholder.uexp" 864
"D:/GitHub/CutyKiller/GAME FOLDER/Content/MSPresets/M_MS_Surface_Material_VT/M_MS_Surface_Material_VT.uasset" 865
"D:/GitHub/CutyKiller/GAME FOLDER/Content/MSPresets/M_MS_Surface_Material_VT/M_MS_Surface_Material_VT.uexp" 866
"D:/GitHub/CutyKiller/GAME FOLDER/Content/MSPresets/M_MS_Surface_Material_VT/Functions/MF_Transmission.uasset" 867
"D:/GitHub/CutyKiller/GAME FOLDER/Content/MSPresets/M_MS_Surface_Material_VT/Functions/MF_Transmission.uexp" 868
"D:/GitHub/CutyKiller/GAME FOLDER/Content/MSPresets/M_MS_Surface_Material_VT/Functions/MF_Tiling.uasset" 869
"D:/GitHub/CutyKiller/GAME FOLDER/Content/MSPresets/M_MS_Surface_Material_VT/Functions/MF_Tiling.uexp" 870
"../../../Engine/Plugins/Bridge/Content/MSPresets/M_MS_Surface_Material/Functions/MF_Transmission.uasset" 871
"../../../Engine/Plugins/Bridge/Content/MSPresets/M_MS_Surface_Material/Functions/MF_Transmission.uexp" 872
"D:/GitHub/CutyKiller/GAME FOLDER/Content/MSPresets/M_MS_Surface_Material_VT/Functions/MF_ObjAdjustments.uasset" 873
"D:/GitHub/CutyKiller/GAME FOLDER/Content/MSPresets/M_MS_Surface_Material_VT/Functions/MF_ObjAdjustments.uexp" 874
"D:/GitHub/CutyKiller/GAME FOLDER/Content/MSPresets/M_MS_Surface_Material_VT/Functions/MF_MapAdjustments.uasset" 875
"D:/GitHub/CutyKiller/GAME FOLDER/Content/MSPresets/M_MS_Surface_Material_VT/Functions/MF_MapAdjustments.uexp" 876
"D:/GitHub/CutyKiller/GAME FOLDER/Content/MSPresets/M_MS_Surface_Material_VT/Functions/MF_Displacement.uasset" 877
"D:/GitHub/CutyKiller/GAME FOLDER/Content/MSPresets/M_MS_Surface_Material_VT/Functions/MF_Displacement.uexp" 878
"D:/GitHub/CutyKiller/GAME FOLDER/Content/MSPresets/M_MS_Surface_Material/Functions/MF_Transmission.uasset" 879
"D:/GitHub/CutyKiller/GAME FOLDER/Content/MSPresets/M_MS_Surface_Material/Functions/MF_Transmission.uexp" 880
"D:/GitHub/CutyKiller/GAME FOLDER/Content/MSPresets/M_MS_Surface_Material/Functions/MF_Tiling.uasset" 881
"D:/GitHub/CutyKiller/GAME FOLDER/Content/MSPresets/M_MS_Surface_Material/Functions/MF_Tiling.uexp" 882
"D:/GitHub/CutyKiller/GAME FOLDER/Content/MSPresets/M_MS_Surface_Material/Functions/MF_ObjAdjustments.uasset" 883
"D:/GitHub/CutyKiller/GAME FOLDER/Content/MSPresets/M_MS_Surface_Material/Functions/MF_ObjAdjustments.uexp" 884
"D:/GitHub/CutyKiller/GAME FOLDER/Content/MSPresets/M_MS_Surface_Material/Functions/MF_MapAdjustments.uasset" 885
"D:/GitHub/CutyKiller/GAME FOLDER/Content/MSPresets/M_MS_Surface_Material/Functions/MF_MapAdjustments.uexp" 886
"D:/GitHub/CutyKiller/GAME FOLDER/Content/MSPresets/M_MS_Surface_Material/Functions/MF_Displacement.uasset" 887
"D:/GitHub/CutyKiller/GAME FOLDER/Content/MSPresets/M_MS_Surface_Material/Functions/MF_Displacement.uexp" 888
"../../../Engine/Plugins/Bridge/Content/MSPresets/M_MS_SurfaceBlend_Material/LayerFunctions/Middle/MF_MiddleLayerAdjustments.uasset" 889
"../../../Engine/Plugins/Bridge/Content/MSPresets/M_MS_SurfaceBlend_Material/LayerFunctions/Middle/MF_MiddleLayerAdjustments.uexp" 890
"../../../Engine/Plugins/Bridge/Content/MSPresets/M_MS_SurfaceBlend_Material/LayerFunctions/MF_NormalCorrection.uasset" 891
"../../../Engine/Plugins/Bridge/Content/MSPresets/M_MS_SurfaceBlend_Material/LayerFunctions/MF_NormalCorrection.uexp" 892
"../../../Engine/Plugins/Bridge/Content/MSPresets/MSTextures/WhitePlaceholder.uasset" 893
"../../../Engine/Plugins/Bridge/Content/MSPresets/MSTextures/WhitePlaceholder.uexp" 894
"../../../Engine/Content/EngineMaterials/DefaultNormal.ubulk" 895
"../../../Engine/Content/EngineMaterials/DefaultNormal.uasset" 896
"../../../Engine/Content/EngineMaterials/DefaultNormal.uexp" 897
"../../../Engine/Plugins/Bridge/Content/MSPresets/M_MS_SurfaceBlend_Material/LayerFunctions/Top/MF_TopLayerTextures.uasset" 898
"../../../Engine/Plugins/Bridge/Content/MSPresets/M_MS_SurfaceBlend_Material/LayerFunctions/Top/MF_TopLayerTextures.uexp" 899
"../../../Engine/Content/Engine_MI_Shaders/T_Base_Tile_Normal.ubulk" 900
"../../../Engine/Content/Engine_MI_Shaders/T_Base_Tile_Normal.uasset" 901
"../../../Engine/Content/Engine_MI_Shaders/T_Base_Tile_Normal.uexp" 902
"../../../Engine/Content/Functions/Engine_MaterialFunctions03/ComplexMotion/Motion_4WayChaos_Normal.uasset" 903
"../../../Engine/Content/Functions/Engine_MaterialFunctions03/ComplexMotion/Motion_4WayChaos_Normal.uexp" 904
"../../../Engine/Plugins/Bridge/Content/MSPresets/M_MS_SurfaceBlend_Material/LayerFunctions/Puddle/MF_PuddleLayer.uasset" 905
"../../../Engine/Plugins/Bridge/Content/MSPresets/M_MS_SurfaceBlend_Material/LayerFunctions/Puddle/MF_PuddleLayer.uexp" 906
"../../../Engine/Plugins/Bridge/Content/MSPresets/M_MS_SurfaceBlend_Material/LayerFunctions/Base/MF_BaseLayerAdjustments.uasset" 907
"../../../Engine/Plugins/Bridge/Content/MSPresets/M_MS_SurfaceBlend_Material/LayerFunctions/Base/MF_BaseLayerAdjustments.uexp" 908
"../../../Engine/Plugins/Bridge/Content/MSPresets/M_MS_SurfaceBlend_Material/LayerFunctions/Middle/MF_MiddleLayerTextures.uasset" 909
"../../../Engine/Plugins/Bridge/Content/MSPresets/M_MS_SurfaceBlend_Material/LayerFunctions/Middle/MF_MiddleLayerTextures.uexp" 910
"../../../Engine/Plugins/Bridge/Content/MSPresets/M_MS_SurfaceBlend_Material/LayerFunctions/MF_MaterialBlend.uasset" 911
"../../../Engine/Plugins/Bridge/Content/MSPresets/M_MS_SurfaceBlend_Material/LayerFunctions/MF_MaterialBlend.uexp" 912
"../../../Engine/Plugins/Bridge/Content/MSPresets/MSTextures/BlackPlaceholder.uasset" 913
"../../../Engine/Plugins/Bridge/Content/MSPresets/MSTextures/BlackPlaceholder.uexp" 914
"../../../Engine/Plugins/Bridge/Content/MSPresets/M_MS_SurfaceBlend_Material/LayerFunctions/MF_ScatterLayer.uasset" 915
"../../../Engine/Plugins/Bridge/Content/MSPresets/M_MS_SurfaceBlend_Material/LayerFunctions/MF_ScatterLayer.uexp" 916
"../../../Engine/Plugins/Bridge/Content/MSPresets/M_MS_SurfaceBlend_Material/LayerFunctions/Base/MF_BaseLayerTextures.uasset" 917
"../../../Engine/Plugins/Bridge/Content/MSPresets/M_MS_SurfaceBlend_Material/LayerFunctions/Base/MF_BaseLayerTextures.uexp" 918
"../../../Engine/Plugins/Bridge/Content/MSPresets/M_MS_SurfaceBlend_Material/LayerFunctions/MF_BlendScatter.uasset" 919
"../../../Engine/Plugins/Bridge/Content/MSPresets/M_MS_SurfaceBlend_Material/LayerFunctions/MF_BlendScatter.uexp" 920
"../../../Engine/Plugins/Bridge/Content/MSPresets/M_MS_SurfaceBlend_Material/LayerFunctions/Top/MF_TopLayerAdjustments.uasset" 921
"../../../Engine/Plugins/Bridge/Content/MSPresets/M_MS_SurfaceBlend_Material/LayerFunctions/Top/MF_TopLayerAdjustments.uexp" 922
"D:/GitHub/CutyKiller/GAME FOLDER/Content/MSPresets/M_MS_SurfaceBlend_Material/M_MS_SurfaceBlend_Material.uasset" 923
"D:/GitHub/CutyKiller/GAME FOLDER/Content/MSPresets/M_MS_SurfaceBlend_Material/M_MS_SurfaceBlend_Material.uexp" 924
"D:/GitHub/CutyKiller/GAME FOLDER/Content/MSPresets/M_MS_SurfaceBlend_Material/LayerFunctions/MF_ScatterLayer.uasset" 925
"D:/GitHub/CutyKiller/GAME FOLDER/Content/MSPresets/M_MS_SurfaceBlend_Material/LayerFunctions/MF_ScatterLayer.uexp" 926
"D:/GitHub/CutyKiller/GAME FOLDER/Content/MSPresets/M_MS_SurfaceBlend_Material/LayerFunctions/MF_NormalCorrection.uasset" 927
"D:/GitHub/CutyKiller/GAME FOLDER/Content/MSPresets/M_MS_SurfaceBlend_Material/LayerFunctions/MF_NormalCorrection.uexp" 928
"D:/GitHub/CutyKiller/GAME FOLDER/Content/MSPresets/M_MS_SurfaceBlend_Material/LayerFunctions/MF_MaterialBlend.uasset" 929
"D:/GitHub/CutyKiller/GAME FOLDER/Content/MSPresets/M_MS_SurfaceBlend_Material/LayerFunctions/MF_MaterialBlend.uexp" 930
"../../../Engine/Plugins/Bridge/Content/MSPresets/M_MS_SurfaceBlend_Material/LayerFunctions/MF_Displacement.uasset" 931
"../../../Engine/Plugins/Bridge/Content/MSPresets/M_MS_SurfaceBlend_Material/LayerFunctions/MF_Displacement.uexp" 932
"D:/GitHub/CutyKiller/GAME FOLDER/Content/MSPresets/M_MS_SurfaceBlend_Material/LayerFunctions/MF_DisplacementBlend.uasset" 933
"D:/GitHub/CutyKiller/GAME FOLDER/Content/MSPresets/M_MS_SurfaceBlend_Material/LayerFunctions/MF_DisplacementBlend.uexp" 934
"D:/GitHub/CutyKiller/GAME FOLDER/Content/MSPresets/M_MS_SurfaceBlend_Material/LayerFunctions/MF_Displacement.uasset" 935
"D:/GitHub/CutyKiller/GAME FOLDER/Content/MSPresets/M_MS_SurfaceBlend_Material/LayerFunctions/MF_Displacement.uexp" 936
"D:/GitHub/CutyKiller/GAME FOLDER/Content/MSPresets/M_MS_SurfaceBlend_Material/LayerFunctions/MF_BlendScatter.uasset" 937
"D:/GitHub/CutyKiller/GAME FOLDER/Content/MSPresets/M_MS_SurfaceBlend_Material/LayerFunctions/MF_BlendScatter.uexp" 938
"D:/GitHub/CutyKiller/GAME FOLDER/Content/MSPresets/M_MS_SurfaceBlend_Material/LayerFunctions/Top/MF_TopLayerTextures.uasset" 939
"D:/GitHub/CutyKiller/GAME FOLDER/Content/MSPresets/M_MS_SurfaceBlend_Material/LayerFunctions/Top/MF_TopLayerTextures.uexp" 940
"D:/GitHub/CutyKiller/GAME FOLDER/Content/MSPresets/M_MS_SurfaceBlend_Material/LayerFunctions/Top/MF_TopLayerTessellation.uasset" 941
"D:/GitHub/CutyKiller/GAME FOLDER/Content/MSPresets/M_MS_SurfaceBlend_Material/LayerFunctions/Top/MF_TopLayerTessellation.uexp" 942
"D:/GitHub/CutyKiller/GAME FOLDER/Content/MSPresets/M_MS_SurfaceBlend_Material/LayerFunctions/Top/MF_TopLayerAdjustments.uasset" 943
"D:/GitHub/CutyKiller/GAME FOLDER/Content/MSPresets/M_MS_SurfaceBlend_Material/LayerFunctions/Top/MF_TopLayerAdjustments.uexp" 944
"D:/GitHub/CutyKiller/GAME FOLDER/Content/MSPresets/M_MS_SurfaceBlend_Material/LayerFunctions/Puddle/MF_PuddleLayer.uasset" 945
"D:/GitHub/CutyKiller/GAME FOLDER/Content/MSPresets/M_MS_SurfaceBlend_Material/LayerFunctions/Puddle/MF_PuddleLayer.uexp" 946
"D:/GitHub/CutyKiller/GAME FOLDER/Content/MSPresets/M_MS_SurfaceBlend_Material/LayerFunctions/Middle/MF_MiddleLayerTextures.uasset" 947
"D:/GitHub/CutyKiller/GAME FOLDER/Content/MSPresets/M_MS_SurfaceBlend_Material/LayerFunctions/Middle/MF_MiddleLayerTextures.uexp" 948
"D:/GitHub/CutyKiller/GAME FOLDER/Content/MSPresets/M_MS_SurfaceBlend_Material/LayerFunctions/Middle/MF_MiddleLayerTessellation.uasset" 949
"D:/GitHub/CutyKiller/GAME FOLDER/Content/MSPresets/M_MS_SurfaceBlend_Material/LayerFunctions/Middle/MF_MiddleLayerTessellation.uexp" 950
"D:/GitHub/CutyKiller/GAME FOLDER/Content/MSPresets/M_MS_SurfaceBlend_Material/LayerFunctions/Middle/MF_MiddleLayerAdjustments.uasset" 951
"D:/GitHub/CutyKiller/GAME FOLDER/Content/MSPresets/M_MS_SurfaceBlend_Material/LayerFunctions/Middle/MF_MiddleLayerAdjustments.uexp" 952
"D:/GitHub/CutyKiller/GAME FOLDER/Content/MSPresets/M_MS_SurfaceBlend_Material/LayerFunctions/Base/MF_BaseLayerTextures.uasset" 953
"D:/GitHub/CutyKiller/GAME FOLDER/Content/MSPresets/M_MS_SurfaceBlend_Material/LayerFunctions/Base/MF_BaseLayerTextures.uexp" 954
"D:/GitHub/CutyKiller/GAME FOLDER/Content/MSPresets/M_MS_SurfaceBlend_Material/LayerFunctions/Base/MF_BaseLayerTessellation.uasset" 955
"D:/GitHub/CutyKiller/GAME FOLDER/Content/MSPresets/M_MS_SurfaceBlend_Material/LayerFunctions/Base/MF_BaseLayerTessellation.uexp" 956
"D:/GitHub/CutyKiller/GAME FOLDER/Content/MSPresets/M_MS_SurfaceBlend_Material/LayerFunctions/Base/MF_BaseLayerAdjustments.uasset" 957
"D:/GitHub/CutyKiller/GAME FOLDER/Content/MSPresets/M_MS_SurfaceBlend_Material/LayerFunctions/Base/MF_BaseLayerAdjustments.uexp" 958
"D:/GitHub/CutyKiller/GAME FOLDER/Content/MSPresets/M_MS_Imperfection_Material_VT/M_MS_Imperfection_Material_VT.uasset" 959
"D:/GitHub/CutyKiller/GAME FOLDER/Content/MSPresets/M_MS_Imperfection_Material_VT/M_MS_Imperfection_Material_VT.uexp" 960
"../../../Engine/Content/Functions/Engine_MaterialFunctions01/SpeedTree/SpeedTreeColorVariation.uasset" 961
"../../../Engine/Content/Functions/Engine_MaterialFunctions01/SpeedTree/SpeedTreeColorVariation.uexp" 962
"D:/GitHub/CutyKiller/GAME FOLDER/Content/MSPresets/M_MS_Imperfection_Material_VT/M_MS_Imperfection_Material_Var_VT.uasset" 963
"D:/GitHub/CutyKiller/GAME FOLDER/Content/MSPresets/M_MS_Imperfection_Material_VT/M_MS_Imperfection_Material_Var_VT.uexp" 964
"D:/GitHub/CutyKiller/GAME FOLDER/Content/MSPresets/M_MS_Imperfection_Material_Var/M_MS_Imperfection_Material_Var.uasset" 965
"D:/GitHub/CutyKiller/GAME FOLDER/Content/MSPresets/M_MS_Imperfection_Material_Var/M_MS_Imperfection_Material_Var.uexp" 966
"D:/GitHub/CutyKiller/GAME FOLDER/Content/MSPresets/M_MS_Imperfection_Material/M_MS_Imperfection_Material_Var.uasset" 967
"D:/GitHub/CutyKiller/GAME FOLDER/Content/MSPresets/M_MS_Imperfection_Material/M_MS_Imperfection_Material_Var.uexp" 968
"D:/GitHub/CutyKiller/GAME FOLDER/Content/MSPresets/M_MS_Imperfection_Material/M_MS_Imperfection_Material.uasset" 969
"D:/GitHub/CutyKiller/GAME FOLDER/Content/MSPresets/M_MS_Imperfection_Material/M_MS_Imperfection_Material.uexp" 970
"../../../Engine/Content/Functions/Engine_MaterialFunctions02/SafeNormalize.uasset" 971
"../../../Engine/Content/Functions/Engine_MaterialFunctions02/SafeNormalize.uexp" 972
"../../../Engine/Content/Functions/Engine_MaterialFunctions02/Math/CreateThirdOrthogonalVector.uasset" 973
"../../../Engine/Content/Functions/Engine_MaterialFunctions02/Math/CreateThirdOrthogonalVector.uexp" 974
"../../../Engine/Content/Functions/Engine_MaterialFunctions02/Math/InverseTransformMatrix.uasset" 975
"../../../Engine/Content/Functions/Engine_MaterialFunctions02/Math/InverseTransformMatrix.uexp" 976
"../../../Engine/Content/Functions/Engine_MaterialFunctions02/Math/TransformToZVector.uasset" 977
"../../../Engine/Content/Functions/Engine_MaterialFunctions02/Math/TransformToZVector.uexp" 978
"../../../Engine/Content/EngineVolumetrics/Fogsheet/Materials/T_EV_BlankWhite_01.uasset" 979
"../../../Engine/Content/EngineVolumetrics/Fogsheet/Materials/T_EV_BlankWhite_01.uexp" 980
"../../../Engine/Content/Functions/Engine_MaterialFunctions01/Texturing/ParallaxOcclusionMapping.uasset" 981
"../../../Engine/Content/Functions/Engine_MaterialFunctions01/Texturing/ParallaxOcclusionMapping.uexp" 982
"D:/GitHub/CutyKiller/GAME FOLDER/Content/MSPresets/M_MS_ImperfectionDecal_Material_VT/M_MS_ImperfectionDecal_Material_VT.uasset" 983
"D:/GitHub/CutyKiller/GAME FOLDER/Content/MSPresets/M_MS_ImperfectionDecal_Material_VT/M_MS_ImperfectionDecal_Material_VT.uexp" 984
"../../../Engine/Content/EngineMaterials/DefaultWhiteGrid.ubulk" 985
"../../../Engine/Content/EngineMaterials/DefaultWhiteGrid.uasset" 986
"../../../Engine/Content/EngineMaterials/DefaultWhiteGrid.uexp" 987
"D:/GitHub/CutyKiller/GAME FOLDER/Content/MSPresets/M_MS_ImperfectionDecal_Material/M_MS_ImperfectionDecal_Material.uasset" 988
"D:/GitHub/CutyKiller/GAME FOLDER/Content/MSPresets/M_MS_ImperfectionDecal_Material/M_MS_ImperfectionDecal_Material.uexp" 989
"../../../Engine/Plugins/Bridge/Content/MSPresets/M_MS_Glass_Material/Functions/MF_Refraction.uasset" 990
"../../../Engine/Plugins/Bridge/Content/MSPresets/M_MS_Glass_Material/Functions/MF_Refraction.uexp" 991
"../../../Engine/Plugins/Bridge/Content/MSPresets/M_MS_Glass_Material/Functions/MF_TranslucencyEmission.uasset" 992
"../../../Engine/Plugins/Bridge/Content/MSPresets/M_MS_Glass_Material/Functions/MF_TranslucencyEmission.uexp" 993
"../../../Engine/Plugins/Bridge/Content/MSPresets/MSTextures/Black.ubulk" 994
"../../../Engine/Plugins/Bridge/Content/MSPresets/MSTextures/Black.uasset" 995
"../../../Engine/Plugins/Bridge/Content/MSPresets/MSTextures/Black.uexp" 996
"../../../Engine/Plugins/Bridge/Content/MSPresets/M_MS_Glass_Material/Functions/MF_WindowImperfection.uasset" 997
"../../../Engine/Plugins/Bridge/Content/MSPresets/M_MS_Glass_Material/Functions/MF_WindowImperfection.uexp" 998
"../../../Engine/Plugins/Bridge/Content/MSPresets/MSTextures/FlatNormal.uasset" 999
"../../../Engine/Plugins/Bridge/Content/MSPresets/MSTextures/FlatNormal.uexp" 1000
"../../../Engine/Plugins/Bridge/Content/MSPresets/M_MS_Glass_Material/Functions/MF_TranslucencyMetallic.uasset" 1001
"../../../Engine/Plugins/Bridge/Content/MSPresets/M_MS_Glass_Material/Functions/MF_TranslucencyMetallic.uexp" 1002
"../../../Engine/Plugins/Bridge/Content/MSPresets/MSTextures/White.ubulk" 1003
"../../../Engine/Plugins/Bridge/Content/MSPresets/MSTextures/White.uasset" 1004
"../../../Engine/Plugins/Bridge/Content/MSPresets/MSTextures/White.uexp" 1005
"../../../Engine/Plugins/Bridge/Content/MSPresets/M_MS_Glass_Material/Functions/MF_WindowNormalStrength.uasset" 1006
"../../../Engine/Plugins/Bridge/Content/MSPresets/M_MS_Glass_Material/Functions/MF_WindowNormalStrength.uexp" 1007
"../../../Engine/Plugins/Bridge/Content/MSPresets/M_MS_Glass_Material/Functions/MF_FrameBlend.uasset" 1008
"../../../Engine/Plugins/Bridge/Content/MSPresets/M_MS_Glass_Material/Functions/MF_FrameBlend.uexp" 1009
"D:/GitHub/CutyKiller/GAME FOLDER/Content/MSPresets/M_MS_Glass_Material/M_MS_Glass_Material.uasset" 1010
"D:/GitHub/CutyKiller/GAME FOLDER/Content/MSPresets/M_MS_Glass_Material/M_MS_Glass_Material.uexp" 1011
"../../../Engine/Plugins/Bridge/Content/MSPresets/M_MS_Glass_Material/M_MS_Glass_Material.uasset" 1012
"../../../Engine/Plugins/Bridge/Content/MSPresets/M_MS_Glass_Material/M_MS_Glass_Material.uexp" 1013
"D:/GitHub/CutyKiller/GAME FOLDER/Content/MSPresets/M_MS_Glass_Material/MI_MS_Glass_Material_Inst.uasset" 1014
"D:/GitHub/CutyKiller/GAME FOLDER/Content/MSPresets/M_MS_Glass_Material/MI_MS_Glass_Material_Inst.uexp" 1015
"D:/GitHub/CutyKiller/GAME FOLDER/Content/MSPresets/M_MS_Glass_Material/Textures/White.ubulk" 1016
"D:/GitHub/CutyKiller/GAME FOLDER/Content/MSPresets/M_MS_Glass_Material/Textures/White.uasset" 1017
"D:/GitHub/CutyKiller/GAME FOLDER/Content/MSPresets/M_MS_Glass_Material/Textures/White.uexp" 1018
"D:/GitHub/CutyKiller/GAME FOLDER/Content/MSPresets/M_MS_Glass_Material/Textures/FlatNormal.uasset" 1019
"D:/GitHub/CutyKiller/GAME FOLDER/Content/MSPresets/M_MS_Glass_Material/Textures/FlatNormal.uexp" 1020
"D:/GitHub/CutyKiller/GAME FOLDER/Content/MSPresets/M_MS_Glass_Material/Textures/Black.ubulk" 1021
"D:/GitHub/CutyKiller/GAME FOLDER/Content/MSPresets/M_MS_Glass_Material/Textures/Black.uasset" 1022
"D:/GitHub/CutyKiller/GAME FOLDER/Content/MSPresets/M_MS_Glass_Material/Textures/Black.uexp" 1023
"D:/GitHub/CutyKiller/GAME FOLDER/Content/MSPresets/M_MS_Glass_Material/Functions/MF_WindowNormalStrength.uasset" 1024
"D:/GitHub/CutyKiller/GAME FOLDER/Content/MSPresets/M_MS_Glass_Material/Functions/MF_WindowNormalStrength.uexp" 1025
"D:/GitHub/CutyKiller/GAME FOLDER/Content/MSPresets/M_MS_Glass_Material/Functions/MF_WindowImperfection.uasset" 1026
"D:/GitHub/CutyKiller/GAME FOLDER/Content/MSPresets/M_MS_Glass_Material/Functions/MF_WindowImperfection.uexp" 1027
"D:/GitHub/CutyKiller/GAME FOLDER/Content/MSPresets/M_MS_Glass_Material/Functions/MF_TranslucencyMetallic.uasset" 1028
"D:/GitHub/CutyKiller/GAME FOLDER/Content/MSPresets/M_MS_Glass_Material/Functions/MF_TranslucencyMetallic.uexp" 1029
"D:/GitHub/CutyKiller/GAME FOLDER/Content/MSPresets/M_MS_Glass_Material/Functions/MF_TranslucencyEmission.uasset" 1030
"D:/GitHub/CutyKiller/GAME FOLDER/Content/MSPresets/M_MS_Glass_Material/Functions/MF_TranslucencyEmission.uexp" 1031
"D:/GitHub/CutyKiller/GAME FOLDER/Content/MSPresets/M_MS_Glass_Material/Functions/MF_Refraction.uasset" 1032
"D:/GitHub/CutyKiller/GAME FOLDER/Content/MSPresets/M_MS_Glass_Material/Functions/MF_Refraction.uexp" 1033
"../../../Engine/Plugins/Bridge/Content/MSPresets/M_MS_Glass_Material/Textures/Black.ubulk" 1034
"../../../Engine/Plugins/Bridge/Content/MSPresets/M_MS_Glass_Material/Textures/Black.uasset" 1035
"../../../Engine/Plugins/Bridge/Content/MSPresets/M_MS_Glass_Material/Textures/Black.uexp" 1036
"D:/GitHub/CutyKiller/GAME FOLDER/Content/MSPresets/M_MS_Glass_Material/Functions/MF_Imperfection.uasset" 1037
"D:/GitHub/CutyKiller/GAME FOLDER/Content/MSPresets/M_MS_Glass_Material/Functions/MF_Imperfection.uexp" 1038
"../../../Engine/Plugins/Bridge/Content/MSPresets/M_MS_Glass_Material/Textures/White.ubulk" 1039
"../../../Engine/Plugins/Bridge/Content/MSPresets/M_MS_Glass_Material/Textures/White.uasset" 1040
"../../../Engine/Plugins/Bridge/Content/MSPresets/M_MS_Glass_Material/Textures/White.uexp" 1041
"D:/GitHub/CutyKiller/GAME FOLDER/Content/MSPresets/M_MS_Glass_Material/Functions/MF_FrameTextures.uasset" 1042
"D:/GitHub/CutyKiller/GAME FOLDER/Content/MSPresets/M_MS_Glass_Material/Functions/MF_FrameTextures.uexp" 1043
"D:/GitHub/CutyKiller/GAME FOLDER/Content/MSPresets/M_MS_Glass_Material/Functions/MF_FrameBlend.uasset" 1044
"D:/GitHub/CutyKiller/GAME FOLDER/Content/MSPresets/M_MS_Glass_Material/Functions/MF_FrameBlend.uexp" 1045
"../../../Engine/Plugins/Bridge/Content/MSPresets/MSTextures/Placeholder_Normal.uasset" 1046
"../../../Engine/Plugins/Bridge/Content/MSPresets/MSTextures/Placeholder_Normal.uexp" 1047
"../../../Engine/Content/EngineMaterials/BlendFunc_DefBlend.uasset" 1048
"../../../Engine/Content/EngineMaterials/BlendFunc_DefBlend.uexp" 1049
"../../../Engine/Content/EngineMaterials/BlendFunc_DefBase.uasset" 1050
"../../../Engine/Content/EngineMaterials/BlendFunc_DefBase.uexp" 1051
"../../../Engine/Content/Functions/Engine_MaterialFunctions03/Blends/Blend_Overlay.uasset" 1052
"../../../Engine/Content/Functions/Engine_MaterialFunctions03/Blends/Blend_Overlay.uexp" 1053
"../../../Engine/Content/Functions/Engine_MaterialFunctions01/Texturing/FlattenNormal.uasset" 1054
"../../../Engine/Content/Functions/Engine_MaterialFunctions01/Texturing/FlattenNormal.uexp" 1055
"../../../Engine/Content/Functions/Engine_MaterialFunctions01/WorldPositionOffset/SimpleGrassWind.uasset" 1056
"../../../Engine/Content/Functions/Engine_MaterialFunctions01/WorldPositionOffset/SimpleGrassWind.uexp" 1057
"../../../Engine/Plugins/Bridge/Content/MSPresets/M_MS_Foliage_Material/Functions/MF_Translucency.uasset" 1058
"../../../Engine/Plugins/Bridge/Content/MSPresets/M_MS_Foliage_Material/Functions/MF_Translucency.uexp" 1059
"D:/GitHub/CutyKiller/GAME FOLDER/Content/MSPresets/M_MS_Foliage_Material/M_MS_Foliage_Material.uasset" 1060
"D:/GitHub/CutyKiller/GAME FOLDER/Content/MSPresets/M_MS_Foliage_Material/M_MS_Foliage_Material.uexp" 1061
"D:/GitHub/CutyKiller/GAME FOLDER/Content/MSPresets/M_MS_Foliage_Material/MF_Translucency.uasset" 1062
"D:/GitHub/CutyKiller/GAME FOLDER/Content/MSPresets/M_MS_Foliage_Material/MF_Translucency.uexp" 1063
"D:/GitHub/CutyKiller/GAME FOLDER/Content/MSPresets/M_MS_Foliage_Material/Functions/MF_Translucency.uasset" 1064
"D:/GitHub/CutyKiller/GAME FOLDER/Content/MSPresets/M_MS_Foliage_Material/Functions/MF_Translucency.uexp" 1065
"../../../Engine/Plugins/Bridge/Content/MSPresets/M_MS_Default_Transmission_Material/Functions/MF_SSSObjAdjustments.uasset" 1066
"../../../Engine/Plugins/Bridge/Content/MSPresets/M_MS_Default_Transmission_Material/Functions/MF_SSSObjAdjustments.uexp" 1067
"D:/GitHub/CutyKiller/GAME FOLDER/Content/MSPresets/M_MS_Default_Transmission_Material_VT/M_MS_Default_Transmission_Material_VT.uasset" 1068
"D:/GitHub/CutyKiller/GAME FOLDER/Content/MSPresets/M_MS_Default_Transmission_Material_VT/M_MS_Default_Transmission_Material_VT.uexp" 1069
"D:/GitHub/CutyKiller/GAME FOLDER/Content/MSPresets/M_MS_Default_Transmission_Material_VT/Functions/MF_SSSObjAdjustments.uasset" 1070
"D:/GitHub/CutyKiller/GAME FOLDER/Content/MSPresets/M_MS_Default_Transmission_Material_VT/Functions/MF_SSSObjAdjustments.uexp" 1071
"D:/GitHub/CutyKiller/GAME FOLDER/Content/MSPresets/M_MS_Default_Transmission_Material/M_MS_Default_Transmission_Material.uasset" 1072
"D:/GitHub/CutyKiller/GAME FOLDER/Content/MSPresets/M_MS_Default_Transmission_Material/M_MS_Default_Transmission_Material.uexp" 1073
"D:/GitHub/CutyKiller/GAME FOLDER/Content/MSPresets/M_MS_Default_Transmission_Material/Functions/MF_SSSObjAdjustments.uasset" 1074
"D:/GitHub/CutyKiller/GAME FOLDER/Content/MSPresets/M_MS_Default_Transmission_Material/Functions/MF_SSSObjAdjustments.uexp" 1075
"../../../Engine/Plugins/Bridge/Content/MSPresets/M_MS_Default_Material/Functions/MF_ObjAdjustments.uasset" 1076
"../../../Engine/Plugins/Bridge/Content/MSPresets/M_MS_Default_Material/Functions/MF_ObjAdjustments.uexp" 1077
"D:/GitHub/CutyKiller/GAME FOLDER/Content/MSPresets/M_MS_Default_Material_VT/M_MS_Default_Material_VT.uasset" 1078
"D:/GitHub/CutyKiller/GAME FOLDER/Content/MSPresets/M_MS_Default_Material_VT/M_MS_Default_Material_VT.uexp" 1079
"D:/GitHub/CutyKiller/GAME FOLDER/Content/MSPresets/M_MS_Default_Material_VT/Functions/MF_Transmission.uasset" 1080
"D:/GitHub/CutyKiller/GAME FOLDER/Content/MSPresets/M_MS_Default_Material_VT/Functions/MF_Transmission.uexp" 1081
"D:/GitHub/CutyKiller/GAME FOLDER/Content/MSPresets/M_MS_Default_Material_VT/Functions/MF_Tiling.uasset" 1082
"D:/GitHub/CutyKiller/GAME FOLDER/Content/MSPresets/M_MS_Default_Material_VT/Functions/MF_Tiling.uexp" 1083
"D:/GitHub/CutyKiller/GAME FOLDER/Content/MSPresets/M_MS_Default_Material_VT/Functions/MF_ObjAdjustments.uasset" 1084
"D:/GitHub/CutyKiller/GAME FOLDER/Content/MSPresets/M_MS_Default_Material_VT/Functions/MF_ObjAdjustments.uexp" 1085
"D:/GitHub/CutyKiller/GAME FOLDER/Content/MSPresets/M_MS_Default_Material_VT/Functions/MF_MapAdjustments.uasset" 1086
"D:/GitHub/CutyKiller/GAME FOLDER/Content/MSPresets/M_MS_Default_Material_VT/Functions/MF_MapAdjustments.uexp" 1087
"D:/GitHub/CutyKiller/GAME FOLDER/Content/MSPresets/M_MS_Default_Material_VT/Functions/MF_Fuzz.uasset" 1088
"D:/GitHub/CutyKiller/GAME FOLDER/Content/MSPresets/M_MS_Default_Material_VT/Functions/MF_Fuzz.uexp" 1089
"D:/GitHub/CutyKiller/GAME FOLDER/Content/MSPresets/M_MS_Default_Material_VT/Functions/MF_Displacement.uasset" 1090
"D:/GitHub/CutyKiller/GAME FOLDER/Content/MSPresets/M_MS_Default_Material_VT/Functions/MF_Displacement.uexp" 1091
"D:/GitHub/CutyKiller/GAME FOLDER/Content/MSPresets/M_MS_Default_Material_VT/Functions/MF_DetailNormalTiling.uasset" 1092
"D:/GitHub/CutyKiller/GAME FOLDER/Content/MSPresets/M_MS_Default_Material_VT/Functions/MF_DetailNormalTiling.uexp" 1093
"D:/GitHub/CutyKiller/GAME FOLDER/Content/MSPresets/M_MS_Default_Material/M_MS_Default_Material.uasset" 1094
"D:/GitHub/CutyKiller/GAME FOLDER/Content/MSPresets/M_MS_Default_Material/M_MS_Default_Material.uexp" 1095
"D:/GitHub/CutyKiller/GAME FOLDER/Content/MSPresets/M_MS_Default_Material/Functions/MF_Transmission.uasset" 1096
"D:/GitHub/CutyKiller/GAME FOLDER/Content/MSPresets/M_MS_Default_Material/Functions/MF_Transmission.uexp" 1097
"D:/GitHub/CutyKiller/GAME FOLDER/Content/MSPresets/M_MS_Default_Material/Functions/MF_Tiling.uasset" 1098
"D:/GitHub/CutyKiller/GAME FOLDER/Content/MSPresets/M_MS_Default_Material/Functions/MF_Tiling.uexp" 1099
"D:/GitHub/CutyKiller/GAME FOLDER/Content/MSPresets/M_MS_Default_Material/Functions/MF_ObjAdjustments.uasset" 1100
"D:/GitHub/CutyKiller/GAME FOLDER/Content/MSPresets/M_MS_Default_Material/Functions/MF_ObjAdjustments.uexp" 1101
"D:/GitHub/CutyKiller/GAME FOLDER/Content/MSPresets/M_MS_Default_Material/Functions/MF_MapAdjustments.uasset" 1102
"D:/GitHub/CutyKiller/GAME FOLDER/Content/MSPresets/M_MS_Default_Material/Functions/MF_MapAdjustments.uexp" 1103
"D:/GitHub/CutyKiller/GAME FOLDER/Content/MSPresets/M_MS_Default_Material/Functions/MF_Fuzz.uasset" 1104
"D:/GitHub/CutyKiller/GAME FOLDER/Content/MSPresets/M_MS_Default_Material/Functions/MF_Fuzz.uexp" 1105
"D:/GitHub/CutyKiller/GAME FOLDER/Content/MSPresets/M_MS_Default_Material/Functions/MF_Displacement.uasset" 1106
"D:/GitHub/CutyKiller/GAME FOLDER/Content/MSPresets/M_MS_Default_Material/Functions/MF_Displacement.uexp" 1107
"D:/GitHub/CutyKiller/GAME FOLDER/Content/MSPresets/M_MS_Default_Material/Functions/MF_DetailNormalTiling.uasset" 1108
"D:/GitHub/CutyKiller/GAME FOLDER/Content/MSPresets/M_MS_Default_Material/Functions/MF_DetailNormalTiling.uexp" 1109
"../../../Engine/Plugins/Bridge/Content/MSPresets/M_MS_Default_Fuzz_Material/Functions/MF_Tiling.uasset" 1110
"../../../Engine/Plugins/Bridge/Content/MSPresets/M_MS_Default_Fuzz_Material/Functions/MF_Tiling.uexp" 1111
"../../../Engine/Plugins/Bridge/Content/MSPresets/M_MS_Default_Fuzz_Material/Functions/MF_Fuzz.uasset" 1112
"../../../Engine/Plugins/Bridge/Content/MSPresets/M_MS_Default_Fuzz_Material/Functions/MF_Fuzz.uexp" 1113
"D:/GitHub/CutyKiller/GAME FOLDER/Content/MSPresets/M_MS_Default_Fuzz_Material_VT/M_MS_Default_Fuzz_Material_VT.uasset" 1114
"D:/GitHub/CutyKiller/GAME FOLDER/Content/MSPresets/M_MS_Default_Fuzz_Material_VT/M_MS_Default_Fuzz_Material_VT.uexp" 1115
"D:/GitHub/CutyKiller/GAME FOLDER/Content/MSPresets/M_MS_Default_Fuzz_Material_VT/Functions/MF_Tiling.uasset" 1116
"D:/GitHub/CutyKiller/GAME FOLDER/Content/MSPresets/M_MS_Default_Fuzz_Material_VT/Functions/MF_Tiling.uexp" 1117
"D:/GitHub/CutyKiller/GAME FOLDER/Content/MSPresets/M_MS_Default_Fuzz_Material_VT/Functions/MF_Fuzz.uasset" 1118
"D:/GitHub/CutyKiller/GAME FOLDER/Content/MSPresets/M_MS_Default_Fuzz_Material_VT/Functions/MF_Fuzz.uexp" 1119
"D:/GitHub/CutyKiller/GAME FOLDER/Content/MSPresets/M_MS_Default_Fuzz_Material/M_MS_Default_Fuzz_Material.uasset" 1120
"D:/GitHub/CutyKiller/GAME FOLDER/Content/MSPresets/M_MS_Default_Fuzz_Material/M_MS_Default_Fuzz_Material.uexp" 1121
"D:/GitHub/CutyKiller/GAME FOLDER/Content/MSPresets/M_MS_Default_Fuzz_Material/Functions/MF_Tiling.uasset" 1122
"D:/GitHub/CutyKiller/GAME FOLDER/Content/MSPresets/M_MS_Default_Fuzz_Material/Functions/MF_Tiling.uexp" 1123
"D:/GitHub/CutyKiller/GAME FOLDER/Content/MSPresets/M_MS_Default_Fuzz_Material/Functions/MF_Fuzz.uasset" 1124
"D:/GitHub/CutyKiller/GAME FOLDER/Content/MSPresets/M_MS_Default_Fuzz_Material/Functions/MF_Fuzz.uexp" 1125
"../../../Engine/Plugins/Bridge/Content/MSPresets/M_MS_Decal_Material/MF_QuixelDecalPOM.uasset" 1126
"../../../Engine/Plugins/Bridge/Content/MSPresets/M_MS_Decal_Material/MF_QuixelDecalPOM.uexp" 1127
"D:/GitHub/CutyKiller/GAME FOLDER/Content/MSPresets/M_MS_Decal_Material_VT/M_MS_Decal_Material_VT.uasset" 1128
"D:/GitHub/CutyKiller/GAME FOLDER/Content/MSPresets/M_MS_Decal_Material_VT/M_MS_Decal_Material_VT.uexp" 1129
"D:/GitHub/CutyKiller/GAME FOLDER/Content/MSPresets/M_MS_Decal_Material_VT/MF_QuixelDecalPOM.uasset" 1130
"D:/GitHub/CutyKiller/GAME FOLDER/Content/MSPresets/M_MS_Decal_Material_VT/MF_QuixelDecalPOM.uexp" 1131
"D:/GitHub/CutyKiller/GAME FOLDER/Content/MSPresets/M_MS_Decal_Material/M_MS_Decal_Material.uasset" 1132
"D:/GitHub/CutyKiller/GAME FOLDER/Content/MSPresets/M_MS_Decal_Material/M_MS_Decal_Material.uexp" 1133
"D:/GitHub/CutyKiller/GAME FOLDER/Content/MSPresets/M_MS_Decal_Material/MF_QuixelDecalPOM.uasset" 1134
"D:/GitHub/CutyKiller/GAME FOLDER/Content/MSPresets/M_MS_Decal_Material/MF_QuixelDecalPOM.uexp" 1135
"../../../Engine/Content/Functions/Engine_MaterialFunctions02/Math/Transform3x3Matrix.uasset" 1136
"../../../Engine/Content/Functions/Engine_MaterialFunctions02/Math/Transform3x3Matrix.uexp" 1137
"../../../Engine/Content/Functions/Engine_MaterialFunctions02/Utility/VectorToRadialValue.uasset" 1138
"../../../Engine/Content/Functions/Engine_MaterialFunctions02/Utility/VectorToRadialValue.uexp" 1139
"../../../Engine/Content/ArtTools/RenderToTexture/MaterialFunctions/FoliageZRotation.uasset" 1140
"../../../Engine/Content/ArtTools/RenderToTexture/MaterialFunctions/FoliageZRotation.uexp" 1141
"../../../Engine/Content/Functions/Engine_MaterialFunctions02/WorldPositionOffset/ObjectPivotPoint.uasset" 1142
"../../../Engine/Content/Functions/Engine_MaterialFunctions02/WorldPositionOffset/ObjectPivotPoint.uexp" 1143
"D:/GitHub/CutyKiller/GAME FOLDER/Content/MSPresets/M_MS_Billboard_Material/M_MS_Billboard_Material.uasset" 1144
"D:/GitHub/CutyKiller/GAME FOLDER/Content/MSPresets/M_MS_Billboard_Material/M_MS_Billboard_Material.uexp" 1145
"D:/GitHub/CutyKiller/GAME FOLDER/Content/MSPresets/MSVTTextures/WhitePlaceholder.uasset" 1146
"D:/GitHub/CutyKiller/GAME FOLDER/Content/MSPresets/MSVTTextures/WhitePlaceholder.uexp" 1147
"D:/GitHub/CutyKiller/GAME FOLDER/Content/MSPresets/MSVTTextures/Placeholder_Normal.uasset" 1148
"D:/GitHub/CutyKiller/GAME FOLDER/Content/MSPresets/MSVTTextures/Placeholder_Normal.uexp" 1149
"D:/GitHub/CutyKiller/GAME FOLDER/Content/MSPresets/MSVTTextures/DefaultDiffuse.uasset" 1150
"D:/GitHub/CutyKiller/GAME FOLDER/Content/MSPresets/MSVTTextures/DefaultDiffuse.uexp" 1151
"D:/GitHub/CutyKiller/GAME FOLDER/Content/MSPresets/MSVTTextures/BlackPlaceholder.uasset" 1152
"D:/GitHub/CutyKiller/GAME FOLDER/Content/MSPresets/MSVTTextures/BlackPlaceholder.uexp" 1153
"D:/GitHub/CutyKiller/GAME FOLDER/Content/MSPresets/MSTextures/WhitePlaceholder.uasset" 1154
"D:/GitHub/CutyKiller/GAME FOLDER/Content/MSPresets/MSTextures/WhitePlaceholder.uexp" 1155
"D:/GitHub/CutyKiller/GAME FOLDER/Content/MSPresets/MSTextures/White.ubulk" 1156
"D:/GitHub/CutyKiller/GAME FOLDER/Content/MSPresets/MSTextures/White.uasset" 1157
"D:/GitHub/CutyKiller/GAME FOLDER/Content/MSPresets/MSTextures/White.uexp" 1158
"D:/GitHub/CutyKiller/GAME FOLDER/Content/MSPresets/MSTextures/Placeholder_Normal.uasset" 1159
"D:/GitHub/CutyKiller/GAME FOLDER/Content/MSPresets/MSTextures/Placeholder_Normal.uexp" 1160
"D:/GitHub/CutyKiller/GAME FOLDER/Content/MSPresets/MSTextures/Placeholder.uasset" 1161
"D:/GitHub/CutyKiller/GAME FOLDER/Content/MSPresets/MSTextures/Placeholder.uexp" 1162
"D:/GitHub/CutyKiller/GAME FOLDER/Content/MSPresets/MSTextures/FlatNormal.uasset" 1163
"D:/GitHub/CutyKiller/GAME FOLDER/Content/MSPresets/MSTextures/FlatNormal.uexp" 1164
"D:/GitHub/CutyKiller/GAME FOLDER/Content/MSPresets/MSTextures/BlackPlaceholder.uasset" 1165
"D:/GitHub/CutyKiller/GAME FOLDER/Content/MSPresets/MSTextures/BlackPlaceholder.uexp" 1166
"D:/GitHub/CutyKiller/GAME FOLDER/Content/MSPresets/MSTextures/Black.ubulk" 1167
"D:/GitHub/CutyKiller/GAME FOLDER/Content/MSPresets/MSTextures/Black.uasset" 1168
"D:/GitHub/CutyKiller/GAME FOLDER/Content/MSPresets/MSTextures/Black.uexp" 1169
"D:/GitHub/CutyKiller/GAME FOLDER/Content/DONT_USE/LPSDeluxe2TropicalEnvironment/LPSD2_Textures/T_LPSNoise.ubulk" 1170
"D:/GitHub/CutyKiller/GAME FOLDER/Content/DONT_USE/LPSDeluxe2TropicalEnvironment/LPSD2_Textures/T_LPSNoise.uasset" 1171
"D:/GitHub/CutyKiller/GAME FOLDER/Content/DONT_USE/LPSDeluxe2TropicalEnvironment/LPSD2_Textures/T_LPSNoise.uexp" 1172
"D:/GitHub/CutyKiller/GAME FOLDER/Content/DONT_USE/LPSDeluxe2TropicalEnvironment/LPSD2_Materials/Materials/Master_Color/M_Color_Master.uasset" 1173
"D:/GitHub/CutyKiller/GAME FOLDER/Content/DONT_USE/LPSDeluxe2TropicalEnvironment/LPSD2_Materials/Materials/Master_Color/M_Color_Master.uexp" 1174
"D:/GitHub/CutyKiller/GAME FOLDER/Content/DONT_USE/LPSDeluxe2TropicalEnvironment/LPSD2_Materials/Materials/Master_Color_Instances/MI_Metal_Bronze.uasset" 1175
"D:/GitHub/CutyKiller/GAME FOLDER/Content/DONT_USE/LPSDeluxe2TropicalEnvironment/LPSD2_Materials/Materials/Master_Color_Instances/MI_Metal_Bronze.uexp" 1176
"D:/GitHub/CutyKiller/GAME FOLDER/Content/DONT_USE/LPSDeluxe2TropicalEnvironment/LPSD2_Materials/Materials/Master_Color_Instances/MI_Color_Oak.uasset" 1177
"D:/GitHub/CutyKiller/GAME FOLDER/Content/DONT_USE/LPSDeluxe2TropicalEnvironment/LPSD2_Materials/Materials/Master_Color_Instances/MI_Color_Oak.uexp" 1178
"D:/GitHub/CutyKiller/GAME FOLDER/Content/DONT_USE/LPSDeluxe2TropicalEnvironment/LPSD2_Materials/Materials/Master_Color_Instances/MI_Metal_Iron.uasset" 1179
"D:/GitHub/CutyKiller/GAME FOLDER/Content/DONT_USE/LPSDeluxe2TropicalEnvironment/LPSD2_Materials/Materials/Master_Color_Instances/MI_Metal_Iron.uexp" 1180
"D:/GitHub/CutyKiller/GAME FOLDER/Content/DONT_USE/LPSDeluxe2TropicalEnvironment/LPSD2_Materials/Materials/Master_Color_Instances/MI_Color_Caramel.uasset" 1181
"D:/GitHub/CutyKiller/GAME FOLDER/Content/DONT_USE/LPSDeluxe2TropicalEnvironment/LPSD2_Materials/Materials/Master_Color_Instances/MI_Color_Caramel.uexp" 1182
"D:/GitHub/CutyKiller/GAME FOLDER/Content/Meshes/SM_PirateChest_1_GeometryCollection.uasset" 1183
"D:/GitHub/CutyKiller/GAME FOLDER/Content/Meshes/SM_PirateChest_1_GeometryCollection.uexp" 1184
"D:/GitHub/CutyKiller/GAME FOLDER/Content/Materials/MatTranslu.uasset" 1185
"D:/GitHub/CutyKiller/GAME FOLDER/Content/Materials/MatTranslu.uexp" 1186
"D:/GitHub/CutyKiller/GAME FOLDER/Content/Meshes/Cube_GeometryCollection.uasset" 1187
"D:/GitHub/CutyKiller/GAME FOLDER/Content/Meshes/Cube_GeometryCollection.uexp" 1188
"D:/GitHub/CutyKiller/GAME FOLDER/Content/MSPresets/M_MS_Surface_Material/M_MS_Surface_Material.uasset" 1189
"D:/GitHub/CutyKiller/GAME FOLDER/Content/MSPresets/M_MS_Surface_Material/M_MS_Surface_Material.uexp" 1190
"D:/GitHub/CutyKiller/GAME FOLDER/Content/Megascans/Surfaces/Beach_Sand_vletdha/T_Beach_Sand_vletdha_2K_D.ubulk" 1191
"D:/GitHub/CutyKiller/GAME FOLDER/Content/Megascans/Surfaces/Beach_Sand_vletdha/T_Beach_Sand_vletdha_2K_D.uasset" 1192
"D:/GitHub/CutyKiller/GAME FOLDER/Content/Megascans/Surfaces/Beach_Sand_vletdha/T_Beach_Sand_vletdha_2K_D.uexp" 1193
"D:/GitHub/CutyKiller/GAME FOLDER/Content/Megascans/Surfaces/Beach_Sand_vletdha/T_Beach_Sand_vletdha_2K_N.ubulk" 1194
"D:/GitHub/CutyKiller/GAME FOLDER/Content/Megascans/Surfaces/Beach_Sand_vletdha/T_Beach_Sand_vletdha_2K_N.uasset" 1195
"D:/GitHub/CutyKiller/GAME FOLDER/Content/Megascans/Surfaces/Beach_Sand_vletdha/T_Beach_Sand_vletdha_2K_N.uexp" 1196
"D:/GitHub/CutyKiller/GAME FOLDER/Content/Megascans/Surfaces/Beach_Sand_vletdha/T_BeachSand_vletdha_2K_ORDp.ubulk" 1197
"D:/GitHub/CutyKiller/GAME FOLDER/Content/Megascans/Surfaces/Beach_Sand_vletdha/T_BeachSand_vletdha_2K_ORDp.uasset" 1198
"D:/GitHub/CutyKiller/GAME FOLDER/Content/Megascans/Surfaces/Beach_Sand_vletdha/T_BeachSand_vletdha_2K_ORDp.uexp" 1199
"D:/GitHub/CutyKiller/GAME FOLDER/Content/Megascans/Surfaces/Beach_Sand_vletdha/MI_Beach_Sand_vletdha_2K.uasset" 1200
"D:/GitHub/CutyKiller/GAME FOLDER/Content/Megascans/Surfaces/Beach_Sand_vletdha/MI_Beach_Sand_vletdha_2K.uexp" 1201
"D:/GitHub/CutyKiller/GAME FOLDER/Content/Materials/WallHack.uasset" 1202
"D:/GitHub/CutyKiller/GAME FOLDER/Content/Materials/WallHack.uexp" 1203
"D:/GitHub/CutyKiller/GAME FOLDER/Content/Materials/WallHack_Inst.uasset" 1204
"D:/GitHub/CutyKiller/GAME FOLDER/Content/Materials/WallHack_Inst.uexp" 1205
"D:/GitHub/CutyKiller/GAME FOLDER/Content/Materials/Sand_Layer_Info_Landscape2.uasset" 1206
"D:/GitHub/CutyKiller/GAME FOLDER/Content/Materials/Sand_Layer_Info_Landscape2.uexp" 1207
"D:/GitHub/CutyKiller/GAME FOLDER/Content/Materials/Sand_LayerInfo.uasset" 1208
"D:/GitHub/CutyKiller/GAME FOLDER/Content/Materials/Sand_LayerInfo.uexp" 1209
"D:/GitHub/CutyKiller/GAME FOLDER/Content/Materials/Rock_LayerInfo.uasset" 1210
"D:/GitHub/CutyKiller/GAME FOLDER/Content/Materials/Rock_LayerInfo.uexp" 1211
"D:/GitHub/CutyKiller/GAME FOLDER/Content/StarterContent/Textures/T_Rock_Basalt_N.ubulk" 1212
"D:/GitHub/CutyKiller/GAME FOLDER/Content/StarterContent/Textures/T_Rock_Basalt_N.uasset" 1213
"D:/GitHub/CutyKiller/GAME FOLDER/Content/StarterContent/Textures/T_Rock_Basalt_N.uexp" 1214
"D:/GitHub/CutyKiller/GAME FOLDER/Content/Materials/MatLandscape2.uasset" 1215
"D:/GitHub/CutyKiller/GAME FOLDER/Content/Materials/MatLandscape2.uexp" 1216
"D:/GitHub/CutyKiller/GAME FOLDER/Content/StarterContent/Textures/T_Rock_Sandstone_N.ubulk" 1217
"D:/GitHub/CutyKiller/GAME FOLDER/Content/StarterContent/Textures/T_Rock_Sandstone_N.uasset" 1218
"D:/GitHub/CutyKiller/GAME FOLDER/Content/StarterContent/Textures/T_Rock_Sandstone_N.uexp" 1219
"D:/GitHub/CutyKiller/GAME FOLDER/Content/StarterContent/Textures/T_Rock_Sandstone_D.ubulk" 1220
"D:/GitHub/CutyKiller/GAME FOLDER/Content/StarterContent/Textures/T_Rock_Sandstone_D.uasset" 1221
"D:/GitHub/CutyKiller/GAME FOLDER/Content/StarterContent/Textures/T_Rock_Sandstone_D.uexp" 1222
"D:/GitHub/CutyKiller/GAME FOLDER/Content/Materials/MatLandscape.uasset" 1223
"D:/GitHub/CutyKiller/GAME FOLDER/Content/Materials/MatLandscape.uexp" 1224
"D:/GitHub/CutyKiller/GAME FOLDER/Content/LPSDeluxe2TropicalEnvironment/LPSD2_Meshes/Pirate/SM_PirateChest_3.ubulk" 1225
"D:/GitHub/CutyKiller/GAME FOLDER/Content/LPSDeluxe2TropicalEnvironment/LPSD2_Meshes/Pirate/SM_PirateChest_3.uasset" 1226
"D:/GitHub/CutyKiller/GAME FOLDER/Content/LPSDeluxe2TropicalEnvironment/LPSD2_Meshes/Pirate/SM_PirateChest_3.uexp" 1227
"../../../Engine/Content/Functions/Engine_MaterialFunctions01/Vectors/RotateVector.uasset" 1228
"../../../Engine/Content/Functions/Engine_MaterialFunctions01/Vectors/RotateVector.uexp" 1229
"D:/GitHub/CutyKiller/GAME FOLDER/Content/LPSDeluxe2TropicalEnvironment/LPSD2_Materials/SpecialMaterials/WindMaterials/M_Wind_Master.uasset" 1230
"D:/GitHub/CutyKiller/GAME FOLDER/Content/LPSDeluxe2TropicalEnvironment/LPSD2_Materials/SpecialMaterials/WindMaterials/M_Wind_Master.uexp" 1231
"D:/GitHub/CutyKiller/GAME FOLDER/Content/LPSDeluxe2TropicalEnvironment/LPSD2_Materials/SpecialMaterials/WindMaterials/MI_Wind_17.uasset" 1232
"D:/GitHub/CutyKiller/GAME FOLDER/Content/LPSDeluxe2TropicalEnvironment/LPSD2_Materials/SpecialMaterials/WindMaterials/MI_Wind_17.uexp" 1233
"D:/GitHub/CutyKiller/GAME FOLDER/Content/LPSDeluxe2TropicalEnvironment/LPSD2_Materials/SpecialMaterials/2SidedMaterials/M_2Side_Master.uasset" 1234
"D:/GitHub/CutyKiller/GAME FOLDER/Content/LPSDeluxe2TropicalEnvironment/LPSD2_Materials/SpecialMaterials/2SidedMaterials/M_2Side_Master.uexp" 1235
"D:/GitHub/CutyKiller/GAME FOLDER/Content/LPSDeluxe2TropicalEnvironment/LPSD2_Materials/SpecialMaterials/2SidedMaterials/MI_2Side_Purple.uasset" 1236
"D:/GitHub/CutyKiller/GAME FOLDER/Content/LPSDeluxe2TropicalEnvironment/LPSD2_Materials/SpecialMaterials/2SidedMaterials/MI_2Side_Purple.uexp" 1237
"D:/GitHub/CutyKiller/GAME FOLDER/Content/LPSDeluxe2TropicalEnvironment/LPSD2_Materials/SpecialMaterials/2SidedMaterials/MI_2Side_Green_5.uasset" 1238
"D:/GitHub/CutyKiller/GAME FOLDER/Content/LPSDeluxe2TropicalEnvironment/LPSD2_Materials/SpecialMaterials/2SidedMaterials/MI_2Side_Green_5.uexp" 1239
"D:/GitHub/CutyKiller/GAME FOLDER/Content/LPSDeluxe2TropicalEnvironment/LPSD2_Materials/SpecialMaterials/2SidedMaterials/MI_2Side_Green_4.uasset" 1240
"D:/GitHub/CutyKiller/GAME FOLDER/Content/LPSDeluxe2TropicalEnvironment/LPSD2_Materials/SpecialMaterials/2SidedMaterials/MI_2Side_Green_4.uexp" 1241
"D:/GitHub/CutyKiller/GAME FOLDER/Content/LPSDeluxe2TropicalEnvironment/LPSD2_Materials/Materials/Master_Color_Instances/MI_Glow_Yellow.uasset" 1242
"D:/GitHub/CutyKiller/GAME FOLDER/Content/LPSDeluxe2TropicalEnvironment/LPSD2_Materials/Materials/Master_Color_Instances/MI_Glow_Yellow.uexp" 1243
"D:/GitHub/CutyKiller/GAME FOLDER/Content/LPSDeluxe2TropicalEnvironment/LPSD2_Materials/Materials/Master_Color_Instances/MI_Color_Pewter.uasset" 1244
"D:/GitHub/CutyKiller/GAME FOLDER/Content/LPSDeluxe2TropicalEnvironment/LPSD2_Materials/Materials/Master_Color_Instances/MI_Color_Pewter.uexp" 1245
"D:/GitHub/CutyKiller/GAME FOLDER/Content/LevelPrototyping/Textures/T_GridChecker_A.ubulk" 1246
"D:/GitHub/CutyKiller/GAME FOLDER/Content/LevelPrototyping/Textures/T_GridChecker_A.uasset" 1247
"D:/GitHub/CutyKiller/GAME FOLDER/Content/LevelPrototyping/Textures/T_GridChecker_A.uexp" 1248
"D:/GitHub/CutyKiller/GAME FOLDER/Content/LevelPrototyping/Materials/MF_ProcGrid.uasset" 1249
"D:/GitHub/CutyKiller/GAME FOLDER/Content/LevelPrototyping/Materials/MF_ProcGrid.uexp" 1250
"D:/GitHub/CutyKiller/GAME FOLDER/Content/LevelPrototyping/Materials/M_PrototypeGrid.uasset" 1251
"D:/GitHub/CutyKiller/GAME FOLDER/Content/LevelPrototyping/Materials/M_PrototypeGrid.uexp" 1252
"D:/GitHub/CutyKiller/GAME FOLDER/Content/LevelPrototyping/Materials/MI_PrototypeGrid_Gray.uasset" 1253
"D:/GitHub/CutyKiller/GAME FOLDER/Content/LevelPrototyping/Materials/MI_PrototypeGrid_Gray.uexp" 1254
"D:/GitHub/CutyKiller/GAME FOLDER/Content/LevelPrototyping/Meshes/SM_Ramp.ubulk" 1255
"D:/GitHub/CutyKiller/GAME FOLDER/Content/LevelPrototyping/Meshes/SM_Ramp.uasset" 1256
"D:/GitHub/CutyKiller/GAME FOLDER/Content/LevelPrototyping/Meshes/SM_Ramp.uexp" 1257
"D:/GitHub/CutyKiller/GAME FOLDER/Content/LevelPrototyping/Meshes/SM_QuarterCylinder.ubulk" 1258
"D:/GitHub/CutyKiller/GAME FOLDER/Content/LevelPrototyping/Meshes/SM_QuarterCylinder.uasset" 1259
"D:/GitHub/CutyKiller/GAME FOLDER/Content/LevelPrototyping/Meshes/SM_QuarterCylinder.uexp" 1260
"D:/GitHub/CutyKiller/GAME FOLDER/Content/LevelPrototyping/Meshes/SM_Cylinder.ubulk" 1261
"D:/GitHub/CutyKiller/GAME FOLDER/Content/LevelPrototyping/Meshes/SM_Cylinder.uasset" 1262
"D:/GitHub/CutyKiller/GAME FOLDER/Content/LevelPrototyping/Meshes/SM_Cylinder.uexp" 1263
"D:/GitHub/CutyKiller/GAME FOLDER/Content/LevelPrototyping/Meshes/SM_Cube.ubulk" 1264
"D:/GitHub/CutyKiller/GAME FOLDER/Content/LevelPrototyping/Meshes/SM_Cube.uasset" 1265
"D:/GitHub/CutyKiller/GAME FOLDER/Content/LevelPrototyping/Meshes/SM_Cube.uexp" 1266
"D:/GitHub/CutyKiller/GAME FOLDER/Content/LevelPrototyping/Materials/M_Solid.uasset" 1267
"D:/GitHub/CutyKiller/GAME FOLDER/Content/LevelPrototyping/Materials/M_Solid.uexp" 1268
"D:/GitHub/CutyKiller/GAME FOLDER/Content/LevelPrototyping/Materials/MI_Solid_Blue.uasset" 1269
"D:/GitHub/CutyKiller/GAME FOLDER/Content/LevelPrototyping/Materials/MI_Solid_Blue.uexp" 1270
"D:/GitHub/CutyKiller/GAME FOLDER/Content/LevelPrototyping/Meshes/SM_ChamferCube.ubulk" 1271
"D:/GitHub/CutyKiller/GAME FOLDER/Content/LevelPrototyping/Meshes/SM_ChamferCube.uasset" 1272
"D:/GitHub/CutyKiller/GAME FOLDER/Content/LevelPrototyping/Meshes/SM_ChamferCube.uexp" 1273
"D:/GitHub/CutyKiller/GAME FOLDER/Content/LevelPrototyping/Materials/MI_PrototypeGrid_TopDark.uasset" 1274
"D:/GitHub/CutyKiller/GAME FOLDER/Content/LevelPrototyping/Materials/MI_PrototypeGrid_TopDark.uexp" 1275
"D:/GitHub/CutyKiller/GAME FOLDER/Content/LevelPrototyping/Materials/MI_PrototypeGrid_Gray_02.uasset" 1276
"D:/GitHub/CutyKiller/GAME FOLDER/Content/LevelPrototyping/Materials/MI_PrototypeGrid_Gray_02.uexp" 1277
"D:/GitHub/CutyKiller/GAME FOLDER/Content/Level/MapMulti_sharedassets/Sand_LayerInfo2.uasset" 1278
"D:/GitHub/CutyKiller/GAME FOLDER/Content/Level/MapMulti_sharedassets/Sand_LayerInfo2.uexp" 1279
"D:/GitHub/CutyKiller/GAME FOLDER/Content/Level/MapMulti_sharedassets/Rock_LayerInfo2.uasset" 1280
"D:/GitHub/CutyKiller/GAME FOLDER/Content/Level/MapMulti_sharedassets/Rock_LayerInfo2.uexp" 1281
"D:/GitHub/CutyKiller/GAME FOLDER/Content/img/HideEye.uasset" 1282
"D:/GitHub/CutyKiller/GAME FOLDER/Content/img/HideEye.uexp" 1283
"D:/GitHub/CutyKiller/GAME FOLDER/Content/DONT_USE/Weapon_Pack/Textures/Weapons/T_Weapon_Set1_BaseColor.ubulk" 1284
"D:/GitHub/CutyKiller/GAME FOLDER/Content/DONT_USE/Weapon_Pack/Textures/Weapons/T_Weapon_Set1_BaseColor.uasset" 1285
"D:/GitHub/CutyKiller/GAME FOLDER/Content/DONT_USE/Weapon_Pack/Textures/Weapons/T_Weapon_Set1_BaseColor.uexp" 1286
"D:/GitHub/CutyKiller/GAME FOLDER/Content/DONT_USE/Weapon_Pack/Textures/Weapons/T_Weapon_Set1_Normal.ubulk" 1287
"D:/GitHub/CutyKiller/GAME FOLDER/Content/DONT_USE/Weapon_Pack/Textures/Weapons/T_Weapon_Set1_Normal.uasset" 1288
"D:/GitHub/CutyKiller/GAME FOLDER/Content/DONT_USE/Weapon_Pack/Textures/Weapons/T_Weapon_Set1_Normal.uexp" 1289
"D:/GitHub/CutyKiller/GAME FOLDER/Content/DONT_USE/Weapon_Pack/Textures/Weapons/T_Weapon_Set1_OcclusionRoughnessMetallic.ubulk" 1290
"D:/GitHub/CutyKiller/GAME FOLDER/Content/DONT_USE/Weapon_Pack/Textures/Weapons/T_Weapon_Set1_OcclusionRoughnessMetallic.uasset" 1291
"D:/GitHub/CutyKiller/GAME FOLDER/Content/DONT_USE/Weapon_Pack/Textures/Weapons/T_Weapon_Set1_OcclusionRoughnessMetallic.uexp" 1292
"D:/GitHub/CutyKiller/GAME FOLDER/Content/DONT_USE/Weapon_Pack/Materials/Weapons/M_WeaponSet_1.uasset" 1293
"D:/GitHub/CutyKiller/GAME FOLDER/Content/DONT_USE/Weapon_Pack/Materials/Weapons/M_WeaponSet_1.uexp" 1294
"D:/GitHub/CutyKiller/GAME FOLDER/Content/DONT_USE/Weapon_Pack/Skeletal_Mesh/SK_Throwing_PhysicsAsset.uasset" 1295
"D:/GitHub/CutyKiller/GAME FOLDER/Content/DONT_USE/Weapon_Pack/Skeletal_Mesh/SK_Throwing_PhysicsAsset.uexp" 1296
"D:/GitHub/CutyKiller/GAME FOLDER/Content/DONT_USE/Weapon_Pack/Skeletal_Mesh/SK_Throwing_Skeleton.uasset" 1297
"D:/GitHub/CutyKiller/GAME FOLDER/Content/DONT_USE/Weapon_Pack/Skeletal_Mesh/SK_Throwing_Skeleton.uexp" 1298
"D:/GitHub/CutyKiller/GAME FOLDER/Content/DONT_USE/Weapon_Pack/Skeletal_Mesh/SK_Throwing.uasset" 1299
"D:/GitHub/CutyKiller/GAME FOLDER/Content/DONT_USE/Weapon_Pack/Skeletal_Mesh/SK_Throwing.uexp" 1300
"D:/GitHub/CutyKiller/GAME FOLDER/Content/DONT_USE/Weapon_Pack/Skeletal_Mesh/SK_Sword_PhysicsAsset.uasset" 1301
"D:/GitHub/CutyKiller/GAME FOLDER/Content/DONT_USE/Weapon_Pack/Skeletal_Mesh/SK_Sword_PhysicsAsset.uexp" 1302
"D:/GitHub/CutyKiller/GAME FOLDER/Content/DONT_USE/Weapon_Pack/Skeletal_Mesh/SK_Sword_Skeleton.uasset" 1303
"D:/GitHub/CutyKiller/GAME FOLDER/Content/DONT_USE/Weapon_Pack/Skeletal_Mesh/SK_Sword_Skeleton.uexp" 1304
"D:/GitHub/CutyKiller/GAME FOLDER/Content/DONT_USE/Weapon_Pack/Skeletal_Mesh/SK_Sword.uasset" 1305
"D:/GitHub/CutyKiller/GAME FOLDER/Content/DONT_USE/Weapon_Pack/Skeletal_Mesh/SK_Sword.uexp" 1306
"D:/GitHub/CutyKiller/GAME FOLDER/Content/DONT_USE/Weapon_Pack/Skeletal_Mesh/SK_Spear_Skeleton.uasset" 1307
"D:/GitHub/CutyKiller/GAME FOLDER/Content/DONT_USE/Weapon_Pack/Skeletal_Mesh/SK_Spear_Skeleton.uexp" 1308
"D:/GitHub/CutyKiller/GAME FOLDER/Content/DONT_USE/Weapon_Pack/Skeletal_Mesh/SK_Spear_PhysicsAsset.uasset" 1309
"D:/GitHub/CutyKiller/GAME FOLDER/Content/DONT_USE/Weapon_Pack/Skeletal_Mesh/SK_Spear_PhysicsAsset.uexp" 1310
"D:/GitHub/CutyKiller/GAME FOLDER/Content/DONT_USE/Weapon_Pack/Skeletal_Mesh/SK_Spear.uasset" 1311
"D:/GitHub/CutyKiller/GAME FOLDER/Content/DONT_USE/Weapon_Pack/Skeletal_Mesh/SK_Spear.uexp" 1312
"D:/GitHub/CutyKiller/GAME FOLDER/Content/DONT_USE/Weapon_Pack/Skeletal_Mesh/SK_Sickle_Skeleton.uasset" 1313
"D:/GitHub/CutyKiller/GAME FOLDER/Content/DONT_USE/Weapon_Pack/Skeletal_Mesh/SK_Sickle_Skeleton.uexp" 1314
"D:/GitHub/CutyKiller/GAME FOLDER/Content/DONT_USE/Weapon_Pack/Skeletal_Mesh/SK_Sickle_PhysicsAsset.uasset" 1315
"D:/GitHub/CutyKiller/GAME FOLDER/Content/DONT_USE/Weapon_Pack/Skeletal_Mesh/SK_Sickle_PhysicsAsset.uexp" 1316
"D:/GitHub/CutyKiller/GAME FOLDER/Content/DONT_USE/Weapon_Pack/Skeletal_Mesh/SK_Sickle.uasset" 1317
"D:/GitHub/CutyKiller/GAME FOLDER/Content/DONT_USE/Weapon_Pack/Skeletal_Mesh/SK_Sickle.uexp" 1318
"D:/GitHub/CutyKiller/GAME FOLDER/Content/DONT_USE/Weapon_Pack/Skeletal_Mesh/SK_Shield_PhysicsAsset.uasset" 1319
"D:/GitHub/CutyKiller/GAME FOLDER/Content/DONT_USE/Weapon_Pack/Skeletal_Mesh/SK_Shield_PhysicsAsset.uexp" 1320
"D:/GitHub/CutyKiller/GAME FOLDER/Content/DONT_USE/Weapon_Pack/Skeletal_Mesh/SK_Shield_Skeleton.uasset" 1321
"D:/GitHub/CutyKiller/GAME FOLDER/Content/DONT_USE/Weapon_Pack/Skeletal_Mesh/SK_Shield_Skeleton.uexp" 1322
"D:/GitHub/CutyKiller/GAME FOLDER/Content/DONT_USE/Weapon_Pack/Skeletal_Mesh/SK_Shield.uasset" 1323
"D:/GitHub/CutyKiller/GAME FOLDER/Content/DONT_USE/Weapon_Pack/Skeletal_Mesh/SK_Shield.uexp" 1324
"D:/GitHub/CutyKiller/GAME FOLDER/Content/DONT_USE/Weapon_Pack/Textures/Weapons/T_Weapon_Set2_OcclusionRoughnessMetallic.ubulk" 1325
"D:/GitHub/CutyKiller/GAME FOLDER/Content/DONT_USE/Weapon_Pack/Textures/Weapons/T_Weapon_Set2_OcclusionRoughnessMetallic.uasset" 1326
"D:/GitHub/CutyKiller/GAME FOLDER/Content/DONT_USE/Weapon_Pack/Textures/Weapons/T_Weapon_Set2_OcclusionRoughnessMetallic.uexp" 1327
"D:/GitHub/CutyKiller/GAME FOLDER/Content/DONT_USE/Weapon_Pack/Textures/Weapons/T_Weapon_Set2_Normal.ubulk" 1328
"D:/GitHub/CutyKiller/GAME FOLDER/Content/DONT_USE/Weapon_Pack/Textures/Weapons/T_Weapon_Set2_Normal.uasset" 1329
"D:/GitHub/CutyKiller/GAME FOLDER/Content/DONT_USE/Weapon_Pack/Textures/Weapons/T_Weapon_Set2_Normal.uexp" 1330
"D:/GitHub/CutyKiller/GAME FOLDER/Content/DONT_USE/Weapon_Pack/Textures/Weapons/T_Weapon_Set2_BaseColor.ubulk" 1331
"D:/GitHub/CutyKiller/GAME FOLDER/Content/DONT_USE/Weapon_Pack/Textures/Weapons/T_Weapon_Set2_BaseColor.uasset" 1332
"D:/GitHub/CutyKiller/GAME FOLDER/Content/DONT_USE/Weapon_Pack/Textures/Weapons/T_Weapon_Set2_BaseColor.uexp" 1333
"D:/GitHub/CutyKiller/GAME FOLDER/Content/DONT_USE/Weapon_Pack/Materials/Weapons/M_WeaponSet_2.uasset" 1334
"D:/GitHub/CutyKiller/GAME FOLDER/Content/DONT_USE/Weapon_Pack/Materials/Weapons/M_WeaponSet_2.uexp" 1335
"D:/GitHub/CutyKiller/GAME FOLDER/Content/DONT_USE/Weapon_Pack/Skeletal_Mesh/SK_Mace_Skeleton.uasset" 1336
"D:/GitHub/CutyKiller/GAME FOLDER/Content/DONT_USE/Weapon_Pack/Skeletal_Mesh/SK_Mace_Skeleton.uexp" 1337
"D:/GitHub/CutyKiller/GAME FOLDER/Content/DONT_USE/Weapon_Pack/Skeletal_Mesh/SK_Mace_PhysicsAsset.uasset" 1338
"D:/GitHub/CutyKiller/GAME FOLDER/Content/DONT_USE/Weapon_Pack/Skeletal_Mesh/SK_Mace_PhysicsAsset.uexp" 1339
"D:/GitHub/CutyKiller/GAME FOLDER/Content/DONT_USE/Weapon_Pack/Skeletal_Mesh/SK_Mace.uasset" 1340
"D:/GitHub/CutyKiller/GAME FOLDER/Content/DONT_USE/Weapon_Pack/Skeletal_Mesh/SK_Mace.uexp" 1341
"D:/GitHub/CutyKiller/GAME FOLDER/Content/DONT_USE/Weapon_Pack/Skeletal_Mesh/SK_H2H_PhysicsAsset.uasset" 1342
"D:/GitHub/CutyKiller/GAME FOLDER/Content/DONT_USE/Weapon_Pack/Skeletal_Mesh/SK_H2H_PhysicsAsset.uexp" 1343
"D:/GitHub/CutyKiller/GAME FOLDER/Content/DONT_USE/Weapon_Pack/Skeletal_Mesh/SK_H2H_Skeleton.uasset" 1344
"D:/GitHub/CutyKiller/GAME FOLDER/Content/DONT_USE/Weapon_Pack/Skeletal_Mesh/SK_H2H_Skeleton.uexp" 1345
"D:/GitHub/CutyKiller/GAME FOLDER/Content/DONT_USE/Weapon_Pack/Skeletal_Mesh/SK_H2H.uasset" 1346
"D:/GitHub/CutyKiller/GAME FOLDER/Content/DONT_USE/Weapon_Pack/Skeletal_Mesh/SK_H2H.uexp" 1347
"D:/GitHub/CutyKiller/GAME FOLDER/Content/DONT_USE/Weapon_Pack/Skeletal_Mesh/SK_GreatHammer_Skeleton.uasset" 1348
"D:/GitHub/CutyKiller/GAME FOLDER/Content/DONT_USE/Weapon_Pack/Skeletal_Mesh/SK_GreatHammer_Skeleton.uexp" 1349
"D:/GitHub/CutyKiller/GAME FOLDER/Content/DONT_USE/Weapon_Pack/Skeletal_Mesh/SK_GreatHammer_PhysicsAsset.uasset" 1350
"D:/GitHub/CutyKiller/GAME FOLDER/Content/DONT_USE/Weapon_Pack/Skeletal_Mesh/SK_GreatHammer_PhysicsAsset.uexp" 1351
"D:/GitHub/CutyKiller/GAME FOLDER/Content/DONT_USE/Weapon_Pack/Skeletal_Mesh/SK_GreatHammer.uasset" 1352
"D:/GitHub/CutyKiller/GAME FOLDER/Content/DONT_USE/Weapon_Pack/Skeletal_Mesh/SK_GreatHammer.uexp" 1353
"D:/GitHub/CutyKiller/GAME FOLDER/Content/DONT_USE/Weapon_Pack/Skeletal_Mesh/SK_GreatAxe_PhysicsAsset.uasset" 1354
"D:/GitHub/CutyKiller/GAME FOLDER/Content/DONT_USE/Weapon_Pack/Skeletal_Mesh/SK_GreatAxe_PhysicsAsset.uexp" 1355
"D:/GitHub/CutyKiller/GAME FOLDER/Content/DONT_USE/Weapon_Pack/Skeletal_Mesh/SK_GreatAxe_Skeleton.uasset" 1356
"D:/GitHub/CutyKiller/GAME FOLDER/Content/DONT_USE/Weapon_Pack/Skeletal_Mesh/SK_GreatAxe_Skeleton.uexp" 1357
"D:/GitHub/CutyKiller/GAME FOLDER/Content/DONT_USE/Weapon_Pack/Skeletal_Mesh/SK_GreatAxe.uasset" 1358
"D:/GitHub/CutyKiller/GAME FOLDER/Content/DONT_USE/Weapon_Pack/Skeletal_Mesh/SK_GreatAxe.uexp" 1359
"D:/GitHub/CutyKiller/GAME FOLDER/Content/DONT_USE/Weapon_Pack/Skeletal_Mesh/SK_Dagger_2_PhysicsAsset.uasset" 1360
"D:/GitHub/CutyKiller/GAME FOLDER/Content/DONT_USE/Weapon_Pack/Skeletal_Mesh/SK_Dagger_2_PhysicsAsset.uexp" 1361
"D:/GitHub/CutyKiller/GAME FOLDER/Content/DONT_USE/Weapon_Pack/Skeletal_Mesh/SK_Dagger_2_Skeleton.uasset" 1362
"D:/GitHub/CutyKiller/GAME FOLDER/Content/DONT_USE/Weapon_Pack/Skeletal_Mesh/SK_Dagger_2_Skeleton.uexp" 1363
"D:/GitHub/CutyKiller/GAME FOLDER/Content/DONT_USE/Weapon_Pack/Skeletal_Mesh/SK_Dagger_2.uasset" 1364
"D:/GitHub/CutyKiller/GAME FOLDER/Content/DONT_USE/Weapon_Pack/Skeletal_Mesh/SK_Dagger_2.uexp" 1365
"D:/GitHub/CutyKiller/GAME FOLDER/Content/DONT_USE/Weapon_Pack/Skeletal_Mesh/SK_Dagger_1_Skeleton.uasset" 1366
"D:/GitHub/CutyKiller/GAME FOLDER/Content/DONT_USE/Weapon_Pack/Skeletal_Mesh/SK_Dagger_1_Skeleton.uexp" 1367
"D:/GitHub/CutyKiller/GAME FOLDER/Content/DONT_USE/Weapon_Pack/Skeletal_Mesh/SK_Dagger_1_PhysicsAsset.uasset" 1368
"D:/GitHub/CutyKiller/GAME FOLDER/Content/DONT_USE/Weapon_Pack/Skeletal_Mesh/SK_Dagger_1_PhysicsAsset.uexp" 1369
"D:/GitHub/CutyKiller/GAME FOLDER/Content/DONT_USE/Weapon_Pack/Skeletal_Mesh/SK_Dagger_1.uasset" 1370
"D:/GitHub/CutyKiller/GAME FOLDER/Content/DONT_USE/Weapon_Pack/Skeletal_Mesh/SK_Dagger_1.uexp" 1371
"D:/GitHub/CutyKiller/GAME FOLDER/Content/DONT_USE/Weapon_Pack/Skeletal_Mesh/SK_Axe_PhysicsAsset.uasset" 1372
"D:/GitHub/CutyKiller/GAME FOLDER/Content/DONT_USE/Weapon_Pack/Skeletal_Mesh/SK_Axe_PhysicsAsset.uexp" 1373
"D:/GitHub/CutyKiller/GAME FOLDER/Content/DONT_USE/Weapon_Pack/Skeletal_Mesh/SK_Axe_Skeleton.uasset" 1374
"D:/GitHub/CutyKiller/GAME FOLDER/Content/DONT_USE/Weapon_Pack/Skeletal_Mesh/SK_Axe_Skeleton.uexp" 1375
"D:/GitHub/CutyKiller/GAME FOLDER/Content/DONT_USE/Weapon_Pack/Skeletal_Mesh/SK_Axe.uasset" 1376
"D:/GitHub/CutyKiller/GAME FOLDER/Content/DONT_USE/Weapon_Pack/Skeletal_Mesh/SK_Axe.uexp" 1377
"D:/GitHub/CutyKiller/GAME FOLDER/Content/DONT_USE/Weapon_Pack/Textures/Props/Interior/T_Prop_Set3_Normal.ubulk" 1378
"D:/GitHub/CutyKiller/GAME FOLDER/Content/DONT_USE/Weapon_Pack/Textures/Props/Interior/T_Prop_Set3_Normal.uasset" 1379
"D:/GitHub/CutyKiller/GAME FOLDER/Content/DONT_USE/Weapon_Pack/Textures/Props/Interior/T_Prop_Set3_Normal.uexp" 1380
"D:/GitHub/CutyKiller/GAME FOLDER/Content/DONT_USE/Weapon_Pack/Textures/Props/Interior/T_Prop_Set3_OcclusionRoughnessMetallic.ubulk" 1381
"D:/GitHub/CutyKiller/GAME FOLDER/Content/DONT_USE/Weapon_Pack/Textures/Props/Interior/T_Prop_Set3_OcclusionRoughnessMetallic.uasset" 1382
"D:/GitHub/CutyKiller/GAME FOLDER/Content/DONT_USE/Weapon_Pack/Textures/Props/Interior/T_Prop_Set3_OcclusionRoughnessMetallic.uexp" 1383
"D:/GitHub/CutyKiller/GAME FOLDER/Content/DONT_USE/Weapon_Pack/Textures/Props/Interior/T_Prop_Set3_BaseColor.ubulk" 1384
"D:/GitHub/CutyKiller/GAME FOLDER/Content/DONT_USE/Weapon_Pack/Textures/Props/Interior/T_Prop_Set3_BaseColor.uasset" 1385
"D:/GitHub/CutyKiller/GAME FOLDER/Content/DONT_USE/Weapon_Pack/Textures/Props/Interior/T_Prop_Set3_BaseColor.uexp" 1386
"D:/GitHub/CutyKiller/GAME FOLDER/Content/DONT_USE/Weapon_Pack/Materials/Props/Interior/M_Props3.uasset" 1387
"D:/GitHub/CutyKiller/GAME FOLDER/Content/DONT_USE/Weapon_Pack/Materials/Props/Interior/M_Props3.uexp" 1388
"D:/GitHub/CutyKiller/GAME FOLDER/Content/DONT_USE/Weapon_Pack/Mesh/Props/Interior/SM_Bowl.ubulk" 1389
"D:/GitHub/CutyKiller/GAME FOLDER/Content/DONT_USE/Weapon_Pack/Mesh/Props/Interior/SM_Bowl.uasset" 1390
"D:/GitHub/CutyKiller/GAME FOLDER/Content/DONT_USE/Weapon_Pack/Mesh/Props/Interior/SM_Bowl.uexp" 1391
"D:/GitHub/CutyKiller/GAME FOLDER/Content/DONT_USE/Weapon_Pack/Textures/Weapons/T_Dirty_Weapon_Set2_BaseColor.ubulk" 1392
"D:/GitHub/CutyKiller/GAME FOLDER/Content/DONT_USE/Weapon_Pack/Textures/Weapons/T_Dirty_Weapon_Set2_BaseColor.uasset" 1393
"D:/GitHub/CutyKiller/GAME FOLDER/Content/DONT_USE/Weapon_Pack/Textures/Weapons/T_Dirty_Weapon_Set2_BaseColor.uexp" 1394
"D:/GitHub/CutyKiller/GAME FOLDER/Content/DONT_USE/Weapon_Pack/Textures/Weapons/T_Dirty_Weapon_Set2_OcclusionRoughnessMetallic.ubulk" 1395
"D:/GitHub/CutyKiller/GAME FOLDER/Content/DONT_USE/Weapon_Pack/Textures/Weapons/T_Dirty_Weapon_Set2_OcclusionRoughnessMetallic.uasset" 1396
"D:/GitHub/CutyKiller/GAME FOLDER/Content/DONT_USE/Weapon_Pack/Textures/Weapons/T_Dirty_Weapon_Set2_OcclusionRoughnessMetallic.uexp" 1397
"D:/GitHub/CutyKiller/GAME FOLDER/Content/DONT_USE/Weapon_Pack/Textures/Weapons/T_Dirty_Weapon_Set2_Normal.ubulk" 1398
"D:/GitHub/CutyKiller/GAME FOLDER/Content/DONT_USE/Weapon_Pack/Textures/Weapons/T_Dirty_Weapon_Set2_Normal.uasset" 1399
"D:/GitHub/CutyKiller/GAME FOLDER/Content/DONT_USE/Weapon_Pack/Textures/Weapons/T_Dirty_Weapon_Set2_Normal.uexp" 1400
"D:/GitHub/CutyKiller/GAME FOLDER/Content/DONT_USE/Weapon_Pack/Materials/Weapons/M_WeaponSet_2Dirty.uasset" 1401
"D:/GitHub/CutyKiller/GAME FOLDER/Content/DONT_USE/Weapon_Pack/Materials/Weapons/M_WeaponSet_2Dirty.uexp" 1402
"D:/GitHub/CutyKiller/GAME FOLDER/Content/DONT_USE/Weapon_Pack/Textures/Weapons/T_Dirty_Weapon_Set1_Normal.ubulk" 1403
"D:/GitHub/CutyKiller/GAME FOLDER/Content/DONT_USE/Weapon_Pack/Textures/Weapons/T_Dirty_Weapon_Set1_Normal.uasset" 1404
"D:/GitHub/CutyKiller/GAME FOLDER/Content/DONT_USE/Weapon_Pack/Textures/Weapons/T_Dirty_Weapon_Set1_Normal.uexp" 1405
"D:/GitHub/CutyKiller/GAME FOLDER/Content/DONT_USE/Weapon_Pack/Textures/Weapons/T_Dirty_Weapon_Set1_BaseColor.ubulk" 1406
"D:/GitHub/CutyKiller/GAME FOLDER/Content/DONT_USE/Weapon_Pack/Textures/Weapons/T_Dirty_Weapon_Set1_BaseColor.uasset" 1407
"D:/GitHub/CutyKiller/GAME FOLDER/Content/DONT_USE/Weapon_Pack/Textures/Weapons/T_Dirty_Weapon_Set1_BaseColor.uexp" 1408
"D:/GitHub/CutyKiller/GAME FOLDER/Content/DONT_USE/Weapon_Pack/Textures/Weapons/T_Dirty_Weapon_Set1_OcclusionRoughnessMetallic.ubulk" 1409
"D:/GitHub/CutyKiller/GAME FOLDER/Content/DONT_USE/Weapon_Pack/Textures/Weapons/T_Dirty_Weapon_Set1_OcclusionRoughnessMetallic.uasset" 1410
"D:/GitHub/CutyKiller/GAME FOLDER/Content/DONT_USE/Weapon_Pack/Textures/Weapons/T_Dirty_Weapon_Set1_OcclusionRoughnessMetallic.uexp" 1411
"D:/GitHub/CutyKiller/GAME FOLDER/Content/DONT_USE/Weapon_Pack/Materials/Weapons/M_WeaponSet_1Dirty.uasset" 1412
"D:/GitHub/CutyKiller/GAME FOLDER/Content/DONT_USE/Weapon_Pack/Materials/Weapons/M_WeaponSet_1Dirty.uexp" 1413
"D:/GitHub/CutyKiller/GAME FOLDER/Content/DONT_USE/LPSDeluxe2TropicalEnvironment/LPSD2_Meshes/Pirate/SM_PirateChest_3.ubulk" 1414
"D:/GitHub/CutyKiller/GAME FOLDER/Content/DONT_USE/LPSDeluxe2TropicalEnvironment/LPSD2_Meshes/Pirate/SM_PirateChest_3.uasset" 1415
"D:/GitHub/CutyKiller/GAME FOLDER/Content/DONT_USE/LPSDeluxe2TropicalEnvironment/LPSD2_Meshes/Pirate/SM_PirateChest_3.uexp" 1416
"D:/GitHub/CutyKiller/GAME FOLDER/Content/DONT_USE/LPSDeluxe2TropicalEnvironment/LPSD2_Materials/SpecialMaterials/WindMaterials/M_Wind_Master.uasset" 1417
"D:/GitHub/CutyKiller/GAME FOLDER/Content/DONT_USE/LPSDeluxe2TropicalEnvironment/LPSD2_Materials/SpecialMaterials/WindMaterials/M_Wind_Master.uexp" 1418
"D:/GitHub/CutyKiller/GAME FOLDER/Content/DONT_USE/LPSDeluxe2TropicalEnvironment/LPSD2_Materials/SpecialMaterials/WindMaterials/MI_Wind_17.uasset" 1419
"D:/GitHub/CutyKiller/GAME FOLDER/Content/DONT_USE/LPSDeluxe2TropicalEnvironment/LPSD2_Materials/SpecialMaterials/WindMaterials/MI_Wind_17.uexp" 1420
"D:/GitHub/CutyKiller/GAME FOLDER/Content/DONT_USE/LPSDeluxe2TropicalEnvironment/LPSD2_Materials/SpecialMaterials/2SidedMaterials/M_2Side_Master.uasset" 1421
"D:/GitHub/CutyKiller/GAME FOLDER/Content/DONT_USE/LPSDeluxe2TropicalEnvironment/LPSD2_Materials/SpecialMaterials/2SidedMaterials/M_2Side_Master.uexp" 1422
"D:/GitHub/CutyKiller/GAME FOLDER/Content/DONT_USE/LPSDeluxe2TropicalEnvironment/LPSD2_Materials/SpecialMaterials/2SidedMaterials/MI_2Side_Purple.uasset" 1423
"D:/GitHub/CutyKiller/GAME FOLDER/Content/DONT_USE/LPSDeluxe2TropicalEnvironment/LPSD2_Materials/SpecialMaterials/2SidedMaterials/MI_2Side_Purple.uexp" 1424
"D:/GitHub/CutyKiller/GAME FOLDER/Content/DONT_USE/LPSDeluxe2TropicalEnvironment/LPSD2_Materials/SpecialMaterials/2SidedMaterials/MI_2Side_Green_5.uasset" 1425
"D:/GitHub/CutyKiller/GAME FOLDER/Content/DONT_USE/LPSDeluxe2TropicalEnvironment/LPSD2_Materials/SpecialMaterials/2SidedMaterials/MI_2Side_Green_5.uexp" 1426
"D:/GitHub/CutyKiller/GAME FOLDER/Content/DONT_USE/LPSDeluxe2TropicalEnvironment/LPSD2_Materials/SpecialMaterials/2SidedMaterials/MI_2Side_Green_4.uasset" 1427
"D:/GitHub/CutyKiller/GAME FOLDER/Content/DONT_USE/LPSDeluxe2TropicalEnvironment/LPSD2_Materials/SpecialMaterials/2SidedMaterials/MI_2Side_Green_4.uexp" 1428
"D:/GitHub/CutyKiller/GAME FOLDER/Content/DONT_USE/LPSDeluxe2TropicalEnvironment/LPSD2_Materials/Materials/Master_Color_Instances/MI_Green_2.uasset" 1429
"D:/GitHub/CutyKiller/GAME FOLDER/Content/DONT_USE/LPSDeluxe2TropicalEnvironment/LPSD2_Materials/Materials/Master_Color_Instances/MI_Green_2.uexp" 1430
"D:/GitHub/CutyKiller/GAME FOLDER/Content/DONT_USE/LPSDeluxe2TropicalEnvironment/LPSD2_Materials/Materials/Master_Color_Instances/MI_Glow_Yellow.uasset" 1431
"D:/GitHub/CutyKiller/GAME FOLDER/Content/DONT_USE/LPSDeluxe2TropicalEnvironment/LPSD2_Materials/Materials/Master_Color_Instances/MI_Glow_Yellow.uexp" 1432
"D:/GitHub/CutyKiller/GAME FOLDER/Content/DONT_USE/LPSDeluxe2TropicalEnvironment/LPSD2_Materials/Materials/Master_Color_Instances/MI_Color_Pewter.uasset" 1433
"D:/GitHub/CutyKiller/GAME FOLDER/Content/DONT_USE/LPSDeluxe2TropicalEnvironment/LPSD2_Materials/Materials/Master_Color_Instances/MI_Color_Pewter.uexp" 1434
"D:/GitHub/CutyKiller/GAME FOLDER/Content/DONT_USE/Characters/Mannequin_UE4/Textures/T_UE4_Mannequin__normals.ubulk" 1435
"D:/GitHub/CutyKiller/GAME FOLDER/Content/DONT_USE/Characters/Mannequin_UE4/Textures/T_UE4_Mannequin__normals.uasset" 1436
"D:/GitHub/CutyKiller/GAME FOLDER/Content/DONT_USE/Characters/Mannequin_UE4/Textures/T_UE4_Mannequin__normals.uexp" 1437
"D:/GitHub/CutyKiller/GAME FOLDER/Content/DONT_USE/Characters/Mannequin_UE4/Textures/T_UE4_Mannequin_MAT_MASKA.ubulk" 1438
"D:/GitHub/CutyKiller/GAME FOLDER/Content/DONT_USE/Characters/Mannequin_UE4/Textures/T_UE4_Mannequin_MAT_MASKA.uasset" 1439
"D:/GitHub/CutyKiller/GAME FOLDER/Content/DONT_USE/Characters/Mannequin_UE4/Textures/T_UE4_Mannequin_MAT_MASKA.uexp" 1440
"../../../Engine/Content/Functions/MaterialLayerFunctions/MatLayerBlend_NormalBlend.uasset" 1441
"../../../Engine/Content/Functions/MaterialLayerFunctions/MatLayerBlend_NormalBlend.uexp" 1442
"D:/GitHub/CutyKiller/GAME FOLDER/Content/DONT_USE/Characters/Mannequin_UE4/Materials/Layers/ML_ShinyPlastic_Beige.uasset" 1443
"D:/GitHub/CutyKiller/GAME FOLDER/Content/DONT_USE/Characters/Mannequin_UE4/Materials/Layers/ML_ShinyPlastic_Beige.uexp" 1444
"../../../Engine/Content/Functions/MaterialLayerFunctions/MatLayerBlend_Simple.uasset" 1445
"../../../Engine/Content/Functions/MaterialLayerFunctions/MatLayerBlend_Simple.uexp" 1446
"D:/GitHub/CutyKiller/GAME FOLDER/Content/DONT_USE/Characters/Mannequin_UE4/Textures/T_ML_Aluminum01_N.ubulk" 1447
"D:/GitHub/CutyKiller/GAME FOLDER/Content/DONT_USE/Characters/Mannequin_UE4/Textures/T_ML_Aluminum01_N.uasset" 1448
"D:/GitHub/CutyKiller/GAME FOLDER/Content/DONT_USE/Characters/Mannequin_UE4/Textures/T_ML_Aluminum01_N.uexp" 1449
"D:/GitHub/CutyKiller/GAME FOLDER/Content/DONT_USE/Characters/Mannequin_UE4/Textures/T_ML_Aluminum01.ubulk" 1450
"D:/GitHub/CutyKiller/GAME FOLDER/Content/DONT_USE/Characters/Mannequin_UE4/Textures/T_ML_Aluminum01.uasset" 1451
"D:/GitHub/CutyKiller/GAME FOLDER/Content/DONT_USE/Characters/Mannequin_UE4/Textures/T_ML_Aluminum01.uexp" 1452
"D:/GitHub/CutyKiller/GAME FOLDER/Content/DONT_USE/Characters/Mannequin_UE4/Materials/Layers/ML_SoftMetal.uasset" 1453
"D:/GitHub/CutyKiller/GAME FOLDER/Content/DONT_USE/Characters/Mannequin_UE4/Materials/Layers/ML_SoftMetal.uexp" 1454
"D:/GitHub/CutyKiller/GAME FOLDER/Content/DONT_USE/Characters/Mannequin_UE4/Textures/T_ML_Rubber_Blue_01_D.ubulk" 1455
"D:/GitHub/CutyKiller/GAME FOLDER/Content/DONT_USE/Characters/Mannequin_UE4/Textures/T_ML_Rubber_Blue_01_D.uasset" 1456
"D:/GitHub/CutyKiller/GAME FOLDER/Content/DONT_USE/Characters/Mannequin_UE4/Textures/T_ML_Rubber_Blue_01_D.uexp" 1457
"D:/GitHub/CutyKiller/GAME FOLDER/Content/DONT_USE/Characters/Mannequin_UE4/Textures/T_ML_Rubber_Blue_01_N.ubulk" 1458
"D:/GitHub/CutyKiller/GAME FOLDER/Content/DONT_USE/Characters/Mannequin_UE4/Textures/T_ML_Rubber_Blue_01_N.uasset" 1459
"D:/GitHub/CutyKiller/GAME FOLDER/Content/DONT_USE/Characters/Mannequin_UE4/Textures/T_ML_Rubber_Blue_01_N.uexp" 1460
"D:/GitHub/CutyKiller/GAME FOLDER/Content/DONT_USE/Characters/Mannequin_UE4/Materials/Layers/ML_Latex_Black.uasset" 1461
"D:/GitHub/CutyKiller/GAME FOLDER/Content/DONT_USE/Characters/Mannequin_UE4/Materials/Layers/ML_Latex_Black.uexp" 1462
"D:/GitHub/CutyKiller/GAME FOLDER/Content/DONT_USE/Characters/Mannequin_UE4/Textures/T_UELogo_Mask.ubulk" 1463
"D:/GitHub/CutyKiller/GAME FOLDER/Content/DONT_USE/Characters/Mannequin_UE4/Textures/T_UELogo_Mask.uasset" 1464
"D:/GitHub/CutyKiller/GAME FOLDER/Content/DONT_USE/Characters/Mannequin_UE4/Textures/T_UELogo_Mask.uexp" 1465
"D:/GitHub/CutyKiller/GAME FOLDER/Content/DONT_USE/Characters/Mannequin_UE4/Materials/Layers/ML_ShinyPlastic_Beige_Logo.uasset" 1466
"D:/GitHub/CutyKiller/GAME FOLDER/Content/DONT_USE/Characters/Mannequin_UE4/Materials/Layers/ML_ShinyPlastic_Beige_Logo.uexp" 1467
"D:/GitHub/CutyKiller/GAME FOLDER/Content/DONT_USE/Characters/Mannequin_UE4/Materials/M_MannequinUE4_Body.uasset" 1468
"D:/GitHub/CutyKiller/GAME FOLDER/Content/DONT_USE/Characters/Mannequin_UE4/Materials/M_MannequinUE4_Body.uexp" 1469
"D:/GitHub/CutyKiller/GAME FOLDER/Content/DONT_USE/Characters/Mannequin_UE4/Textures/T_UELogo_N_TGA.ubulk" 1470
"D:/GitHub/CutyKiller/GAME FOLDER/Content/DONT_USE/Characters/Mannequin_UE4/Textures/T_UELogo_N_TGA.uasset" 1471
"D:/GitHub/CutyKiller/GAME FOLDER/Content/DONT_USE/Characters/Mannequin_UE4/Textures/T_UELogo_N_TGA.uexp" 1472
"D:/GitHub/CutyKiller/GAME FOLDER/Content/DONT_USE/Characters/Mannequin_UE4/Materials/M_MannequinUE4_ChestLogo.uasset" 1473
"D:/GitHub/CutyKiller/GAME FOLDER/Content/DONT_USE/Characters/Mannequin_UE4/Materials/M_MannequinUE4_ChestLogo.uexp" 1474
"D:/GitHub/CutyKiller/GAME FOLDER/Content/DONT_USE/Characters/Mannequin_UE4/Meshes/SK_Mannequin_PhysicsAsset.uasset" 1475
"D:/GitHub/CutyKiller/GAME FOLDER/Content/DONT_USE/Characters/Mannequin_UE4/Meshes/SK_Mannequin_PhysicsAsset.uexp" 1476
"D:/GitHub/CutyKiller/GAME FOLDER/Content/DONT_USE/Characters/Mannequin_UE4/Meshes/SK_Mannequin_Skeleton.uasset" 1477
"D:/GitHub/CutyKiller/GAME FOLDER/Content/DONT_USE/Characters/Mannequin_UE4/Meshes/SK_Mannequin_Skeleton.uexp" 1478
"D:/GitHub/CutyKiller/GAME FOLDER/Content/DONT_USE/Characters/Mannequin_UE4/Meshes/SK_Mannequin.uasset" 1479
"D:/GitHub/CutyKiller/GAME FOLDER/Content/DONT_USE/Characters/Mannequin_UE4/Meshes/SK_Mannequin.uexp" 1480
"D:/GitHub/CutyKiller/GAME FOLDER/Content/DONT_USE/Characters/Mannequin_UE4/Rigs/IK_UE4_Mannequin.uasset" 1481
"D:/GitHub/CutyKiller/GAME FOLDER/Content/DONT_USE/Characters/Mannequin_UE4/Rigs/IK_UE4_Mannequin.uexp" 1482
"D:/GitHub/CutyKiller/GAME FOLDER/Content/DONT_USE/Characters/Mannequins/Meshes/SK_Mannequin.uasset" 1483
"D:/GitHub/CutyKiller/GAME FOLDER/Content/DONT_USE/Characters/Mannequins/Meshes/SK_Mannequin.uexp" 1484
"D:/GitHub/CutyKiller/GAME FOLDER/Content/DONT_USE/Characters/Mannequins/Rigs/Poses/Manny/Manny_hand_r_anim.uasset" 1485
"D:/GitHub/CutyKiller/GAME FOLDER/Content/DONT_USE/Characters/Mannequins/Rigs/Poses/Manny/Manny_hand_r_anim.uexp" 1486
"D:/GitHub/CutyKiller/GAME FOLDER/Content/DONT_USE/Characters/Mannequins/Rigs/Poses/Manny/Manny_hand_r_pose.uasset" 1487
"D:/GitHub/CutyKiller/GAME FOLDER/Content/DONT_USE/Characters/Mannequins/Rigs/Poses/Manny/Manny_hand_r_pose.uexp" 1488
"D:/GitHub/CutyKiller/GAME FOLDER/Content/DONT_USE/Characters/Mannequins/Rigs/Poses/Manny/Manny_upperarm_l_anim.uasset" 1489
"D:/GitHub/CutyKiller/GAME FOLDER/Content/DONT_USE/Characters/Mannequins/Rigs/Poses/Manny/Manny_upperarm_l_anim.uexp" 1490
"D:/GitHub/CutyKiller/GAME FOLDER/Content/DONT_USE/Characters/Mannequins/Rigs/Poses/Manny/Manny_upperarm_l_pose.uasset" 1491
"D:/GitHub/CutyKiller/GAME FOLDER/Content/DONT_USE/Characters/Mannequins/Rigs/Poses/Manny/Manny_upperarm_l_pose.uexp" 1492
"D:/GitHub/CutyKiller/GAME FOLDER/Content/DONT_USE/Characters/Mannequins/Rigs/Poses/Manny/Manny_calf_l_anim.uasset" 1493
"D:/GitHub/CutyKiller/GAME FOLDER/Content/DONT_USE/Characters/Mannequins/Rigs/Poses/Manny/Manny_calf_l_anim.uexp" 1494
"D:/GitHub/CutyKiller/GAME FOLDER/Content/DONT_USE/Characters/Mannequins/Rigs/Poses/Manny/Manny_calf_l_pose.uasset" 1495
"D:/GitHub/CutyKiller/GAME FOLDER/Content/DONT_USE/Characters/Mannequins/Rigs/Poses/Manny/Manny_calf_l_pose.uexp" 1496
"D:/GitHub/CutyKiller/GAME FOLDER/Content/DONT_USE/Characters/Mannequins/Rigs/Poses/Manny/Manny_lowerarm_r_anim.uasset" 1497
"D:/GitHub/CutyKiller/GAME FOLDER/Content/DONT_USE/Characters/Mannequins/Rigs/Poses/Manny/Manny_lowerarm_r_anim.uexp" 1498
"D:/GitHub/CutyKiller/GAME FOLDER/Content/DONT_USE/Characters/Mannequins/Rigs/Poses/Manny/Manny_lowerarm_r_pose.uasset" 1499
"D:/GitHub/CutyKiller/GAME FOLDER/Content/DONT_USE/Characters/Mannequins/Rigs/Poses/Manny/Manny_lowerarm_r_pose.uexp" 1500
"D:/GitHub/CutyKiller/GAME FOLDER/Content/DONT_USE/Characters/Mannequins/Rigs/Poses/Manny/Manny_thigh_r_anim.uasset" 1501
"D:/GitHub/CutyKiller/GAME FOLDER/Content/DONT_USE/Characters/Mannequins/Rigs/Poses/Manny/Manny_thigh_r_anim.uexp" 1502
"D:/GitHub/CutyKiller/GAME FOLDER/Content/DONT_USE/Characters/Mannequins/Rigs/Poses/Manny/Manny_thigh_r_pose.uasset" 1503
"D:/GitHub/CutyKiller/GAME FOLDER/Content/DONT_USE/Characters/Mannequins/Rigs/Poses/Manny/Manny_thigh_r_pose.uexp" 1504
"D:/GitHub/CutyKiller/GAME FOLDER/Content/DONT_USE/Characters/Mannequins/Rigs/Poses/Manny/Manny_foot_r_anim.uasset" 1505
"D:/GitHub/CutyKiller/GAME FOLDER/Content/DONT_USE/Characters/Mannequins/Rigs/Poses/Manny/Manny_foot_r_anim.uexp" 1506
"D:/GitHub/CutyKiller/GAME FOLDER/Content/DONT_USE/Characters/Mannequins/Rigs/Poses/Manny/Manny_foot_r_pose.uasset" 1507
"D:/GitHub/CutyKiller/GAME FOLDER/Content/DONT_USE/Characters/Mannequins/Rigs/Poses/Manny/Manny_foot_r_pose.uexp" 1508
"D:/GitHub/CutyKiller/GAME FOLDER/Content/DONT_USE/Characters/Mannequins/Rigs/Poses/Manny/Manny_hand_l_anim.uasset" 1509
"D:/GitHub/CutyKiller/GAME FOLDER/Content/DONT_USE/Characters/Mannequins/Rigs/Poses/Manny/Manny_hand_l_anim.uexp" 1510
"D:/GitHub/CutyKiller/GAME FOLDER/Content/DONT_USE/Characters/Mannequins/Rigs/Poses/Manny/Manny_hand_l_pose.uasset" 1511
"D:/GitHub/CutyKiller/GAME FOLDER/Content/DONT_USE/Characters/Mannequins/Rigs/Poses/Manny/Manny_hand_l_pose.uexp" 1512
"D:/GitHub/CutyKiller/GAME FOLDER/Content/DONT_USE/Characters/Mannequins/Rigs/Poses/Manny/Manny_upperarm_r_anim.uasset" 1513
"D:/GitHub/CutyKiller/GAME FOLDER/Content/DONT_USE/Characters/Mannequins/Rigs/Poses/Manny/Manny_upperarm_r_anim.uexp" 1514
"D:/GitHub/CutyKiller/GAME FOLDER/Content/DONT_USE/Characters/Mannequins/Rigs/Poses/Manny/Manny_upperarm_r_pose.uasset" 1515
"D:/GitHub/CutyKiller/GAME FOLDER/Content/DONT_USE/Characters/Mannequins/Rigs/Poses/Manny/Manny_upperarm_r_pose.uexp" 1516
"../../../Engine/Plugins/Animation/ControlRig/Content/Controls/DefaultGizmoLibrary.uasset" 1517
"../../../Engine/Plugins/Animation/ControlRig/Content/Controls/DefaultGizmoLibrary.uexp" 1518
"D:/GitHub/CutyKiller/GAME FOLDER/Content/Characters/Mannequins/Rigs/CR_Mannequin_Procedural.uasset" 1519
"D:/GitHub/CutyKiller/GAME FOLDER/Content/Characters/Mannequins/Rigs/CR_Mannequin_Procedural.uexp" 1520
"D:/GitHub/CutyKiller/GAME FOLDER/Content/DONT_USE/Characters/Mannequins/Rigs/CR_Mannequin_Procedural.uasset" 1521
"D:/GitHub/CutyKiller/GAME FOLDER/Content/DONT_USE/Characters/Mannequins/Rigs/CR_Mannequin_Procedural.uexp" 1522
"D:/GitHub/CutyKiller/GAME FOLDER/Content/DONT_USE/Characters/Mannequins/Rigs/Poses/Manny/Manny_clavicle_l_anim.uasset" 1523
"D:/GitHub/CutyKiller/GAME FOLDER/Content/DONT_USE/Characters/Mannequins/Rigs/Poses/Manny/Manny_clavicle_l_anim.uexp" 1524
"D:/GitHub/CutyKiller/GAME FOLDER/Content/DONT_USE/Characters/Mannequins/Rigs/Poses/Manny/Manny_clavicle_l_pose.uasset" 1525
"D:/GitHub/CutyKiller/GAME FOLDER/Content/DONT_USE/Characters/Mannequins/Rigs/Poses/Manny/Manny_clavicle_l_pose.uexp" 1526
"D:/GitHub/CutyKiller/GAME FOLDER/Content/DONT_USE/Characters/Mannequins/Rigs/Poses/Manny/Manny_thigh_l_anim.uasset" 1527
"D:/GitHub/CutyKiller/GAME FOLDER/Content/DONT_USE/Characters/Mannequins/Rigs/Poses/Manny/Manny_thigh_l_anim.uexp" 1528
"D:/GitHub/CutyKiller/GAME FOLDER/Content/DONT_USE/Characters/Mannequins/Rigs/Poses/Manny/Manny_thigh_l_pose.uasset" 1529
"D:/GitHub/CutyKiller/GAME FOLDER/Content/DONT_USE/Characters/Mannequins/Rigs/Poses/Manny/Manny_thigh_l_pose.uexp" 1530
"D:/GitHub/CutyKiller/GAME FOLDER/Content/DONT_USE/Characters/Mannequins/Rigs/Poses/Manny/Manny_foot_l_anim.uasset" 1531
"D:/GitHub/CutyKiller/GAME FOLDER/Content/DONT_USE/Characters/Mannequins/Rigs/Poses/Manny/Manny_foot_l_anim.uexp" 1532
"D:/GitHub/CutyKiller/GAME FOLDER/Content/DONT_USE/Characters/Mannequins/Rigs/Poses/Manny/Manny_foot_l_pose.uasset" 1533
"D:/GitHub/CutyKiller/GAME FOLDER/Content/DONT_USE/Characters/Mannequins/Rigs/Poses/Manny/Manny_foot_l_pose.uexp" 1534
"D:/GitHub/CutyKiller/GAME FOLDER/Content/DONT_USE/Characters/Mannequins/Rigs/Poses/Manny/Manny_calf_r_anim.uasset" 1535
"D:/GitHub/CutyKiller/GAME FOLDER/Content/DONT_USE/Characters/Mannequins/Rigs/Poses/Manny/Manny_calf_r_anim.uexp" 1536
"D:/GitHub/CutyKiller/GAME FOLDER/Content/DONT_USE/Characters/Mannequins/Rigs/Poses/Manny/Manny_calf_r_pose.uasset" 1537
"D:/GitHub/CutyKiller/GAME FOLDER/Content/DONT_USE/Characters/Mannequins/Rigs/Poses/Manny/Manny_calf_r_pose.uexp" 1538
"D:/GitHub/CutyKiller/GAME FOLDER/Content/DONT_USE/Characters/Mannequins/Rigs/Poses/Manny/Manny_clavicle_r_anim.uasset" 1539
"D:/GitHub/CutyKiller/GAME FOLDER/Content/DONT_USE/Characters/Mannequins/Rigs/Poses/Manny/Manny_clavicle_r_anim.uexp" 1540
"D:/GitHub/CutyKiller/GAME FOLDER/Content/DONT_USE/Characters/Mannequins/Rigs/Poses/Manny/Manny_clavicle_r_pose.uasset" 1541
"D:/GitHub/CutyKiller/GAME FOLDER/Content/DONT_USE/Characters/Mannequins/Rigs/Poses/Manny/Manny_clavicle_r_pose.uexp" 1542
"D:/GitHub/CutyKiller/GAME FOLDER/Content/DONT_USE/Characters/Mannequins/Rigs/Poses/Manny/Manny_lowerarm_l_anim.uasset" 1543
"D:/GitHub/CutyKiller/GAME FOLDER/Content/DONT_USE/Characters/Mannequins/Rigs/Poses/Manny/Manny_lowerarm_l_anim.uexp" 1544
"D:/GitHub/CutyKiller/GAME FOLDER/Content/DONT_USE/Characters/Mannequins/Rigs/Poses/Manny/Manny_lowerarm_l_pose.uasset" 1545
"D:/GitHub/CutyKiller/GAME FOLDER/Content/DONT_USE/Characters/Mannequins/Rigs/Poses/Manny/Manny_lowerarm_l_pose.uexp" 1546
"D:/GitHub/CutyKiller/GAME FOLDER/Content/DONT_USE/Characters/Mannequins/Rigs/ABP_Manny_PostProcess.uasset" 1547
"D:/GitHub/CutyKiller/GAME FOLDER/Content/DONT_USE/Characters/Mannequins/Rigs/ABP_Manny_PostProcess.uexp" 1548
"D:/GitHub/CutyKiller/GAME FOLDER/Content/DONT_USE/Characters/Mannequins/Rigs/PA_Mannequin.uasset" 1549
"D:/GitHub/CutyKiller/GAME FOLDER/Content/DONT_USE/Characters/Mannequins/Rigs/PA_Mannequin.uexp" 1550
"D:/GitHub/CutyKiller/GAME FOLDER/Content/DONT_USE/Characters/Mannequins/Textures/Manny/T_Manny_02_ASAOPMASK_MSK.ubulk" 1551
"D:/GitHub/CutyKiller/GAME FOLDER/Content/DONT_USE/Characters/Mannequins/Textures/Manny/T_Manny_02_ASAOPMASK_MSK.uasset" 1552
"D:/GitHub/CutyKiller/GAME FOLDER/Content/DONT_USE/Characters/Mannequins/Textures/Manny/T_Manny_02_ASAOPMASK_MSK.uexp" 1553
"D:/GitHub/CutyKiller/GAME FOLDER/Content/DONT_USE/Characters/Mannequins/Textures/Manny/T_Manny_02_MSR_MSK.ubulk" 1554
"D:/GitHub/CutyKiller/GAME FOLDER/Content/DONT_USE/Characters/Mannequins/Textures/Manny/T_Manny_02_MSR_MSK.uasset" 1555
"D:/GitHub/CutyKiller/GAME FOLDER/Content/DONT_USE/Characters/Mannequins/Textures/Manny/T_Manny_02_MSR_MSK.uexp" 1556
"D:/GitHub/CutyKiller/GAME FOLDER/Content/DONT_USE/Characters/Mannequins/Textures/Manny/T_Manny_02_D.ubulk" 1557
"D:/GitHub/CutyKiller/GAME FOLDER/Content/DONT_USE/Characters/Mannequins/Textures/Manny/T_Manny_02_D.uasset" 1558
"D:/GitHub/CutyKiller/GAME FOLDER/Content/DONT_USE/Characters/Mannequins/Textures/Manny/T_Manny_02_D.uexp" 1559
"D:/GitHub/CutyKiller/GAME FOLDER/Content/DONT_USE/Characters/Mannequins/Textures/Manny/T_Manny_02_CCRCCPlastic_MSK.ubulk" 1560
"D:/GitHub/CutyKiller/GAME FOLDER/Content/DONT_USE/Characters/Mannequins/Textures/Manny/T_Manny_02_CCRCCPlastic_MSK.uasset" 1561
"D:/GitHub/CutyKiller/GAME FOLDER/Content/DONT_USE/Characters/Mannequins/Textures/Manny/T_Manny_02_CCRCCPlastic_MSK.uexp" 1562
"D:/GitHub/CutyKiller/GAME FOLDER/Content/DONT_USE/Characters/Mannequins/Textures/Manny/T_Manny_02_N.ubulk" 1563
"D:/GitHub/CutyKiller/GAME FOLDER/Content/DONT_USE/Characters/Mannequins/Textures/Manny/T_Manny_02_N.uasset" 1564
"D:/GitHub/CutyKiller/GAME FOLDER/Content/DONT_USE/Characters/Mannequins/Textures/Manny/T_Manny_02_N.uexp" 1565
"D:/GitHub/CutyKiller/GAME FOLDER/Content/DONT_USE/Characters/Mannequins/Textures/Manny/T_Manny_02_BN.ubulk" 1566
"D:/GitHub/CutyKiller/GAME FOLDER/Content/DONT_USE/Characters/Mannequins/Textures/Manny/T_Manny_02_BN.uasset" 1567
"D:/GitHub/CutyKiller/GAME FOLDER/Content/DONT_USE/Characters/Mannequins/Textures/Manny/T_Manny_02_BN.uexp" 1568
"D:/GitHub/CutyKiller/GAME FOLDER/Content/DONT_USE/Characters/Mannequins/Materials/Instances/Manny/MI_Manny_01.uasset" 1569
"D:/GitHub/CutyKiller/GAME FOLDER/Content/DONT_USE/Characters/Mannequins/Materials/Instances/Manny/MI_Manny_01.uexp" 1570
"D:/GitHub/CutyKiller/GAME FOLDER/Content/DONT_USE/Characters/Mannequins/Textures/Manny/T_Manny_02_Tan.ubulk" 1571
"D:/GitHub/CutyKiller/GAME FOLDER/Content/DONT_USE/Characters/Mannequins/Textures/Manny/T_Manny_02_Tan.uasset" 1572
"D:/GitHub/CutyKiller/GAME FOLDER/Content/DONT_USE/Characters/Mannequins/Textures/Manny/T_Manny_02_Tan.uexp" 1573
"D:/GitHub/CutyKiller/GAME FOLDER/Content/DONT_USE/Characters/Mannequins/Materials/Instances/Manny/MI_Manny_02.uasset" 1574
"D:/GitHub/CutyKiller/GAME FOLDER/Content/DONT_USE/Characters/Mannequins/Materials/Instances/Manny/MI_Manny_02.uexp" 1575
"D:/GitHub/CutyKiller/GAME FOLDER/Content/DONT_USE/Characters/Mannequins/Meshes/SKM_Manny.uasset" 1576
"D:/GitHub/CutyKiller/GAME FOLDER/Content/DONT_USE/Characters/Mannequins/Meshes/SKM_Manny.uexp" 1577
"D:/GitHub/CutyKiller/GAME FOLDER/Content/DONT_USE/Characters/Mannequins/Rigs/IK_Mannequin.uasset" 1578
"D:/GitHub/CutyKiller/GAME FOLDER/Content/DONT_USE/Characters/Mannequins/Rigs/IK_Mannequin.uexp" 1579
"D:/GitHub/CutyKiller/GAME FOLDER/Content/DONT_USE/Characters/Mannequin_UE4/Rigs/RTG_UE5Manny_UE4Manny.uasset" 1580
"D:/GitHub/CutyKiller/GAME FOLDER/Content/DONT_USE/Characters/Mannequin_UE4/Rigs/RTG_UE5Manny_UE4Manny.uexp" 1581
"D:/GitHub/CutyKiller/GAME FOLDER/Content/DONT_USE/Characters/Mannequin_UE4/Rigs/RTG_UE4Manny_UE5Manny.uasset" 1582
"D:/GitHub/CutyKiller/GAME FOLDER/Content/DONT_USE/Characters/Mannequin_UE4/Rigs/RTG_UE4Manny_UE5Manny.uexp" 1583
"D:/GitHub/CutyKiller/GAME FOLDER/Content/DONT_USE/Characters/Mannequin_UE4/Animations/Jog_Fwd.uasset" 1584
"D:/GitHub/CutyKiller/GAME FOLDER/Content/DONT_USE/Characters/Mannequin_UE4/Animations/Jog_Fwd.uexp" 1585
"D:/GitHub/CutyKiller/GAME FOLDER/Content/DONT_USE/Characters/Mannequins/Rigs/RTG_Mannequin.uasset" 1586
"D:/GitHub/CutyKiller/GAME FOLDER/Content/DONT_USE/Characters/Mannequins/Rigs/RTG_Mannequin.uexp" 1587
"../../../Engine/Content/MobileResources/HUD/VirtualJoystick_Background.uasset" 1588
"../../../Engine/Content/MobileResources/HUD/VirtualJoystick_Background.uexp" 1589
"../../../Engine/Content/MobileResources/HUD/VirtualJoystick_Thumb.uasset" 1590
"../../../Engine/Content/MobileResources/HUD/VirtualJoystick_Thumb.uexp" 1591
"../../../Engine/Content/MobileResources/HUD/DefaultVirtualJoysticks.uasset" 1592
"../../../Engine/Content/MobileResources/HUD/DefaultVirtualJoysticks.uexp" 1593
"D:/GitHub/CutyKiller/GAME FOLDER/Content/DONT_USE/Characters/Mannequins/Rigs/Poses/Quinn/Quinn_lowerarm_r_anim.uasset" 1594
"D:/GitHub/CutyKiller/GAME FOLDER/Content/DONT_USE/Characters/Mannequins/Rigs/Poses/Quinn/Quinn_lowerarm_r_anim.uexp" 1595
"D:/GitHub/CutyKiller/GAME FOLDER/Content/DONT_USE/Characters/Mannequins/Rigs/Poses/Quinn/Quinn_lowerarm_r_pose.uasset" 1596
"D:/GitHub/CutyKiller/GAME FOLDER/Content/DONT_USE/Characters/Mannequins/Rigs/Poses/Quinn/Quinn_lowerarm_r_pose.uexp" 1597
"D:/GitHub/CutyKiller/GAME FOLDER/Content/DONT_USE/Characters/Mannequins/Rigs/Poses/Quinn/Quinn_hand_l_anim.uasset" 1598
"D:/GitHub/CutyKiller/GAME FOLDER/Content/DONT_USE/Characters/Mannequins/Rigs/Poses/Quinn/Quinn_hand_l_anim.uexp" 1599
"D:/GitHub/CutyKiller/GAME FOLDER/Content/DONT_USE/Characters/Mannequins/Rigs/Poses/Quinn/Quinn_hand_l_pose.uasset" 1600
"D:/GitHub/CutyKiller/GAME FOLDER/Content/DONT_USE/Characters/Mannequins/Rigs/Poses/Quinn/Quinn_hand_l_pose.uexp" 1601
"D:/GitHub/CutyKiller/GAME FOLDER/Content/DONT_USE/Characters/Mannequins/Rigs/Poses/Quinn/Quinn_calf_l_anim.uasset" 1602
"D:/GitHub/CutyKiller/GAME FOLDER/Content/DONT_USE/Characters/Mannequins/Rigs/Poses/Quinn/Quinn_calf_l_anim.uexp" 1603
"D:/GitHub/CutyKiller/GAME FOLDER/Content/DONT_USE/Characters/Mannequins/Rigs/Poses/Quinn/Quinn_calf_l_pose.uasset" 1604
"D:/GitHub/CutyKiller/GAME FOLDER/Content/DONT_USE/Characters/Mannequins/Rigs/Poses/Quinn/Quinn_calf_l_pose.uexp" 1605
"D:/GitHub/CutyKiller/GAME FOLDER/Content/DONT_USE/Characters/Mannequins/Rigs/Poses/Quinn/Quinn_thigh_r_anim.uasset" 1606
"D:/GitHub/CutyKiller/GAME FOLDER/Content/DONT_USE/Characters/Mannequins/Rigs/Poses/Quinn/Quinn_thigh_r_anim.uexp" 1607
"D:/GitHub/CutyKiller/GAME FOLDER/Content/DONT_USE/Characters/Mannequins/Rigs/Poses/Quinn/Quinn_thigh_r_pose.uasset" 1608
"D:/GitHub/CutyKiller/GAME FOLDER/Content/DONT_USE/Characters/Mannequins/Rigs/Poses/Quinn/Quinn_thigh_r_pose.uexp" 1609
"D:/GitHub/CutyKiller/GAME FOLDER/Content/DONT_USE/Characters/Mannequins/Rigs/Poses/Quinn/Quinn_clavicle_l_anim.uasset" 1610
"D:/GitHub/CutyKiller/GAME FOLDER/Content/DONT_USE/Characters/Mannequins/Rigs/Poses/Quinn/Quinn_clavicle_l_anim.uexp" 1611
"D:/GitHub/CutyKiller/GAME FOLDER/Content/DONT_USE/Characters/Mannequins/Rigs/Poses/Quinn/Quinn_clavicle_l_pose.uasset" 1612
"D:/GitHub/CutyKiller/GAME FOLDER/Content/DONT_USE/Characters/Mannequins/Rigs/Poses/Quinn/Quinn_clavicle_l_pose.uexp" 1613
"D:/GitHub/CutyKiller/GAME FOLDER/Content/DONT_USE/Characters/Mannequins/Rigs/Poses/Quinn/Quinn_upperarm_r_anim.uasset" 1614
"D:/GitHub/CutyKiller/GAME FOLDER/Content/DONT_USE/Characters/Mannequins/Rigs/Poses/Quinn/Quinn_upperarm_r_anim.uexp" 1615
"D:/GitHub/CutyKiller/GAME FOLDER/Content/DONT_USE/Characters/Mannequins/Rigs/Poses/Quinn/Quinn_upperarm_r_pose.uasset" 1616
"D:/GitHub/CutyKiller/GAME FOLDER/Content/DONT_USE/Characters/Mannequins/Rigs/Poses/Quinn/Quinn_upperarm_r_pose.uexp" 1617
"D:/GitHub/CutyKiller/GAME FOLDER/Content/DONT_USE/Characters/Mannequins/Rigs/Poses/Quinn/Quinn_thigh_l_anim.uasset" 1618
"D:/GitHub/CutyKiller/GAME FOLDER/Content/DONT_USE/Characters/Mannequins/Rigs/Poses/Quinn/Quinn_thigh_l_anim.uexp" 1619
"D:/GitHub/CutyKiller/GAME FOLDER/Content/DONT_USE/Characters/Mannequins/Rigs/Poses/Quinn/Quinn_thigh_l_pose.uasset" 1620
"D:/GitHub/CutyKiller/GAME FOLDER/Content/DONT_USE/Characters/Mannequins/Rigs/Poses/Quinn/Quinn_thigh_l_pose.uexp" 1621
"D:/GitHub/CutyKiller/GAME FOLDER/Content/DONT_USE/Characters/Mannequins/Rigs/Poses/Quinn/Quinn_clavicle_r_anim.uasset" 1622
"D:/GitHub/CutyKiller/GAME FOLDER/Content/DONT_USE/Characters/Mannequins/Rigs/Poses/Quinn/Quinn_clavicle_r_anim.uexp" 1623
"D:/GitHub/CutyKiller/GAME FOLDER/Content/DONT_USE/Characters/Mannequins/Rigs/Poses/Quinn/Quinn_clavicle_r_pose.uasset" 1624
"D:/GitHub/CutyKiller/GAME FOLDER/Content/DONT_USE/Characters/Mannequins/Rigs/Poses/Quinn/Quinn_clavicle_r_pose.uexp" 1625
"D:/GitHub/CutyKiller/GAME FOLDER/Content/DONT_USE/Characters/Mannequins/Rigs/Poses/Quinn/Quinn_calf_r_anim.uasset" 1626
"D:/GitHub/CutyKiller/GAME FOLDER/Content/DONT_USE/Characters/Mannequins/Rigs/Poses/Quinn/Quinn_calf_r_anim.uexp" 1627
"D:/GitHub/CutyKiller/GAME FOLDER/Content/DONT_USE/Characters/Mannequins/Rigs/Poses/Quinn/Quinn_calf_r_pose.uasset" 1628
"D:/GitHub/CutyKiller/GAME FOLDER/Content/DONT_USE/Characters/Mannequins/Rigs/Poses/Quinn/Quinn_calf_r_pose.uexp" 1629
"D:/GitHub/CutyKiller/GAME FOLDER/Content/DONT_USE/Characters/Mannequins/Rigs/Poses/Quinn/Quinn_foot_r_anim.uasset" 1630
"D:/GitHub/CutyKiller/GAME FOLDER/Content/DONT_USE/Characters/Mannequins/Rigs/Poses/Quinn/Quinn_foot_r_anim.uexp" 1631
"D:/GitHub/CutyKiller/GAME FOLDER/Content/DONT_USE/Characters/Mannequins/Rigs/Poses/Quinn/Quinn_foot_r_pose.uasset" 1632
"D:/GitHub/CutyKiller/GAME FOLDER/Content/DONT_USE/Characters/Mannequins/Rigs/Poses/Quinn/Quinn_foot_r_pose.uexp" 1633
"D:/GitHub/CutyKiller/GAME FOLDER/Content/DONT_USE/Characters/Mannequins/Rigs/Poses/Quinn/Quinn_hand_r_anim.uasset" 1634
"D:/GitHub/CutyKiller/GAME FOLDER/Content/DONT_USE/Characters/Mannequins/Rigs/Poses/Quinn/Quinn_hand_r_anim.uexp" 1635
"D:/GitHub/CutyKiller/GAME FOLDER/Content/DONT_USE/Characters/Mannequins/Rigs/Poses/Quinn/Quinn_hand_r_pose.uasset" 1636
"D:/GitHub/CutyKiller/GAME FOLDER/Content/DONT_USE/Characters/Mannequins/Rigs/Poses/Quinn/Quinn_hand_r_pose.uexp" 1637
"D:/GitHub/CutyKiller/GAME FOLDER/Content/DONT_USE/Characters/Mannequins/Rigs/Poses/Quinn/Quinn_upperarm_l_anim.uasset" 1638
"D:/GitHub/CutyKiller/GAME FOLDER/Content/DONT_USE/Characters/Mannequins/Rigs/Poses/Quinn/Quinn_upperarm_l_anim.uexp" 1639
"D:/GitHub/CutyKiller/GAME FOLDER/Content/DONT_USE/Characters/Mannequins/Rigs/Poses/Quinn/Quinn_upperarm_l_pose.uasset" 1640
"D:/GitHub/CutyKiller/GAME FOLDER/Content/DONT_USE/Characters/Mannequins/Rigs/Poses/Quinn/Quinn_upperarm_l_pose.uexp" 1641
"D:/GitHub/CutyKiller/GAME FOLDER/Content/DONT_USE/Characters/Mannequins/Rigs/Poses/Quinn/Quinn_foot_l_anim.uasset" 1642
"D:/GitHub/CutyKiller/GAME FOLDER/Content/DONT_USE/Characters/Mannequins/Rigs/Poses/Quinn/Quinn_foot_l_anim.uexp" 1643
"D:/GitHub/CutyKiller/GAME FOLDER/Content/DONT_USE/Characters/Mannequins/Rigs/Poses/Quinn/Quinn_foot_l_pose.uasset" 1644
"D:/GitHub/CutyKiller/GAME FOLDER/Content/DONT_USE/Characters/Mannequins/Rigs/Poses/Quinn/Quinn_foot_l_pose.uexp" 1645
"D:/GitHub/CutyKiller/GAME FOLDER/Content/DONT_USE/Characters/Mannequins/Rigs/Poses/Quinn/Quinn_lowerarm_l_anim.uasset" 1646
"D:/GitHub/CutyKiller/GAME FOLDER/Content/DONT_USE/Characters/Mannequins/Rigs/Poses/Quinn/Quinn_lowerarm_l_anim.uexp" 1647
"D:/GitHub/CutyKiller/GAME FOLDER/Content/DONT_USE/Characters/Mannequins/Rigs/Poses/Quinn/Quinn_lowerarm_l_pose.uasset" 1648
"D:/GitHub/CutyKiller/GAME FOLDER/Content/DONT_USE/Characters/Mannequins/Rigs/Poses/Quinn/Quinn_lowerarm_l_pose.uexp" 1649
"D:/GitHub/CutyKiller/GAME FOLDER/Content/DONT_USE/Characters/Mannequins/Rigs/ABP_Quinn_PostProcess.uasset" 1650
"D:/GitHub/CutyKiller/GAME FOLDER/Content/DONT_USE/Characters/Mannequins/Rigs/ABP_Quinn_PostProcess.uexp" 1651
"D:/GitHub/CutyKiller/GAME FOLDER/Content/DONT_USE/Characters/Mannequins/Meshes/SKM_Quinn.uasset" 1652
"D:/GitHub/CutyKiller/GAME FOLDER/Content/DONT_USE/Characters/Mannequins/Meshes/SKM_Quinn.uexp" 1653
"D:/GitHub/CutyKiller/GAME FOLDER/Content/DONT_USE/Characters/Mannequins/Meshes/SKM_Manny_Simple.uasset" 1654
"D:/GitHub/CutyKiller/GAME FOLDER/Content/DONT_USE/Characters/Mannequins/Meshes/SKM_Manny_Simple.uexp" 1655
"D:/GitHub/CutyKiller/GAME FOLDER/Content/DONT_USE/Characters/Mannequins/Meshes/Mannequin_LODSettings.uasset" 1656
"D:/GitHub/CutyKiller/GAME FOLDER/Content/DONT_USE/Characters/Mannequins/Meshes/Mannequin_LODSettings.uexp" 1657
"D:/GitHub/CutyKiller/GAME FOLDER/Content/DONT_USE/Weapon_Pack/Mesh/Weapons/Weapons_Kit/SM_Sword.ubulk" 1658
"D:/GitHub/CutyKiller/GAME FOLDER/Content/DONT_USE/Weapon_Pack/Mesh/Weapons/Weapons_Kit/SM_Sword.uasset" 1659
"D:/GitHub/CutyKiller/GAME FOLDER/Content/DONT_USE/Weapon_Pack/Mesh/Weapons/Weapons_Kit/SM_Sword.uexp" 1660
"D:/GitHub/CutyKiller/GAME FOLDER/Content/Blueprints/Sword.uasset" 1661
"D:/GitHub/CutyKiller/GAME FOLDER/Content/Blueprints/Sword.uexp" 1662
"D:/GitHub/CutyKiller/GAME FOLDER/Content/DONT_USE/LPSDeluxe2TropicalEnvironment/LPSD2_Materials/Materials/Master_Color_Instances/MI_Color_Caramel_2.uasset" 1663
"D:/GitHub/CutyKiller/GAME FOLDER/Content/DONT_USE/LPSDeluxe2TropicalEnvironment/LPSD2_Materials/Materials/Master_Color_Instances/MI_Color_Caramel_2.uexp" 1664
"D:/GitHub/CutyKiller/GAME FOLDER/Content/DONT_USE/LPSDeluxe2TropicalEnvironment/LPSD2_Meshes/Pirate/SM_BarrellTap_1.ubulk" 1665
"D:/GitHub/CutyKiller/GAME FOLDER/Content/DONT_USE/LPSDeluxe2TropicalEnvironment/LPSD2_Meshes/Pirate/SM_BarrellTap_1.uasset" 1666
"D:/GitHub/CutyKiller/GAME FOLDER/Content/DONT_USE/LPSDeluxe2TropicalEnvironment/LPSD2_Meshes/Pirate/SM_BarrellTap_1.uexp" 1667
"D:/GitHub/CutyKiller/GAME FOLDER/Content/Blueprints/ff.uasset" 1668
"D:/GitHub/CutyKiller/GAME FOLDER/Content/Blueprints/ff.uexp" 1669
"D:/GitHub/CutyKiller/GAME FOLDER/Content/Blueprints/ExplosionAreaField.uasset" 1670
"D:/GitHub/CutyKiller/GAME FOLDER/Content/Blueprints/ExplosionAreaField.uexp" 1671
"D:/GitHub/CutyKiller/GAME FOLDER/Content/DONT_USE/LPSDeluxe2TropicalEnvironment/LPSD2_Meshes/Pirate/SM_PirateChest_1.ubulk" 1672
"D:/GitHub/CutyKiller/GAME FOLDER/Content/DONT_USE/LPSDeluxe2TropicalEnvironment/LPSD2_Meshes/Pirate/SM_PirateChest_1.uasset" 1673
"D:/GitHub/CutyKiller/GAME FOLDER/Content/DONT_USE/LPSDeluxe2TropicalEnvironment/LPSD2_Meshes/Pirate/SM_PirateChest_1.uexp" 1674
"D:/GitHub/CutyKiller/GAME FOLDER/Content/ChaosMesh/SM_PirateChest_3_GeometryCollection.uasset" 1675
"D:/GitHub/CutyKiller/GAME FOLDER/Content/ChaosMesh/SM_PirateChest_3_GeometryCollection.uexp" 1676
"D:/GitHub/CutyKiller/GAME FOLDER/Content/Blueprints/BPChaosTrap.uasset" 1677
"D:/GitHub/CutyKiller/GAME FOLDER/Content/Blueprints/BPChaosTrap.uexp" 1678
"D:/GitHub/CutyKiller/GAME FOLDER/Content/Animation/Walking.uasset" 1679
"D:/GitHub/CutyKiller/GAME FOLDER/Content/Animation/Walking.uexp" 1680
"D:/GitHub/CutyKiller/GAME FOLDER/Content/Animation/Standing_React_Small_From_Headshot.uasset" 1681
"D:/GitHub/CutyKiller/GAME FOLDER/Content/Animation/Standing_React_Small_From_Headshot.uexp" 1682
"D:/GitHub/CutyKiller/GAME FOLDER/Content/Animation/Flying_Back_Death.uasset" 1683
"D:/GitHub/CutyKiller/GAME FOLDER/Content/Animation/Flying_Back_Death.uexp" 1684
"D:/GitHub/CutyKiller/GAME FOLDER/Content/Animation/Standing_React_Small_From_Front.uasset" 1685
"D:/GitHub/CutyKiller/GAME FOLDER/Content/Animation/Standing_React_Small_From_Front.uexp" 1686
"D:/GitHub/CutyKiller/GAME FOLDER/Content/Blueprints/AI/BPAnimEnemy.uasset" 1687
"D:/GitHub/CutyKiller/GAME FOLDER/Content/Blueprints/AI/BPAnimEnemy.uexp" 1688
"D:/GitHub/CutyKiller/GAME FOLDER/Content/Blueprints/AI/FindRandomDestination.uasset" 1689
"D:/GitHub/CutyKiller/GAME FOLDER/Content/Blueprints/AI/FindRandomDestination.uexp" 1690
"D:/GitHub/CutyKiller/GAME FOLDER/Content/Blueprints/AI/CheckHit.uasset" 1691
"D:/GitHub/CutyKiller/GAME FOLDER/Content/Blueprints/AI/CheckHit.uexp" 1692
"D:/GitHub/CutyKiller/GAME FOLDER/Content/Blueprints/AI/resetObj.uasset" 1693
"D:/GitHub/CutyKiller/GAME FOLDER/Content/Blueprints/AI/resetObj.uexp" 1694
"D:/GitHub/CutyKiller/GAME FOLDER/Content/Blueprints/AI/BBEnemy.uasset" 1695
"D:/GitHub/CutyKiller/GAME FOLDER/Content/Blueprints/AI/BBEnemy.uexp" 1696
"D:/GitHub/CutyKiller/GAME FOLDER/Content/Blueprints/AI/GetTargetImportantLocation.uasset" 1697
"D:/GitHub/CutyKiller/GAME FOLDER/Content/Blueprints/AI/GetTargetImportantLocation.uexp" 1698
"D:/GitHub/CutyKiller/GAME FOLDER/Content/Blueprints/AI/BTEnemy.uasset" 1699
"D:/GitHub/CutyKiller/GAME FOLDER/Content/Blueprints/AI/BTEnemy.uexp" 1700
"D:/GitHub/CutyKiller/GAME FOLDER/Content/Blueprints/AI/EnemyController.uasset" 1701
"D:/GitHub/CutyKiller/GAME FOLDER/Content/Blueprints/AI/EnemyController.uexp" 1702
"D:/GitHub/CutyKiller/GAME FOLDER/Content/Blueprints/AI/Enemy.uasset" 1703
"D:/GitHub/CutyKiller/GAME FOLDER/Content/Blueprints/AI/Enemy.uexp" 1704
"D:/GitHub/CutyKiller/GAME FOLDER/Content/Blueprints/ChestTrap.uasset" 1705
"D:/GitHub/CutyKiller/GAME FOLDER/Content/Blueprints/ChestTrap.uexp" 1706
"D:/GitHub/CutyKiller/GAME FOLDER/Content/DONT_USE/Characters/Mannequins/Meshes/SKM_Quinn_Simple.uasset" 1707
"D:/GitHub/CutyKiller/GAME FOLDER/Content/DONT_USE/Characters/Mannequins/Meshes/SKM_Quinn_Simple.uexp" 1708
"D:/GitHub/CutyKiller/GAME FOLDER/Content/DONT_USE/Characters/Mannequins/Animations/Quinn/MF_Idle.uasset" 1709
"D:/GitHub/CutyKiller/GAME FOLDER/Content/DONT_USE/Characters/Mannequins/Animations/Quinn/MF_Idle.uexp" 1710
"D:/GitHub/CutyKiller/GAME FOLDER/Content/DONT_USE/Characters/Mannequins/Animations/Manny/MM_Walk_Fwd.uasset" 1711
"D:/GitHub/CutyKiller/GAME FOLDER/Content/DONT_USE/Characters/Mannequins/Animations/Manny/MM_Walk_Fwd.uexp" 1712
"D:/GitHub/CutyKiller/GAME FOLDER/Content/DONT_USE/Characters/Mannequins/Animations/Manny/MM_Run_Fwd.uasset" 1713
"D:/GitHub/CutyKiller/GAME FOLDER/Content/DONT_USE/Characters/Mannequins/Animations/Manny/MM_Run_Fwd.uexp" 1714
"../../../Engine/Content/Animation/DefaultRecorderBoneCompression.uasset" 1715
"../../../Engine/Content/Animation/DefaultRecorderBoneCompression.uexp" 1716
"D:/GitHub/CutyKiller/GAME FOLDER/Content/DONT_USE/Characters/Mannequins/Animations/Manny/MM_Walk_InPlace.uasset" 1717
"D:/GitHub/CutyKiller/GAME FOLDER/Content/DONT_USE/Characters/Mannequins/Animations/Manny/MM_Walk_InPlace.uexp" 1718
"D:/GitHub/CutyKiller/GAME FOLDER/Content/DONT_USE/Characters/Mannequins/Animations/Manny/BS_MM_WalkRun.uasset" 1719
"D:/GitHub/CutyKiller/GAME FOLDER/Content/DONT_USE/Characters/Mannequins/Animations/Manny/BS_MM_WalkRun.uexp" 1720
"D:/GitHub/CutyKiller/GAME FOLDER/Content/DONT_USE/Characters/Mannequins/Animations/Manny/MM_Land.uasset" 1721
"D:/GitHub/CutyKiller/GAME FOLDER/Content/DONT_USE/Characters/Mannequins/Animations/Manny/MM_Land.uexp" 1722
"D:/GitHub/CutyKiller/GAME FOLDER/Content/Characters/Mannequins/Rigs/CR_Mannequin_BasicFootIK.uasset" 1723
"D:/GitHub/CutyKiller/GAME FOLDER/Content/Characters/Mannequins/Rigs/CR_Mannequin_BasicFootIK.uexp" 1724
"D:/GitHub/CutyKiller/GAME FOLDER/Content/DONT_USE/Characters/Mannequins/Rigs/CR_Mannequin_BasicFootIK.uasset" 1725
"D:/GitHub/CutyKiller/GAME FOLDER/Content/DONT_USE/Characters/Mannequins/Rigs/CR_Mannequin_BasicFootIK.uexp" 1726
"D:/GitHub/CutyKiller/GAME FOLDER/Content/DONT_USE/Characters/Mannequins/Animations/Manny/MM_Fall_Loop.uasset" 1727
"D:/GitHub/CutyKiller/GAME FOLDER/Content/DONT_USE/Characters/Mannequins/Animations/Manny/MM_Fall_Loop.uexp" 1728
"D:/GitHub/CutyKiller/GAME FOLDER/Content/DONT_USE/Characters/Mannequins/Animations/Manny/MM_Jump.uasset" 1729
"D:/GitHub/CutyKiller/GAME FOLDER/Content/DONT_USE/Characters/Mannequins/Animations/Manny/MM_Jump.uexp" 1730
"D:/GitHub/CutyKiller/GAME FOLDER/Content/DONT_USE/Characters/Mannequins/Animations/Manny/MM_Idle.uasset" 1731
"D:/GitHub/CutyKiller/GAME FOLDER/Content/DONT_USE/Characters/Mannequins/Animations/Manny/MM_Idle.uexp" 1732
"D:/GitHub/CutyKiller/GAME FOLDER/Content/DONT_USE/Characters/Mannequins/Animations/ABP_Manny.uasset" 1733
"D:/GitHub/CutyKiller/GAME FOLDER/Content/DONT_USE/Characters/Mannequins/Animations/ABP_Manny.uexp" 1734
"D:/GitHub/CutyKiller/GAME FOLDER/Content/DONT_USE/Characters/Mannequins/Animations/Quinn/MF_Walk_Fwd.uasset" 1735
"D:/GitHub/CutyKiller/GAME FOLDER/Content/DONT_USE/Characters/Mannequins/Animations/Quinn/MF_Walk_Fwd.uexp" 1736
"D:/GitHub/CutyKiller/GAME FOLDER/Content/DONT_USE/Characters/Mannequins/Animations/Quinn/MF_Run_Fwd.uasset" 1737
"D:/GitHub/CutyKiller/GAME FOLDER/Content/DONT_USE/Characters/Mannequins/Animations/Quinn/MF_Run_Fwd.uexp" 1738
"D:/GitHub/CutyKiller/GAME FOLDER/Content/DONT_USE/Characters/Mannequins/Animations/Quinn/BS_MF_Unarmed_WalkRun.uasset" 1739
"D:/GitHub/CutyKiller/GAME FOLDER/Content/DONT_USE/Characters/Mannequins/Animations/Quinn/BS_MF_Unarmed_WalkRun.uexp" 1740
"D:/GitHub/CutyKiller/GAME FOLDER/Content/DONT_USE/Characters/Mannequins/Animations/ABP_Quinn.uasset" 1741
"D:/GitHub/CutyKiller/GAME FOLDER/Content/DONT_USE/Characters/Mannequins/Animations/ABP_Quinn.uexp" 1742
"D:/GitHub/CutyKiller/GAME FOLDER/Content/Blueprints/TEST_Character/TESTBase.uasset" 1743
"D:/GitHub/CutyKiller/GAME FOLDER/Content/Blueprints/TEST_Character/TESTBase.uexp" 1744
"../../../Engine/Content/Tutorial/ContentIntroCurve.uasset" 1745
"../../../Engine/Content/Tutorial/ContentIntroCurve.uexp" 1746
"../../../Engine/Content/VREditor/TransformGizmo/Main.uasset" 1747
"../../../Engine/Content/VREditor/TransformGizmo/Main.uexp" 1748
"../../../Engine/Content/VREditor/TransformGizmo/Xray.uasset" 1749
"../../../Engine/Content/VREditor/TransformGizmo/Xray.uexp" 1750
"../../../Engine/Content/VREditor/TransformGizmo/SM_Sequencer_Node.ubulk" 1751
"../../../Engine/Content/VREditor/TransformGizmo/SM_Sequencer_Node.uasset" 1752
"../../../Engine/Content/VREditor/TransformGizmo/SM_Sequencer_Node.uexp" 1753
"../../../Engine/Content/VREditor/LaserPointer/VR_LaserPower_01.ubulk" 1754
"../../../Engine/Content/VREditor/LaserPointer/VR_LaserPower_01.uasset" 1755
"../../../Engine/Content/VREditor/LaserPointer/VR_LaserPower_01.uexp" 1756
"../../../Engine/Content/VREditor/TransformGizmo/TransformGizmoMaterial.uasset" 1757
"../../../Engine/Content/VREditor/TransformGizmo/TransformGizmoMaterial.uexp" 1758
"../../../Engine/Content/VREditor/TransformGizmo/TranslucentTransformGizmoMaterial.uasset" 1759
"../../../Engine/Content/VREditor/TransformGizmo/TranslucentTransformGizmoMaterial.uexp" 1760
"../../../Engine/Content/VREditor/TransformGizmo/PlaneTranslationHandle.ubulk" 1761
"../../../Engine/Content/VREditor/TransformGizmo/PlaneTranslationHandle.uasset" 1762
"../../../Engine/Content/VREditor/TransformGizmo/PlaneTranslationHandle.uexp" 1763
"../../../Engine/Content/VREditor/TransformGizmo/BoundingBoxEdge.ubulk" 1764
"../../../Engine/Content/VREditor/TransformGizmo/BoundingBoxEdge.uasset" 1765
"../../../Engine/Content/VREditor/TransformGizmo/BoundingBoxEdge.uexp" 1766
"../../../Engine/Content/VREditor/TransformGizmo/BoundingBoxCorner.ubulk" 1767
"../../../Engine/Content/VREditor/TransformGizmo/BoundingBoxCorner.uasset" 1768
"../../../Engine/Content/VREditor/TransformGizmo/BoundingBoxCorner.uexp" 1769
"../../../Engine/Plugins/2D/Paper2D/Content/PlaceholderTextures/DummySpriteTexture.ubulk" 1770
"../../../Engine/Plugins/2D/Paper2D/Content/PlaceholderTextures/DummySpriteTexture.uasset" 1771
"../../../Engine/Plugins/2D/Paper2D/Content/PlaceholderTextures/DummySpriteTexture.uexp" 1772
"../../../Engine/Plugins/2D/Paper2D/Content/DefaultSpriteMaterial.uasset" 1773
"../../../Engine/Plugins/2D/Paper2D/Content/DefaultSpriteMaterial.uexp" 1774
"../../../Engine/Plugins/2D/Paper2D/Content/OpaqueUnlitSpriteMaterial.uasset" 1775
"../../../Engine/Plugins/2D/Paper2D/Content/OpaqueUnlitSpriteMaterial.uexp" 1776
"../../../Engine/Plugins/2D/Paper2D/Content/MaskedUnlitSpriteMaterial.uasset" 1777
"../../../Engine/Plugins/2D/Paper2D/Content/MaskedUnlitSpriteMaterial.uexp" 1778
"../../../Engine/Plugins/2D/Paper2D/Content/DummySprite.uasset" 1779
"../../../Engine/Plugins/2D/Paper2D/Content/DummySprite.uexp" 1780
"../../../Engine/Plugins/2D/Paper2D/Content/DefaultPaperTerrainMaterial.uasset" 1781
"../../../Engine/Plugins/2D/Paper2D/Content/DefaultPaperTerrainMaterial.uexp" 1782
"../../../Engine/Plugins/Animation/ControlRig/Content/M_Manip.uasset" 1783
"../../../Engine/Plugins/Animation/ControlRig/Content/M_Manip.uexp" 1784
"../../../Engine/Plugins/Animation/ControlRig/Content/Controls/DefaultGizmoLibraryNormalized.uasset" 1785
"../../../Engine/Plugins/Animation/ControlRig/Content/Controls/DefaultGizmoLibraryNormalized.uexp" 1786
"../../../Engine/Plugins/Animation/ControlRig/Content/Controls/ControlRig_Wedge_solid.ubulk" 1787
"../../../Engine/Plugins/Animation/ControlRig/Content/Controls/ControlRig_Wedge_solid.uasset" 1788
"../../../Engine/Plugins/Animation/ControlRig/Content/Controls/ControlRig_Wedge_solid.uexp" 1789
"../../../Engine/Plugins/Animation/ControlRig/Content/Controls/ControlRig_Wedge_3mm.ubulk" 1790
"../../../Engine/Plugins/Animation/ControlRig/Content/Controls/ControlRig_Wedge_3mm.uasset" 1791
"../../../Engine/Plugins/Animation/ControlRig/Content/Controls/ControlRig_Wedge_3mm.uexp" 1792
"../../../Engine/Plugins/Animation/ControlRig/Content/Controls/ControlRig_Wedge_1mm.ubulk" 1793
"../../../Engine/Plugins/Animation/ControlRig/Content/Controls/ControlRig_Wedge_1mm.uasset" 1794
"../../../Engine/Plugins/Animation/ControlRig/Content/Controls/ControlRig_Wedge_1mm.uexp" 1795
"../../../Engine/Plugins/Animation/ControlRig/Content/Controls/ControlRig_Triangle_solid.ubulk" 1796
"../../../Engine/Plugins/Animation/ControlRig/Content/Controls/ControlRig_Triangle_solid.uasset" 1797
"../../../Engine/Plugins/Animation/ControlRig/Content/Controls/ControlRig_Triangle_solid.uexp" 1798
"../../../Engine/Plugins/Animation/ControlRig/Content/Controls/ControlRig_Triangle_3mm.ubulk" 1799
"../../../Engine/Plugins/Animation/ControlRig/Content/Controls/ControlRig_Triangle_3mm.uasset" 1800
"../../../Engine/Plugins/Animation/ControlRig/Content/Controls/ControlRig_Triangle_3mm.uexp" 1801
"../../../Engine/Plugins/Animation/ControlRig/Content/Controls/ControlRig_Triangle_1mm.ubulk" 1802
"../../../Engine/Plugins/Animation/ControlRig/Content/Controls/ControlRig_Triangle_1mm.uasset" 1803
"../../../Engine/Plugins/Animation/ControlRig/Content/Controls/ControlRig_Triangle_1mm.uexp" 1804
"../../../Engine/Plugins/Animation/ControlRig/Content/Controls/ControlRig_Star4_solid.ubulk" 1805
"../../../Engine/Plugins/Animation/ControlRig/Content/Controls/ControlRig_Star4_solid.uasset" 1806
"../../../Engine/Plugins/Animation/ControlRig/Content/Controls/ControlRig_Star4_solid.uexp" 1807
"../../../Engine/Plugins/Animation/ControlRig/Content/Controls/ControlRig_Star4_3mm.ubulk" 1808
"../../../Engine/Plugins/Animation/ControlRig/Content/Controls/ControlRig_Star4_3mm.uasset" 1809
"../../../Engine/Plugins/Animation/ControlRig/Content/Controls/ControlRig_Star4_3mm.uexp" 1810
"../../../Engine/Plugins/Animation/ControlRig/Content/Controls/ControlRig_Star4_1mm.ubulk" 1811
"../../../Engine/Plugins/Animation/ControlRig/Content/Controls/ControlRig_Star4_1mm.uasset" 1812
"../../../Engine/Plugins/Animation/ControlRig/Content/Controls/ControlRig_Star4_1mm.uexp" 1813
"../../../Engine/Plugins/Animation/ControlRig/Content/Controls/ControlRig_Square_solid.ubulk" 1814
"../../../Engine/Plugins/Animation/ControlRig/Content/Controls/ControlRig_Square_solid.uasset" 1815
"../../../Engine/Plugins/Animation/ControlRig/Content/Controls/ControlRig_Square_solid.uexp" 1816
"../../../Engine/Plugins/Animation/ControlRig/Content/Controls/ControlRig_Square_3mm.ubulk" 1817
"../../../Engine/Plugins/Animation/ControlRig/Content/Controls/ControlRig_Square_3mm.uasset" 1818
"../../../Engine/Plugins/Animation/ControlRig/Content/Controls/ControlRig_Square_3mm.uexp" 1819
"../../../Engine/Plugins/Animation/ControlRig/Content/Controls/ControlRig_Square_1mm.ubulk" 1820
"../../../Engine/Plugins/Animation/ControlRig/Content/Controls/ControlRig_Square_1mm.uasset" 1821
"../../../Engine/Plugins/Animation/ControlRig/Content/Controls/ControlRig_Square_1mm.uexp" 1822
"../../../Engine/Plugins/Animation/ControlRig/Content/Controls/ControlRig_Sphere_solid.ubulk" 1823
"../../../Engine/Plugins/Animation/ControlRig/Content/Controls/ControlRig_Sphere_solid.uasset" 1824
"../../../Engine/Plugins/Animation/ControlRig/Content/Controls/ControlRig_Sphere_solid.uexp" 1825
"../../../Engine/Plugins/Animation/ControlRig/Content/Controls/ControlRig_Sphere_3mm.ubulk" 1826
"../../../Engine/Plugins/Animation/ControlRig/Content/Controls/ControlRig_Sphere_3mm.uasset" 1827
"../../../Engine/Plugins/Animation/ControlRig/Content/Controls/ControlRig_Sphere_3mm.uexp" 1828
"../../../Engine/Plugins/Animation/ControlRig/Content/Controls/ControlRig_Sphere_1mm.ubulk" 1829
"../../../Engine/Plugins/Animation/ControlRig/Content/Controls/ControlRig_Sphere_1mm.uasset" 1830
"../../../Engine/Plugins/Animation/ControlRig/Content/Controls/ControlRig_Sphere_1mm.uexp" 1831
"../../../Engine/Plugins/Animation/ControlRig/Content/Controls/ControlRig_RoundedTriangle_solid.ubulk" 1832
"../../../Engine/Plugins/Animation/ControlRig/Content/Controls/ControlRig_RoundedTriangle_solid.uasset" 1833
"../../../Engine/Plugins/Animation/ControlRig/Content/Controls/ControlRig_RoundedTriangle_solid.uexp" 1834
"../../../Engine/Plugins/Animation/ControlRig/Content/Controls/ControlRig_RoundedTriangle_3mm.ubulk" 1835
"../../../Engine/Plugins/Animation/ControlRig/Content/Controls/ControlRig_RoundedTriangle_3mm.uasset" 1836
"../../../Engine/Plugins/Animation/ControlRig/Content/Controls/ControlRig_RoundedTriangle_3mm.uexp" 1837
"../../../Engine/Plugins/Animation/ControlRig/Content/Controls/ControlRig_RoundedTriangle_1mm.ubulk" 1838
"../../../Engine/Plugins/Animation/ControlRig/Content/Controls/ControlRig_RoundedTriangle_1mm.uasset" 1839
"../../../Engine/Plugins/Animation/ControlRig/Content/Controls/ControlRig_RoundedTriangle_1mm.uexp" 1840
"../../../Engine/Plugins/Animation/ControlRig/Content/Controls/ControlRig_RoundedSquare_solid.ubulk" 1841
"../../../Engine/Plugins/Animation/ControlRig/Content/Controls/ControlRig_RoundedSquare_solid.uasset" 1842
"../../../Engine/Plugins/Animation/ControlRig/Content/Controls/ControlRig_RoundedSquare_solid.uexp" 1843
"../../../Engine/Plugins/Animation/ControlRig/Content/Controls/ControlRig_RoundedSquare_3mm.ubulk" 1844
"../../../Engine/Plugins/Animation/ControlRig/Content/Controls/ControlRig_RoundedSquare_3mm.uasset" 1845
"../../../Engine/Plugins/Animation/ControlRig/Content/Controls/ControlRig_RoundedSquare_3mm.uexp" 1846
"../../../Engine/Plugins/Animation/ControlRig/Content/Controls/ControlRig_RoundedSquare_1mm.ubulk" 1847
"../../../Engine/Plugins/Animation/ControlRig/Content/Controls/ControlRig_RoundedSquare_1mm.uasset" 1848
"../../../Engine/Plugins/Animation/ControlRig/Content/Controls/ControlRig_RoundedSquare_1mm.uexp" 1849
"../../../Engine/Plugins/Animation/ControlRig/Content/Controls/ControlRig_QuarterCircle_solid.ubulk" 1850
"../../../Engine/Plugins/Animation/ControlRig/Content/Controls/ControlRig_QuarterCircle_solid.uasset" 1851
"../../../Engine/Plugins/Animation/ControlRig/Content/Controls/ControlRig_QuarterCircle_solid.uexp" 1852
"../../../Engine/Plugins/Animation/ControlRig/Content/Controls/ControlRig_QuarterCircle_3mm.ubulk" 1853
"../../../Engine/Plugins/Animation/ControlRig/Content/Controls/ControlRig_QuarterCircle_3mm.uasset" 1854
"../../../Engine/Plugins/Animation/ControlRig/Content/Controls/ControlRig_QuarterCircle_3mm.uexp" 1855
"../../../Engine/Plugins/Animation/ControlRig/Content/Controls/ControlRig_QuarterCircle_1mm.ubulk" 1856
"../../../Engine/Plugins/Animation/ControlRig/Content/Controls/ControlRig_QuarterCircle_1mm.uasset" 1857
"../../../Engine/Plugins/Animation/ControlRig/Content/Controls/ControlRig_QuarterCircle_1mm.uexp" 1858
"../../../Engine/Plugins/Animation/ControlRig/Content/Controls/ControlRig_Pyramid_solid.ubulk" 1859
"../../../Engine/Plugins/Animation/ControlRig/Content/Controls/ControlRig_Pyramid_solid.uasset" 1860
"../../../Engine/Plugins/Animation/ControlRig/Content/Controls/ControlRig_Pyramid_solid.uexp" 1861
"../../../Engine/Plugins/Animation/ControlRig/Content/Controls/ControlRig_Pyramid_3mm.ubulk" 1862
"../../../Engine/Plugins/Animation/ControlRig/Content/Controls/ControlRig_Pyramid_3mm.uasset" 1863
"../../../Engine/Plugins/Animation/ControlRig/Content/Controls/ControlRig_Pyramid_3mm.uexp" 1864
"../../../Engine/Plugins/Animation/ControlRig/Content/Controls/ControlRig_Pyramid_1mm.ubulk" 1865
"../../../Engine/Plugins/Animation/ControlRig/Content/Controls/ControlRig_Pyramid_1mm.uasset" 1866
"../../../Engine/Plugins/Animation/ControlRig/Content/Controls/ControlRig_Pyramid_1mm.uexp" 1867
"../../../Engine/Plugins/Animation/ControlRig/Content/Controls/ControlRig_Octagon_solid.ubulk" 1868
"../../../Engine/Plugins/Animation/ControlRig/Content/Controls/ControlRig_Octagon_solid.uasset" 1869
"../../../Engine/Plugins/Animation/ControlRig/Content/Controls/ControlRig_Octagon_solid.uexp" 1870
"../../../Engine/Plugins/Animation/ControlRig/Content/Controls/ControlRig_Octagon_3mm.ubulk" 1871
"../../../Engine/Plugins/Animation/ControlRig/Content/Controls/ControlRig_Octagon_3mm.uasset" 1872
"../../../Engine/Plugins/Animation/ControlRig/Content/Controls/ControlRig_Octagon_3mm.uexp" 1873
"../../../Engine/Plugins/Animation/ControlRig/Content/Controls/ControlRig_Octagon_1mm.ubulk" 1874
"../../../Engine/Plugins/Animation/ControlRig/Content/Controls/ControlRig_Octagon_1mm.uasset" 1875
"../../../Engine/Plugins/Animation/ControlRig/Content/Controls/ControlRig_Octagon_1mm.uexp" 1876
"../../../Engine/Plugins/Animation/ControlRig/Content/Controls/ControlRig_Hexagon_solid.ubulk" 1877
"../../../Engine/Plugins/Animation/ControlRig/Content/Controls/ControlRig_Hexagon_solid.uasset" 1878
"../../../Engine/Plugins/Animation/ControlRig/Content/Controls/ControlRig_Hexagon_solid.uexp" 1879
"../../../Engine/Plugins/Animation/ControlRig/Content/Controls/ControlRig_Hexagon_3mm.ubulk" 1880
"../../../Engine/Plugins/Animation/ControlRig/Content/Controls/ControlRig_Hexagon_3mm.uasset" 1881
"../../../Engine/Plugins/Animation/ControlRig/Content/Controls/ControlRig_Hexagon_3mm.uexp" 1882
"../../../Engine/Plugins/Animation/ControlRig/Content/Controls/ControlRig_Hexagon_1mm.ubulk" 1883
"../../../Engine/Plugins/Animation/ControlRig/Content/Controls/ControlRig_Hexagon_1mm.uasset" 1884
"../../../Engine/Plugins/Animation/ControlRig/Content/Controls/ControlRig_Hexagon_1mm.uexp" 1885
"../../../Engine/Plugins/Animation/ControlRig/Content/Controls/ControlRig_HalfCircle_solid.ubulk" 1886
"../../../Engine/Plugins/Animation/ControlRig/Content/Controls/ControlRig_HalfCircle_solid.uasset" 1887
"../../../Engine/Plugins/Animation/ControlRig/Content/Controls/ControlRig_HalfCircle_solid.uexp" 1888
"../../../Engine/Plugins/Animation/ControlRig/Content/Controls/ControlRig_HalfCircle_3mm.ubulk" 1889
"../../../Engine/Plugins/Animation/ControlRig/Content/Controls/ControlRig_HalfCircle_3mm.uasset" 1890
"../../../Engine/Plugins/Animation/ControlRig/Content/Controls/ControlRig_HalfCircle_3mm.uexp" 1891
"../../../Engine/Plugins/Animation/ControlRig/Content/Controls/ControlRig_HalfCircle_1mm.ubulk" 1892
"../../../Engine/Plugins/Animation/ControlRig/Content/Controls/ControlRig_HalfCircle_1mm.uasset" 1893
"../../../Engine/Plugins/Animation/ControlRig/Content/Controls/ControlRig_HalfCircle_1mm.uexp" 1894
"../../../Engine/Plugins/Animation/ControlRig/Content/Controls/ControlRig_Diamond_solid.ubulk" 1895
"../../../Engine/Plugins/Animation/ControlRig/Content/Controls/ControlRig_Diamond_solid.uasset" 1896
"../../../Engine/Plugins/Animation/ControlRig/Content/Controls/ControlRig_Diamond_solid.uexp" 1897
"../../../Engine/Plugins/Animation/ControlRig/Content/Controls/ControlRig_Diamond_3mm.ubulk" 1898
"../../../Engine/Plugins/Animation/ControlRig/Content/Controls/ControlRig_Diamond_3mm.uasset" 1899
"../../../Engine/Plugins/Animation/ControlRig/Content/Controls/ControlRig_Diamond_3mm.uexp" 1900
"../../../Engine/Plugins/Animation/ControlRig/Content/Controls/ControlRig_Diamond_1mm.ubulk" 1901
"../../../Engine/Plugins/Animation/ControlRig/Content/Controls/ControlRig_Diamond_1mm.uasset" 1902
"../../../Engine/Plugins/Animation/ControlRig/Content/Controls/ControlRig_Diamond_1mm.uexp" 1903
"../../../Engine/Plugins/Animation/ControlRig/Content/Controls/ControlRig_Circle_solid.ubulk" 1904
"../../../Engine/Plugins/Animation/ControlRig/Content/Controls/ControlRig_Circle_solid.uasset" 1905
"../../../Engine/Plugins/Animation/ControlRig/Content/Controls/ControlRig_Circle_solid.uexp" 1906
"../../../Engine/Plugins/Animation/ControlRig/Content/Controls/ControlRig_Circle_3mm.ubulk" 1907
"../../../Engine/Plugins/Animation/ControlRig/Content/Controls/ControlRig_Circle_3mm.uasset" 1908
"../../../Engine/Plugins/Animation/ControlRig/Content/Controls/ControlRig_Circle_3mm.uexp" 1909
"../../../Engine/Plugins/Animation/ControlRig/Content/Controls/ControlRig_Circle_1mm.ubulk" 1910
"../../../Engine/Plugins/Animation/ControlRig/Content/Controls/ControlRig_Circle_1mm.uasset" 1911
"../../../Engine/Plugins/Animation/ControlRig/Content/Controls/ControlRig_Circle_1mm.uexp" 1912
"../../../Engine/Plugins/Animation/ControlRig/Content/Controls/ControlRig_Box_solid.ubulk" 1913
"../../../Engine/Plugins/Animation/ControlRig/Content/Controls/ControlRig_Box_solid.uasset" 1914
"../../../Engine/Plugins/Animation/ControlRig/Content/Controls/ControlRig_Box_solid.uexp" 1915
"../../../Engine/Plugins/Animation/ControlRig/Content/Controls/ControlRig_Box_3mm.ubulk" 1916
"../../../Engine/Plugins/Animation/ControlRig/Content/Controls/ControlRig_Box_3mm.uasset" 1917
"../../../Engine/Plugins/Animation/ControlRig/Content/Controls/ControlRig_Box_3mm.uexp" 1918
"../../../Engine/Plugins/Animation/ControlRig/Content/Controls/ControlRig_Box_1mm.ubulk" 1919
"../../../Engine/Plugins/Animation/ControlRig/Content/Controls/ControlRig_Box_1mm.uasset" 1920
"../../../Engine/Plugins/Animation/ControlRig/Content/Controls/ControlRig_Box_1mm.uexp" 1921
"../../../Engine/Plugins/Animation/ControlRig/Content/Controls/ControlRig_Arrow_solid.ubulk" 1922
"../../../Engine/Plugins/Animation/ControlRig/Content/Controls/ControlRig_Arrow_solid.uasset" 1923
"../../../Engine/Plugins/Animation/ControlRig/Content/Controls/ControlRig_Arrow_solid.uexp" 1924
"../../../Engine/Plugins/Animation/ControlRig/Content/Controls/ControlRig_Arrow_3mm.ubulk" 1925
"../../../Engine/Plugins/Animation/ControlRig/Content/Controls/ControlRig_Arrow_3mm.uasset" 1926
"../../../Engine/Plugins/Animation/ControlRig/Content/Controls/ControlRig_Arrow_3mm.uexp" 1927
"../../../Engine/Plugins/Animation/ControlRig/Content/Controls/ControlRig_Arrow_1mm.ubulk" 1928
"../../../Engine/Plugins/Animation/ControlRig/Content/Controls/ControlRig_Arrow_1mm.uasset" 1929
"../../../Engine/Plugins/Animation/ControlRig/Content/Controls/ControlRig_Arrow_1mm.uexp" 1930
"../../../Engine/Plugins/Animation/ControlRig/Content/Controls/ControlRig_Arrow4_solid.ubulk" 1931
"../../../Engine/Plugins/Animation/ControlRig/Content/Controls/ControlRig_Arrow4_solid.uasset" 1932
"../../../Engine/Plugins/Animation/ControlRig/Content/Controls/ControlRig_Arrow4_solid.uexp" 1933
"../../../Engine/Plugins/Animation/ControlRig/Content/Controls/ControlRig_Arrow4_3mm.ubulk" 1934
"../../../Engine/Plugins/Animation/ControlRig/Content/Controls/ControlRig_Arrow4_3mm.uasset" 1935
"../../../Engine/Plugins/Animation/ControlRig/Content/Controls/ControlRig_Arrow4_3mm.uexp" 1936
"../../../Engine/Plugins/Animation/ControlRig/Content/Controls/ControlRig_Arrow4_1mm.ubulk" 1937
"../../../Engine/Plugins/Animation/ControlRig/Content/Controls/ControlRig_Arrow4_1mm.uasset" 1938
"../../../Engine/Plugins/Animation/ControlRig/Content/Controls/ControlRig_Arrow4_1mm.uexp" 1939
"../../../Engine/Plugins/Animation/ControlRig/Content/Controls/ControlRig_Arrow2_solid.ubulk" 1940
"../../../Engine/Plugins/Animation/ControlRig/Content/Controls/ControlRig_Arrow2_solid.uasset" 1941
"../../../Engine/Plugins/Animation/ControlRig/Content/Controls/ControlRig_Arrow2_solid.uexp" 1942
"../../../Engine/Plugins/Animation/ControlRig/Content/Controls/ControlRig_Arrow2_3mm.ubulk" 1943
"../../../Engine/Plugins/Animation/ControlRig/Content/Controls/ControlRig_Arrow2_3mm.uasset" 1944
"../../../Engine/Plugins/Animation/ControlRig/Content/Controls/ControlRig_Arrow2_3mm.uexp" 1945
"../../../Engine/Plugins/Animation/ControlRig/Content/Controls/ControlRig_Arrow2_1mm.ubulk" 1946
"../../../Engine/Plugins/Animation/ControlRig/Content/Controls/ControlRig_Arrow2_1mm.uasset" 1947
"../../../Engine/Plugins/Animation/ControlRig/Content/Controls/ControlRig_Arrow2_1mm.uexp" 1948
"../../../Engine/Plugins/Animation/ControlRig/Content/Controls/ControlRigGizmoMaterial.uasset" 1949
"../../../Engine/Plugins/Animation/ControlRig/Content/Controls/ControlRigGizmoMaterial.uexp" 1950
"../../../Engine/Plugins/Editor/SpeedTreeImporter/Content/SpeedTree9/game_wind_noise.ubulk" 1951
"../../../Engine/Plugins/Editor/SpeedTreeImporter/Content/SpeedTree9/game_wind_noise.uasset" 1952
"../../../Engine/Plugins/Editor/SpeedTreeImporter/Content/SpeedTree9/game_wind_noise.uexp" 1953
"../../../Engine/Plugins/Editor/SpeedTreeImporter/Content/SpeedTree9/UnpackDirection.uasset" 1954
"../../../Engine/Plugins/Editor/SpeedTreeImporter/Content/SpeedTree9/UnpackDirection.uexp" 1955
"../../../Engine/Content/Functions/Engine_MaterialFunctions02/ObjectLocalBounds.uasset" 1956
"../../../Engine/Content/Functions/Engine_MaterialFunctions02/ObjectLocalBounds.uexp" 1957
"../../../Engine/Content/Functions/Engine_MaterialFunctions02/UVs/BoundingBoxBased_0-1_UVW.uasset" 1958
"../../../Engine/Content/Functions/Engine_MaterialFunctions02/UVs/BoundingBoxBased_0-1_UVW.uexp" 1959
"../../../Engine/Plugins/Editor/SpeedTreeImporter/Content/SpeedTree9/UnpackInteger3.uasset" 1960
"../../../Engine/Plugins/Editor/SpeedTreeImporter/Content/SpeedTree9/UnpackInteger3.uexp" 1961
"../../../Engine/Plugins/Editor/SpeedTreeImporter/Content/SpeedTree9/SpeedTreeCameraFacing.uasset" 1962
"../../../Engine/Plugins/Editor/SpeedTreeImporter/Content/SpeedTree9/SpeedTreeCameraFacing.uexp" 1963
"../../../Engine/Plugins/Editor/SpeedTreeImporter/Content/SpeedTree9/SpeedTreeWindMotion.uasset" 1964
"../../../Engine/Plugins/Editor/SpeedTreeImporter/Content/SpeedTree9/SpeedTreeWindMotion.uexp" 1965
"../../../Engine/Plugins/Editor/SpeedTreeImporter/Content/SpeedTree9/SpeedTreeBranchMotion.uasset" 1966
"../../../Engine/Plugins/Editor/SpeedTreeImporter/Content/SpeedTree9/SpeedTreeBranchMotion.uexp" 1967
"../../../Engine/Plugins/Editor/SpeedTreeImporter/Content/SpeedTree9/SpeedTreeWind.uasset" 1968
"../../../Engine/Plugins/Editor/SpeedTreeImporter/Content/SpeedTree9/SpeedTreeWind.uexp" 1969
"../../../Engine/Plugins/Editor/SpeedTreeImporter/Content/SpeedTree9/EmptyNormal.uasset" 1970
"../../../Engine/Plugins/Editor/SpeedTreeImporter/Content/SpeedTree9/EmptyNormal.uexp" 1971
"../../../Engine/Plugins/Editor/SpeedTreeImporter/Content/SpeedTree9/Empty.uasset" 1972
"../../../Engine/Plugins/Editor/SpeedTreeImporter/Content/SpeedTree9/Empty.uexp" 1973
"../../../Engine/Plugins/Editor/SpeedTreeImporter/Content/SpeedTree9/SpeedTreeMaster.uasset" 1974
"../../../Engine/Plugins/Editor/SpeedTreeImporter/Content/SpeedTree9/SpeedTreeMaster.uexp" 1975
"../../../Engine/Plugins/Editor/SpeedTreeImporter/Content/SpeedTree9/SpeedTreeBillboard.uasset" 1976
"../../../Engine/Plugins/Editor/SpeedTreeImporter/Content/SpeedTree9/SpeedTreeBillboard.uexp" 1977
"../../../Engine/Plugins/Editor/SpeedTreeImporter/Content/SpeedTree9/SpeedTreeBillboardMaster.uasset" 1978
"../../../Engine/Plugins/Editor/SpeedTreeImporter/Content/SpeedTree9/SpeedTreeBillboardMaster.uexp" 1979
"../../../Engine/Plugins/Experimental/Landmass/Content/Landscape/BlueprintBrushes/MPC/MPC_Landscape.uasset" 1980
"../../../Engine/Plugins/Experimental/Landmass/Content/Landscape/BlueprintBrushes/MPC/MPC_Landscape.uexp" 1981
"../../../Engine/Plugins/Experimental/Landmass/Content/DistanceFields/Materials/JumpFloodStep.uasset" 1982
"../../../Engine/Plugins/Experimental/Landmass/Content/DistanceFields/Materials/JumpFloodStep.uexp" 1983
"../../../Engine/Plugins/Experimental/Landmass/Content/Landscape/Textures/LS_Debug_RT_01.uasset" 1984
"../../../Engine/Plugins/Experimental/Landmass/Content/Landscape/Textures/LS_Debug_RT_01.uexp" 1985
"../../../Engine/Plugins/Experimental/Landmass/Content/Landscape/Mats/MPC/MPC_Erosion.uasset" 1986
"../../../Engine/Plugins/Experimental/Landmass/Content/Landscape/Mats/MPC/MPC_Erosion.uexp" 1987
"../../../Engine/Plugins/Experimental/Landmass/Content/DistanceFields/Materials/DetectEdges.uasset" 1988
"../../../Engine/Plugins/Experimental/Landmass/Content/DistanceFields/Materials/DetectEdges.uexp" 1989
"../../../Engine/Plugins/Experimental/Landmass/Content/DistanceFields/Materials/BlurEdges.uasset" 1990
"../../../Engine/Plugins/Experimental/Landmass/Content/DistanceFields/Materials/BlurEdges.uexp" 1991
"../../../Engine/Content/Functions/Engine_MaterialFunctions02/TangentBasis.uasset" 1992
"../../../Engine/Content/Functions/Engine_MaterialFunctions02/TangentBasis.uexp" 1993
"../../../Engine/Plugins/Experimental/Landmass/Content/Landscape/BlueprintBrushes/Materials/RenderSplineDepths.uasset" 1994
"../../../Engine/Plugins/Experimental/Landmass/Content/Landscape/BlueprintBrushes/Materials/RenderSplineDepths.uexp" 1995
"../../../Engine/Plugins/Experimental/Landmass/Content/Landscape/BlueprintBrushes/MF/PointSampleLandscapeUVs.uasset" 1996
"../../../Engine/Plugins/Experimental/Landmass/Content/Landscape/BlueprintBrushes/MF/PointSampleLandscapeUVs.uexp" 1997
"../../../Engine/Plugins/Experimental/Landmass/Content/Landscape/BlueprintBrushes/MF/LocalizeLandscapeZValue.uasset" 1998
"../../../Engine/Plugins/Experimental/Landmass/Content/Landscape/BlueprintBrushes/MF/LocalizeLandscapeZValue.uexp" 1999
"../../../Engine/Content/MapTemplates/TilingNoise05.ubulk" 2000
"../../../Engine/Content/MapTemplates/TilingNoise05.uasset" 2001
"../../../Engine/Content/MapTemplates/TilingNoise05.uexp" 2002
"../../../Engine/Content/EngineResources/Black_Low.uasset" 2003
"../../../Engine/Content/EngineResources/Black_Low.uexp" 2004
"../../../Engine/Plugins/Experimental/Landmass/Content/Landscape/BlueprintBrushes/MF/SampleDistanceField.uasset" 2005
"../../../Engine/Plugins/Experimental/Landmass/Content/Landscape/BlueprintBrushes/MF/SampleDistanceField.uexp" 2006
"../../../Engine/Plugins/Experimental/Landmass/Content/Landscape/Curves/DynamicCurve_RT.uasset" 2007
"../../../Engine/Plugins/Experimental/Landmass/Content/Landscape/Curves/DynamicCurve_RT.uexp" 2008
"../../../Engine/Plugins/Experimental/Landmass/Content/Landscape/BlueprintBrushes/Materials/CacheDistanceField.uasset" 2009
"../../../Engine/Plugins/Experimental/Landmass/Content/Landscape/BlueprintBrushes/Materials/CacheDistanceField.uexp" 2010
"../../../Engine/Plugins/Experimental/Water/Content/Curves/FloatCurve_WaterBodyIsland.uasset" 2011
"../../../Engine/Plugins/Experimental/Water/Content/Curves/FloatCurve_WaterBodyIsland.uexp" 2012
"../../../Engine/Plugins/Experimental/Water/Content/Curves/FloatCurve.uasset" 2013
"../../../Engine/Plugins/Experimental/Water/Content/Curves/FloatCurve.uexp" 2014
"../../../Engine/Plugins/Experimental/Water/Content/Icons/WaterZoneActorSprite.ubulk" 2015
"../../../Engine/Plugins/Experimental/Water/Content/Icons/WaterZoneActorSprite.uasset" 2016
"../../../Engine/Plugins/Experimental/Water/Content/Icons/WaterZoneActorSprite.uexp" 2017
"../../../Engine/Plugins/Experimental/Water/Content/Icons/WaterSprite.uasset" 2018
"../../../Engine/Plugins/Experimental/Water/Content/Icons/WaterSprite.uexp" 2019
"../../../Engine/Plugins/Experimental/Water/Content/Icons/WaterLandscapeBrushSprite.ubulk" 2020
"../../../Engine/Plugins/Experimental/Water/Content/Icons/WaterLandscapeBrushSprite.uasset" 2021
"../../../Engine/Plugins/Experimental/Water/Content/Icons/WaterLandscapeBrushSprite.uexp" 2022
"../../../Engine/Plugins/Experimental/Water/Content/Icons/WaterErrorSprite.ubulk" 2023
"../../../Engine/Plugins/Experimental/Water/Content/Icons/WaterErrorSprite.uasset" 2024
"../../../Engine/Plugins/Experimental/Water/Content/Icons/WaterErrorSprite.uexp" 2025
"../../../Engine/Plugins/Experimental/Water/Content/Icons/WaterBodyRiverSprite.uasset" 2026
"../../../Engine/Plugins/Experimental/Water/Content/Icons/WaterBodyRiverSprite.uexp" 2027
"../../../Engine/Plugins/Experimental/Water/Content/Icons/WaterBodyOceanSprite.uasset" 2028
"../../../Engine/Plugins/Experimental/Water/Content/Icons/WaterBodyOceanSprite.uexp" 2029
"../../../Engine/Plugins/Experimental/Water/Content/Icons/WaterBodyLakeSprite.uasset" 2030
"../../../Engine/Plugins/Experimental/Water/Content/Icons/WaterBodyLakeSprite.uexp" 2031
"../../../Engine/Plugins/Experimental/Water/Content/Icons/WaterBodyIslandSprite.uasset" 2032
"../../../Engine/Plugins/Experimental/Water/Content/Icons/WaterBodyIslandSprite.uexp" 2033
"../../../Engine/Plugins/Experimental/Water/Content/Icons/WaterBodyExclusionVolumeSprite.uasset" 2034
"../../../Engine/Plugins/Experimental/Water/Content/Icons/WaterBodyExclusionVolumeSprite.uexp" 2035
"../../../Engine/Plugins/Experimental/Water/Content/Icons/WaterBodyCustomSprite.uasset" 2036
"../../../Engine/Plugins/Experimental/Water/Content/Icons/WaterBodyCustomSprite.uexp" 2037
"../../../Engine/Plugins/Experimental/Landmass/Content/Landscape/Mats/MF/BrushBlendModes.uasset" 2038
"../../../Engine/Plugins/Experimental/Landmass/Content/Landscape/Mats/MF/BrushBlendModes.uexp" 2039
"../../../Engine/Plugins/Experimental/Landmass/Content/Landscape/Mats/MF/UnpackRG8Height.uasset" 2040
"../../../Engine/Plugins/Experimental/Landmass/Content/Landscape/Mats/MF/UnpackRG8Height.uexp" 2041
"../../../Engine/Plugins/Experimental/Landmass/Content/Landscape/BlueprintBrushes/MF/ReadCachedDistanceField.uasset" 2042
"../../../Engine/Plugins/Experimental/Landmass/Content/Landscape/BlueprintBrushes/MF/ReadCachedDistanceField.uexp" 2043
"../../../Engine/Content/Functions/Engine_MaterialFunctions02/WorldPositionOffset/GenerateASpline.uasset" 2044
"../../../Engine/Content/Functions/Engine_MaterialFunctions02/WorldPositionOffset/GenerateASpline.uexp" 2045
"../../../Engine/Plugins/Experimental/Landmass/Content/Landscape/Mats/MF/CatmullRomTexture.uasset" 2046
"../../../Engine/Plugins/Experimental/Landmass/Content/Landscape/Mats/MF/CatmullRomTexture.uexp" 2047
"../../../Engine/Plugins/Experimental/Landmass/Content/Landscape/Mats/MF/SmoothTerracing.uasset" 2048
"../../../Engine/Plugins/Experimental/Landmass/Content/Landscape/Mats/MF/SmoothTerracing.uexp" 2049
"../../../Engine/Content/Functions/Engine_MaterialFunctions01/Math/SmoothCeil.uasset" 2050
"../../../Engine/Content/Functions/Engine_MaterialFunctions01/Math/SmoothCeil.uexp" 2051
"../../../Engine/Plugins/Experimental/Landmass/Content/Landscape/Mats/MF/BrushTerracing.uasset" 2052
"../../../Engine/Plugins/Experimental/Landmass/Content/Landscape/Mats/MF/BrushTerracing.uexp" 2053
"../../../Engine/Plugins/Experimental/Landmass/Content/Landscape/Mats/MF/BrushAlphaMask.uasset" 2054
"../../../Engine/Plugins/Experimental/Landmass/Content/Landscape/Mats/MF/BrushAlphaMask.uexp" 2055
"../../../Engine/Plugins/Experimental/Landmass/Content/Landscape/Mats/MF/SmoothIntersections.uasset" 2056
"../../../Engine/Plugins/Experimental/Landmass/Content/Landscape/Mats/MF/SmoothIntersections.uexp" 2057
"../../../Engine/Content/Functions/Engine_MaterialFunctions01/ImageAdjustment/SCurve.uasset" 2058
"../../../Engine/Content/Functions/Engine_MaterialFunctions01/ImageAdjustment/SCurve.uexp" 2059
"../../../Engine/Plugins/Experimental/Landmass/Content/Landscape/Mats/MF/BrushDisplaceMask.uasset" 2060
"../../../Engine/Plugins/Experimental/Landmass/Content/Landscape/Mats/MF/BrushDisplaceMask.uexp" 2061
"../../../Engine/Plugins/Experimental/Landmass/Content/Landscape/BlueprintBrushes/MF/PackRG8Height.uasset" 2062
"../../../Engine/Plugins/Experimental/Landmass/Content/Landscape/BlueprintBrushes/MF/PackRG8Height.uexp" 2063
"../../../Engine/Plugins/Experimental/Water/Content/Materials/Brushes/MeshBrush_Width.uasset" 2064
"../../../Engine/Plugins/Experimental/Water/Content/Materials/Brushes/MeshBrush_Width.uexp" 2065
"../../../Engine/Plugins/Experimental/Water/Content/Materials/Brushes/MeshBrush_Weightmap.uasset" 2066
"../../../Engine/Plugins/Experimental/Water/Content/Materials/Brushes/MeshBrush_Weightmap.uexp" 2067
"../../../Engine/Plugins/Experimental/Landmass/Content/Landscape/BlueprintBrushes/MF/BrushBlendModes.uasset" 2068
"../../../Engine/Plugins/Experimental/Landmass/Content/Landscape/BlueprintBrushes/MF/BrushBlendModes.uexp" 2069
"../../../Engine/Plugins/Experimental/Water/Content/Materials/Brushes/MeshBrush_Island.uasset" 2070
"../../../Engine/Plugins/Experimental/Water/Content/Materials/Brushes/MeshBrush_Island.uexp" 2071
"../../../Engine/Plugins/Experimental/Landmass/Content/Landscape/BlueprintBrushes/MF/BrushDisplaceMask.uasset" 2072
"../../../Engine/Plugins/Experimental/Landmass/Content/Landscape/BlueprintBrushes/MF/BrushDisplaceMask.uexp" 2073
"../../../Engine/Plugins/Experimental/Landmass/Content/Landscape/BlueprintBrushes/MF/BrushTerracing.uasset" 2074
"../../../Engine/Plugins/Experimental/Landmass/Content/Landscape/BlueprintBrushes/MF/BrushTerracing.uexp" 2075
"../../../Engine/Plugins/Experimental/Landmass/Content/Landscape/BlueprintBrushes/MF/BrushAlphaMask.uasset" 2076
"../../../Engine/Plugins/Experimental/Landmass/Content/Landscape/BlueprintBrushes/MF/BrushAlphaMask.uexp" 2077
"../../../Engine/Plugins/Experimental/Landmass/Content/Landscape/BlueprintBrushes/MF/SmoothIntersections.uasset" 2078
"../../../Engine/Plugins/Experimental/Landmass/Content/Landscape/BlueprintBrushes/MF/SmoothIntersections.uexp" 2079
"../../../Engine/Plugins/Experimental/Water/Content/Materials/Brushes/MeshBrush_Angle.uasset" 2080
"../../../Engine/Plugins/Experimental/Water/Content/Materials/Brushes/MeshBrush_Angle.uexp" 2081
"../../../Engine/Plugins/Experimental/Water/Content/Materials/MPC/MPC_Water.uasset" 2082
"../../../Engine/Plugins/Experimental/Water/Content/Materials/MPC/MPC_Water.uexp" 2083
"../../../Engine/Plugins/Experimental/Landmass/Content/Landscape/BlueprintBrushes/MF/UnpackRG8Height.uasset" 2084
"../../../Engine/Plugins/Experimental/Landmass/Content/Landscape/BlueprintBrushes/MF/UnpackRG8Height.uexp" 2085
"../../../Engine/Plugins/Experimental/Water/Content/Materials/Brushes/FinalizeWaterTexture.uasset" 2086
"../../../Engine/Plugins/Experimental/Water/Content/Materials/Brushes/FinalizeWaterTexture.uexp" 2087
"../../../Engine/Plugins/Experimental/Water/Content/Materials/Brushes/CompositeWaterBodyTexture.uasset" 2088
"../../../Engine/Plugins/Experimental/Water/Content/Materials/Brushes/CompositeWaterBodyTexture.uexp" 2089
"../../../Engine/Plugins/Experimental/Water/Content/Materials/Brushes/CanvasDrawing.uasset" 2090
"../../../Engine/Plugins/Experimental/Water/Content/Materials/Brushes/CanvasDrawing.uexp" 2091
"../../../Engine/Content/Functions/Engine_MaterialFunctions02/Texturing/ScreenAlignedUVs.uasset" 2092
"../../../Engine/Content/Functions/Engine_MaterialFunctions02/Texturing/ScreenAlignedUVs.uexp" 2093
"../../../Engine/Content/Functions/Engine_MaterialFunctions02/ExampleContent/DebugNumberStrip.uasset" 2094
"../../../Engine/Content/Functions/Engine_MaterialFunctions02/ExampleContent/DebugNumberStrip.uexp" 2095
"../../../Engine/Content/Functions/Engine_MaterialFunctions01/Texturing/ComputeMipLevel.uasset" 2096
"../../../Engine/Content/Functions/Engine_MaterialFunctions01/Texturing/ComputeMipLevel.uexp" 2097
"../../../Engine/Content/Functions/Engine_MaterialFunctions01/Texturing/TextureCropping.uasset" 2098
"../../../Engine/Content/Functions/Engine_MaterialFunctions01/Texturing/TextureCropping.uexp" 2099
"../../../Engine/Content/Functions/Engine_MaterialFunctions02/ExampleContent/Textures/DebugNumberPeriod.uasset" 2100
"../../../Engine/Content/Functions/Engine_MaterialFunctions02/ExampleContent/Textures/DebugNumberPeriod.uexp" 2101
"../../../Engine/Content/Functions/Engine_MaterialFunctions02/Utility/DebugScalarValues.uasset" 2102
"../../../Engine/Content/Functions/Engine_MaterialFunctions02/Utility/DebugScalarValues.uexp" 2103
"../../../Engine/Plugins/Experimental/Water/Content/Materials/Functions/ComputeWavesAttenuationFactor.uasset" 2104
"../../../Engine/Plugins/Experimental/Water/Content/Materials/Functions/ComputeWavesAttenuationFactor.uexp" 2105
"../../../Engine/Plugins/Experimental/Water/Content/Materials/Functions/HighQualityTextureFiltering.uasset" 2106
"../../../Engine/Plugins/Experimental/Water/Content/Materials/Functions/HighQualityTextureFiltering.uexp" 2107
"../../../Engine/Plugins/Experimental/Water/Content/Materials/Functions/WaterBodyData.uasset" 2108
"../../../Engine/Plugins/Experimental/Water/Content/Materials/Functions/WaterBodyData.uexp" 2109
"../../../Engine/Plugins/Experimental/Water/Content/Materials/Functions/WaveDepthFalloff_Overrides.uasset" 2110
"../../../Engine/Plugins/Experimental/Water/Content/Materials/Functions/WaveDepthFalloff_Overrides.uexp" 2111
"../../../Engine/Plugins/Experimental/Water/Content/Materials/Functions/ComputeGerstnerWaves.uasset" 2112
"../../../Engine/Plugins/Experimental/Water/Content/Materials/Functions/ComputeGerstnerWaves.uexp" 2113
"../../../Engine/Plugins/Experimental/Water/Content/Materials/Functions/GetWaterTime.uasset" 2114
"../../../Engine/Plugins/Experimental/Water/Content/Materials/Functions/GetWaterTime.uexp" 2115
"../../../Engine/Content/Functions/Engine_MaterialFunctions01/Volumetrics/SchlickPhase.uasset" 2116
"../../../Engine/Content/Functions/Engine_MaterialFunctions01/Volumetrics/SchlickPhase.uexp" 2117
"../../../Engine/Plugins/Experimental/Water/Content/Materials/PostProcessing/M_UnderWater_PostProcess_Volume.uasset" 2118
"../../../Engine/Plugins/Experimental/Water/Content/Materials/PostProcessing/M_UnderWater_PostProcess_Volume.uexp" 2119
"../../../Engine/Content/Functions/Engine_MaterialFunctions02/ExampleContent/Textures/LowResBlurredNoise.uasset" 2120
"../../../Engine/Content/Functions/Engine_MaterialFunctions02/ExampleContent/Textures/LowResBlurredNoise.uexp" 2121
"../../../Engine/Content/Functions/Engine_MaterialFunctions02/ExampleContent/Textures/water_d.ubulk" 2122
"../../../Engine/Content/Functions/Engine_MaterialFunctions02/ExampleContent/Textures/water_d.uasset" 2123
"../../../Engine/Content/Functions/Engine_MaterialFunctions02/ExampleContent/Textures/water_d.uexp" 2124
"../../../Engine/Content/Functions/Engine_MaterialFunctions02/ExampleContent/Textures/water_n.ubulk" 2125
"../../../Engine/Content/Functions/Engine_MaterialFunctions02/ExampleContent/Textures/water_n.uasset" 2126
"../../../Engine/Content/Functions/Engine_MaterialFunctions02/ExampleContent/Textures/water_n.uexp" 2127
"../../../Engine/Content/EngineResources/DefaultTexture.ubulk" 2128
"../../../Engine/Content/EngineResources/DefaultTexture.uasset" 2129
"../../../Engine/Content/EngineResources/DefaultTexture.uexp" 2130
"../../../Engine/Plugins/Experimental/Water/Content/Textures/Normals/T_Water_TilingNormal_With_Height_02_Softened.ubulk" 2131
"../../../Engine/Plugins/Experimental/Water/Content/Textures/Normals/T_Water_TilingNormal_With_Height_02_Softened.uasset" 2132
"../../../Engine/Plugins/Experimental/Water/Content/Textures/Normals/T_Water_TilingNormal_With_Height_02_Softened.uexp" 2133
"../../../Engine/Plugins/Experimental/Water/Content/FluidSimulation/WaveFoam/FoamRT.uasset" 2134
"../../../Engine/Plugins/Experimental/Water/Content/FluidSimulation/WaveFoam/FoamRT.uexp" 2135
"../../../Engine/Plugins/Experimental/Water/Content/Textures/Foam/T_WaterFlow_01_Foam_Tiled.ubulk" 2136
"../../../Engine/Plugins/Experimental/Water/Content/Textures/Foam/T_WaterFlow_01_Foam_Tiled.uasset" 2137
"../../../Engine/Plugins/Experimental/Water/Content/Textures/Foam/T_WaterFlow_01_Foam_Tiled.uexp" 2138
"../../../Engine/Plugins/Experimental/Water/Content/Textures/Foam/T_WaterFlow_01_Foam_Tiled_N.ubulk" 2139
"../../../Engine/Plugins/Experimental/Water/Content/Textures/Foam/T_WaterFlow_01_Foam_Tiled_N.uasset" 2140
"../../../Engine/Plugins/Experimental/Water/Content/Textures/Foam/T_WaterFlow_01_Foam_Tiled_N.uexp" 2141
"../../../Engine/Content/EngineSky/VolumetricClouds/T_NoiseShape.uexp" 2142
"../../../Engine/Content/EngineSky/VolumetricClouds/T_NoiseShape.ubulk" 2143
"../../../Engine/Content/EngineSky/VolumetricClouds/T_NoiseShape.uasset" 2144
"../../../Engine/Content/EngineSky/VolumetricClouds/T_NoiseShape.uptnl" 2145
"../../../Engine/Content/EngineSky/VolumetricClouds/T_VolumeNoiseShape128.uasset" 2146
"../../../Engine/Content/EngineSky/VolumetricClouds/T_VolumeNoiseShape128.uexp" 2147
"../../../Engine/Plugins/Experimental/Water/Content/FluidSimulation/WaveFoam/WaterDistanceField.uasset" 2148
"../../../Engine/Plugins/Experimental/Water/Content/FluidSimulation/WaveFoam/WaterDistanceField.uexp" 2149
"../../../Engine/Content/Functions/Engine_MaterialFunctions02/Texturing/HeightLerp.uasset" 2150
"../../../Engine/Content/Functions/Engine_MaterialFunctions02/Texturing/HeightLerp.uexp" 2151
"../../../Engine/Content/Functions/Engine_MaterialFunctions03/Procedurals/NormalFromHeightmap.uasset" 2152
"../../../Engine/Content/Functions/Engine_MaterialFunctions03/Procedurals/NormalFromHeightmap.uexp" 2153
"../../../Engine/Content/Functions/Engine_MaterialFunctions01/Gradient/BoxMask-2D.uasset" 2154
"../../../Engine/Content/Functions/Engine_MaterialFunctions01/Gradient/BoxMask-2D.uexp" 2155
"../../../Engine/Plugins/Experimental/Water/Content/Materials/Layers/BeachFoam.uasset" 2156
"../../../Engine/Plugins/Experimental/Water/Content/Materials/Layers/BeachFoam.uexp" 2157
"../../../Engine/Plugins/Experimental/Water/Content/Materials/Functions/WaterOpacityMaskFromDepth.uasset" 2158
"../../../Engine/Plugins/Experimental/Water/Content/Materials/Functions/WaterOpacityMaskFromDepth.uexp" 2159
"../../../Engine/Content/Functions/Engine_MaterialFunctions01/Coordinates/WorldPosition-XY.uasset" 2160
"../../../Engine/Content/Functions/Engine_MaterialFunctions01/Coordinates/WorldPosition-XY.uexp" 2161
"../../../Engine/Content/Functions/Engine_MaterialFunctions02/Math/MakeVectorsOrthogonal.uasset" 2162
"../../../Engine/Content/Functions/Engine_MaterialFunctions02/Math/MakeVectorsOrthogonal.uexp" 2163
"../../../Engine/Content/Functions/Engine_MaterialFunctions02/Math/AddComponents.uasset" 2164
"../../../Engine/Content/Functions/Engine_MaterialFunctions02/Math/AddComponents.uexp" 2165
"../../../Engine/Content/Functions/Engine_MaterialFunctions02/Math/TimeWithSpeedVariable.uasset" 2166
"../../../Engine/Content/Functions/Engine_MaterialFunctions02/Math/TimeWithSpeedVariable.uexp" 2167
"../../../Engine/Content/Functions/Engine_MaterialFunctions02/Utility/LinearSine.uasset" 2168
"../../../Engine/Content/Functions/Engine_MaterialFunctions02/Utility/LinearSine.uexp" 2169
"../../../Engine/Content/Functions/Engine_MaterialFunctions02/Texturing/Flowmaps.uasset" 2170
"../../../Engine/Content/Functions/Engine_MaterialFunctions02/Texturing/Flowmaps.uexp" 2171
"../../../Engine/Plugins/Experimental/Water/Content/Materials/Functions/WaterRiverFlowmaps.uasset" 2172
"../../../Engine/Plugins/Experimental/Water/Content/Materials/Functions/WaterRiverFlowmaps.uexp" 2173
"../../../Engine/Plugins/Experimental/Water/Content/Caustics/Materials/Functions/GetDistortionUV.uasset" 2174
"../../../Engine/Plugins/Experimental/Water/Content/Caustics/Materials/Functions/GetDistortionUV.uexp" 2175
"../../../Engine/Plugins/Experimental/Water/Content/Materials/Functions/WaterTextureWaves.uasset" 2176
"../../../Engine/Plugins/Experimental/Water/Content/Materials/Functions/WaterTextureWaves.uexp" 2177
"../../../Engine/Content/Functions/Engine_MaterialFunctions01/Opacity/AlphaOffset.uasset" 2178
"../../../Engine/Content/Functions/Engine_MaterialFunctions01/Opacity/AlphaOffset.uexp" 2179
"../../../Engine/Plugins/Experimental/Water/Content/Materials/Layers/WaterAttributes.uasset" 2180
"../../../Engine/Plugins/Experimental/Water/Content/Materials/Layers/WaterAttributes.uexp" 2181
"../../../Engine/Plugins/Experimental/Water/Content/Materials/Functions/Water_Underside.uasset" 2182
"../../../Engine/Plugins/Experimental/Water/Content/Materials/Functions/Water_Underside.uexp" 2183
"../../../Engine/Plugins/Experimental/Water/Content/FluidSimulation/Materials/Functions/Fluidsim_WorldPosition_to_UV.uasset" 2184
"../../../Engine/Plugins/Experimental/Water/Content/FluidSimulation/Materials/Functions/Fluidsim_WorldPosition_to_UV.uexp" 2185
"../../../Engine/Plugins/Experimental/Water/Content/Materials/Functions/SampleFluidSimulation.uasset" 2186
"../../../Engine/Plugins/Experimental/Water/Content/Materials/Functions/SampleFluidSimulation.uexp" 2187
"../../../Engine/Plugins/Experimental/Water/Content/Materials/Functions/WaterTextureSurface.uasset" 2188
"../../../Engine/Plugins/Experimental/Water/Content/Materials/Functions/WaterTextureSurface.uexp" 2189
"../../../Engine/Plugins/Experimental/Water/Content/Materials/Functions/WorldNormalBehindWater.uasset" 2190
"../../../Engine/Plugins/Experimental/Water/Content/Materials/Functions/WorldNormalBehindWater.uexp" 2191
"../../../Engine/Plugins/Experimental/Water/Content/Materials/Functions/WorldPositionBehindWater.uasset" 2192
"../../../Engine/Plugins/Experimental/Water/Content/Materials/Functions/WorldPositionBehindWater.uexp" 2193
"../../../Engine/Plugins/Experimental/Water/Content/Caustics/Materials/Functions/WaterCaustics_GerstnerWaves.uasset" 2194
"../../../Engine/Plugins/Experimental/Water/Content/Caustics/Materials/Functions/WaterCaustics_GerstnerWaves.uexp" 2195
"../../../Engine/Plugins/Experimental/Water/Content/Materials/Functions/SetWaveAttributes.uasset" 2196
"../../../Engine/Plugins/Experimental/Water/Content/Materials/Functions/SetWaveAttributes.uexp" 2197
"../../../Engine/Plugins/Experimental/Water/Content/Materials/Functions/WaterHeightMappingVS.uasset" 2198
"../../../Engine/Plugins/Experimental/Water/Content/Materials/Functions/WaterHeightMappingVS.uexp" 2199
"../../../Engine/Plugins/Experimental/Water/Content/Materials/Functions/WaveVelocityMask.uasset" 2200
"../../../Engine/Plugins/Experimental/Water/Content/Materials/Functions/WaveVelocityMask.uexp" 2201
"../../../Engine/Plugins/Experimental/Water/Content/Materials/Functions/WaterCoefficientMask.uasset" 2202
"../../../Engine/Plugins/Experimental/Water/Content/Materials/Functions/WaterCoefficientMask.uexp" 2203
"../../../Engine/Plugins/Experimental/Water/Content/Materials/WaterSurface/Water_Material.uasset" 2204
"../../../Engine/Plugins/Experimental/Water/Content/Materials/WaterSurface/Water_Material.uexp" 2205
"../../../Engine/Plugins/Experimental/Water/Content/Materials/WaterSurface/Water_Material_Inst.uasset" 2206
"../../../Engine/Plugins/Experimental/Water/Content/Materials/WaterSurface/Water_Material_Inst.uexp" 2207
"../../../Engine/Plugins/Experimental/Water/Content/Materials/WaterSurface/Water_Material_Ocean.uasset" 2208
"../../../Engine/Plugins/Experimental/Water/Content/Materials/WaterSurface/Water_Material_Ocean.uexp" 2209
"../../../Engine/Plugins/Experimental/Water/Content/Materials/WaterSurface/Water_FarMesh.uasset" 2210
"../../../Engine/Plugins/Experimental/Water/Content/Materials/WaterSurface/Water_FarMesh.uexp" 2211
"../../../Engine/Plugins/Experimental/Water/Content/Meshes/RiverMesh.ubulk" 2212
"../../../Engine/Plugins/Experimental/Water/Content/Meshes/RiverMesh.uasset" 2213
"../../../Engine/Plugins/Experimental/Water/Content/Meshes/RiverMesh.uexp" 2214
"../../../Engine/Plugins/Experimental/Water/Content/Meshes/LakeMesh.ubulk" 2215
"../../../Engine/Plugins/Experimental/Water/Content/Meshes/LakeMesh.uasset" 2216
"../../../Engine/Plugins/Experimental/Water/Content/Meshes/LakeMesh.uexp" 2217
"../../../Engine/Plugins/Experimental/Water/Content/Waves/GerstnerWaves_Ocean.uasset" 2218
"../../../Engine/Plugins/Experimental/Water/Content/Waves/GerstnerWaves_Ocean.uexp" 2219
"../../../Engine/Plugins/Experimental/Water/Content/Waves/GerstnerWaves_Lake.uasset" 2220
"../../../Engine/Plugins/Experimental/Water/Content/Waves/GerstnerWaves_Lake.uexp" 2221
"../../../Engine/Plugins/Runtime/HairStrands/Content/Materials/HairMeshesDefaultMaterial.uasset" 2222
"../../../Engine/Plugins/Runtime/HairStrands/Content/Materials/HairMeshesDefaultMaterial.uexp" 2223
"../../../Engine/Plugins/Runtime/HairStrands/Content/Materials/HairDefaultMaterial.uasset" 2224
"../../../Engine/Plugins/Runtime/HairStrands/Content/Materials/HairDefaultMaterial.uexp" 2225
"../../../Engine/Plugins/Runtime/HairStrands/Content/Materials/HairGroupColors.uasset" 2226
"../../../Engine/Plugins/Runtime/HairStrands/Content/Materials/HairGroupColors.uexp" 2227
"../../../Engine/Content/EngineMaterials/HairColorMap.uasset" 2228
"../../../Engine/Content/EngineMaterials/HairColorMap.uexp" 2229
"../../../Engine/Content/EngineMaterials/HairDebugColor.uasset" 2230
"../../../Engine/Content/EngineMaterials/HairDebugColor.uexp" 2231
"../../../Engine/Plugins/Runtime/HairStrands/Content/Materials/HairDebugMaterial.uasset" 2232
"../../../Engine/Plugins/Runtime/HairStrands/Content/Materials/HairDebugMaterial.uexp" 2233
"../../../Engine/Plugins/Runtime/HairStrands/Content/Materials/HairCardsDefaultMaterial.uasset" 2234
"../../../Engine/Plugins/Runtime/HairStrands/Content/Materials/HairCardsDefaultMaterial.uexp" 2235
"D:/GitHub/CutyKiller/GAME FOLDER/Content/Characters/Mannequins/Rigs/CR_Mannequin_Body.uasset" 2236
"D:/GitHub/CutyKiller/GAME FOLDER/Content/Characters/Mannequins/Rigs/CR_Mannequin_Body.uexp" 2237
"D:/GitHub/CutyKiller/GAME FOLDER/Content/DONT_USE/Characters/Mannequins/Rigs/CR_Mannequin_Body.uasset" 2238
"D:/GitHub/CutyKiller/GAME FOLDER/Content/DONT_USE/Characters/Mannequins/Rigs/CR_Mannequin_Body.uexp" 2239
"D:/GitHub/CutyKiller/GAME FOLDER/Content/Weapon_Pack/Mesh/Weapons/Weapons_Kit/SM_GreatAxe.ubulk" 2240
"D:/GitHub/CutyKiller/GAME FOLDER/Content/Weapon_Pack/Mesh/Weapons/Weapons_Kit/SM_GreatAxe.uasset" 2241
"D:/GitHub/CutyKiller/GAME FOLDER/Content/Weapon_Pack/Mesh/Weapons/Weapons_Kit/SM_GreatAxe.uexp" 2242
"D:/GitHub/CutyKiller/GAME FOLDER/Content/Weapon_Pack/Textures/Props/Interior/T_Wood_Props_OcclusionRoughnessMetallic.ubulk" 2243
"D:/GitHub/CutyKiller/GAME FOLDER/Content/Weapon_Pack/Textures/Props/Interior/T_Wood_Props_OcclusionRoughnessMetallic.uasset" 2244
"D:/GitHub/CutyKiller/GAME FOLDER/Content/Weapon_Pack/Textures/Props/Interior/T_Wood_Props_OcclusionRoughnessMetallic.uexp" 2245
"D:/GitHub/CutyKiller/GAME FOLDER/Content/Weapon_Pack/Textures/Props/Interior/T_Wood_Props_BaseColor.ubulk" 2246
"D:/GitHub/CutyKiller/GAME FOLDER/Content/Weapon_Pack/Textures/Props/Interior/T_Wood_Props_BaseColor.uasset" 2247
"D:/GitHub/CutyKiller/GAME FOLDER/Content/Weapon_Pack/Textures/Props/Interior/T_Wood_Props_BaseColor.uexp" 2248
"D:/GitHub/CutyKiller/GAME FOLDER/Content/Weapon_Pack/Textures/Props/Interior/T_Wood_Props_Normal.ubulk" 2249
"D:/GitHub/CutyKiller/GAME FOLDER/Content/Weapon_Pack/Textures/Props/Interior/T_Wood_Props_Normal.uasset" 2250
"D:/GitHub/CutyKiller/GAME FOLDER/Content/Weapon_Pack/Textures/Props/Interior/T_Wood_Props_Normal.uexp" 2251
"D:/GitHub/CutyKiller/GAME FOLDER/Content/Weapon_Pack/Materials/Props/Interior/M_Wood_Props.uasset" 2252
"D:/GitHub/CutyKiller/GAME FOLDER/Content/Weapon_Pack/Materials/Props/Interior/M_Wood_Props.uexp" 2253
"D:/GitHub/CutyKiller/GAME FOLDER/Content/Weapon_Pack/Mesh/Props/Interior/SM_Weapon_Rack2.ubulk" 2254
"D:/GitHub/CutyKiller/GAME FOLDER/Content/Weapon_Pack/Mesh/Props/Interior/SM_Weapon_Rack2.uasset" 2255
"D:/GitHub/CutyKiller/GAME FOLDER/Content/Weapon_Pack/Mesh/Props/Interior/SM_Weapon_Rack2.uexp" 2256
"D:/GitHub/CutyKiller/GAME FOLDER/Content/Weapon_Pack/Textures/Set/Walls/T_Window_Trim_Normal.ubulk" 2257
"D:/GitHub/CutyKiller/GAME FOLDER/Content/Weapon_Pack/Textures/Set/Walls/T_Window_Trim_Normal.uasset" 2258
"D:/GitHub/CutyKiller/GAME FOLDER/Content/Weapon_Pack/Textures/Set/Walls/T_Window_Trim_Normal.uexp" 2259
"D:/GitHub/CutyKiller/GAME FOLDER/Content/Weapon_Pack/Textures/Set/Walls/T_Window_Trim_BaseColor.ubulk" 2260
"D:/GitHub/CutyKiller/GAME FOLDER/Content/Weapon_Pack/Textures/Set/Walls/T_Window_Trim_BaseColor.uasset" 2261
"D:/GitHub/CutyKiller/GAME FOLDER/Content/Weapon_Pack/Textures/Set/Walls/T_Window_Trim_BaseColor.uexp" 2262
"D:/GitHub/CutyKiller/GAME FOLDER/Content/Weapon_Pack/Textures/Set/Walls/T_Window_Trim_OcclusionRoughnessMetallic.ubulk" 2263
"D:/GitHub/CutyKiller/GAME FOLDER/Content/Weapon_Pack/Textures/Set/Walls/T_Window_Trim_OcclusionRoughnessMetallic.uasset" 2264
"D:/GitHub/CutyKiller/GAME FOLDER/Content/Weapon_Pack/Textures/Set/Walls/T_Window_Trim_OcclusionRoughnessMetallic.uexp" 2265
"D:/GitHub/CutyKiller/GAME FOLDER/Content/Weapon_Pack/Materials/Set/M_Wall_Window_Frame1.uasset" 2266
"D:/GitHub/CutyKiller/GAME FOLDER/Content/Weapon_Pack/Materials/Set/M_Wall_Window_Frame1.uexp" 2267
"D:/GitHub/CutyKiller/GAME FOLDER/Content/Weapon_Pack/Textures/Set/Walls/T_Stone_Wall_Trim_Normal.ubulk" 2268
"D:/GitHub/CutyKiller/GAME FOLDER/Content/Weapon_Pack/Textures/Set/Walls/T_Stone_Wall_Trim_Normal.uasset" 2269
"D:/GitHub/CutyKiller/GAME FOLDER/Content/Weapon_Pack/Textures/Set/Walls/T_Stone_Wall_Trim_Normal.uexp" 2270
"D:/GitHub/CutyKiller/GAME FOLDER/Content/Weapon_Pack/Textures/Set/Walls/T_Stone_Wall_Trim_BaseColor.ubulk" 2271
"D:/GitHub/CutyKiller/GAME FOLDER/Content/Weapon_Pack/Textures/Set/Walls/T_Stone_Wall_Trim_BaseColor.uasset" 2272
"D:/GitHub/CutyKiller/GAME FOLDER/Content/Weapon_Pack/Textures/Set/Walls/T_Stone_Wall_Trim_BaseColor.uexp" 2273
"D:/GitHub/CutyKiller/GAME FOLDER/Content/Weapon_Pack/Textures/Set/Walls/T_Stone_Wall_Trim_OcclusionRoughnessMetallic.ubulk" 2274
"D:/GitHub/CutyKiller/GAME FOLDER/Content/Weapon_Pack/Textures/Set/Walls/T_Stone_Wall_Trim_OcclusionRoughnessMetallic.uasset" 2275
"D:/GitHub/CutyKiller/GAME FOLDER/Content/Weapon_Pack/Textures/Set/Walls/T_Stone_Wall_Trim_OcclusionRoughnessMetallic.uexp" 2276
"D:/GitHub/CutyKiller/GAME FOLDER/Content/Weapon_Pack/Materials/Set/M_Stone_Wall_Trim.uasset" 2277
"D:/GitHub/CutyKiller/GAME FOLDER/Content/Weapon_Pack/Materials/Set/M_Stone_Wall_Trim.uexp" 2278
"D:/GitHub/CutyKiller/GAME FOLDER/Content/Weapon_Pack/Blueprints/Lightshaft/Lightshaft/T_GodRay_Mask01.ubulk" 2279
"D:/GitHub/CutyKiller/GAME FOLDER/Content/Weapon_Pack/Blueprints/Lightshaft/Lightshaft/T_GodRay_Mask01.uasset" 2280
"D:/GitHub/CutyKiller/GAME FOLDER/Content/Weapon_Pack/Blueprints/Lightshaft/Lightshaft/T_GodRay_Mask01.uexp" 2281
"../../../Engine/Content/Functions/Engine_MaterialFunctions01/WorldPositionOffset/SplineThicken.uasset" 2282
"../../../Engine/Content/Functions/Engine_MaterialFunctions01/WorldPositionOffset/SplineThicken.uexp" 2283
"D:/GitHub/CutyKiller/GAME FOLDER/Content/Weapon_Pack/Textures/Noise/TilingNoise02.ubulk" 2284
"D:/GitHub/CutyKiller/GAME FOLDER/Content/Weapon_Pack/Textures/Noise/TilingNoise02.uasset" 2285
"D:/GitHub/CutyKiller/GAME FOLDER/Content/Weapon_Pack/Textures/Noise/TilingNoise02.uexp" 2286
"D:/GitHub/CutyKiller/GAME FOLDER/Content/Weapon_Pack/Blueprints/Lightshaft/Lightshaft/M_GodRay.uasset" 2287
"D:/GitHub/CutyKiller/GAME FOLDER/Content/Weapon_Pack/Blueprints/Lightshaft/Lightshaft/M_GodRay.uexp" 2288
"D:/GitHub/CutyKiller/GAME FOLDER/Content/Weapon_Pack/Blueprints/Lightshaft/Lightshaft/T_GodRay_Mask02.ubulk" 2289
"D:/GitHub/CutyKiller/GAME FOLDER/Content/Weapon_Pack/Blueprints/Lightshaft/Lightshaft/T_GodRay_Mask02.uasset" 2290
"D:/GitHub/CutyKiller/GAME FOLDER/Content/Weapon_Pack/Blueprints/Lightshaft/Lightshaft/T_GodRay_Mask02.uexp" 2291
"D:/GitHub/CutyKiller/GAME FOLDER/Content/Weapon_Pack/Blueprints/Lightshaft/Lightshaft/M_GodRay_Inst_Animated.uasset" 2292
"D:/GitHub/CutyKiller/GAME FOLDER/Content/Weapon_Pack/Blueprints/Lightshaft/Lightshaft/M_GodRay_Inst_Animated.uexp" 2293
"D:/GitHub/CutyKiller/GAME FOLDER/Content/Weapon_Pack/Blueprints/Lightshaft/Lightshaft/SM_GodRay_Plane.ubulk" 2294
"D:/GitHub/CutyKiller/GAME FOLDER/Content/Weapon_Pack/Blueprints/Lightshaft/Lightshaft/SM_GodRay_Plane.uasset" 2295
"D:/GitHub/CutyKiller/GAME FOLDER/Content/Weapon_Pack/Blueprints/Lightshaft/Lightshaft/SM_GodRay_Plane.uexp" 2296
"D:/GitHub/CutyKiller/GAME FOLDER/Content/Weapon_Pack/Blueprints/Lightshaft/BP_GodRay.uasset" 2297
"D:/GitHub/CutyKiller/GAME FOLDER/Content/Weapon_Pack/Blueprints/Lightshaft/BP_GodRay.uexp" 2298
"D:/GitHub/CutyKiller/GAME FOLDER/Content/Weapon_Pack/Textures/Set/Walls/T_Stone_Wall_Normal.ubulk" 2299
"D:/GitHub/CutyKiller/GAME FOLDER/Content/Weapon_Pack/Textures/Set/Walls/T_Stone_Wall_Normal.uasset" 2300
"D:/GitHub/CutyKiller/GAME FOLDER/Content/Weapon_Pack/Textures/Set/Walls/T_Stone_Wall_Normal.uexp" 2301
"D:/GitHub/CutyKiller/GAME FOLDER/Content/Weapon_Pack/Textures/Set/Walls/T_Stone_Wall_BaseColor.ubulk" 2302
"D:/GitHub/CutyKiller/GAME FOLDER/Content/Weapon_Pack/Textures/Set/Walls/T_Stone_Wall_BaseColor.uasset" 2303
"D:/GitHub/CutyKiller/GAME FOLDER/Content/Weapon_Pack/Textures/Set/Walls/T_Stone_Wall_BaseColor.uexp" 2304
"D:/GitHub/CutyKiller/GAME FOLDER/Content/Weapon_Pack/Textures/Set/Walls/T_Stone_Wall_OcclusionRoughnessMetallic.ubulk" 2305
"D:/GitHub/CutyKiller/GAME FOLDER/Content/Weapon_Pack/Textures/Set/Walls/T_Stone_Wall_OcclusionRoughnessMetallic.uasset" 2306
"D:/GitHub/CutyKiller/GAME FOLDER/Content/Weapon_Pack/Textures/Set/Walls/T_Stone_Wall_OcclusionRoughnessMetallic.uexp" 2307
"D:/GitHub/CutyKiller/GAME FOLDER/Content/Weapon_Pack/Materials/Set/M_Stone_Wall.uasset" 2308
"D:/GitHub/CutyKiller/GAME FOLDER/Content/Weapon_Pack/Materials/Set/M_Stone_Wall.uexp" 2309
"D:/GitHub/CutyKiller/GAME FOLDER/Content/Weapon_Pack/Mesh/Set/SM_Wall.ubulk" 2310
"D:/GitHub/CutyKiller/GAME FOLDER/Content/Weapon_Pack/Mesh/Set/SM_Wall.uasset" 2311
"D:/GitHub/CutyKiller/GAME FOLDER/Content/Weapon_Pack/Mesh/Set/SM_Wall.uexp" 2312
"../../../Engine/Content/ArtTools/RenderToTexture/MaterialFunctions/CheckerPattern.uasset" 2313
"../../../Engine/Content/ArtTools/RenderToTexture/MaterialFunctions/CheckerPattern.uexp" 2314
"../../../Engine/Content/EditorMaterials/Thumbnails/SkySphereMaterial.uasset" 2315
"../../../Engine/Content/EditorMaterials/Thumbnails/SkySphereMaterial.uexp" 2316
"../../../Engine/Content/EditorMeshes/EditorSkySphere.ubulk" 2317
"../../../Engine/Content/EditorMeshes/EditorSkySphere.uasset" 2318
"../../../Engine/Content/EditorMeshes/EditorSkySphere.uexp" 2319
"D:/GitHub/CutyKiller/GAME FOLDER/Content/Weapon_Pack/Textures/Props/Interior/T_Props2_BaseColor.ubulk" 2320
"D:/GitHub/CutyKiller/GAME FOLDER/Content/Weapon_Pack/Textures/Props/Interior/T_Props2_BaseColor.uasset" 2321
"D:/GitHub/CutyKiller/GAME FOLDER/Content/Weapon_Pack/Textures/Props/Interior/T_Props2_BaseColor.uexp" 2322
"D:/GitHub/CutyKiller/GAME FOLDER/Content/Weapon_Pack/Textures/Props/Interior/T_Props2_Normal.ubulk" 2323
"D:/GitHub/CutyKiller/GAME FOLDER/Content/Weapon_Pack/Textures/Props/Interior/T_Props2_Normal.uasset" 2324
"D:/GitHub/CutyKiller/GAME FOLDER/Content/Weapon_Pack/Textures/Props/Interior/T_Props2_Normal.uexp" 2325
"D:/GitHub/CutyKiller/GAME FOLDER/Content/Weapon_Pack/Textures/Props/Interior/T_Props2_OcclusionRoughnessMetallic.ubulk" 2326
"D:/GitHub/CutyKiller/GAME FOLDER/Content/Weapon_Pack/Textures/Props/Interior/T_Props2_OcclusionRoughnessMetallic.uasset" 2327
"D:/GitHub/CutyKiller/GAME FOLDER/Content/Weapon_Pack/Textures/Props/Interior/T_Props2_OcclusionRoughnessMetallic.uexp" 2328
"D:/GitHub/CutyKiller/GAME FOLDER/Content/Weapon_Pack/Materials/Props/Interior/M_Props2.uasset" 2329
"D:/GitHub/CutyKiller/GAME FOLDER/Content/Weapon_Pack/Materials/Props/Interior/M_Props2.uexp" 2330
"D:/GitHub/CutyKiller/GAME FOLDER/Content/Weapon_Pack/Mesh/Props/Interior/SM_Weapon_WallMount.ubulk" 2331
"D:/GitHub/CutyKiller/GAME FOLDER/Content/Weapon_Pack/Mesh/Props/Interior/SM_Weapon_WallMount.uasset" 2332
"D:/GitHub/CutyKiller/GAME FOLDER/Content/Weapon_Pack/Mesh/Props/Interior/SM_Weapon_WallMount.uexp" 2333
"D:/GitHub/CutyKiller/GAME FOLDER/Content/Weapon_Pack/Mesh/Weapons/Weapons_Kit/SM_H2H.ubulk" 2334
"D:/GitHub/CutyKiller/GAME FOLDER/Content/Weapon_Pack/Mesh/Weapons/Weapons_Kit/SM_H2H.uasset" 2335
"D:/GitHub/CutyKiller/GAME FOLDER/Content/Weapon_Pack/Mesh/Weapons/Weapons_Kit/SM_H2H.uexp" 2336
"D:/GitHub/CutyKiller/GAME FOLDER/Content/Weapon_Pack/Textures/HDRI/HDRI_Epic_Courtyard_Daylight.uasset" 2337
"D:/GitHub/CutyKiller/GAME FOLDER/Content/Weapon_Pack/Textures/HDRI/HDRI_Epic_Courtyard_Daylight.uexp" 2338
"D:/GitHub/CutyKiller/GAME FOLDER/Content/Weapon_Pack/Mesh/Weapons/Weapons_Kit/SM_Throwing.ubulk" 2339
"D:/GitHub/CutyKiller/GAME FOLDER/Content/Weapon_Pack/Mesh/Weapons/Weapons_Kit/SM_Throwing.uasset" 2340
"D:/GitHub/CutyKiller/GAME FOLDER/Content/Weapon_Pack/Mesh/Weapons/Weapons_Kit/SM_Throwing.uexp" 2341
"D:/GitHub/CutyKiller/GAME FOLDER/Content/Weapon_Pack/Mesh/Props/Interior/SM_Chair.ubulk" 2342
"D:/GitHub/CutyKiller/GAME FOLDER/Content/Weapon_Pack/Mesh/Props/Interior/SM_Chair.uasset" 2343
"D:/GitHub/CutyKiller/GAME FOLDER/Content/Weapon_Pack/Mesh/Props/Interior/SM_Chair.uexp" 2344
"../../../Engine/Content/EngineSky/C_Sky_Horizon_Color.uasset" 2345
"../../../Engine/Content/EngineSky/C_Sky_Horizon_Color.uexp" 2346
"../../../Engine/Content/EngineSky/T_Sky_Stars.ubulk" 2347
"../../../Engine/Content/EngineSky/T_Sky_Stars.uasset" 2348
"../../../Engine/Content/EngineSky/T_Sky_Stars.uexp" 2349
"../../../Engine/Content/EngineSky/T_Sky_Clouds_M.ubulk" 2350
"../../../Engine/Content/EngineSky/T_Sky_Clouds_M.uasset" 2351
"../../../Engine/Content/EngineSky/T_Sky_Clouds_M.uexp" 2352
"../../../Engine/Content/EngineSky/T_Sky_Blue.ubulk" 2353
"../../../Engine/Content/EngineSky/T_Sky_Blue.uasset" 2354
"../../../Engine/Content/EngineSky/T_Sky_Blue.uexp" 2355
"../../../Engine/Content/EngineSky/M_Sky_Panning_Clouds2.uasset" 2356
"../../../Engine/Content/EngineSky/M_Sky_Panning_Clouds2.uexp" 2357
"../../../Engine/Content/EngineSky/SM_SkySphere.ubulk" 2358
"../../../Engine/Content/EngineSky/SM_SkySphere.uasset" 2359
"../../../Engine/Content/EngineSky/SM_SkySphere.uexp" 2360
"../../../Engine/Content/EngineSky/C_Sky_Cloud_Color.uasset" 2361
"../../../Engine/Content/EngineSky/C_Sky_Cloud_Color.uexp" 2362
"../../../Engine/Content/EngineSky/C_Sky_Zenith_Color.uasset" 2363
"../../../Engine/Content/EngineSky/C_Sky_Zenith_Color.uexp" 2364
"../../../Engine/Content/EngineSky/BP_Sky_Sphere.uasset" 2365
"../../../Engine/Content/EngineSky/BP_Sky_Sphere.uexp" 2366
"D:/GitHub/CutyKiller/GAME FOLDER/Content/Weapon_Pack/Textures/Props/Interior/T_Props1_Normal.ubulk" 2367
"D:/GitHub/CutyKiller/GAME FOLDER/Content/Weapon_Pack/Textures/Props/Interior/T_Props1_Normal.uasset" 2368
"D:/GitHub/CutyKiller/GAME FOLDER/Content/Weapon_Pack/Textures/Props/Interior/T_Props1_Normal.uexp" 2369
"D:/GitHub/CutyKiller/GAME FOLDER/Content/Weapon_Pack/Textures/Props/Interior/T_Props1_BaseColor.ubulk" 2370
"D:/GitHub/CutyKiller/GAME FOLDER/Content/Weapon_Pack/Textures/Props/Interior/T_Props1_BaseColor.uasset" 2371
"D:/GitHub/CutyKiller/GAME FOLDER/Content/Weapon_Pack/Textures/Props/Interior/T_Props1_BaseColor.uexp" 2372
"D:/GitHub/CutyKiller/GAME FOLDER/Content/Weapon_Pack/Textures/Props/Interior/T_Props1_OcclusionRoughnessMetallic.ubulk" 2373
"D:/GitHub/CutyKiller/GAME FOLDER/Content/Weapon_Pack/Textures/Props/Interior/T_Props1_OcclusionRoughnessMetallic.uasset" 2374
"D:/GitHub/CutyKiller/GAME FOLDER/Content/Weapon_Pack/Textures/Props/Interior/T_Props1_OcclusionRoughnessMetallic.uexp" 2375
"D:/GitHub/CutyKiller/GAME FOLDER/Content/Weapon_Pack/Materials/Props/Interior/M_Props1.uasset" 2376
"D:/GitHub/CutyKiller/GAME FOLDER/Content/Weapon_Pack/Materials/Props/Interior/M_Props1.uexp" 2377
"D:/GitHub/CutyKiller/GAME FOLDER/Content/Weapon_Pack/Mesh/Props/Interior/SM_Wall_Torch1.ubulk" 2378
"D:/GitHub/CutyKiller/GAME FOLDER/Content/Weapon_Pack/Mesh/Props/Interior/SM_Wall_Torch1.uasset" 2379
"D:/GitHub/CutyKiller/GAME FOLDER/Content/Weapon_Pack/Mesh/Props/Interior/SM_Wall_Torch1.uexp" 2380
"D:/GitHub/CutyKiller/GAME FOLDER/Content/Weapon_Pack/Textures/Set/T_Window_Frames_Normal.ubulk" 2381
"D:/GitHub/CutyKiller/GAME FOLDER/Content/Weapon_Pack/Textures/Set/T_Window_Frames_Normal.uasset" 2382
"D:/GitHub/CutyKiller/GAME FOLDER/Content/Weapon_Pack/Textures/Set/T_Window_Frames_Normal.uexp" 2383
"D:/GitHub/CutyKiller/GAME FOLDER/Content/Weapon_Pack/Textures/Set/T_Window_Frames_OcclusionRoughnessMetallic.ubulk" 2384
"D:/GitHub/CutyKiller/GAME FOLDER/Content/Weapon_Pack/Textures/Set/T_Window_Frames_OcclusionRoughnessMetallic.uasset" 2385
"D:/GitHub/CutyKiller/GAME FOLDER/Content/Weapon_Pack/Textures/Set/T_Window_Frames_OcclusionRoughnessMetallic.uexp" 2386
"D:/GitHub/CutyKiller/GAME FOLDER/Content/Weapon_Pack/Textures/Set/T_Window_Frames_BaseColor.ubulk" 2387
"D:/GitHub/CutyKiller/GAME FOLDER/Content/Weapon_Pack/Textures/Set/T_Window_Frames_BaseColor.uasset" 2388
"D:/GitHub/CutyKiller/GAME FOLDER/Content/Weapon_Pack/Textures/Set/T_Window_Frames_BaseColor.uexp" 2389
"D:/GitHub/CutyKiller/GAME FOLDER/Content/Weapon_Pack/Materials/Set/M_Window_Frames.uasset" 2390
"D:/GitHub/CutyKiller/GAME FOLDER/Content/Weapon_Pack/Materials/Set/M_Window_Frames.uexp" 2391
"D:/GitHub/CutyKiller/GAME FOLDER/Content/Weapon_Pack/Mesh/Set/SM_Window_Frame_Large.ubulk" 2392
"D:/GitHub/CutyKiller/GAME FOLDER/Content/Weapon_Pack/Mesh/Set/SM_Window_Frame_Large.uasset" 2393
"D:/GitHub/CutyKiller/GAME FOLDER/Content/Weapon_Pack/Mesh/Set/SM_Window_Frame_Large.uexp" 2394
"D:/GitHub/CutyKiller/GAME FOLDER/Content/Weapon_Pack/Textures/Set/T_Floor_BaseColor.ubulk" 2395
"D:/GitHub/CutyKiller/GAME FOLDER/Content/Weapon_Pack/Textures/Set/T_Floor_BaseColor.uasset" 2396
"D:/GitHub/CutyKiller/GAME FOLDER/Content/Weapon_Pack/Textures/Set/T_Floor_BaseColor.uexp" 2397
"D:/GitHub/CutyKiller/GAME FOLDER/Content/Weapon_Pack/Textures/Set/T_Floor_OcclusionRoughnessMetallic.ubulk" 2398
"D:/GitHub/CutyKiller/GAME FOLDER/Content/Weapon_Pack/Textures/Set/T_Floor_OcclusionRoughnessMetallic.uasset" 2399
"D:/GitHub/CutyKiller/GAME FOLDER/Content/Weapon_Pack/Textures/Set/T_Floor_OcclusionRoughnessMetallic.uexp" 2400
"D:/GitHub/CutyKiller/GAME FOLDER/Content/Weapon_Pack/Textures/Set/T_Floor_Normal.ubulk" 2401
"D:/GitHub/CutyKiller/GAME FOLDER/Content/Weapon_Pack/Textures/Set/T_Floor_Normal.uasset" 2402
"D:/GitHub/CutyKiller/GAME FOLDER/Content/Weapon_Pack/Textures/Set/T_Floor_Normal.uexp" 2403
"D:/GitHub/CutyKiller/GAME FOLDER/Content/Weapon_Pack/Materials/Set/M_Floor.uasset" 2404
"D:/GitHub/CutyKiller/GAME FOLDER/Content/Weapon_Pack/Materials/Set/M_Floor.uexp" 2405
"D:/GitHub/CutyKiller/GAME FOLDER/Content/Weapon_Pack/Mesh/Set/SM_Floor.ubulk" 2406
"D:/GitHub/CutyKiller/GAME FOLDER/Content/Weapon_Pack/Mesh/Set/SM_Floor.uasset" 2407
"D:/GitHub/CutyKiller/GAME FOLDER/Content/Weapon_Pack/Mesh/Set/SM_Floor.uexp" 2408
"../../../Engine/Content/BasicShapes/Cube.ubulk" 2409
"../../../Engine/Content/BasicShapes/Cube.uasset" 2410
"../../../Engine/Content/BasicShapes/Cube.uexp" 2411
"D:/GitHub/CutyKiller/GAME FOLDER/Content/Weapon_Pack/Mesh/Weapons/Weapons_Kit/SM_Mace.ubulk" 2412
"D:/GitHub/CutyKiller/GAME FOLDER/Content/Weapon_Pack/Mesh/Weapons/Weapons_Kit/SM_Mace.uasset" 2413
"D:/GitHub/CutyKiller/GAME FOLDER/Content/Weapon_Pack/Mesh/Weapons/Weapons_Kit/SM_Mace.uexp" 2414
"D:/GitHub/CutyKiller/GAME FOLDER/Content/Weapon_Pack/Mesh/Weapons/Weapons_Kit/SM_Shield.ubulk" 2415
"D:/GitHub/CutyKiller/GAME FOLDER/Content/Weapon_Pack/Mesh/Weapons/Weapons_Kit/SM_Shield.uasset" 2416
"D:/GitHub/CutyKiller/GAME FOLDER/Content/Weapon_Pack/Mesh/Weapons/Weapons_Kit/SM_Shield.uexp" 2417
"D:/GitHub/CutyKiller/GAME FOLDER/Content/Weapon_Pack/Mesh/Weapons/Weapons_Kit/SM_Axe.ubulk" 2418
"D:/GitHub/CutyKiller/GAME FOLDER/Content/Weapon_Pack/Mesh/Weapons/Weapons_Kit/SM_Axe.uasset" 2419
"D:/GitHub/CutyKiller/GAME FOLDER/Content/Weapon_Pack/Mesh/Weapons/Weapons_Kit/SM_Axe.uexp" 2420
"D:/GitHub/CutyKiller/GAME FOLDER/Content/Weapon_Pack/Mesh/Weapons/Weapons_Kit/SM_Dagger_1.ubulk" 2421
"D:/GitHub/CutyKiller/GAME FOLDER/Content/Weapon_Pack/Mesh/Weapons/Weapons_Kit/SM_Dagger_1.uasset" 2422
"D:/GitHub/CutyKiller/GAME FOLDER/Content/Weapon_Pack/Mesh/Weapons/Weapons_Kit/SM_Dagger_1.uexp" 2423
"D:/GitHub/CutyKiller/GAME FOLDER/Content/Weapon_Pack/Mesh/Weapons/Weapons_Kit/SM_Dagger_2.ubulk" 2424
"D:/GitHub/CutyKiller/GAME FOLDER/Content/Weapon_Pack/Mesh/Weapons/Weapons_Kit/SM_Dagger_2.uasset" 2425
"D:/GitHub/CutyKiller/GAME FOLDER/Content/Weapon_Pack/Mesh/Weapons/Weapons_Kit/SM_Dagger_2.uexp" 2426
"D:/GitHub/CutyKiller/GAME FOLDER/Content/Weapon_Pack/Mesh/Props/Interior/SM_Table.ubulk" 2427
"D:/GitHub/CutyKiller/GAME FOLDER/Content/Weapon_Pack/Mesh/Props/Interior/SM_Table.uasset" 2428
"D:/GitHub/CutyKiller/GAME FOLDER/Content/Weapon_Pack/Mesh/Props/Interior/SM_Table.uexp" 2429
"D:/GitHub/CutyKiller/GAME FOLDER/Content/Weapon_Pack/Mesh/Props/Interior/SM_Holder.ubulk" 2430
"D:/GitHub/CutyKiller/GAME FOLDER/Content/Weapon_Pack/Mesh/Props/Interior/SM_Holder.uasset" 2431
"D:/GitHub/CutyKiller/GAME FOLDER/Content/Weapon_Pack/Mesh/Props/Interior/SM_Holder.uexp" 2432
"D:/GitHub/CutyKiller/GAME FOLDER/Content/Weapon_Pack/Textures/Set/Walls/T_Window_Trim2_Normal.ubulk" 2433
"D:/GitHub/CutyKiller/GAME FOLDER/Content/Weapon_Pack/Textures/Set/Walls/T_Window_Trim2_Normal.uasset" 2434
"D:/GitHub/CutyKiller/GAME FOLDER/Content/Weapon_Pack/Textures/Set/Walls/T_Window_Trim2_Normal.uexp" 2435
"D:/GitHub/CutyKiller/GAME FOLDER/Content/Weapon_Pack/Textures/Set/Walls/T_Window_Trim2_OcclusionRoughnessMetallic.ubulk" 2436
"D:/GitHub/CutyKiller/GAME FOLDER/Content/Weapon_Pack/Textures/Set/Walls/T_Window_Trim2_OcclusionRoughnessMetallic.uasset" 2437
"D:/GitHub/CutyKiller/GAME FOLDER/Content/Weapon_Pack/Textures/Set/Walls/T_Window_Trim2_OcclusionRoughnessMetallic.uexp" 2438
"D:/GitHub/CutyKiller/GAME FOLDER/Content/Weapon_Pack/Textures/Set/Walls/T_Window_Trim2_BaseColor.ubulk" 2439
"D:/GitHub/CutyKiller/GAME FOLDER/Content/Weapon_Pack/Textures/Set/Walls/T_Window_Trim2_BaseColor.uasset" 2440
"D:/GitHub/CutyKiller/GAME FOLDER/Content/Weapon_Pack/Textures/Set/Walls/T_Window_Trim2_BaseColor.uexp" 2441
"D:/GitHub/CutyKiller/GAME FOLDER/Content/Weapon_Pack/Materials/Set/M_Wall_Window_Frame2.uasset" 2442
"D:/GitHub/CutyKiller/GAME FOLDER/Content/Weapon_Pack/Materials/Set/M_Wall_Window_Frame2.uexp" 2443
"D:/GitHub/CutyKiller/GAME FOLDER/Content/Weapon_Pack/Mesh/Set/SM_Window_Wall_Tall.ubulk" 2444
"D:/GitHub/CutyKiller/GAME FOLDER/Content/Weapon_Pack/Mesh/Set/SM_Window_Wall_Tall.uasset" 2445
"D:/GitHub/CutyKiller/GAME FOLDER/Content/Weapon_Pack/Mesh/Set/SM_Window_Wall_Tall.uexp" 2446
"D:/GitHub/CutyKiller/GAME FOLDER/Content/Weapon_Pack/Mesh/Props/Interior/SM_Banner_Rod1.ubulk" 2447
"D:/GitHub/CutyKiller/GAME FOLDER/Content/Weapon_Pack/Mesh/Props/Interior/SM_Banner_Rod1.uasset" 2448
"D:/GitHub/CutyKiller/GAME FOLDER/Content/Weapon_Pack/Mesh/Props/Interior/SM_Banner_Rod1.uexp" 2449
"D:/GitHub/CutyKiller/GAME FOLDER/Content/Weapon_Pack/Mesh/Weapons/Weapons_Kit/SM_GreatHammer.ubulk" 2450
"D:/GitHub/CutyKiller/GAME FOLDER/Content/Weapon_Pack/Mesh/Weapons/Weapons_Kit/SM_GreatHammer.uasset" 2451
"D:/GitHub/CutyKiller/GAME FOLDER/Content/Weapon_Pack/Mesh/Weapons/Weapons_Kit/SM_GreatHammer.uexp" 2452
"D:/GitHub/CutyKiller/GAME FOLDER/Content/Weapon_Pack/Textures/Set/Stain_Glass/StainGlass_Normal_DirectX.ubulk" 2453
"D:/GitHub/CutyKiller/GAME FOLDER/Content/Weapon_Pack/Textures/Set/Stain_Glass/StainGlass_Normal_DirectX.uasset" 2454
"D:/GitHub/CutyKiller/GAME FOLDER/Content/Weapon_Pack/Textures/Set/Stain_Glass/StainGlass_Normal_DirectX.uexp" 2455
"D:/GitHub/CutyKiller/GAME FOLDER/Content/Weapon_Pack/Textures/Set/Stain_Glass/StainGlass_Opacity.ubulk" 2456
"D:/GitHub/CutyKiller/GAME FOLDER/Content/Weapon_Pack/Textures/Set/Stain_Glass/StainGlass_Opacity.uasset" 2457
"D:/GitHub/CutyKiller/GAME FOLDER/Content/Weapon_Pack/Textures/Set/Stain_Glass/StainGlass_Opacity.uexp" 2458
"D:/GitHub/CutyKiller/GAME FOLDER/Content/Weapon_Pack/Textures/Set/Stain_Glass/StainGlass_Metallic.ubulk" 2459
"D:/GitHub/CutyKiller/GAME FOLDER/Content/Weapon_Pack/Textures/Set/Stain_Glass/StainGlass_Metallic.uasset" 2460
"D:/GitHub/CutyKiller/GAME FOLDER/Content/Weapon_Pack/Textures/Set/Stain_Glass/StainGlass_Metallic.uexp" 2461
"D:/GitHub/CutyKiller/GAME FOLDER/Content/Weapon_Pack/Textures/Set/Stain_Glass/StainGlass_Base_Color.ubulk" 2462
"D:/GitHub/CutyKiller/GAME FOLDER/Content/Weapon_Pack/Textures/Set/Stain_Glass/StainGlass_Base_Color.uasset" 2463
"D:/GitHub/CutyKiller/GAME FOLDER/Content/Weapon_Pack/Textures/Set/Stain_Glass/StainGlass_Base_Color.uexp" 2464
"D:/GitHub/CutyKiller/GAME FOLDER/Content/Weapon_Pack/Textures/Set/Stain_Glass/StainGlass_Roughness.ubulk" 2465
"D:/GitHub/CutyKiller/GAME FOLDER/Content/Weapon_Pack/Textures/Set/Stain_Glass/StainGlass_Roughness.uasset" 2466
"D:/GitHub/CutyKiller/GAME FOLDER/Content/Weapon_Pack/Textures/Set/Stain_Glass/StainGlass_Roughness.uexp" 2467
"D:/GitHub/CutyKiller/GAME FOLDER/Content/Weapon_Pack/Materials/M_Stained_Glass.uasset" 2468
"D:/GitHub/CutyKiller/GAME FOLDER/Content/Weapon_Pack/Materials/M_Stained_Glass.uexp" 2469
"D:/GitHub/CutyKiller/GAME FOLDER/Content/Weapon_Pack/Effects/Textures/Snow/T_Snow01_Packed.ubulk" 2470
"D:/GitHub/CutyKiller/GAME FOLDER/Content/Weapon_Pack/Effects/Textures/Snow/T_Snow01_Packed.uasset" 2471
"D:/GitHub/CutyKiller/GAME FOLDER/Content/Weapon_Pack/Effects/Textures/Snow/T_Snow01_Packed.uexp" 2472
"D:/GitHub/CutyKiller/GAME FOLDER/Content/Weapon_Pack/Effects/Textures/Noise/T_TilingNoise12.ubulk" 2473
"D:/GitHub/CutyKiller/GAME FOLDER/Content/Weapon_Pack/Effects/Textures/Noise/T_TilingNoise12.uasset" 2474
"D:/GitHub/CutyKiller/GAME FOLDER/Content/Weapon_Pack/Effects/Textures/Noise/T_TilingNoise12.uexp" 2475
"D:/GitHub/CutyKiller/GAME FOLDER/Content/Weapon_Pack/Effects/Materials/Sparks/M_Spark_VelocityLerp.uasset" 2476
"D:/GitHub/CutyKiller/GAME FOLDER/Content/Weapon_Pack/Effects/Materials/Sparks/M_Spark_VelocityLerp.uexp" 2477
"D:/GitHub/CutyKiller/GAME FOLDER/Content/Weapon_Pack/Effects/Textures/Noise/T_TilingNoise16.ubulk" 2478
"D:/GitHub/CutyKiller/GAME FOLDER/Content/Weapon_Pack/Effects/Textures/Noise/T_TilingNoise16.uasset" 2479
"D:/GitHub/CutyKiller/GAME FOLDER/Content/Weapon_Pack/Effects/Textures/Noise/T_TilingNoise16.uexp" 2480
"D:/GitHub/CutyKiller/GAME FOLDER/Content/Weapon_Pack/Effects/Textures/Fire/T_FireSubUV_11X11_32.ubulk" 2481
"D:/GitHub/CutyKiller/GAME FOLDER/Content/Weapon_Pack/Effects/Textures/Fire/T_FireSubUV_11X11_32.uasset" 2482
"D:/GitHub/CutyKiller/GAME FOLDER/Content/Weapon_Pack/Effects/Textures/Fire/T_FireSubUV_11X11_32.uexp" 2483
"D:/GitHub/CutyKiller/GAME FOLDER/Content/Weapon_Pack/Effects/Materials/Fire/M_Fire_SubUV_11X11_Noise.uasset" 2484
"D:/GitHub/CutyKiller/GAME FOLDER/Content/Weapon_Pack/Effects/Materials/Fire/M_Fire_SubUV_11X11_Noise.uexp" 2485
"D:/GitHub/CutyKiller/GAME FOLDER/Content/Weapon_Pack/Effects/VectorFields/VF_RandomNoise_01_90.uasset" 2486
"D:/GitHub/CutyKiller/GAME FOLDER/Content/Weapon_Pack/Effects/VectorFields/VF_RandomNoise_01_90.uexp" 2487
"D:/GitHub/CutyKiller/GAME FOLDER/Content/Weapon_Pack/Effects/Textures/Flares/T_FlareRound_Noise.ubulk" 2488
"D:/GitHub/CutyKiller/GAME FOLDER/Content/Weapon_Pack/Effects/Textures/Flares/T_FlareRound_Noise.uasset" 2489
"D:/GitHub/CutyKiller/GAME FOLDER/Content/Weapon_Pack/Effects/Textures/Flares/T_FlareRound_Noise.uexp" 2490
"D:/GitHub/CutyKiller/GAME FOLDER/Content/Weapon_Pack/Effects/Materials/Flares/M_FlareRound.uasset" 2491
"D:/GitHub/CutyKiller/GAME FOLDER/Content/Weapon_Pack/Effects/Materials/Flares/M_FlareRound.uexp" 2492
"D:/GitHub/CutyKiller/GAME FOLDER/Content/Weapon_Pack/Effects/Textures/Noise/T_TilingNoise03.ubulk" 2493
"D:/GitHub/CutyKiller/GAME FOLDER/Content/Weapon_Pack/Effects/Textures/Noise/T_TilingNoise03.uasset" 2494
"D:/GitHub/CutyKiller/GAME FOLDER/Content/Weapon_Pack/Effects/Textures/Noise/T_TilingNoise03.uexp" 2495
"D:/GitHub/CutyKiller/GAME FOLDER/Content/Weapon_Pack/Effects/Textures/Noise/T_HeatTile3_N.ubulk" 2496
"D:/GitHub/CutyKiller/GAME FOLDER/Content/Weapon_Pack/Effects/Textures/Noise/T_HeatTile3_N.uasset" 2497
"D:/GitHub/CutyKiller/GAME FOLDER/Content/Weapon_Pack/Effects/Textures/Noise/T_HeatTile3_N.uexp" 2498
"D:/GitHub/CutyKiller/GAME FOLDER/Content/Weapon_Pack/Effects/Materials/Fire/M_HeatDistort.uasset" 2499
"D:/GitHub/CutyKiller/GAME FOLDER/Content/Weapon_Pack/Effects/Materials/Fire/M_HeatDistort.uexp" 2500
"D:/GitHub/CutyKiller/GAME FOLDER/Content/Weapon_Pack/Effects/Particles/Fire/P_TorchFire.uasset" 2501
"D:/GitHub/CutyKiller/GAME FOLDER/Content/Weapon_Pack/Effects/Particles/Fire/P_TorchFire.uexp" 2502
"../../../Engine/Content/BasicShapes/Plane.ubulk" 2503
"../../../Engine/Content/BasicShapes/Plane.uasset" 2504
"../../../Engine/Content/BasicShapes/Plane.uexp" 2505
"D:/GitHub/CutyKiller/GAME FOLDER/Content/Weapon_Pack/Mesh/Weapons/Weapons_Kit/SM_Sword.ubulk" 2506
"D:/GitHub/CutyKiller/GAME FOLDER/Content/Weapon_Pack/Mesh/Weapons/Weapons_Kit/SM_Sword.uasset" 2507
"D:/GitHub/CutyKiller/GAME FOLDER/Content/Weapon_Pack/Mesh/Weapons/Weapons_Kit/SM_Sword.uexp" 2508
"D:/GitHub/CutyKiller/GAME FOLDER/Content/Weapon_Pack/Mesh/Weapons/Weapons_Kit/SM_Spear.ubulk" 2509
"D:/GitHub/CutyKiller/GAME FOLDER/Content/Weapon_Pack/Mesh/Weapons/Weapons_Kit/SM_Spear.uasset" 2510
"D:/GitHub/CutyKiller/GAME FOLDER/Content/Weapon_Pack/Mesh/Weapons/Weapons_Kit/SM_Spear.uexp" 2511
"D:/GitHub/CutyKiller/GAME FOLDER/Content/Weapon_Pack/Textures/Props/Interior/T_Banner_Normal.ubulk" 2512
"D:/GitHub/CutyKiller/GAME FOLDER/Content/Weapon_Pack/Textures/Props/Interior/T_Banner_Normal.uasset" 2513
"D:/GitHub/CutyKiller/GAME FOLDER/Content/Weapon_Pack/Textures/Props/Interior/T_Banner_Normal.uexp" 2514
"D:/GitHub/CutyKiller/GAME FOLDER/Content/Weapon_Pack/Textures/Props/Interior/T_Banners_Normal.ubulk" 2515
"D:/GitHub/CutyKiller/GAME FOLDER/Content/Weapon_Pack/Textures/Props/Interior/T_Banners_Normal.uasset" 2516
"D:/GitHub/CutyKiller/GAME FOLDER/Content/Weapon_Pack/Textures/Props/Interior/T_Banners_Normal.uexp" 2517
"D:/GitHub/CutyKiller/GAME FOLDER/Content/Weapon_Pack/Textures/Props/Interior/T_Banners_OcclusionRoughnessMetallic.ubulk" 2518
"D:/GitHub/CutyKiller/GAME FOLDER/Content/Weapon_Pack/Textures/Props/Interior/T_Banners_OcclusionRoughnessMetallic.uasset" 2519
"D:/GitHub/CutyKiller/GAME FOLDER/Content/Weapon_Pack/Textures/Props/Interior/T_Banners_OcclusionRoughnessMetallic.uexp" 2520
"D:/GitHub/CutyKiller/GAME FOLDER/Content/Weapon_Pack/Textures/Props/Interior/T_Banner_BaseColor.ubulk" 2521
"D:/GitHub/CutyKiller/GAME FOLDER/Content/Weapon_Pack/Textures/Props/Interior/T_Banner_BaseColor.uasset" 2522
"D:/GitHub/CutyKiller/GAME FOLDER/Content/Weapon_Pack/Textures/Props/Interior/T_Banner_BaseColor.uexp" 2523
"D:/GitHub/CutyKiller/GAME FOLDER/Content/Weapon_Pack/Materials/Props/Interior/M_Banners.uasset" 2524
"D:/GitHub/CutyKiller/GAME FOLDER/Content/Weapon_Pack/Materials/Props/Interior/M_Banners.uexp" 2525
"D:/GitHub/CutyKiller/GAME FOLDER/Content/Weapon_Pack/Mesh/Props/Interior/SM_Banner_1.ubulk" 2526
"D:/GitHub/CutyKiller/GAME FOLDER/Content/Weapon_Pack/Mesh/Props/Interior/SM_Banner_1.uasset" 2527
"D:/GitHub/CutyKiller/GAME FOLDER/Content/Weapon_Pack/Mesh/Props/Interior/SM_Banner_1.uexp" 2528
"D:/GitHub/CutyKiller/GAME FOLDER/Content/Weapon_Pack/Mesh/Props/Interior/SM_Weapon_rack_1.ubulk" 2529
"D:/GitHub/CutyKiller/GAME FOLDER/Content/Weapon_Pack/Mesh/Props/Interior/SM_Weapon_rack_1.uasset" 2530
"D:/GitHub/CutyKiller/GAME FOLDER/Content/Weapon_Pack/Mesh/Props/Interior/SM_Weapon_rack_1.uexp" 2531
"D:/GitHub/CutyKiller/GAME FOLDER/Content/Weapon_Pack/Mesh/Props/Interior/SM_Barrel.ubulk" 2532
"D:/GitHub/CutyKiller/GAME FOLDER/Content/Weapon_Pack/Mesh/Props/Interior/SM_Barrel.uasset" 2533
"D:/GitHub/CutyKiller/GAME FOLDER/Content/Weapon_Pack/Mesh/Props/Interior/SM_Barrel.uexp" 2534
"D:/GitHub/CutyKiller/GAME FOLDER/Content/Weapon_Pack/Mesh/Props/Interior/SM_Bench.ubulk" 2535
"D:/GitHub/CutyKiller/GAME FOLDER/Content/Weapon_Pack/Mesh/Props/Interior/SM_Bench.uasset" 2536
"D:/GitHub/CutyKiller/GAME FOLDER/Content/Weapon_Pack/Mesh/Props/Interior/SM_Bench.uexp" 2537
"D:/GitHub/CutyKiller/GAME FOLDER/Content/Weapon_Pack/Mesh/Props/Interior/SM_Fire_Bowl.ubulk" 2538
"D:/GitHub/CutyKiller/GAME FOLDER/Content/Weapon_Pack/Mesh/Props/Interior/SM_Fire_Bowl.uasset" 2539
"D:/GitHub/CutyKiller/GAME FOLDER/Content/Weapon_Pack/Mesh/Props/Interior/SM_Fire_Bowl.uexp" 2540
"D:/GitHub/CutyKiller/GAME FOLDER/Content/Weapon_Pack/Mesh/Weapons/Weapons_Kit/SM_Sickle.ubulk" 2541
"D:/GitHub/CutyKiller/GAME FOLDER/Content/Weapon_Pack/Mesh/Weapons/Weapons_Kit/SM_Sickle.uasset" 2542
"D:/GitHub/CutyKiller/GAME FOLDER/Content/Weapon_Pack/Mesh/Weapons/Weapons_Kit/SM_Sickle.uexp" 2543
"D:/GitHub/CutyKiller/GAME FOLDER/Content/Weapon_Pack/Map/Weapons_Kit.uexp" 2544
"D:/GitHub/CutyKiller/GAME FOLDER/Content/Weapon_Pack/Map/Weapons_Kit.umap" 2545
"D:/GitHub/CutyKiller/GAME FOLDER/Content/StarterContent/Textures/T_Frame_M.ubulk" 2546
"D:/GitHub/CutyKiller/GAME FOLDER/Content/StarterContent/Textures/T_Frame_M.uasset" 2547
"D:/GitHub/CutyKiller/GAME FOLDER/Content/StarterContent/Textures/T_Frame_M.uexp" 2548
"D:/GitHub/CutyKiller/GAME FOLDER/Content/StarterContent/Textures/T_Frame_N.ubulk" 2549
"D:/GitHub/CutyKiller/GAME FOLDER/Content/StarterContent/Textures/T_Frame_N.uasset" 2550
"D:/GitHub/CutyKiller/GAME FOLDER/Content/StarterContent/Textures/T_Frame_N.uexp" 2551
"D:/GitHub/CutyKiller/GAME FOLDER/Content/StarterContent/Props/Materials/M_Frame.uasset" 2552
"D:/GitHub/CutyKiller/GAME FOLDER/Content/StarterContent/Props/Materials/M_Frame.uexp" 2553
"D:/GitHub/CutyKiller/GAME FOLDER/Content/StarterContent/Props/SM_DoorFrame.ubulk" 2554
"D:/GitHub/CutyKiller/GAME FOLDER/Content/StarterContent/Props/SM_DoorFrame.uasset" 2555
"D:/GitHub/CutyKiller/GAME FOLDER/Content/StarterContent/Props/SM_DoorFrame.uexp" 2556
"D:/GitHub/CutyKiller/GAME FOLDER/Content/StarterContent/Textures/T_MacroVariation.uasset" 2557
"D:/GitHub/CutyKiller/GAME FOLDER/Content/StarterContent/Textures/T_MacroVariation.uexp" 2558
"D:/GitHub/CutyKiller/GAME FOLDER/Content/StarterContent/Materials/M_Metal_Brushed_Nickel.uasset" 2559
"D:/GitHub/CutyKiller/GAME FOLDER/Content/StarterContent/Materials/M_Metal_Brushed_Nickel.uexp" 2560
"D:/GitHub/CutyKiller/GAME FOLDER/Content/StarterContent/Textures/T_Lamp_N.ubulk" 2561
"D:/GitHub/CutyKiller/GAME FOLDER/Content/StarterContent/Textures/T_Lamp_N.uasset" 2562
"D:/GitHub/CutyKiller/GAME FOLDER/Content/StarterContent/Textures/T_Lamp_N.uexp" 2563
"D:/GitHub/CutyKiller/GAME FOLDER/Content/StarterContent/Textures/T_Lamp_M.ubulk" 2564
"D:/GitHub/CutyKiller/GAME FOLDER/Content/StarterContent/Textures/T_Lamp_M.uasset" 2565
"D:/GitHub/CutyKiller/GAME FOLDER/Content/StarterContent/Textures/T_Lamp_M.uexp" 2566
"D:/GitHub/CutyKiller/GAME FOLDER/Content/StarterContent/Props/Materials/M_Lamp.uasset" 2567
"D:/GitHub/CutyKiller/GAME FOLDER/Content/StarterContent/Props/Materials/M_Lamp.uexp" 2568
"D:/GitHub/CutyKiller/GAME FOLDER/Content/StarterContent/Props/SM_Lamp_Ceiling.ubulk" 2569
"D:/GitHub/CutyKiller/GAME FOLDER/Content/StarterContent/Props/SM_Lamp_Ceiling.uasset" 2570
"D:/GitHub/CutyKiller/GAME FOLDER/Content/StarterContent/Props/SM_Lamp_Ceiling.uexp" 2571
"D:/GitHub/CutyKiller/GAME FOLDER/Content/StarterContent/Blueprints/Blueprint_CeilingLight.uasset" 2572
"D:/GitHub/CutyKiller/GAME FOLDER/Content/StarterContent/Blueprints/Blueprint_CeilingLight.uexp" 2573
"../../../Engine/Content/Functions/Engine_MaterialFunctions03/Procedurals/ComputeFilterWidth.uasset" 2574
"../../../Engine/Content/Functions/Engine_MaterialFunctions03/Procedurals/ComputeFilterWidth.uexp" 2575
"../../../Engine/Content/EngineMaterials/AntiAliasedTextMaterialTranslucent.uasset" 2576
"../../../Engine/Content/EngineMaterials/AntiAliasedTextMaterialTranslucent.uexp" 2577
"D:/GitHub/CutyKiller/GAME FOLDER/Content/StarterContent/Architecture/Wall_Door_400x300.ubulk" 2578
"D:/GitHub/CutyKiller/GAME FOLDER/Content/StarterContent/Architecture/Wall_Door_400x300.uasset" 2579
"D:/GitHub/CutyKiller/GAME FOLDER/Content/StarterContent/Architecture/Wall_Door_400x300.uexp" 2580
"D:/GitHub/CutyKiller/GAME FOLDER/Content/StarterContent/Textures/T_Wood_Pine_D.ubulk" 2581
"D:/GitHub/CutyKiller/GAME FOLDER/Content/StarterContent/Textures/T_Wood_Pine_D.uasset" 2582
"D:/GitHub/CutyKiller/GAME FOLDER/Content/StarterContent/Textures/T_Wood_Pine_D.uexp" 2583
"D:/GitHub/CutyKiller/GAME FOLDER/Content/StarterContent/Textures/T_Wood_Pine_N.ubulk" 2584
"D:/GitHub/CutyKiller/GAME FOLDER/Content/StarterContent/Textures/T_Wood_Pine_N.uasset" 2585
"D:/GitHub/CutyKiller/GAME FOLDER/Content/StarterContent/Textures/T_Wood_Pine_N.uexp" 2586
"D:/GitHub/CutyKiller/GAME FOLDER/Content/StarterContent/Textures/T_Perlin_Noise_M.ubulk" 2587
"D:/GitHub/CutyKiller/GAME FOLDER/Content/StarterContent/Textures/T_Perlin_Noise_M.uasset" 2588
"D:/GitHub/CutyKiller/GAME FOLDER/Content/StarterContent/Textures/T_Perlin_Noise_M.uexp" 2589
"D:/GitHub/CutyKiller/GAME FOLDER/Content/StarterContent/Materials/M_Wood_Pine.uasset" 2590
"D:/GitHub/CutyKiller/GAME FOLDER/Content/StarterContent/Materials/M_Wood_Pine.uexp" 2591
"D:/GitHub/CutyKiller/GAME FOLDER/Content/StarterContent/Textures/T_Rock_Smooth_Granite_D.ubulk" 2592
"D:/GitHub/CutyKiller/GAME FOLDER/Content/StarterContent/Textures/T_Rock_Smooth_Granite_D.uasset" 2593
"D:/GitHub/CutyKiller/GAME FOLDER/Content/StarterContent/Textures/T_Rock_Smooth_Granite_D.uexp" 2594
"D:/GitHub/CutyKiller/GAME FOLDER/Content/StarterContent/Textures/T_CobbleStone_Smooth_D.ubulk" 2595
"D:/GitHub/CutyKiller/GAME FOLDER/Content/StarterContent/Textures/T_CobbleStone_Smooth_D.uasset" 2596
"D:/GitHub/CutyKiller/GAME FOLDER/Content/StarterContent/Textures/T_CobbleStone_Smooth_D.uexp" 2597
"D:/GitHub/CutyKiller/GAME FOLDER/Content/StarterContent/Textures/T_Gradinet_01.ubulk" 2598
"D:/GitHub/CutyKiller/GAME FOLDER/Content/StarterContent/Textures/T_Gradinet_01.uasset" 2599
"D:/GitHub/CutyKiller/GAME FOLDER/Content/StarterContent/Textures/T_Gradinet_01.uexp" 2600
"D:/GitHub/CutyKiller/GAME FOLDER/Content/StarterContent/Textures/T_CobbleStone_Smooth_M.ubulk" 2601
"D:/GitHub/CutyKiller/GAME FOLDER/Content/StarterContent/Textures/T_CobbleStone_Smooth_M.uasset" 2602
"D:/GitHub/CutyKiller/GAME FOLDER/Content/StarterContent/Textures/T_CobbleStone_Smooth_M.uexp" 2603
"D:/GitHub/CutyKiller/GAME FOLDER/Content/StarterContent/Textures/T_CobbleStone_Smooth_N.ubulk" 2604
"D:/GitHub/CutyKiller/GAME FOLDER/Content/StarterContent/Textures/T_CobbleStone_Smooth_N.uasset" 2605
"D:/GitHub/CutyKiller/GAME FOLDER/Content/StarterContent/Textures/T_CobbleStone_Smooth_N.uexp" 2606
"D:/GitHub/CutyKiller/GAME FOLDER/Content/StarterContent/Materials/M_CobbleStone_Smooth.uasset" 2607
"D:/GitHub/CutyKiller/GAME FOLDER/Content/StarterContent/Materials/M_CobbleStone_Smooth.uexp" 2608
"D:/GitHub/CutyKiller/GAME FOLDER/Content/StarterContent/Materials/M_Rock_Basalt.uasset" 2609
"D:/GitHub/CutyKiller/GAME FOLDER/Content/StarterContent/Materials/M_Rock_Basalt.uexp" 2610
"D:/GitHub/CutyKiller/GAME FOLDER/Content/StarterContent/Shapes/Shape_Cube.ubulk" 2611
"D:/GitHub/CutyKiller/GAME FOLDER/Content/StarterContent/Shapes/Shape_Cube.uasset" 2612
"D:/GitHub/CutyKiller/GAME FOLDER/Content/StarterContent/Shapes/Shape_Cube.uexp" 2613
"D:/GitHub/CutyKiller/GAME FOLDER/Content/StarterContent/Textures/T_Concrete_Tiles_Variation_M.ubulk" 2614
"D:/GitHub/CutyKiller/GAME FOLDER/Content/StarterContent/Textures/T_Concrete_Tiles_Variation_M.uasset" 2615
"D:/GitHub/CutyKiller/GAME FOLDER/Content/StarterContent/Textures/T_Concrete_Tiles_Variation_M.uexp" 2616
"D:/GitHub/CutyKiller/GAME FOLDER/Content/StarterContent/Textures/T_Concrete_Tiles_D.ubulk" 2617
"D:/GitHub/CutyKiller/GAME FOLDER/Content/StarterContent/Textures/T_Concrete_Tiles_D.uasset" 2618
"D:/GitHub/CutyKiller/GAME FOLDER/Content/StarterContent/Textures/T_Concrete_Tiles_D.uexp" 2619
"D:/GitHub/CutyKiller/GAME FOLDER/Content/StarterContent/Textures/T_Concrete_Tiles_M.ubulk" 2620
"D:/GitHub/CutyKiller/GAME FOLDER/Content/StarterContent/Textures/T_Concrete_Tiles_M.uasset" 2621
"D:/GitHub/CutyKiller/GAME FOLDER/Content/StarterContent/Textures/T_Concrete_Tiles_M.uexp" 2622
"D:/GitHub/CutyKiller/GAME FOLDER/Content/StarterContent/Textures/T_Concrete_Tiles_N.ubulk" 2623
"D:/GitHub/CutyKiller/GAME FOLDER/Content/StarterContent/Textures/T_Concrete_Tiles_N.uasset" 2624
"D:/GitHub/CutyKiller/GAME FOLDER/Content/StarterContent/Textures/T_Concrete_Tiles_N.uexp" 2625
"D:/GitHub/CutyKiller/GAME FOLDER/Content/StarterContent/Materials/M_Concrete_Tiles.uasset" 2626
"D:/GitHub/CutyKiller/GAME FOLDER/Content/StarterContent/Materials/M_Concrete_Tiles.uexp" 2627
"D:/GitHub/CutyKiller/GAME FOLDER/Content/StarterContent/Props/MaterialSphere.ubulk" 2628
"D:/GitHub/CutyKiller/GAME FOLDER/Content/StarterContent/Props/MaterialSphere.uasset" 2629
"D:/GitHub/CutyKiller/GAME FOLDER/Content/StarterContent/Props/MaterialSphere.uexp" 2630
"D:/GitHub/CutyKiller/GAME FOLDER/Content/StarterContent/Textures/T_Metal_Rust_N.ubulk" 2631
"D:/GitHub/CutyKiller/GAME FOLDER/Content/StarterContent/Textures/T_Metal_Rust_N.uasset" 2632
"D:/GitHub/CutyKiller/GAME FOLDER/Content/StarterContent/Textures/T_Metal_Rust_N.uexp" 2633
"D:/GitHub/CutyKiller/GAME FOLDER/Content/StarterContent/Textures/T_Metal_Rust_D.ubulk" 2634
"D:/GitHub/CutyKiller/GAME FOLDER/Content/StarterContent/Textures/T_Metal_Rust_D.uasset" 2635
"D:/GitHub/CutyKiller/GAME FOLDER/Content/StarterContent/Textures/T_Metal_Rust_D.uexp" 2636
"D:/GitHub/CutyKiller/GAME FOLDER/Content/StarterContent/Materials/M_Metal_Rust.uasset" 2637
"D:/GitHub/CutyKiller/GAME FOLDER/Content/StarterContent/Materials/M_Metal_Rust.uexp" 2638
"D:/GitHub/CutyKiller/GAME FOLDER/Content/StarterContent/Textures/T_Rock_Slate_D.ubulk" 2639
"D:/GitHub/CutyKiller/GAME FOLDER/Content/StarterContent/Textures/T_Rock_Slate_D.uasset" 2640
"D:/GitHub/CutyKiller/GAME FOLDER/Content/StarterContent/Textures/T_Rock_Slate_D.uexp" 2641
"D:/GitHub/CutyKiller/GAME FOLDER/Content/StarterContent/Textures/T_Rock_Slate_N.ubulk" 2642
"D:/GitHub/CutyKiller/GAME FOLDER/Content/StarterContent/Textures/T_Rock_Slate_N.uasset" 2643
"D:/GitHub/CutyKiller/GAME FOLDER/Content/StarterContent/Textures/T_Rock_Slate_N.uexp" 2644
"D:/GitHub/CutyKiller/GAME FOLDER/Content/StarterContent/Materials/M_Rock_Slate.uasset" 2645
"D:/GitHub/CutyKiller/GAME FOLDER/Content/StarterContent/Materials/M_Rock_Slate.uexp" 2646
"D:/GitHub/CutyKiller/GAME FOLDER/Content/StarterContent/Textures/T_Concrete_Poured_D.ubulk" 2647
"D:/GitHub/CutyKiller/GAME FOLDER/Content/StarterContent/Textures/T_Concrete_Poured_D.uasset" 2648
"D:/GitHub/CutyKiller/GAME FOLDER/Content/StarterContent/Textures/T_Concrete_Poured_D.uexp" 2649
"D:/GitHub/CutyKiller/GAME FOLDER/Content/StarterContent/Textures/T_Concrete_Poured_N.ubulk" 2650
"D:/GitHub/CutyKiller/GAME FOLDER/Content/StarterContent/Textures/T_Concrete_Poured_N.uasset" 2651
"D:/GitHub/CutyKiller/GAME FOLDER/Content/StarterContent/Textures/T_Concrete_Poured_N.uexp" 2652
"D:/GitHub/CutyKiller/GAME FOLDER/Content/StarterContent/Materials/M_Concrete_Poured.uasset" 2653
"D:/GitHub/CutyKiller/GAME FOLDER/Content/StarterContent/Materials/M_Concrete_Poured.uexp" 2654
"D:/GitHub/CutyKiller/GAME FOLDER/Content/StarterContent/Textures/T_Brick_Clay_Beveled_M.ubulk" 2655
"D:/GitHub/CutyKiller/GAME FOLDER/Content/StarterContent/Textures/T_Brick_Clay_Beveled_M.uasset" 2656
"D:/GitHub/CutyKiller/GAME FOLDER/Content/StarterContent/Textures/T_Brick_Clay_Beveled_M.uexp" 2657
"D:/GitHub/CutyKiller/GAME FOLDER/Content/StarterContent/Textures/T_Brick_Clay_Beveled_N.ubulk" 2658
"D:/GitHub/CutyKiller/GAME FOLDER/Content/StarterContent/Textures/T_Brick_Clay_Beveled_N.uasset" 2659
"D:/GitHub/CutyKiller/GAME FOLDER/Content/StarterContent/Textures/T_Brick_Clay_Beveled_N.uexp" 2660
"D:/GitHub/CutyKiller/GAME FOLDER/Content/StarterContent/Textures/T_Brick_Clay_Beveled_D.ubulk" 2661
"D:/GitHub/CutyKiller/GAME FOLDER/Content/StarterContent/Textures/T_Brick_Clay_Beveled_D.uasset" 2662
"D:/GitHub/CutyKiller/GAME FOLDER/Content/StarterContent/Textures/T_Brick_Clay_Beveled_D.uexp" 2663
"D:/GitHub/CutyKiller/GAME FOLDER/Content/StarterContent/Materials/M_Brick_Clay_Beveled.uasset" 2664
"D:/GitHub/CutyKiller/GAME FOLDER/Content/StarterContent/Materials/M_Brick_Clay_Beveled.uexp" 2665
"D:/GitHub/CutyKiller/GAME FOLDER/Content/StarterContent/Textures/T_Tech_Hex_Tile_M.ubulk" 2666
"D:/GitHub/CutyKiller/GAME FOLDER/Content/StarterContent/Textures/T_Tech_Hex_Tile_M.uasset" 2667
"D:/GitHub/CutyKiller/GAME FOLDER/Content/StarterContent/Textures/T_Tech_Hex_Tile_M.uexp" 2668
"D:/GitHub/CutyKiller/GAME FOLDER/Content/StarterContent/Textures/T_Tech_Hex_Tile_N.ubulk" 2669
"D:/GitHub/CutyKiller/GAME FOLDER/Content/StarterContent/Textures/T_Tech_Hex_Tile_N.uasset" 2670
"D:/GitHub/CutyKiller/GAME FOLDER/Content/StarterContent/Textures/T_Tech_Hex_Tile_N.uexp" 2671
"D:/GitHub/CutyKiller/GAME FOLDER/Content/StarterContent/Materials/M_Tech_Hex_Tile.uasset" 2672
"D:/GitHub/CutyKiller/GAME FOLDER/Content/StarterContent/Materials/M_Tech_Hex_Tile.uexp" 2673
"D:/GitHub/CutyKiller/GAME FOLDER/Content/StarterContent/Textures/T_Wood_Floor_Walnut_M.ubulk" 2674
"D:/GitHub/CutyKiller/GAME FOLDER/Content/StarterContent/Textures/T_Wood_Floor_Walnut_M.uasset" 2675
"D:/GitHub/CutyKiller/GAME FOLDER/Content/StarterContent/Textures/T_Wood_Floor_Walnut_M.uexp" 2676
"D:/GitHub/CutyKiller/GAME FOLDER/Content/StarterContent/Textures/T_Wood_Floor_Walnut_D.ubulk" 2677
"D:/GitHub/CutyKiller/GAME FOLDER/Content/StarterContent/Textures/T_Wood_Floor_Walnut_D.uasset" 2678
"D:/GitHub/CutyKiller/GAME FOLDER/Content/StarterContent/Textures/T_Wood_Floor_Walnut_D.uexp" 2679
"D:/GitHub/CutyKiller/GAME FOLDER/Content/StarterContent/Textures/T_Wood_Floor_Walnut_N.ubulk" 2680
"D:/GitHub/CutyKiller/GAME FOLDER/Content/StarterContent/Textures/T_Wood_Floor_Walnut_N.uasset" 2681
"D:/GitHub/CutyKiller/GAME FOLDER/Content/StarterContent/Textures/T_Wood_Floor_Walnut_N.uexp" 2682
"D:/GitHub/CutyKiller/GAME FOLDER/Content/StarterContent/Materials/M_Wood_Floor_Walnut_Worn.uasset" 2683
"D:/GitHub/CutyKiller/GAME FOLDER/Content/StarterContent/Materials/M_Wood_Floor_Walnut_Worn.uexp" 2684
"D:/GitHub/CutyKiller/GAME FOLDER/Content/StarterContent/Textures/T_Ground_Gravel_N.ubulk" 2685
"D:/GitHub/CutyKiller/GAME FOLDER/Content/StarterContent/Textures/T_Ground_Gravel_N.uasset" 2686
"D:/GitHub/CutyKiller/GAME FOLDER/Content/StarterContent/Textures/T_Ground_Gravel_N.uexp" 2687
"D:/GitHub/CutyKiller/GAME FOLDER/Content/StarterContent/Textures/T_Ground_Gravel_D.ubulk" 2688
"D:/GitHub/CutyKiller/GAME FOLDER/Content/StarterContent/Textures/T_Ground_Gravel_D.uasset" 2689
"D:/GitHub/CutyKiller/GAME FOLDER/Content/StarterContent/Textures/T_Ground_Gravel_D.uexp" 2690
"D:/GitHub/CutyKiller/GAME FOLDER/Content/StarterContent/Materials/M_Ground_Gravel.uasset" 2691
"D:/GitHub/CutyKiller/GAME FOLDER/Content/StarterContent/Materials/M_Ground_Gravel.uexp" 2692
"D:/GitHub/CutyKiller/GAME FOLDER/Content/StarterContent/Audio/Steam01_Cue.uasset" 2693
"D:/GitHub/CutyKiller/GAME FOLDER/Content/StarterContent/Audio/Steam01_Cue.uexp" 2694
"D:/GitHub/CutyKiller/GAME FOLDER/Content/StarterContent/Particles/P_Steam_Lit.uasset" 2695
"D:/GitHub/CutyKiller/GAME FOLDER/Content/StarterContent/Particles/P_Steam_Lit.uexp" 2696
"D:/GitHub/CutyKiller/GAME FOLDER/Content/StarterContent/Blueprints/Blueprint_Effect_Steam.uasset" 2697
"D:/GitHub/CutyKiller/GAME FOLDER/Content/StarterContent/Blueprints/Blueprint_Effect_Steam.uexp" 2698
"D:/GitHub/CutyKiller/GAME FOLDER/Content/StarterContent/Audio/Fire_Sparks01_Cue.uasset" 2699
"D:/GitHub/CutyKiller/GAME FOLDER/Content/StarterContent/Audio/Fire_Sparks01_Cue.uexp" 2700
"D:/GitHub/CutyKiller/GAME FOLDER/Content/StarterContent/Textures/T_Spark_Core.ubulk" 2701
"D:/GitHub/CutyKiller/GAME FOLDER/Content/StarterContent/Textures/T_Spark_Core.uasset" 2702
"D:/GitHub/CutyKiller/GAME FOLDER/Content/StarterContent/Textures/T_Spark_Core.uexp" 2703
"D:/GitHub/CutyKiller/GAME FOLDER/Content/StarterContent/Particles/Materials/M_Spark.uasset" 2704
"D:/GitHub/CutyKiller/GAME FOLDER/Content/StarterContent/Particles/Materials/M_Spark.uexp" 2705
"D:/GitHub/CutyKiller/GAME FOLDER/Content/StarterContent/Particles/Materials/M_Radial_Gradient.uasset" 2706
"D:/GitHub/CutyKiller/GAME FOLDER/Content/StarterContent/Particles/Materials/M_Radial_Gradient.uexp" 2707
"D:/GitHub/CutyKiller/GAME FOLDER/Content/StarterContent/Particles/P_Sparks.uasset" 2708
"D:/GitHub/CutyKiller/GAME FOLDER/Content/StarterContent/Particles/P_Sparks.uexp" 2709
"D:/GitHub/CutyKiller/GAME FOLDER/Content/StarterContent/Blueprints/Blueprint_Effect_Sparks.uasset" 2710
"D:/GitHub/CutyKiller/GAME FOLDER/Content/StarterContent/Blueprints/Blueprint_Effect_Sparks.uexp" 2711
"D:/GitHub/CutyKiller/GAME FOLDER/Content/StarterContent/Textures/T_Water_N.ubulk" 2712
"D:/GitHub/CutyKiller/GAME FOLDER/Content/StarterContent/Textures/T_Water_N.uasset" 2713
"D:/GitHub/CutyKiller/GAME FOLDER/Content/StarterContent/Textures/T_Water_N.uexp" 2714
"D:/GitHub/CutyKiller/GAME FOLDER/Content/StarterContent/Materials/M_Water_Lake.uasset" 2715
"D:/GitHub/CutyKiller/GAME FOLDER/Content/StarterContent/Materials/M_Water_Lake.uexp" 2716
"D:/GitHub/CutyKiller/GAME FOLDER/Content/StarterContent/Architecture/Wall_400x200.ubulk" 2717
"D:/GitHub/CutyKiller/GAME FOLDER/Content/StarterContent/Architecture/Wall_400x200.uasset" 2718
"D:/GitHub/CutyKiller/GAME FOLDER/Content/StarterContent/Architecture/Wall_400x200.uexp" 2719
"D:/GitHub/CutyKiller/GAME FOLDER/Content/StarterContent/Textures/T_Checker_Noise_M.ubulk" 2720
"D:/GitHub/CutyKiller/GAME FOLDER/Content/StarterContent/Textures/T_Checker_Noise_M.uasset" 2721
"D:/GitHub/CutyKiller/GAME FOLDER/Content/StarterContent/Textures/T_Checker_Noise_M.uexp" 2722
"D:/GitHub/CutyKiller/GAME FOLDER/Content/StarterContent/Textures/T_Tech_Dot_M.ubulk" 2723
"D:/GitHub/CutyKiller/GAME FOLDER/Content/StarterContent/Textures/T_Tech_Dot_M.uasset" 2724
"D:/GitHub/CutyKiller/GAME FOLDER/Content/StarterContent/Textures/T_Tech_Dot_M.uexp" 2725
"D:/GitHub/CutyKiller/GAME FOLDER/Content/StarterContent/Textures/T_Tech_Dot_N.ubulk" 2726
"D:/GitHub/CutyKiller/GAME FOLDER/Content/StarterContent/Textures/T_Tech_Dot_N.uasset" 2727
"D:/GitHub/CutyKiller/GAME FOLDER/Content/StarterContent/Textures/T_Tech_Dot_N.uexp" 2728
"D:/GitHub/CutyKiller/GAME FOLDER/Content/StarterContent/Textures/T_Single_Tile_N.ubulk" 2729
"D:/GitHub/CutyKiller/GAME FOLDER/Content/StarterContent/Textures/T_Single_Tile_N.uasset" 2730
"D:/GitHub/CutyKiller/GAME FOLDER/Content/StarterContent/Textures/T_Single_Tile_N.uexp" 2731
"D:/GitHub/CutyKiller/GAME FOLDER/Content/StarterContent/Materials/M_Tech_Checker_Dot.uasset" 2732
"D:/GitHub/CutyKiller/GAME FOLDER/Content/StarterContent/Materials/M_Tech_Checker_Dot.uexp" 2733
"D:/GitHub/CutyKiller/GAME FOLDER/Content/StarterContent/Architecture/Floor_400x400.ubulk" 2734
"D:/GitHub/CutyKiller/GAME FOLDER/Content/StarterContent/Architecture/Floor_400x400.uasset" 2735
"D:/GitHub/CutyKiller/GAME FOLDER/Content/StarterContent/Architecture/Floor_400x400.uexp" 2736
"D:/GitHub/CutyKiller/GAME FOLDER/Content/StarterContent/Props/SM_GlassWindow.ubulk" 2737
"D:/GitHub/CutyKiller/GAME FOLDER/Content/StarterContent/Props/SM_GlassWindow.uasset" 2738
"D:/GitHub/CutyKiller/GAME FOLDER/Content/StarterContent/Props/SM_GlassWindow.uexp" 2739
"D:/GitHub/CutyKiller/GAME FOLDER/Content/StarterContent/Textures/T_Metal_Gold_N.ubulk" 2740
"D:/GitHub/CutyKiller/GAME FOLDER/Content/StarterContent/Textures/T_Metal_Gold_N.uasset" 2741
"D:/GitHub/CutyKiller/GAME FOLDER/Content/StarterContent/Textures/T_Metal_Gold_N.uexp" 2742
"D:/GitHub/CutyKiller/GAME FOLDER/Content/StarterContent/Textures/T_Rock_Marble_Polished_D.ubulk" 2743
"D:/GitHub/CutyKiller/GAME FOLDER/Content/StarterContent/Textures/T_Rock_Marble_Polished_D.uasset" 2744
"D:/GitHub/CutyKiller/GAME FOLDER/Content/StarterContent/Textures/T_Rock_Marble_Polished_D.uexp" 2745
"D:/GitHub/CutyKiller/GAME FOLDER/Content/StarterContent/Materials/M_Rock_Marble_Polished.uasset" 2746
"D:/GitHub/CutyKiller/GAME FOLDER/Content/StarterContent/Materials/M_Rock_Marble_Polished.uexp" 2747
"D:/GitHub/CutyKiller/GAME FOLDER/Content/StarterContent/Textures/T_Concrete_Grime_D.ubulk" 2748
"D:/GitHub/CutyKiller/GAME FOLDER/Content/StarterContent/Textures/T_Concrete_Grime_D.uasset" 2749
"D:/GitHub/CutyKiller/GAME FOLDER/Content/StarterContent/Textures/T_Concrete_Grime_D.uexp" 2750
"D:/GitHub/CutyKiller/GAME FOLDER/Content/StarterContent/Materials/M_Concrete_Grime.uasset" 2751
"D:/GitHub/CutyKiller/GAME FOLDER/Content/StarterContent/Materials/M_Concrete_Grime.uexp" 2752
"D:/GitHub/CutyKiller/GAME FOLDER/Content/StarterContent/Textures/T_Ceramic_Tile_M.ubulk" 2753
"D:/GitHub/CutyKiller/GAME FOLDER/Content/StarterContent/Textures/T_Ceramic_Tile_M.uasset" 2754
"D:/GitHub/CutyKiller/GAME FOLDER/Content/StarterContent/Textures/T_Ceramic_Tile_M.uexp" 2755
"D:/GitHub/CutyKiller/GAME FOLDER/Content/StarterContent/Textures/T_Ceramic_Tile_N.ubulk" 2756
"D:/GitHub/CutyKiller/GAME FOLDER/Content/StarterContent/Textures/T_Ceramic_Tile_N.uasset" 2757
"D:/GitHub/CutyKiller/GAME FOLDER/Content/StarterContent/Textures/T_Ceramic_Tile_N.uexp" 2758
"D:/GitHub/CutyKiller/GAME FOLDER/Content/StarterContent/Materials/M_Ceramic_Tile_Checker.uasset" 2759
"D:/GitHub/CutyKiller/GAME FOLDER/Content/StarterContent/Materials/M_Ceramic_Tile_Checker.uexp" 2760
"D:/GitHub/CutyKiller/GAME FOLDER/Content/StarterContent/Materials/M_Rock_Sandstone.uasset" 2761
"D:/GitHub/CutyKiller/GAME FOLDER/Content/StarterContent/Materials/M_Rock_Sandstone.uexp" 2762
"D:/GitHub/CutyKiller/GAME FOLDER/Content/StarterContent/Textures/T_Wood_Walnut_N.ubulk" 2763
"D:/GitHub/CutyKiller/GAME FOLDER/Content/StarterContent/Textures/T_Wood_Walnut_N.uasset" 2764
"D:/GitHub/CutyKiller/GAME FOLDER/Content/StarterContent/Textures/T_Wood_Walnut_N.uexp" 2765
"D:/GitHub/CutyKiller/GAME FOLDER/Content/StarterContent/Textures/T_Wood_Walnut_D.ubulk" 2766
"D:/GitHub/CutyKiller/GAME FOLDER/Content/StarterContent/Textures/T_Wood_Walnut_D.uasset" 2767
"D:/GitHub/CutyKiller/GAME FOLDER/Content/StarterContent/Textures/T_Wood_Walnut_D.uexp" 2768
"D:/GitHub/CutyKiller/GAME FOLDER/Content/StarterContent/Materials/M_Wood_Walnut.uasset" 2769
"D:/GitHub/CutyKiller/GAME FOLDER/Content/StarterContent/Materials/M_Wood_Walnut.uexp" 2770
"D:/GitHub/CutyKiller/GAME FOLDER/Content/StarterContent/Audio/Collapse_Cue.uasset" 2771
"D:/GitHub/CutyKiller/GAME FOLDER/Content/StarterContent/Audio/Collapse_Cue.uexp" 2772
"D:/GitHub/CutyKiller/GAME FOLDER/Content/StarterContent/Textures/T_Brick_Cut_Stone_N.ubulk" 2773
"D:/GitHub/CutyKiller/GAME FOLDER/Content/StarterContent/Textures/T_Brick_Cut_Stone_N.uasset" 2774
"D:/GitHub/CutyKiller/GAME FOLDER/Content/StarterContent/Textures/T_Brick_Cut_Stone_N.uexp" 2775
"D:/GitHub/CutyKiller/GAME FOLDER/Content/StarterContent/Textures/T_Brick_Cut_Stone_D.ubulk" 2776
"D:/GitHub/CutyKiller/GAME FOLDER/Content/StarterContent/Textures/T_Brick_Cut_Stone_D.uasset" 2777
"D:/GitHub/CutyKiller/GAME FOLDER/Content/StarterContent/Textures/T_Brick_Cut_Stone_D.uexp" 2778
"D:/GitHub/CutyKiller/GAME FOLDER/Content/StarterContent/Materials/M_Brick_Cut_Stone.uasset" 2779
"D:/GitHub/CutyKiller/GAME FOLDER/Content/StarterContent/Materials/M_Brick_Cut_Stone.uexp" 2780
"D:/GitHub/CutyKiller/GAME FOLDER/Content/StarterContent/Textures/T_Dust_Particle_D.ubulk" 2781
"D:/GitHub/CutyKiller/GAME FOLDER/Content/StarterContent/Textures/T_Dust_Particle_D.uasset" 2782
"D:/GitHub/CutyKiller/GAME FOLDER/Content/StarterContent/Textures/T_Dust_Particle_D.uexp" 2783
"D:/GitHub/CutyKiller/GAME FOLDER/Content/StarterContent/Particles/Materials/M_Dust_Particle.uasset" 2784
"D:/GitHub/CutyKiller/GAME FOLDER/Content/StarterContent/Particles/Materials/M_Dust_Particle.uexp" 2785
"D:/GitHub/CutyKiller/GAME FOLDER/Content/StarterContent/Particles/P_Ambient_Dust.uasset" 2786
"D:/GitHub/CutyKiller/GAME FOLDER/Content/StarterContent/Particles/P_Ambient_Dust.uexp" 2787
"D:/GitHub/CutyKiller/GAME FOLDER/Content/StarterContent/Props/SM_WindowFrame.ubulk" 2788
"D:/GitHub/CutyKiller/GAME FOLDER/Content/StarterContent/Props/SM_WindowFrame.uasset" 2789
"D:/GitHub/CutyKiller/GAME FOLDER/Content/StarterContent/Props/SM_WindowFrame.uexp" 2790
"D:/GitHub/CutyKiller/GAME FOLDER/Content/StarterContent/Textures/T_Metal_Copper_D.ubulk" 2791
"D:/GitHub/CutyKiller/GAME FOLDER/Content/StarterContent/Textures/T_Metal_Copper_D.uasset" 2792
"D:/GitHub/CutyKiller/GAME FOLDER/Content/StarterContent/Textures/T_Metal_Copper_D.uexp" 2793
"D:/GitHub/CutyKiller/GAME FOLDER/Content/StarterContent/Materials/M_Metal_Copper.uasset" 2794
"D:/GitHub/CutyKiller/GAME FOLDER/Content/StarterContent/Materials/M_Metal_Copper.uexp" 2795
"D:/GitHub/CutyKiller/GAME FOLDER/Content/StarterContent/Textures/T_Water_M.ubulk" 2796
"D:/GitHub/CutyKiller/GAME FOLDER/Content/StarterContent/Textures/T_Water_M.uasset" 2797
"D:/GitHub/CutyKiller/GAME FOLDER/Content/StarterContent/Textures/T_Water_M.uexp" 2798
"D:/GitHub/CutyKiller/GAME FOLDER/Content/StarterContent/Materials/M_Water_Ocean.uasset" 2799
"D:/GitHub/CutyKiller/GAME FOLDER/Content/StarterContent/Materials/M_Water_Ocean.uexp" 2800
"D:/GitHub/CutyKiller/GAME FOLDER/Content/StarterContent/Textures/T_CobbleStone_Pebble_N.ubulk" 2801
"D:/GitHub/CutyKiller/GAME FOLDER/Content/StarterContent/Textures/T_CobbleStone_Pebble_N.uasset" 2802
"D:/GitHub/CutyKiller/GAME FOLDER/Content/StarterContent/Textures/T_CobbleStone_Pebble_N.uexp" 2803
"D:/GitHub/CutyKiller/GAME FOLDER/Content/StarterContent/Textures/T_CobbleStone_Pebble_M.ubulk" 2804
"D:/GitHub/CutyKiller/GAME FOLDER/Content/StarterContent/Textures/T_CobbleStone_Pebble_M.uasset" 2805
"D:/GitHub/CutyKiller/GAME FOLDER/Content/StarterContent/Textures/T_CobbleStone_Pebble_M.uexp" 2806
"D:/GitHub/CutyKiller/GAME FOLDER/Content/StarterContent/Textures/T_CobbleStone_Pebble_D.ubulk" 2807
"D:/GitHub/CutyKiller/GAME FOLDER/Content/StarterContent/Textures/T_CobbleStone_Pebble_D.uasset" 2808
"D:/GitHub/CutyKiller/GAME FOLDER/Content/StarterContent/Textures/T_CobbleStone_Pebble_D.uexp" 2809
"D:/GitHub/CutyKiller/GAME FOLDER/Content/StarterContent/Materials/M_CobbleStone_Pebble.uasset" 2810
"D:/GitHub/CutyKiller/GAME FOLDER/Content/StarterContent/Materials/M_CobbleStone_Pebble.uexp" 2811
"D:/GitHub/CutyKiller/GAME FOLDER/Content/StarterContent/Textures/T_Brick_Clay_Old_N.ubulk" 2812
"D:/GitHub/CutyKiller/GAME FOLDER/Content/StarterContent/Textures/T_Brick_Clay_Old_N.uasset" 2813
"D:/GitHub/CutyKiller/GAME FOLDER/Content/StarterContent/Textures/T_Brick_Clay_Old_N.uexp" 2814
"D:/GitHub/CutyKiller/GAME FOLDER/Content/StarterContent/Textures/T_Brick_Clay_Old_D.ubulk" 2815
"D:/GitHub/CutyKiller/GAME FOLDER/Content/StarterContent/Textures/T_Brick_Clay_Old_D.uasset" 2816
"D:/GitHub/CutyKiller/GAME FOLDER/Content/StarterContent/Textures/T_Brick_Clay_Old_D.uexp" 2817
"D:/GitHub/CutyKiller/GAME FOLDER/Content/StarterContent/Materials/M_Brick_Clay_Old.uasset" 2818
"D:/GitHub/CutyKiller/GAME FOLDER/Content/StarterContent/Materials/M_Brick_Clay_Old.uexp" 2819
"D:/GitHub/CutyKiller/GAME FOLDER/Content/StarterContent/Textures/T_Metal_Steel_D.ubulk" 2820
"D:/GitHub/CutyKiller/GAME FOLDER/Content/StarterContent/Textures/T_Metal_Steel_D.uasset" 2821
"D:/GitHub/CutyKiller/GAME FOLDER/Content/StarterContent/Textures/T_Metal_Steel_D.uexp" 2822
"D:/GitHub/CutyKiller/GAME FOLDER/Content/StarterContent/Textures/T_Metal_Steel_N.ubulk" 2823
"D:/GitHub/CutyKiller/GAME FOLDER/Content/StarterContent/Textures/T_Metal_Steel_N.uasset" 2824
"D:/GitHub/CutyKiller/GAME FOLDER/Content/StarterContent/Textures/T_Metal_Steel_N.uexp" 2825
"D:/GitHub/CutyKiller/GAME FOLDER/Content/StarterContent/Materials/M_Metal_Steel.uasset" 2826
"D:/GitHub/CutyKiller/GAME FOLDER/Content/StarterContent/Materials/M_Metal_Steel.uexp" 2827
"D:/GitHub/CutyKiller/GAME FOLDER/Content/StarterContent/Materials/M_Wood_Floor_Walnut_Polished.uasset" 2828
"D:/GitHub/CutyKiller/GAME FOLDER/Content/StarterContent/Materials/M_Wood_Floor_Walnut_Polished.uexp" 2829
"D:/GitHub/CutyKiller/GAME FOLDER/Content/StarterContent/Props/SM_Lamp_Wall.ubulk" 2830
"D:/GitHub/CutyKiller/GAME FOLDER/Content/StarterContent/Props/SM_Lamp_Wall.uasset" 2831
"D:/GitHub/CutyKiller/GAME FOLDER/Content/StarterContent/Props/SM_Lamp_Wall.uexp" 2832
"D:/GitHub/CutyKiller/GAME FOLDER/Content/StarterContent/Blueprints/Blueprint_WallSconce.uasset" 2833
"D:/GitHub/CutyKiller/GAME FOLDER/Content/StarterContent/Blueprints/Blueprint_WallSconce.uexp" 2834
"D:/GitHub/CutyKiller/GAME FOLDER/Content/StarterContent/Textures/T_Tech_Panel_N.ubulk" 2835
"D:/GitHub/CutyKiller/GAME FOLDER/Content/StarterContent/Textures/T_Tech_Panel_N.uasset" 2836
"D:/GitHub/CutyKiller/GAME FOLDER/Content/StarterContent/Textures/T_Tech_Panel_N.uexp" 2837
"D:/GitHub/CutyKiller/GAME FOLDER/Content/StarterContent/Textures/T_Tech_Panel_M.ubulk" 2838
"D:/GitHub/CutyKiller/GAME FOLDER/Content/StarterContent/Textures/T_Tech_Panel_M.uasset" 2839
"D:/GitHub/CutyKiller/GAME FOLDER/Content/StarterContent/Textures/T_Tech_Panel_M.uexp" 2840
"D:/GitHub/CutyKiller/GAME FOLDER/Content/StarterContent/Materials/M_Tech_Panel.uasset" 2841
"D:/GitHub/CutyKiller/GAME FOLDER/Content/StarterContent/Materials/M_Tech_Panel.uexp" 2842
"D:/GitHub/CutyKiller/GAME FOLDER/Content/StarterContent/Materials/M_Tech_Hex_Tile_Pulse.uasset" 2843
"D:/GitHub/CutyKiller/GAME FOLDER/Content/StarterContent/Materials/M_Tech_Hex_Tile_Pulse.uexp" 2844
"D:/GitHub/CutyKiller/GAME FOLDER/Content/StarterContent/Props/SM_PillarFrame.ubulk" 2845
"D:/GitHub/CutyKiller/GAME FOLDER/Content/StarterContent/Props/SM_PillarFrame.uasset" 2846
"D:/GitHub/CutyKiller/GAME FOLDER/Content/StarterContent/Props/SM_PillarFrame.uexp" 2847
"D:/GitHub/CutyKiller/GAME FOLDER/Content/StarterContent/Textures/T_TableRound_N.ubulk" 2848
"D:/GitHub/CutyKiller/GAME FOLDER/Content/StarterContent/Textures/T_TableRound_N.uasset" 2849
"D:/GitHub/CutyKiller/GAME FOLDER/Content/StarterContent/Textures/T_TableRound_N.uexp" 2850
"D:/GitHub/CutyKiller/GAME FOLDER/Content/StarterContent/Textures/T_TableRound_M.ubulk" 2851
"D:/GitHub/CutyKiller/GAME FOLDER/Content/StarterContent/Textures/T_TableRound_M.uasset" 2852
"D:/GitHub/CutyKiller/GAME FOLDER/Content/StarterContent/Textures/T_TableRound_M.uexp" 2853
"D:/GitHub/CutyKiller/GAME FOLDER/Content/StarterContent/Props/Materials/M_TableRound.uasset" 2854
"D:/GitHub/CutyKiller/GAME FOLDER/Content/StarterContent/Props/Materials/M_TableRound.uexp" 2855
"D:/GitHub/CutyKiller/GAME FOLDER/Content/StarterContent/Props/SM_TableRound.ubulk" 2856
"D:/GitHub/CutyKiller/GAME FOLDER/Content/StarterContent/Props/SM_TableRound.uasset" 2857
"D:/GitHub/CutyKiller/GAME FOLDER/Content/StarterContent/Props/SM_TableRound.uexp" 2858
"D:/GitHub/CutyKiller/GAME FOLDER/Content/StarterContent/Textures/T_Fire_Tiled_D.ubulk" 2859
"D:/GitHub/CutyKiller/GAME FOLDER/Content/StarterContent/Textures/T_Fire_Tiled_D.uasset" 2860
"D:/GitHub/CutyKiller/GAME FOLDER/Content/StarterContent/Textures/T_Fire_Tiled_D.uexp" 2861
"D:/GitHub/CutyKiller/GAME FOLDER/Content/StarterContent/Textures/T_Fire_SubUV.ubulk" 2862
"D:/GitHub/CutyKiller/GAME FOLDER/Content/StarterContent/Textures/T_Fire_SubUV.uasset" 2863
"D:/GitHub/CutyKiller/GAME FOLDER/Content/StarterContent/Textures/T_Fire_SubUV.uexp" 2864
"D:/GitHub/CutyKiller/GAME FOLDER/Content/StarterContent/Particles/Materials/M_Fire_SubUV.uasset" 2865
"D:/GitHub/CutyKiller/GAME FOLDER/Content/StarterContent/Particles/Materials/M_Fire_SubUV.uexp" 2866
"D:/GitHub/CutyKiller/GAME FOLDER/Content/StarterContent/Particles/Materials/M_Heat_Distortion.uasset" 2867
"D:/GitHub/CutyKiller/GAME FOLDER/Content/StarterContent/Particles/Materials/M_Heat_Distortion.uexp" 2868
"D:/GitHub/CutyKiller/GAME FOLDER/Content/StarterContent/Particles/P_Fire.uasset" 2869
"D:/GitHub/CutyKiller/GAME FOLDER/Content/StarterContent/Particles/P_Fire.uexp" 2870
"D:/GitHub/CutyKiller/GAME FOLDER/Content/StarterContent/Audio/Fire01_Cue.uasset" 2871
"D:/GitHub/CutyKiller/GAME FOLDER/Content/StarterContent/Audio/Fire01_Cue.uexp" 2872
"D:/GitHub/CutyKiller/GAME FOLDER/Content/StarterContent/Blueprints/Blueprint_Effect_Fire.uasset" 2873
"D:/GitHub/CutyKiller/GAME FOLDER/Content/StarterContent/Blueprints/Blueprint_Effect_Fire.uexp" 2874
"D:/GitHub/CutyKiller/GAME FOLDER/Content/StarterContent/Textures/T_Wood_Oak_N.ubulk" 2875
"D:/GitHub/CutyKiller/GAME FOLDER/Content/StarterContent/Textures/T_Wood_Oak_N.uasset" 2876
"D:/GitHub/CutyKiller/GAME FOLDER/Content/StarterContent/Textures/T_Wood_Oak_N.uexp" 2877
"D:/GitHub/CutyKiller/GAME FOLDER/Content/StarterContent/Textures/T_Wood_Oak_D.ubulk" 2878
"D:/GitHub/CutyKiller/GAME FOLDER/Content/StarterContent/Textures/T_Wood_Oak_D.uasset" 2879
"D:/GitHub/CutyKiller/GAME FOLDER/Content/StarterContent/Textures/T_Wood_Oak_D.uexp" 2880
"D:/GitHub/CutyKiller/GAME FOLDER/Content/StarterContent/Materials/M_Wood_Oak.uasset" 2881
"D:/GitHub/CutyKiller/GAME FOLDER/Content/StarterContent/Materials/M_Wood_Oak.uexp" 2882
"D:/GitHub/CutyKiller/GAME FOLDER/Content/StarterContent/Architecture/Wall_Window_400x300.ubulk" 2883
"D:/GitHub/CutyKiller/GAME FOLDER/Content/StarterContent/Architecture/Wall_Window_400x300.uasset" 2884
"D:/GitHub/CutyKiller/GAME FOLDER/Content/StarterContent/Architecture/Wall_Window_400x300.uexp" 2885
"D:/GitHub/CutyKiller/GAME FOLDER/Content/StarterContent/Textures/T_Brick_Hewn_Stone_N.ubulk" 2886
"D:/GitHub/CutyKiller/GAME FOLDER/Content/StarterContent/Textures/T_Brick_Hewn_Stone_N.uasset" 2887
"D:/GitHub/CutyKiller/GAME FOLDER/Content/StarterContent/Textures/T_Brick_Hewn_Stone_N.uexp" 2888
"D:/GitHub/CutyKiller/GAME FOLDER/Content/StarterContent/Textures/T_Brick_Hewn_Stone_D.ubulk" 2889
"D:/GitHub/CutyKiller/GAME FOLDER/Content/StarterContent/Textures/T_Brick_Hewn_Stone_D.uasset" 2890
"D:/GitHub/CutyKiller/GAME FOLDER/Content/StarterContent/Textures/T_Brick_Hewn_Stone_D.uexp" 2891
"D:/GitHub/CutyKiller/GAME FOLDER/Content/StarterContent/Textures/T_Brick_Hewn_Stone_M.ubulk" 2892
"D:/GitHub/CutyKiller/GAME FOLDER/Content/StarterContent/Textures/T_Brick_Hewn_Stone_M.uasset" 2893
"D:/GitHub/CutyKiller/GAME FOLDER/Content/StarterContent/Textures/T_Brick_Hewn_Stone_M.uexp" 2894
"D:/GitHub/CutyKiller/GAME FOLDER/Content/StarterContent/Materials/M_Brick_Hewn_Stone.uasset" 2895
"D:/GitHub/CutyKiller/GAME FOLDER/Content/StarterContent/Materials/M_Brick_Hewn_Stone.uexp" 2896
"D:/GitHub/CutyKiller/GAME FOLDER/Content/StarterContent/Audio/Smoke01_Cue.uasset" 2897
"D:/GitHub/CutyKiller/GAME FOLDER/Content/StarterContent/Audio/Smoke01_Cue.uexp" 2898
"D:/GitHub/CutyKiller/GAME FOLDER/Content/StarterContent/Particles/P_Smoke.uasset" 2899
"D:/GitHub/CutyKiller/GAME FOLDER/Content/StarterContent/Particles/P_Smoke.uexp" 2900
"D:/GitHub/CutyKiller/GAME FOLDER/Content/StarterContent/Blueprints/Blueprint_Effect_Smoke.uasset" 2901
"D:/GitHub/CutyKiller/GAME FOLDER/Content/StarterContent/Blueprints/Blueprint_Effect_Smoke.uexp" 2902
"D:/GitHub/CutyKiller/GAME FOLDER/Content/StarterContent/Textures/T_CobbleStone_Rough_N.ubulk" 2903
"D:/GitHub/CutyKiller/GAME FOLDER/Content/StarterContent/Textures/T_CobbleStone_Rough_N.uasset" 2904
"D:/GitHub/CutyKiller/GAME FOLDER/Content/StarterContent/Textures/T_CobbleStone_Rough_N.uexp" 2905
"D:/GitHub/CutyKiller/GAME FOLDER/Content/StarterContent/Textures/T_CobbleStone_Rough_D.ubulk" 2906
"D:/GitHub/CutyKiller/GAME FOLDER/Content/StarterContent/Textures/T_CobbleStone_Rough_D.uasset" 2907
"D:/GitHub/CutyKiller/GAME FOLDER/Content/StarterContent/Textures/T_CobbleStone_Rough_D.uexp" 2908
"D:/GitHub/CutyKiller/GAME FOLDER/Content/StarterContent/Materials/M_CobbleStone_Rough.uasset" 2909
"D:/GitHub/CutyKiller/GAME FOLDER/Content/StarterContent/Materials/M_CobbleStone_Rough.uexp" 2910
"D:/GitHub/CutyKiller/GAME FOLDER/Content/StarterContent/Textures/T_Statue_M.ubulk" 2911
"D:/GitHub/CutyKiller/GAME FOLDER/Content/StarterContent/Textures/T_Statue_M.uasset" 2912
"D:/GitHub/CutyKiller/GAME FOLDER/Content/StarterContent/Textures/T_Statue_M.uexp" 2913
"D:/GitHub/CutyKiller/GAME FOLDER/Content/StarterContent/Textures/T_Statue_N.ubulk" 2914
"D:/GitHub/CutyKiller/GAME FOLDER/Content/StarterContent/Textures/T_Statue_N.uasset" 2915
"D:/GitHub/CutyKiller/GAME FOLDER/Content/StarterContent/Textures/T_Statue_N.uexp" 2916
"D:/GitHub/CutyKiller/GAME FOLDER/Content/StarterContent/Props/Materials/M_Statue.uasset" 2917
"D:/GitHub/CutyKiller/GAME FOLDER/Content/StarterContent/Props/Materials/M_Statue.uexp" 2918
"D:/GitHub/CutyKiller/GAME FOLDER/Content/StarterContent/Props/Materials/M_StatueGlass.uasset" 2919
"D:/GitHub/CutyKiller/GAME FOLDER/Content/StarterContent/Props/Materials/M_StatueGlass.uexp" 2920
"D:/GitHub/CutyKiller/GAME FOLDER/Content/StarterContent/Props/SM_Statue.ubulk" 2921
"D:/GitHub/CutyKiller/GAME FOLDER/Content/StarterContent/Props/SM_Statue.uasset" 2922
"D:/GitHub/CutyKiller/GAME FOLDER/Content/StarterContent/Props/SM_Statue.uexp" 2923
"D:/GitHub/CutyKiller/GAME FOLDER/Content/StarterContent/Textures/T_ground_Moss_D.ubulk" 2924
"D:/GitHub/CutyKiller/GAME FOLDER/Content/StarterContent/Textures/T_ground_Moss_D.uasset" 2925
"D:/GitHub/CutyKiller/GAME FOLDER/Content/StarterContent/Textures/T_ground_Moss_D.uexp" 2926
"D:/GitHub/CutyKiller/GAME FOLDER/Content/StarterContent/Textures/T_Ground_Moss_N.ubulk" 2927
"D:/GitHub/CutyKiller/GAME FOLDER/Content/StarterContent/Textures/T_Ground_Moss_N.uasset" 2928
"D:/GitHub/CutyKiller/GAME FOLDER/Content/StarterContent/Textures/T_Ground_Moss_N.uexp" 2929
"D:/GitHub/CutyKiller/GAME FOLDER/Content/StarterContent/Materials/M_Ground_Moss.uasset" 2930
"D:/GitHub/CutyKiller/GAME FOLDER/Content/StarterContent/Materials/M_Ground_Moss.uexp" 2931
"D:/GitHub/CutyKiller/GAME FOLDER/Content/StarterContent/Props/SM_PillarFrame300.ubulk" 2932
"D:/GitHub/CutyKiller/GAME FOLDER/Content/StarterContent/Props/SM_PillarFrame300.uasset" 2933
"D:/GitHub/CutyKiller/GAME FOLDER/Content/StarterContent/Props/SM_PillarFrame300.uexp" 2934
"D:/GitHub/CutyKiller/GAME FOLDER/Content/StarterContent/Materials/M_Metal_Chrome.uasset" 2935
"D:/GitHub/CutyKiller/GAME FOLDER/Content/StarterContent/Materials/M_Metal_Chrome.uexp" 2936
"D:/GitHub/CutyKiller/GAME FOLDER/Content/StarterContent/Textures/T_Metal_Gold_D.ubulk" 2937
"D:/GitHub/CutyKiller/GAME FOLDER/Content/StarterContent/Textures/T_Metal_Gold_D.uasset" 2938
"D:/GitHub/CutyKiller/GAME FOLDER/Content/StarterContent/Textures/T_Metal_Gold_D.uexp" 2939
"D:/GitHub/CutyKiller/GAME FOLDER/Content/StarterContent/Materials/M_Metal_Gold.uasset" 2940
"D:/GitHub/CutyKiller/GAME FOLDER/Content/StarterContent/Materials/M_Metal_Gold.uexp" 2941
"D:/GitHub/CutyKiller/GAME FOLDER/Content/StarterContent/Textures/T_Ground_Grass_D.ubulk" 2942
"D:/GitHub/CutyKiller/GAME FOLDER/Content/StarterContent/Textures/T_Ground_Grass_D.uasset" 2943
"D:/GitHub/CutyKiller/GAME FOLDER/Content/StarterContent/Textures/T_Ground_Grass_D.uexp" 2944
"D:/GitHub/CutyKiller/GAME FOLDER/Content/StarterContent/Textures/T_Ground_Grass_N.ubulk" 2945
"D:/GitHub/CutyKiller/GAME FOLDER/Content/StarterContent/Textures/T_Ground_Grass_N.uasset" 2946
"D:/GitHub/CutyKiller/GAME FOLDER/Content/StarterContent/Textures/T_Ground_Grass_N.uexp" 2947
"D:/GitHub/CutyKiller/GAME FOLDER/Content/StarterContent/Materials/M_Ground_Grass.uasset" 2948
"D:/GitHub/CutyKiller/GAME FOLDER/Content/StarterContent/Materials/M_Ground_Grass.uexp" 2949
"D:/GitHub/CutyKiller/GAME FOLDER/Content/StarterContent/Audio/Starter_Background_Cue.uasset" 2950
"D:/GitHub/CutyKiller/GAME FOLDER/Content/StarterContent/Audio/Starter_Background_Cue.uexp" 2951
"D:/GitHub/CutyKiller/GAME FOLDER/Content/StarterContent/Maps/StarterMap_BuiltData.ubulk" 2952
"D:/GitHub/CutyKiller/GAME FOLDER/Content/StarterContent/Maps/StarterMap_BuiltData.uasset" 2953
"D:/GitHub/CutyKiller/GAME FOLDER/Content/StarterContent/Maps/StarterMap_BuiltData.uexp" 2954
"D:/GitHub/CutyKiller/GAME FOLDER/Content/StarterContent/Props/SM_CornerFrame.ubulk" 2955
"D:/GitHub/CutyKiller/GAME FOLDER/Content/StarterContent/Props/SM_CornerFrame.uasset" 2956
"D:/GitHub/CutyKiller/GAME FOLDER/Content/StarterContent/Props/SM_CornerFrame.uexp" 2957
"D:/GitHub/CutyKiller/GAME FOLDER/Content/StarterContent/Shapes/Shape_Sphere.ubulk" 2958
"D:/GitHub/CutyKiller/GAME FOLDER/Content/StarterContent/Shapes/Shape_Sphere.uasset" 2959
"D:/GitHub/CutyKiller/GAME FOLDER/Content/StarterContent/Shapes/Shape_Sphere.uexp" 2960
"D:/GitHub/CutyKiller/GAME FOLDER/Content/StarterContent/Audio/Starter_Music_Cue.uasset" 2961
"D:/GitHub/CutyKiller/GAME FOLDER/Content/StarterContent/Audio/Starter_Music_Cue.uexp" 2962
"D:/GitHub/CutyKiller/GAME FOLDER/Content/StarterContent/Shapes/Shape_QuadPyramid.ubulk" 2963
"D:/GitHub/CutyKiller/GAME FOLDER/Content/StarterContent/Shapes/Shape_QuadPyramid.uasset" 2964
"D:/GitHub/CutyKiller/GAME FOLDER/Content/StarterContent/Shapes/Shape_QuadPyramid.uexp" 2965
"D:/GitHub/CutyKiller/GAME FOLDER/Content/StarterContent/Textures/T_Brick_Clay_New_D.ubulk" 2966
"D:/GitHub/CutyKiller/GAME FOLDER/Content/StarterContent/Textures/T_Brick_Clay_New_D.uasset" 2967
"D:/GitHub/CutyKiller/GAME FOLDER/Content/StarterContent/Textures/T_Brick_Clay_New_D.uexp" 2968
"D:/GitHub/CutyKiller/GAME FOLDER/Content/StarterContent/Textures/T_Brick_Clay_New_M.uasset" 2969
"D:/GitHub/CutyKiller/GAME FOLDER/Content/StarterContent/Textures/T_Brick_Clay_New_M.uexp" 2970
"D:/GitHub/CutyKiller/GAME FOLDER/Content/StarterContent/Textures/T_Brick_Clay_New_N.uasset" 2971
"D:/GitHub/CutyKiller/GAME FOLDER/Content/StarterContent/Textures/T_Brick_Clay_New_N.uexp" 2972
"D:/GitHub/CutyKiller/GAME FOLDER/Content/StarterContent/Materials/M_Brick_Clay_New.uasset" 2973
"D:/GitHub/CutyKiller/GAME FOLDER/Content/StarterContent/Materials/M_Brick_Clay_New.uexp" 2974
"D:/GitHub/CutyKiller/GAME FOLDER/Content/StarterContent/Textures/T_Metal_Aluminum_D.ubulk" 2975
"D:/GitHub/CutyKiller/GAME FOLDER/Content/StarterContent/Textures/T_Metal_Aluminum_D.uasset" 2976
"D:/GitHub/CutyKiller/GAME FOLDER/Content/StarterContent/Textures/T_Metal_Aluminum_D.uexp" 2977
"D:/GitHub/CutyKiller/GAME FOLDER/Content/StarterContent/Materials/M_Metal_Burnished_Steel.uasset" 2978
"D:/GitHub/CutyKiller/GAME FOLDER/Content/StarterContent/Materials/M_Metal_Burnished_Steel.uexp" 2979
"D:/GitHub/CutyKiller/GAME FOLDER/Content/StarterContent/Props/SM_Chair.ubulk" 2980
"D:/GitHub/CutyKiller/GAME FOLDER/Content/StarterContent/Props/SM_Chair.uasset" 2981
"D:/GitHub/CutyKiller/GAME FOLDER/Content/StarterContent/Props/SM_Chair.uexp" 2982
"D:/GitHub/CutyKiller/GAME FOLDER/Content/StarterContent/Textures/T_Concrete_Panels_D.ubulk" 2983
"D:/GitHub/CutyKiller/GAME FOLDER/Content/StarterContent/Textures/T_Concrete_Panels_D.uasset" 2984
"D:/GitHub/CutyKiller/GAME FOLDER/Content/StarterContent/Textures/T_Concrete_Panels_D.uexp" 2985
"D:/GitHub/CutyKiller/GAME FOLDER/Content/StarterContent/Textures/T_Concrete_Panels_N.ubulk" 2986
"D:/GitHub/CutyKiller/GAME FOLDER/Content/StarterContent/Textures/T_Concrete_Panels_N.uasset" 2987
"D:/GitHub/CutyKiller/GAME FOLDER/Content/StarterContent/Textures/T_Concrete_Panels_N.uexp" 2988
"D:/GitHub/CutyKiller/GAME FOLDER/Content/StarterContent/Materials/M_Concrete_Panels.uasset" 2989
"D:/GitHub/CutyKiller/GAME FOLDER/Content/StarterContent/Materials/M_Concrete_Panels.uexp" 2990
"D:/GitHub/CutyKiller/GAME FOLDER/Content/StarterContent/Maps/StarterMap.uexp" 2991
"D:/GitHub/CutyKiller/GAME FOLDER/Content/StarterContent/Maps/StarterMap.umap" 2992
"D:/GitHub/CutyKiller/GAME FOLDER/Content/StarterContent/Maps/Minimal_Default_BuiltData.ubulk" 2993
"D:/GitHub/CutyKiller/GAME FOLDER/Content/StarterContent/Maps/Minimal_Default_BuiltData.uasset" 2994
"D:/GitHub/CutyKiller/GAME FOLDER/Content/StarterContent/Maps/Minimal_Default_BuiltData.uexp" 2995
"D:/GitHub/CutyKiller/GAME FOLDER/Content/StarterContent/Maps/Minimal_Default.uexp" 2996
"D:/GitHub/CutyKiller/GAME FOLDER/Content/StarterContent/Maps/Minimal_Default.umap" 2997
"D:/GitHub/CutyKiller/GAME FOLDER/Content/StarterContent/Maps/Advanced_Lighting_BuiltData.ubulk" 2998
"D:/GitHub/CutyKiller/GAME FOLDER/Content/StarterContent/Maps/Advanced_Lighting_BuiltData.uasset" 2999
"D:/GitHub/CutyKiller/GAME FOLDER/Content/StarterContent/Maps/Advanced_Lighting_BuiltData.uexp" 3000
"D:/GitHub/CutyKiller/GAME FOLDER/Content/StarterContent/Materials/M_AssetPlatform.uasset" 3001
"D:/GitHub/CutyKiller/GAME FOLDER/Content/StarterContent/Materials/M_AssetPlatform.uexp" 3002
"D:/GitHub/CutyKiller/GAME FOLDER/Content/StarterContent/Architecture/SM_AssetPlatform.ubulk" 3003
"D:/GitHub/CutyKiller/GAME FOLDER/Content/StarterContent/Architecture/SM_AssetPlatform.uasset" 3004
"D:/GitHub/CutyKiller/GAME FOLDER/Content/StarterContent/Architecture/SM_AssetPlatform.uexp" 3005
"../../../Engine/Content/MapTemplates/Sky/DaylightAmbientCubemap.uasset" 3006
"../../../Engine/Content/MapTemplates/Sky/DaylightAmbientCubemap.uexp" 3007
"D:/GitHub/CutyKiller/GAME FOLDER/Content/StarterContent/Blueprints/Assets/M_LightStage_Skybox_Master.uasset" 3008
"D:/GitHub/CutyKiller/GAME FOLDER/Content/StarterContent/Blueprints/Assets/M_LightStage_Skybox_Master.uexp" 3009
"D:/GitHub/CutyKiller/GAME FOLDER/Content/StarterContent/Blueprints/Assets/M_LightStage_Skybox_HDRI.uasset" 3010
"D:/GitHub/CutyKiller/GAME FOLDER/Content/StarterContent/Blueprints/Assets/M_LightStage_Skybox_HDRI.uexp" 3011
"D:/GitHub/CutyKiller/GAME FOLDER/Content/StarterContent/HDRI/HDRI_Epic_Courtyard_Daylight.uasset" 3012
"D:/GitHub/CutyKiller/GAME FOLDER/Content/StarterContent/HDRI/HDRI_Epic_Courtyard_Daylight.uexp" 3013
"D:/GitHub/CutyKiller/GAME FOLDER/Content/StarterContent/Blueprints/Assets/SunlightColorLUT.uasset" 3014
"D:/GitHub/CutyKiller/GAME FOLDER/Content/StarterContent/Blueprints/Assets/SunlightColorLUT.uexp" 3015
"D:/GitHub/CutyKiller/GAME FOLDER/Content/StarterContent/Blueprints/Assets/M_LightStage_Skybox_Black.uasset" 3016
"D:/GitHub/CutyKiller/GAME FOLDER/Content/StarterContent/Blueprints/Assets/M_LightStage_Skybox_Black.uexp" 3017
"D:/GitHub/CutyKiller/GAME FOLDER/Content/StarterContent/Blueprints/Assets/FogBrightnessLUT.uasset" 3018
"D:/GitHub/CutyKiller/GAME FOLDER/Content/StarterContent/Blueprints/Assets/FogBrightnessLUT.uexp" 3019
"D:/GitHub/CutyKiller/GAME FOLDER/Content/StarterContent/Blueprints/Assets/SM_Arrows.ubulk" 3020
"D:/GitHub/CutyKiller/GAME FOLDER/Content/StarterContent/Blueprints/Assets/SM_Arrows.uasset" 3021
"D:/GitHub/CutyKiller/GAME FOLDER/Content/StarterContent/Blueprints/Assets/SM_Arrows.uexp" 3022
"D:/GitHub/CutyKiller/GAME FOLDER/Content/StarterContent/Blueprints/Assets/M_LightStage_Arrows.uasset" 3023
"D:/GitHub/CutyKiller/GAME FOLDER/Content/StarterContent/Blueprints/Assets/M_LightStage_Arrows.uexp" 3024
"D:/GitHub/CutyKiller/GAME FOLDER/Content/StarterContent/Blueprints/Assets/Skybox.ubulk" 3025
"D:/GitHub/CutyKiller/GAME FOLDER/Content/StarterContent/Blueprints/Assets/Skybox.uasset" 3026
"D:/GitHub/CutyKiller/GAME FOLDER/Content/StarterContent/Blueprints/Assets/Skybox.uexp" 3027
"D:/GitHub/CutyKiller/GAME FOLDER/Content/StarterContent/Blueprints/BP_LightStudio.uasset" 3028
"D:/GitHub/CutyKiller/GAME FOLDER/Content/StarterContent/Blueprints/BP_LightStudio.uexp" 3029
"../../../Engine/Content/EditorMeshes/ColorCalibrator/M_GreyBall.uasset" 3030
"../../../Engine/Content/EditorMeshes/ColorCalibrator/M_GreyBall.uexp" 3031
"../../../Engine/Content/EditorMeshes/ColorCalibrator/M_ClearCoat.uasset" 3032
"../../../Engine/Content/EditorMeshes/ColorCalibrator/M_ClearCoat.uexp" 3033
"../../../Engine/Content/EditorMeshes/ColorCalibrator/M_ChromeBall.uasset" 3034
"../../../Engine/Content/EditorMeshes/ColorCalibrator/M_ChromeBall.uexp" 3035
"../../../Engine/Content/EditorMeshes/ColorCalibrator/M_ClearCoatBlack.uasset" 3036
"../../../Engine/Content/EditorMeshes/ColorCalibrator/M_ClearCoatBlack.uexp" 3037
"../../../Engine/Content/EditorMeshes/ColorCalibrator/Color_checker.ubulk" 3038
"../../../Engine/Content/EditorMeshes/ColorCalibrator/Color_checker.uasset" 3039
"../../../Engine/Content/EditorMeshes/ColorCalibrator/Color_checker.uexp" 3040
"../../../Engine/Content/EditorMeshes/ColorCalibrator/M_ColorGrid.uasset" 3041
"../../../Engine/Content/EditorMeshes/ColorCalibrator/M_ColorGrid.uexp" 3042
"../../../Engine/Content/EditorMeshes/ColorCalibrator/SM_ColorCalibrator.ubulk" 3043
"../../../Engine/Content/EditorMeshes/ColorCalibrator/SM_ColorCalibrator.uasset" 3044
"../../../Engine/Content/EditorMeshes/ColorCalibrator/SM_ColorCalibrator.uexp" 3045
"D:/GitHub/CutyKiller/GAME FOLDER/Content/StarterContent/Maps/Advanced_Lighting.uexp" 3046
"D:/GitHub/CutyKiller/GAME FOLDER/Content/StarterContent/Maps/Advanced_Lighting.umap" 3047
"D:/GitHub/CutyKiller/GAME FOLDER/Content/LPSDeluxe2TropicalEnvironment/LPSD2_Materials/Materials/Master_Color_Instances/MI_Color_Caramel_2.uasset" 3048
"D:/GitHub/CutyKiller/GAME FOLDER/Content/LPSDeluxe2TropicalEnvironment/LPSD2_Materials/Materials/Master_Color_Instances/MI_Color_Caramel_2.uexp" 3049
"D:/GitHub/CutyKiller/GAME FOLDER/Content/LPSDeluxe2TropicalEnvironment/LPSD2_Meshes/Pirate/SM_BarrellTap_1.ubulk" 3050
"D:/GitHub/CutyKiller/GAME FOLDER/Content/LPSDeluxe2TropicalEnvironment/LPSD2_Meshes/Pirate/SM_BarrellTap_1.uasset" 3051
"D:/GitHub/CutyKiller/GAME FOLDER/Content/LPSDeluxe2TropicalEnvironment/LPSD2_Meshes/Pirate/SM_BarrellTap_1.uexp" 3052
"../../../Engine/Content/Functions/Engine_MaterialFunctions01/AlphaBlend/WorldAlignedBlend.uasset" 3053
"../../../Engine/Content/Functions/Engine_MaterialFunctions01/AlphaBlend/WorldAlignedBlend.uexp" 3054
"D:/GitHub/CutyKiller/GAME FOLDER/Content/LPSDeluxe2TropicalEnvironment/LPSD2_Materials/SpecialMaterials/2ToneMaterials/MI_Mount_Green_2.uasset" 3055
"D:/GitHub/CutyKiller/GAME FOLDER/Content/LPSDeluxe2TropicalEnvironment/LPSD2_Materials/SpecialMaterials/2ToneMaterials/MI_Mount_Green_2.uexp" 3056
"D:/GitHub/CutyKiller/GAME FOLDER/Content/LPSDeluxe2TropicalEnvironment/LPSD2_Meshes/Platform/SM_RockyPlatform_1.ubulk" 3057
"D:/GitHub/CutyKiller/GAME FOLDER/Content/LPSDeluxe2TropicalEnvironment/LPSD2_Meshes/Platform/SM_RockyPlatform_1.uasset" 3058
"D:/GitHub/CutyKiller/GAME FOLDER/Content/LPSDeluxe2TropicalEnvironment/LPSD2_Meshes/Platform/SM_RockyPlatform_1.uexp" 3059
"D:/GitHub/CutyKiller/GAME FOLDER/Content/LPSDeluxe2TropicalEnvironment/LPSD2_Materials/Materials/Master_Color_Instances/MI_Color_Gray.uasset" 3060
"D:/GitHub/CutyKiller/GAME FOLDER/Content/LPSDeluxe2TropicalEnvironment/LPSD2_Materials/Materials/Master_Color_Instances/MI_Color_Gray.uexp" 3061
"D:/GitHub/CutyKiller/GAME FOLDER/Content/LPSDeluxe2TropicalEnvironment/LPSD2_Meshes/Mountain/SM_TRock_1.ubulk" 3062
"D:/GitHub/CutyKiller/GAME FOLDER/Content/LPSDeluxe2TropicalEnvironment/LPSD2_Meshes/Mountain/SM_TRock_1.uasset" 3063
"D:/GitHub/CutyKiller/GAME FOLDER/Content/LPSDeluxe2TropicalEnvironment/LPSD2_Meshes/Mountain/SM_TRock_1.uexp" 3064
"D:/GitHub/CutyKiller/GAME FOLDER/Content/LPSDeluxe2TropicalEnvironment/LPSD2_Meshes/Mountain/SM_TRock_2.ubulk" 3065
"D:/GitHub/CutyKiller/GAME FOLDER/Content/LPSDeluxe2TropicalEnvironment/LPSD2_Meshes/Mountain/SM_TRock_2.uasset" 3066
"D:/GitHub/CutyKiller/GAME FOLDER/Content/LPSDeluxe2TropicalEnvironment/LPSD2_Meshes/Mountain/SM_TRock_2.uexp" 3067
"D:/GitHub/CutyKiller/GAME FOLDER/Content/LPSDeluxe2TropicalEnvironment/LPSD2_Meshes/Mountain/SM_TRock_3.ubulk" 3068
"D:/GitHub/CutyKiller/GAME FOLDER/Content/LPSDeluxe2TropicalEnvironment/LPSD2_Meshes/Mountain/SM_TRock_3.uasset" 3069
"D:/GitHub/CutyKiller/GAME FOLDER/Content/LPSDeluxe2TropicalEnvironment/LPSD2_Meshes/Mountain/SM_TRock_3.uexp" 3070
"D:/GitHub/CutyKiller/GAME FOLDER/Content/LPSDeluxe2TropicalEnvironment/LPSD2_Meshes/Platform/SM_TPlatform_1.ubulk" 3071
"D:/GitHub/CutyKiller/GAME FOLDER/Content/LPSDeluxe2TropicalEnvironment/LPSD2_Meshes/Platform/SM_TPlatform_1.uasset" 3072
"D:/GitHub/CutyKiller/GAME FOLDER/Content/LPSDeluxe2TropicalEnvironment/LPSD2_Meshes/Platform/SM_TPlatform_1.uexp" 3073
"D:/GitHub/CutyKiller/GAME FOLDER/Content/LPSDeluxe2TropicalEnvironment/LPSD2_Meshes/Platform/SM_TPlatform_2.ubulk" 3074
"D:/GitHub/CutyKiller/GAME FOLDER/Content/LPSDeluxe2TropicalEnvironment/LPSD2_Meshes/Platform/SM_TPlatform_2.uasset" 3075
"D:/GitHub/CutyKiller/GAME FOLDER/Content/LPSDeluxe2TropicalEnvironment/LPSD2_Meshes/Platform/SM_TPlatform_2.uexp" 3076
"D:/GitHub/CutyKiller/GAME FOLDER/Content/LPSDeluxe2TropicalEnvironment/LPSD2_Meshes/Platform/SM_TPlatform_3.ubulk" 3077
"D:/GitHub/CutyKiller/GAME FOLDER/Content/LPSDeluxe2TropicalEnvironment/LPSD2_Meshes/Platform/SM_TPlatform_3.uasset" 3078
"D:/GitHub/CutyKiller/GAME FOLDER/Content/LPSDeluxe2TropicalEnvironment/LPSD2_Meshes/Platform/SM_TPlatform_3.uexp" 3079
"D:/GitHub/CutyKiller/GAME FOLDER/Content/LPSDeluxe2TropicalEnvironment/LPSD2_Materials/Materials/Master_Color_Instances/MI_Color_2S_Pine.uasset" 3080
"D:/GitHub/CutyKiller/GAME FOLDER/Content/LPSDeluxe2TropicalEnvironment/LPSD2_Materials/Materials/Master_Color_Instances/MI_Color_2S_Pine.uexp" 3081
"D:/GitHub/CutyKiller/GAME FOLDER/Content/LPSDeluxe2TropicalEnvironment/LPSD2_Meshes/Pirate/SM_MapRoll_1.ubulk" 3082
"D:/GitHub/CutyKiller/GAME FOLDER/Content/LPSDeluxe2TropicalEnvironment/LPSD2_Meshes/Pirate/SM_MapRoll_1.uasset" 3083
"D:/GitHub/CutyKiller/GAME FOLDER/Content/LPSDeluxe2TropicalEnvironment/LPSD2_Meshes/Pirate/SM_MapRoll_1.uexp" 3084
"D:/GitHub/CutyKiller/GAME FOLDER/Content/LPSDeluxe2TropicalEnvironment/LPSD2_Meshes/Pirate/SM_MapRoll_2.ubulk" 3085
"D:/GitHub/CutyKiller/GAME FOLDER/Content/LPSDeluxe2TropicalEnvironment/LPSD2_Meshes/Pirate/SM_MapRoll_2.uasset" 3086
"D:/GitHub/CutyKiller/GAME FOLDER/Content/LPSDeluxe2TropicalEnvironment/LPSD2_Meshes/Pirate/SM_MapRoll_2.uexp" 3087
"D:/GitHub/CutyKiller/GAME FOLDER/Content/LPSDeluxe2TropicalEnvironment/LPSD2_Meshes/Pirate/SM_ShipBarrel_1.ubulk" 3088
"D:/GitHub/CutyKiller/GAME FOLDER/Content/LPSDeluxe2TropicalEnvironment/LPSD2_Meshes/Pirate/SM_ShipBarrel_1.uasset" 3089
"D:/GitHub/CutyKiller/GAME FOLDER/Content/LPSDeluxe2TropicalEnvironment/LPSD2_Meshes/Pirate/SM_ShipBarrel_1.uexp" 3090
"D:/GitHub/CutyKiller/GAME FOLDER/Content/LPSDeluxe2TropicalEnvironment/LPSD2_Meshes/Pirate/SM_ShipBarrel_2.ubulk" 3091
"D:/GitHub/CutyKiller/GAME FOLDER/Content/LPSDeluxe2TropicalEnvironment/LPSD2_Meshes/Pirate/SM_ShipBarrel_2.uasset" 3092
"D:/GitHub/CutyKiller/GAME FOLDER/Content/LPSDeluxe2TropicalEnvironment/LPSD2_Meshes/Pirate/SM_ShipBarrel_2.uexp" 3093
"D:/GitHub/CutyKiller/GAME FOLDER/Content/LPSDeluxe2TropicalEnvironment/LPSD2_Materials/Materials/Master_Color_Instances/MI_Gem_Ruby.uasset" 3094
"D:/GitHub/CutyKiller/GAME FOLDER/Content/LPSDeluxe2TropicalEnvironment/LPSD2_Materials/Materials/Master_Color_Instances/MI_Gem_Ruby.uexp" 3095
"D:/GitHub/CutyKiller/GAME FOLDER/Content/LPSDeluxe2TropicalEnvironment/LPSD2_Meshes/Treasure/SM_TreasureGem_1.ubulk" 3096
"D:/GitHub/CutyKiller/GAME FOLDER/Content/LPSDeluxe2TropicalEnvironment/LPSD2_Meshes/Treasure/SM_TreasureGem_1.uasset" 3097
"D:/GitHub/CutyKiller/GAME FOLDER/Content/LPSDeluxe2TropicalEnvironment/LPSD2_Meshes/Treasure/SM_TreasureGem_1.uexp" 3098
"D:/GitHub/CutyKiller/GAME FOLDER/Content/LPSDeluxe2TropicalEnvironment/LPSD2_Materials/Materials/Master_Color_Instances/MI_Gem_Amethyst.uasset" 3099
"D:/GitHub/CutyKiller/GAME FOLDER/Content/LPSDeluxe2TropicalEnvironment/LPSD2_Materials/Materials/Master_Color_Instances/MI_Gem_Amethyst.uexp" 3100
"D:/GitHub/CutyKiller/GAME FOLDER/Content/LPSDeluxe2TropicalEnvironment/LPSD2_Materials/Materials/Master_Color_Instances/MI_Color_Black.uasset" 3101
"D:/GitHub/CutyKiller/GAME FOLDER/Content/LPSDeluxe2TropicalEnvironment/LPSD2_Materials/Materials/Master_Color_Instances/MI_Color_Black.uexp" 3102
"D:/GitHub/CutyKiller/GAME FOLDER/Content/LPSDeluxe2TropicalEnvironment/LPSD2_Meshes/Treasure/SM_TreasureGem_2.ubulk" 3103
"D:/GitHub/CutyKiller/GAME FOLDER/Content/LPSDeluxe2TropicalEnvironment/LPSD2_Meshes/Treasure/SM_TreasureGem_2.uasset" 3104
"D:/GitHub/CutyKiller/GAME FOLDER/Content/LPSDeluxe2TropicalEnvironment/LPSD2_Meshes/Treasure/SM_TreasureGem_2.uexp" 3105
"D:/GitHub/CutyKiller/GAME FOLDER/Content/LPSDeluxe2TropicalEnvironment/LPSD2_Materials/Materials/Master_Color_Instances/MI_Gem_Sapphire.uasset" 3106
"D:/GitHub/CutyKiller/GAME FOLDER/Content/LPSDeluxe2TropicalEnvironment/LPSD2_Materials/Materials/Master_Color_Instances/MI_Gem_Sapphire.uexp" 3107
"D:/GitHub/CutyKiller/GAME FOLDER/Content/LPSDeluxe2TropicalEnvironment/LPSD2_Meshes/Treasure/SM_TreasureGem_3.ubulk" 3108
"D:/GitHub/CutyKiller/GAME FOLDER/Content/LPSDeluxe2TropicalEnvironment/LPSD2_Meshes/Treasure/SM_TreasureGem_3.uasset" 3109
"D:/GitHub/CutyKiller/GAME FOLDER/Content/LPSDeluxe2TropicalEnvironment/LPSD2_Meshes/Treasure/SM_TreasureGem_3.uexp" 3110
"D:/GitHub/CutyKiller/GAME FOLDER/Content/LPSDeluxe2TropicalEnvironment/LPSD2_Materials/Materials/Master_Color_Instances/MI_Gem_Emerald.uasset" 3111
"D:/GitHub/CutyKiller/GAME FOLDER/Content/LPSDeluxe2TropicalEnvironment/LPSD2_Materials/Materials/Master_Color_Instances/MI_Gem_Emerald.uexp" 3112
"D:/GitHub/CutyKiller/GAME FOLDER/Content/LPSDeluxe2TropicalEnvironment/LPSD2_Materials/Materials/Master_Color_Instances/MI_Metal_Gold.uasset" 3113
"D:/GitHub/CutyKiller/GAME FOLDER/Content/LPSDeluxe2TropicalEnvironment/LPSD2_Materials/Materials/Master_Color_Instances/MI_Metal_Gold.uexp" 3114
"D:/GitHub/CutyKiller/GAME FOLDER/Content/LPSDeluxe2TropicalEnvironment/LPSD2_Meshes/Treasure/SM_TreasureGem_4.ubulk" 3115
"D:/GitHub/CutyKiller/GAME FOLDER/Content/LPSDeluxe2TropicalEnvironment/LPSD2_Meshes/Treasure/SM_TreasureGem_4.uasset" 3116
"D:/GitHub/CutyKiller/GAME FOLDER/Content/LPSDeluxe2TropicalEnvironment/LPSD2_Meshes/Treasure/SM_TreasureGem_4.uexp" 3117
"D:/GitHub/CutyKiller/GAME FOLDER/Content/LPSDeluxe2TropicalEnvironment/LPSD2_Materials/Materials/Master_Color_Instances/MI_Metal_Silver.uasset" 3118
"D:/GitHub/CutyKiller/GAME FOLDER/Content/LPSDeluxe2TropicalEnvironment/LPSD2_Materials/Materials/Master_Color_Instances/MI_Metal_Silver.uexp" 3119
"D:/GitHub/CutyKiller/GAME FOLDER/Content/LPSDeluxe2TropicalEnvironment/LPSD2_Materials/Materials/Master_Color_Instances/MI_Gem_Turquoise.uasset" 3120
"D:/GitHub/CutyKiller/GAME FOLDER/Content/LPSDeluxe2TropicalEnvironment/LPSD2_Materials/Materials/Master_Color_Instances/MI_Gem_Turquoise.uexp" 3121
"D:/GitHub/CutyKiller/GAME FOLDER/Content/LPSDeluxe2TropicalEnvironment/LPSD2_Meshes/Treasure/SM_TreasureGem_5.ubulk" 3122
"D:/GitHub/CutyKiller/GAME FOLDER/Content/LPSDeluxe2TropicalEnvironment/LPSD2_Meshes/Treasure/SM_TreasureGem_5.uasset" 3123
"D:/GitHub/CutyKiller/GAME FOLDER/Content/LPSDeluxe2TropicalEnvironment/LPSD2_Meshes/Treasure/SM_TreasureGem_5.uexp" 3124
"D:/GitHub/CutyKiller/GAME FOLDER/Content/LPSDeluxe2TropicalEnvironment/LPSD2_Materials/SpecialMaterials/WaterMaterials/M_Water_Tropic.uasset" 3125
"D:/GitHub/CutyKiller/GAME FOLDER/Content/LPSDeluxe2TropicalEnvironment/LPSD2_Materials/SpecialMaterials/WaterMaterials/M_Water_Tropic.uexp" 3126
"D:/GitHub/CutyKiller/GAME FOLDER/Content/LPSDeluxe2TropicalEnvironment/LPSD2_Meshes/Water/SM_Water_CircleLarge.ubulk" 3127
"D:/GitHub/CutyKiller/GAME FOLDER/Content/LPSDeluxe2TropicalEnvironment/LPSD2_Meshes/Water/SM_Water_CircleLarge.uasset" 3128
"D:/GitHub/CutyKiller/GAME FOLDER/Content/LPSDeluxe2TropicalEnvironment/LPSD2_Meshes/Water/SM_Water_CircleLarge.uexp" 3129
"D:/GitHub/CutyKiller/GAME FOLDER/Content/LPSDeluxe2TropicalEnvironment/LPSD2_Materials/SpecialMaterials/2SidedMaterials/MI_2Side_Coconut.uasset" 3130
"D:/GitHub/CutyKiller/GAME FOLDER/Content/LPSDeluxe2TropicalEnvironment/LPSD2_Materials/SpecialMaterials/2SidedMaterials/MI_2Side_Coconut.uexp" 3131
"D:/GitHub/CutyKiller/GAME FOLDER/Content/LPSDeluxe2TropicalEnvironment/LPSD2_Materials/SpecialMaterials/2SidedMaterials/MI_2Side_TropicBlue.uasset" 3132
"D:/GitHub/CutyKiller/GAME FOLDER/Content/LPSDeluxe2TropicalEnvironment/LPSD2_Materials/SpecialMaterials/2SidedMaterials/MI_2Side_TropicBlue.uexp" 3133
"D:/GitHub/CutyKiller/GAME FOLDER/Content/LPSDeluxe2TropicalEnvironment/LPSD2_Materials/SpecialMaterials/2SidedMaterials/MI_2Side_Lime.uasset" 3134
"D:/GitHub/CutyKiller/GAME FOLDER/Content/LPSDeluxe2TropicalEnvironment/LPSD2_Materials/SpecialMaterials/2SidedMaterials/MI_2Side_Lime.uexp" 3135
"D:/GitHub/CutyKiller/GAME FOLDER/Content/LPSDeluxe2TropicalEnvironment/LPSD2_Materials/SpecialMaterials/2SidedMaterials/MI_2Side_OffWhite.uasset" 3136
"D:/GitHub/CutyKiller/GAME FOLDER/Content/LPSDeluxe2TropicalEnvironment/LPSD2_Materials/SpecialMaterials/2SidedMaterials/MI_2Side_OffWhite.uexp" 3137
"D:/GitHub/CutyKiller/GAME FOLDER/Content/LPSDeluxe2TropicalEnvironment/LPSD2_Materials/SpecialMaterials/2SidedMaterials/MI_2Side_HotPink.uasset" 3138
"D:/GitHub/CutyKiller/GAME FOLDER/Content/LPSDeluxe2TropicalEnvironment/LPSD2_Materials/SpecialMaterials/2SidedMaterials/MI_2Side_HotPink.uexp" 3139
"D:/GitHub/CutyKiller/GAME FOLDER/Content/LPSDeluxe2TropicalEnvironment/LPSD2_Meshes/Tiki/SM_CoconutDrink_1.ubulk" 3140
"D:/GitHub/CutyKiller/GAME FOLDER/Content/LPSDeluxe2TropicalEnvironment/LPSD2_Meshes/Tiki/SM_CoconutDrink_1.uasset" 3141
"D:/GitHub/CutyKiller/GAME FOLDER/Content/LPSDeluxe2TropicalEnvironment/LPSD2_Meshes/Tiki/SM_CoconutDrink_1.uexp" 3142
"D:/GitHub/CutyKiller/GAME FOLDER/Content/LPSDeluxe2TropicalEnvironment/LPSD2_Meshes/Platform/SM_LStoneBlock_1.ubulk" 3143
"D:/GitHub/CutyKiller/GAME FOLDER/Content/LPSDeluxe2TropicalEnvironment/LPSD2_Meshes/Platform/SM_LStoneBlock_1.uasset" 3144
"D:/GitHub/CutyKiller/GAME FOLDER/Content/LPSDeluxe2TropicalEnvironment/LPSD2_Meshes/Platform/SM_LStoneBlock_1.uexp" 3145
"D:/GitHub/CutyKiller/GAME FOLDER/Content/LPSDeluxe2TropicalEnvironment/LPSD2_Materials/SpecialMaterials/WindMaterials/MI_Wind_2.uasset" 3146
"D:/GitHub/CutyKiller/GAME FOLDER/Content/LPSDeluxe2TropicalEnvironment/LPSD2_Materials/SpecialMaterials/WindMaterials/MI_Wind_2.uexp" 3147
"D:/GitHub/CutyKiller/GAME FOLDER/Content/LPSDeluxe2TropicalEnvironment/LPSD2_Meshes/Flora/SM_TropicGrass_1.ubulk" 3148
"D:/GitHub/CutyKiller/GAME FOLDER/Content/LPSDeluxe2TropicalEnvironment/LPSD2_Meshes/Flora/SM_TropicGrass_1.uasset" 3149
"D:/GitHub/CutyKiller/GAME FOLDER/Content/LPSDeluxe2TropicalEnvironment/LPSD2_Meshes/Flora/SM_TropicGrass_1.uexp" 3150
"D:/GitHub/CutyKiller/GAME FOLDER/Content/LPSDeluxe2TropicalEnvironment/LPSD2_Materials/SpecialMaterials/MiscMaterials/M_WindSails.uasset" 3151
"D:/GitHub/CutyKiller/GAME FOLDER/Content/LPSDeluxe2TropicalEnvironment/LPSD2_Materials/SpecialMaterials/MiscMaterials/M_WindSails.uexp" 3152
"D:/GitHub/CutyKiller/GAME FOLDER/Content/LPSDeluxe2TropicalEnvironment/LPSD2_Materials/SpecialMaterials/MiscMaterials/M_Glass_Window.uasset" 3153
"D:/GitHub/CutyKiller/GAME FOLDER/Content/LPSDeluxe2TropicalEnvironment/LPSD2_Materials/SpecialMaterials/MiscMaterials/M_Glass_Window.uexp" 3154
"D:/GitHub/CutyKiller/GAME FOLDER/Content/LPSDeluxe2TropicalEnvironment/LPSD2_Textures/T_JollyRoger.ubulk" 3155
"D:/GitHub/CutyKiller/GAME FOLDER/Content/LPSDeluxe2TropicalEnvironment/LPSD2_Textures/T_JollyRoger.uasset" 3156
"D:/GitHub/CutyKiller/GAME FOLDER/Content/LPSDeluxe2TropicalEnvironment/LPSD2_Textures/T_JollyRoger.uexp" 3157
"D:/GitHub/CutyKiller/GAME FOLDER/Content/LPSDeluxe2TropicalEnvironment/LPSD2_Textures/T_Waves.ubulk" 3158
"D:/GitHub/CutyKiller/GAME FOLDER/Content/LPSDeluxe2TropicalEnvironment/LPSD2_Textures/T_Waves.uasset" 3159
"D:/GitHub/CutyKiller/GAME FOLDER/Content/LPSDeluxe2TropicalEnvironment/LPSD2_Textures/T_Waves.uexp" 3160
"D:/GitHub/CutyKiller/GAME FOLDER/Content/LPSDeluxe2TropicalEnvironment/LPSD2_Materials/SpecialMaterials/MiscMaterials/M_JollyRoger.uasset" 3161
"D:/GitHub/CutyKiller/GAME FOLDER/Content/LPSDeluxe2TropicalEnvironment/LPSD2_Materials/SpecialMaterials/MiscMaterials/M_JollyRoger.uexp" 3162
"D:/GitHub/CutyKiller/GAME FOLDER/Content/LPSDeluxe2TropicalEnvironment/LPSD2_Textures/T_WoodPlank.ubulk" 3163
"D:/GitHub/CutyKiller/GAME FOLDER/Content/LPSDeluxe2TropicalEnvironment/LPSD2_Textures/T_WoodPlank.uasset" 3164
"D:/GitHub/CutyKiller/GAME FOLDER/Content/LPSDeluxe2TropicalEnvironment/LPSD2_Textures/T_WoodPlank.uexp" 3165
"D:/GitHub/CutyKiller/GAME FOLDER/Content/LPSDeluxe2TropicalEnvironment/LPSD2_Textures/T_WoodPlank_N.ubulk" 3166
"D:/GitHub/CutyKiller/GAME FOLDER/Content/LPSDeluxe2TropicalEnvironment/LPSD2_Textures/T_WoodPlank_N.uasset" 3167
"D:/GitHub/CutyKiller/GAME FOLDER/Content/LPSDeluxe2TropicalEnvironment/LPSD2_Textures/T_WoodPlank_N.uexp" 3168
"D:/GitHub/CutyKiller/GAME FOLDER/Content/LPSDeluxe2TropicalEnvironment/LPSD2_Materials/SpecialMaterials/MiscMaterials/M_WoodPlank.uasset" 3169
"D:/GitHub/CutyKiller/GAME FOLDER/Content/LPSDeluxe2TropicalEnvironment/LPSD2_Materials/SpecialMaterials/MiscMaterials/M_WoodPlank.uexp" 3170
"D:/GitHub/CutyKiller/GAME FOLDER/Content/LPSDeluxe2TropicalEnvironment/LPSD2_Materials/Materials/Master_Color_Instances/MI_Glow_Orange.uasset" 3171
"D:/GitHub/CutyKiller/GAME FOLDER/Content/LPSDeluxe2TropicalEnvironment/LPSD2_Materials/Materials/Master_Color_Instances/MI_Glow_Orange.uexp" 3172
"D:/GitHub/CutyKiller/GAME FOLDER/Content/LPSDeluxe2TropicalEnvironment/LPSD2_Materials/SpecialMaterials/2SidedMaterials/MI_2Side_LightBrown.uasset" 3173
"D:/GitHub/CutyKiller/GAME FOLDER/Content/LPSDeluxe2TropicalEnvironment/LPSD2_Materials/SpecialMaterials/2SidedMaterials/MI_2Side_LightBrown.uexp" 3174
"D:/GitHub/CutyKiller/GAME FOLDER/Content/LPSDeluxe2TropicalEnvironment/LPSD2_Meshes/Pirate/SM_PirateShip_1.ubulk" 3175
"D:/GitHub/CutyKiller/GAME FOLDER/Content/LPSDeluxe2TropicalEnvironment/LPSD2_Meshes/Pirate/SM_PirateShip_1.uasset" 3176
"D:/GitHub/CutyKiller/GAME FOLDER/Content/LPSDeluxe2TropicalEnvironment/LPSD2_Meshes/Pirate/SM_PirateShip_1.uexp" 3177
"D:/GitHub/CutyKiller/GAME FOLDER/Content/LPSDeluxe2TropicalEnvironment/LPSD2_Meshes/Treasure/SM_LargeCoin_1.ubulk" 3178
"D:/GitHub/CutyKiller/GAME FOLDER/Content/LPSDeluxe2TropicalEnvironment/LPSD2_Meshes/Treasure/SM_LargeCoin_1.uasset" 3179
"D:/GitHub/CutyKiller/GAME FOLDER/Content/LPSDeluxe2TropicalEnvironment/LPSD2_Meshes/Treasure/SM_LargeCoin_1.uexp" 3180
"D:/GitHub/CutyKiller/GAME FOLDER/Content/LPSDeluxe2TropicalEnvironment/LPSD2_Textures/T_CoinPile_N.ubulk" 3181
"D:/GitHub/CutyKiller/GAME FOLDER/Content/LPSDeluxe2TropicalEnvironment/LPSD2_Textures/T_CoinPile_N.uasset" 3182
"D:/GitHub/CutyKiller/GAME FOLDER/Content/LPSDeluxe2TropicalEnvironment/LPSD2_Textures/T_CoinPile_N.uexp" 3183
"D:/GitHub/CutyKiller/GAME FOLDER/Content/LPSDeluxe2TropicalEnvironment/LPSD2_Textures/T_CoinPile.ubulk" 3184
"D:/GitHub/CutyKiller/GAME FOLDER/Content/LPSDeluxe2TropicalEnvironment/LPSD2_Textures/T_CoinPile.uasset" 3185
"D:/GitHub/CutyKiller/GAME FOLDER/Content/LPSDeluxe2TropicalEnvironment/LPSD2_Textures/T_CoinPile.uexp" 3186
"D:/GitHub/CutyKiller/GAME FOLDER/Content/LPSDeluxe2TropicalEnvironment/LPSD2_Materials/SpecialMaterials/MiscMaterials/M_GoldCoin_Top_1.uasset" 3187
"D:/GitHub/CutyKiller/GAME FOLDER/Content/LPSDeluxe2TropicalEnvironment/LPSD2_Materials/SpecialMaterials/MiscMaterials/M_GoldCoin_Top_1.uexp" 3188
"D:/GitHub/CutyKiller/GAME FOLDER/Content/LPSDeluxe2TropicalEnvironment/LPSD2_Materials/SpecialMaterials/MiscMaterials/M_GoldCoin_Base_1.uasset" 3189
"D:/GitHub/CutyKiller/GAME FOLDER/Content/LPSDeluxe2TropicalEnvironment/LPSD2_Materials/SpecialMaterials/MiscMaterials/M_GoldCoin_Base_1.uexp" 3190
"D:/GitHub/CutyKiller/GAME FOLDER/Content/LPSDeluxe2TropicalEnvironment/LPSD2_Meshes/Treasure/SM_Pile_1.ubulk" 3191
"D:/GitHub/CutyKiller/GAME FOLDER/Content/LPSDeluxe2TropicalEnvironment/LPSD2_Meshes/Treasure/SM_Pile_1.uasset" 3192
"D:/GitHub/CutyKiller/GAME FOLDER/Content/LPSDeluxe2TropicalEnvironment/LPSD2_Meshes/Treasure/SM_Pile_1.uexp" 3193
"D:/GitHub/CutyKiller/GAME FOLDER/Content/LPSDeluxe2TropicalEnvironment/LPSD2_Materials/SpecialMaterials/MiscMaterials/M_GoldCoin_Top_2.uasset" 3194
"D:/GitHub/CutyKiller/GAME FOLDER/Content/LPSDeluxe2TropicalEnvironment/LPSD2_Materials/SpecialMaterials/MiscMaterials/M_GoldCoin_Top_2.uexp" 3195
"D:/GitHub/CutyKiller/GAME FOLDER/Content/LPSDeluxe2TropicalEnvironment/LPSD2_Materials/SpecialMaterials/MiscMaterials/M_GoldCoin_Base2.uasset" 3196
"D:/GitHub/CutyKiller/GAME FOLDER/Content/LPSDeluxe2TropicalEnvironment/LPSD2_Materials/SpecialMaterials/MiscMaterials/M_GoldCoin_Base2.uexp" 3197
"D:/GitHub/CutyKiller/GAME FOLDER/Content/LPSDeluxe2TropicalEnvironment/LPSD2_Meshes/Treasure/SM_Pile_2.ubulk" 3198
"D:/GitHub/CutyKiller/GAME FOLDER/Content/LPSDeluxe2TropicalEnvironment/LPSD2_Meshes/Treasure/SM_Pile_2.uasset" 3199
"D:/GitHub/CutyKiller/GAME FOLDER/Content/LPSDeluxe2TropicalEnvironment/LPSD2_Meshes/Treasure/SM_Pile_2.uexp" 3200
"D:/GitHub/CutyKiller/GAME FOLDER/Content/LPSDeluxe2TropicalEnvironment/LPSD2_Materials/SpecialMaterials/WindMaterials/MI_Wind_3.uasset" 3201
"D:/GitHub/CutyKiller/GAME FOLDER/Content/LPSDeluxe2TropicalEnvironment/LPSD2_Materials/SpecialMaterials/WindMaterials/MI_Wind_3.uexp" 3202
"D:/GitHub/CutyKiller/GAME FOLDER/Content/LPSDeluxe2TropicalEnvironment/LPSD2_Materials/SpecialMaterials/WindMaterials/MI_Wind_4.uasset" 3203
"D:/GitHub/CutyKiller/GAME FOLDER/Content/LPSDeluxe2TropicalEnvironment/LPSD2_Materials/SpecialMaterials/WindMaterials/MI_Wind_4.uexp" 3204
"D:/GitHub/CutyKiller/GAME FOLDER/Content/LPSDeluxe2TropicalEnvironment/LPSD2_Materials/SpecialMaterials/WindMaterials/MI_Wind_16.uasset" 3205
"D:/GitHub/CutyKiller/GAME FOLDER/Content/LPSDeluxe2TropicalEnvironment/LPSD2_Materials/SpecialMaterials/WindMaterials/MI_Wind_16.uexp" 3206
"D:/GitHub/CutyKiller/GAME FOLDER/Content/LPSDeluxe2TropicalEnvironment/LPSD2_Meshes/Flora/Sm_Plumeria_1.ubulk" 3207
"D:/GitHub/CutyKiller/GAME FOLDER/Content/LPSDeluxe2TropicalEnvironment/LPSD2_Meshes/Flora/Sm_Plumeria_1.uasset" 3208
"D:/GitHub/CutyKiller/GAME FOLDER/Content/LPSDeluxe2TropicalEnvironment/LPSD2_Meshes/Flora/Sm_Plumeria_1.uexp" 3209
"D:/GitHub/CutyKiller/GAME FOLDER/Content/LPSDeluxe2TropicalEnvironment/LPSD2_Materials/SpecialMaterials/WindMaterials/MI_Wind_12.uasset" 3210
"D:/GitHub/CutyKiller/GAME FOLDER/Content/LPSDeluxe2TropicalEnvironment/LPSD2_Materials/SpecialMaterials/WindMaterials/MI_Wind_12.uexp" 3211
"D:/GitHub/CutyKiller/GAME FOLDER/Content/LPSDeluxe2TropicalEnvironment/LPSD2_Materials/SpecialMaterials/WindMaterials/MI_Wind_13.uasset" 3212
"D:/GitHub/CutyKiller/GAME FOLDER/Content/LPSDeluxe2TropicalEnvironment/LPSD2_Materials/SpecialMaterials/WindMaterials/MI_Wind_13.uexp" 3213
"D:/GitHub/CutyKiller/GAME FOLDER/Content/LPSDeluxe2TropicalEnvironment/LPSD2_Meshes/Flora/Sm_Plumeria_2.ubulk" 3214
"D:/GitHub/CutyKiller/GAME FOLDER/Content/LPSDeluxe2TropicalEnvironment/LPSD2_Meshes/Flora/Sm_Plumeria_2.uasset" 3215
"D:/GitHub/CutyKiller/GAME FOLDER/Content/LPSDeluxe2TropicalEnvironment/LPSD2_Meshes/Flora/Sm_Plumeria_2.uexp" 3216
"D:/GitHub/CutyKiller/GAME FOLDER/Content/LPSDeluxe2TropicalEnvironment/LPSD2_Materials/Materials/Master_Color_Instances/MI_Color_Caramel_3.uasset" 3217
"D:/GitHub/CutyKiller/GAME FOLDER/Content/LPSDeluxe2TropicalEnvironment/LPSD2_Materials/Materials/Master_Color_Instances/MI_Color_Caramel_3.uexp" 3218
"D:/GitHub/CutyKiller/GAME FOLDER/Content/LPSDeluxe2TropicalEnvironment/LPSD2_Materials/SpecialMaterials/MiscMaterials/M_TreeBreeze.uasset" 3219
"D:/GitHub/CutyKiller/GAME FOLDER/Content/LPSDeluxe2TropicalEnvironment/LPSD2_Materials/SpecialMaterials/MiscMaterials/M_TreeBreeze.uexp" 3220
"D:/GitHub/CutyKiller/GAME FOLDER/Content/LPSDeluxe2TropicalEnvironment/LPSD2_Meshes/Flora/SM_IslandTree_1.ubulk" 3221
"D:/GitHub/CutyKiller/GAME FOLDER/Content/LPSDeluxe2TropicalEnvironment/LPSD2_Meshes/Flora/SM_IslandTree_1.uasset" 3222
"D:/GitHub/CutyKiller/GAME FOLDER/Content/LPSDeluxe2TropicalEnvironment/LPSD2_Meshes/Flora/SM_IslandTree_1.uexp" 3223
"D:/GitHub/CutyKiller/GAME FOLDER/Content/LPSDeluxe2TropicalEnvironment/LPSD2_Materials/Materials/Master_Color_Instances/MI_Color_Tawny.uasset" 3224
"D:/GitHub/CutyKiller/GAME FOLDER/Content/LPSDeluxe2TropicalEnvironment/LPSD2_Materials/Materials/Master_Color_Instances/MI_Color_Tawny.uexp" 3225
"D:/GitHub/CutyKiller/GAME FOLDER/Content/LPSDeluxe2TropicalEnvironment/LPSD2_Materials/SpecialMaterials/2SidedMaterials/MI_2Side_DarkPurple.uasset" 3226
"D:/GitHub/CutyKiller/GAME FOLDER/Content/LPSDeluxe2TropicalEnvironment/LPSD2_Materials/SpecialMaterials/2SidedMaterials/MI_2Side_DarkPurple.uexp" 3227
"D:/GitHub/CutyKiller/GAME FOLDER/Content/LPSDeluxe2TropicalEnvironment/LPSD2_Meshes/Pirate/SM_PRug_1.ubulk" 3228
"D:/GitHub/CutyKiller/GAME FOLDER/Content/LPSDeluxe2TropicalEnvironment/LPSD2_Meshes/Pirate/SM_PRug_1.uasset" 3229
"D:/GitHub/CutyKiller/GAME FOLDER/Content/LPSDeluxe2TropicalEnvironment/LPSD2_Meshes/Pirate/SM_PRug_1.uexp" 3230
"D:/GitHub/CutyKiller/GAME FOLDER/Content/LPSDeluxe2TropicalEnvironment/LPSD2_Materials/SpecialMaterials/WindMaterials/MI_Wind_8.uasset" 3231
"D:/GitHub/CutyKiller/GAME FOLDER/Content/LPSDeluxe2TropicalEnvironment/LPSD2_Materials/SpecialMaterials/WindMaterials/MI_Wind_8.uexp" 3232
"D:/GitHub/CutyKiller/GAME FOLDER/Content/LPSDeluxe2TropicalEnvironment/LPSD2_Materials/SpecialMaterials/WindMaterials/MI_Wind_9.uasset" 3233
"D:/GitHub/CutyKiller/GAME FOLDER/Content/LPSDeluxe2TropicalEnvironment/LPSD2_Materials/SpecialMaterials/WindMaterials/MI_Wind_9.uexp" 3234
"D:/GitHub/CutyKiller/GAME FOLDER/Content/LPSDeluxe2TropicalEnvironment/LPSD2_Meshes/Flora/SM_SmallPalm_1.ubulk" 3235
"D:/GitHub/CutyKiller/GAME FOLDER/Content/LPSDeluxe2TropicalEnvironment/LPSD2_Meshes/Flora/SM_SmallPalm_1.uasset" 3236
"D:/GitHub/CutyKiller/GAME FOLDER/Content/LPSDeluxe2TropicalEnvironment/LPSD2_Meshes/Flora/SM_SmallPalm_1.uexp" 3237
"D:/GitHub/CutyKiller/GAME FOLDER/Content/LPSDeluxe2TropicalEnvironment/LPSD2_Materials/Materials/Master_Color_Instances/MI_Color_Shamrock.uasset" 3238
"D:/GitHub/CutyKiller/GAME FOLDER/Content/LPSDeluxe2TropicalEnvironment/LPSD2_Materials/Materials/Master_Color_Instances/MI_Color_Shamrock.uexp" 3239
"D:/GitHub/CutyKiller/GAME FOLDER/Content/LPSDeluxe2TropicalEnvironment/LPSD2_Materials/Materials/Master_Color_Instances/MI_Color_Yellow.uasset" 3240
"D:/GitHub/CutyKiller/GAME FOLDER/Content/LPSDeluxe2TropicalEnvironment/LPSD2_Materials/Materials/Master_Color_Instances/MI_Color_Yellow.uexp" 3241
"D:/GitHub/CutyKiller/GAME FOLDER/Content/LPSDeluxe2TropicalEnvironment/LPSD2_Materials/Materials/Master_Color_Instances/MI_Color_Red.uasset" 3242
"D:/GitHub/CutyKiller/GAME FOLDER/Content/LPSDeluxe2TropicalEnvironment/LPSD2_Materials/Materials/Master_Color_Instances/MI_Color_Red.uexp" 3243
"D:/GitHub/CutyKiller/GAME FOLDER/Content/LPSDeluxe2TropicalEnvironment/LPSD2_Materials/Materials/Master_Color_Instances/MI_Color_CreamOrange.uasset" 3244
"D:/GitHub/CutyKiller/GAME FOLDER/Content/LPSDeluxe2TropicalEnvironment/LPSD2_Materials/Materials/Master_Color_Instances/MI_Color_CreamOrange.uexp" 3245
"D:/GitHub/CutyKiller/GAME FOLDER/Content/LPSDeluxe2TropicalEnvironment/LPSD2_Materials/Materials/Master_Color_Instances/MI_Color_White.uasset" 3246
"D:/GitHub/CutyKiller/GAME FOLDER/Content/LPSDeluxe2TropicalEnvironment/LPSD2_Materials/Materials/Master_Color_Instances/MI_Color_White.uexp" 3247
"D:/GitHub/CutyKiller/GAME FOLDER/Content/LPSDeluxe2TropicalEnvironment/LPSD2_Materials/Materials/Master_Color_Instances/MI_Color_TropicBlue.uasset" 3248
"D:/GitHub/CutyKiller/GAME FOLDER/Content/LPSDeluxe2TropicalEnvironment/LPSD2_Materials/Materials/Master_Color_Instances/MI_Color_TropicBlue.uexp" 3249
"D:/GitHub/CutyKiller/GAME FOLDER/Content/LPSDeluxe2TropicalEnvironment/LPSD2_Meshes/Tiki/SM_TikiPole_1.ubulk" 3250
"D:/GitHub/CutyKiller/GAME FOLDER/Content/LPSDeluxe2TropicalEnvironment/LPSD2_Meshes/Tiki/SM_TikiPole_1.uasset" 3251
"D:/GitHub/CutyKiller/GAME FOLDER/Content/LPSDeluxe2TropicalEnvironment/LPSD2_Meshes/Tiki/SM_TikiPole_1.uexp" 3252
"D:/GitHub/CutyKiller/GAME FOLDER/Content/LPSDeluxe2TropicalEnvironment/LPSD2_Materials/Materials/Master_Color_Instances/MI_Color_Bamboo.uasset" 3253
"D:/GitHub/CutyKiller/GAME FOLDER/Content/LPSDeluxe2TropicalEnvironment/LPSD2_Materials/Materials/Master_Color_Instances/MI_Color_Bamboo.uexp" 3254
"D:/GitHub/CutyKiller/GAME FOLDER/Content/LPSDeluxe2TropicalEnvironment/LPSD2_Meshes/Pirate/SM_MessageBottle_1.ubulk" 3255
"D:/GitHub/CutyKiller/GAME FOLDER/Content/LPSDeluxe2TropicalEnvironment/LPSD2_Meshes/Pirate/SM_MessageBottle_1.uasset" 3256
"D:/GitHub/CutyKiller/GAME FOLDER/Content/LPSDeluxe2TropicalEnvironment/LPSD2_Meshes/Pirate/SM_MessageBottle_1.uexp" 3257
"D:/GitHub/CutyKiller/GAME FOLDER/Content/LPSDeluxe2TropicalEnvironment/LPSD2_Materials/SpecialMaterials/2SidedMaterials/MI_2Side_Red.uasset" 3258
"D:/GitHub/CutyKiller/GAME FOLDER/Content/LPSDeluxe2TropicalEnvironment/LPSD2_Materials/SpecialMaterials/2SidedMaterials/MI_2Side_Red.uexp" 3259
"D:/GitHub/CutyKiller/GAME FOLDER/Content/LPSDeluxe2TropicalEnvironment/LPSD2_Meshes/Pirate/SM_CaptainsChair_1.ubulk" 3260
"D:/GitHub/CutyKiller/GAME FOLDER/Content/LPSDeluxe2TropicalEnvironment/LPSD2_Meshes/Pirate/SM_CaptainsChair_1.uasset" 3261
"D:/GitHub/CutyKiller/GAME FOLDER/Content/LPSDeluxe2TropicalEnvironment/LPSD2_Meshes/Pirate/SM_CaptainsChair_1.uexp" 3262
"D:/GitHub/CutyKiller/GAME FOLDER/Content/LPSDeluxe2TropicalEnvironment/LPSD2_Materials/SpecialMaterials/MiscMaterials/M_Torch.uasset" 3263
"D:/GitHub/CutyKiller/GAME FOLDER/Content/LPSDeluxe2TropicalEnvironment/LPSD2_Materials/SpecialMaterials/MiscMaterials/M_Torch.uexp" 3264
"D:/GitHub/CutyKiller/GAME FOLDER/Content/LPSDeluxe2TropicalEnvironment/LPSD2_Materials/Materials/Master_Color_Instances/MI_Color_Clay.uasset" 3265
"D:/GitHub/CutyKiller/GAME FOLDER/Content/LPSDeluxe2TropicalEnvironment/LPSD2_Materials/Materials/Master_Color_Instances/MI_Color_Clay.uexp" 3266
"D:/GitHub/CutyKiller/GAME FOLDER/Content/LPSDeluxe2TropicalEnvironment/LPSD2_Meshes/Tiki/SM_TikiTorch_1.ubulk" 3267
"D:/GitHub/CutyKiller/GAME FOLDER/Content/LPSDeluxe2TropicalEnvironment/LPSD2_Meshes/Tiki/SM_TikiTorch_1.uasset" 3268
"D:/GitHub/CutyKiller/GAME FOLDER/Content/LPSDeluxe2TropicalEnvironment/LPSD2_Meshes/Tiki/SM_TikiTorch_1.uexp" 3269
"D:/GitHub/CutyKiller/GAME FOLDER/Content/LPSDeluxe2TropicalEnvironment/LPSD2_Meshes/Platform/SM_XLPlatform_1.ubulk" 3270
"D:/GitHub/CutyKiller/GAME FOLDER/Content/LPSDeluxe2TropicalEnvironment/LPSD2_Meshes/Platform/SM_XLPlatform_1.uasset" 3271
"D:/GitHub/CutyKiller/GAME FOLDER/Content/LPSDeluxe2TropicalEnvironment/LPSD2_Meshes/Platform/SM_XLPlatform_1.uexp" 3272
"D:/GitHub/CutyKiller/GAME FOLDER/Content/LPSDeluxe2TropicalEnvironment/LPSD2_Materials/Materials/Master_Color_Instances/MI_Metal_Steel.uasset" 3273
"D:/GitHub/CutyKiller/GAME FOLDER/Content/LPSDeluxe2TropicalEnvironment/LPSD2_Materials/Materials/Master_Color_Instances/MI_Metal_Steel.uexp" 3274
"D:/GitHub/CutyKiller/GAME FOLDER/Content/LPSDeluxe2TropicalEnvironment/LPSD2_Meshes/Beach/SM_BeachChair_1.ubulk" 3275
"D:/GitHub/CutyKiller/GAME FOLDER/Content/LPSDeluxe2TropicalEnvironment/LPSD2_Meshes/Beach/SM_BeachChair_1.uasset" 3276
"D:/GitHub/CutyKiller/GAME FOLDER/Content/LPSDeluxe2TropicalEnvironment/LPSD2_Meshes/Beach/SM_BeachChair_1.uexp" 3277
"D:/GitHub/CutyKiller/GAME FOLDER/Content/LPSDeluxe2TropicalEnvironment/LPSD2_Meshes/Treasure/SM_TreasureVase_1.ubulk" 3278
"D:/GitHub/CutyKiller/GAME FOLDER/Content/LPSDeluxe2TropicalEnvironment/LPSD2_Meshes/Treasure/SM_TreasureVase_1.uasset" 3279
"D:/GitHub/CutyKiller/GAME FOLDER/Content/LPSDeluxe2TropicalEnvironment/LPSD2_Meshes/Treasure/SM_TreasureVase_1.uexp" 3280
"D:/GitHub/CutyKiller/GAME FOLDER/Content/LPSDeluxe2TropicalEnvironment/LPSD2_Materials/Materials/Master_Color_Instances/MI_Color_Canvas.uasset" 3281
"D:/GitHub/CutyKiller/GAME FOLDER/Content/LPSDeluxe2TropicalEnvironment/LPSD2_Materials/Materials/Master_Color_Instances/MI_Color_Canvas.uexp" 3282
"D:/GitHub/CutyKiller/GAME FOLDER/Content/LPSDeluxe2TropicalEnvironment/LPSD2_Meshes/Beach/SM_BeachDock_1.ubulk" 3283
"D:/GitHub/CutyKiller/GAME FOLDER/Content/LPSDeluxe2TropicalEnvironment/LPSD2_Meshes/Beach/SM_BeachDock_1.uasset" 3284
"D:/GitHub/CutyKiller/GAME FOLDER/Content/LPSDeluxe2TropicalEnvironment/LPSD2_Meshes/Beach/SM_BeachDock_1.uexp" 3285
"D:/GitHub/CutyKiller/GAME FOLDER/Content/LPSDeluxe2TropicalEnvironment/LPSD2_Materials/Materials/Master_Color_Instances/MI_Color_Charcoal.uasset" 3286
"D:/GitHub/CutyKiller/GAME FOLDER/Content/LPSDeluxe2TropicalEnvironment/LPSD2_Materials/Materials/Master_Color_Instances/MI_Color_Charcoal.uexp" 3287
"D:/GitHub/CutyKiller/GAME FOLDER/Content/LPSDeluxe2TropicalEnvironment/LPSD2_Meshes/Platform/SM_TRockColumn_1.ubulk" 3288
"D:/GitHub/CutyKiller/GAME FOLDER/Content/LPSDeluxe2TropicalEnvironment/LPSD2_Meshes/Platform/SM_TRockColumn_1.uasset" 3289
"D:/GitHub/CutyKiller/GAME FOLDER/Content/LPSDeluxe2TropicalEnvironment/LPSD2_Meshes/Platform/SM_TRockColumn_1.uexp" 3290
"D:/GitHub/CutyKiller/GAME FOLDER/Content/LPSDeluxe2TropicalEnvironment/LPSD2_Meshes/Treasure/SM_MediumCoin_1.ubulk" 3291
"D:/GitHub/CutyKiller/GAME FOLDER/Content/LPSDeluxe2TropicalEnvironment/LPSD2_Meshes/Treasure/SM_MediumCoin_1.uasset" 3292
"D:/GitHub/CutyKiller/GAME FOLDER/Content/LPSDeluxe2TropicalEnvironment/LPSD2_Meshes/Treasure/SM_MediumCoin_1.uexp" 3293
"D:/GitHub/CutyKiller/GAME FOLDER/Content/LPSDeluxe2TropicalEnvironment/LPSD2_Meshes/Treasure/SM_MediumCoin_2.ubulk" 3294
"D:/GitHub/CutyKiller/GAME FOLDER/Content/LPSDeluxe2TropicalEnvironment/LPSD2_Meshes/Treasure/SM_MediumCoin_2.uasset" 3295
"D:/GitHub/CutyKiller/GAME FOLDER/Content/LPSDeluxe2TropicalEnvironment/LPSD2_Meshes/Treasure/SM_MediumCoin_2.uexp" 3296
"D:/GitHub/CutyKiller/GAME FOLDER/Content/LPSDeluxe2TropicalEnvironment/LPSD2_Meshes/Treasure/SM_MediumCoin_3.ubulk" 3297
"D:/GitHub/CutyKiller/GAME FOLDER/Content/LPSDeluxe2TropicalEnvironment/LPSD2_Meshes/Treasure/SM_MediumCoin_3.uasset" 3298
"D:/GitHub/CutyKiller/GAME FOLDER/Content/LPSDeluxe2TropicalEnvironment/LPSD2_Meshes/Treasure/SM_MediumCoin_3.uexp" 3299
"D:/GitHub/CutyKiller/GAME FOLDER/Content/LPSDeluxe2TropicalEnvironment/LPSD2_Materials/Landscape/M_Landscape_LowPolyTropical.uasset" 3300
"D:/GitHub/CutyKiller/GAME FOLDER/Content/LPSDeluxe2TropicalEnvironment/LPSD2_Materials/Landscape/M_Landscape_LowPolyTropical.uexp" 3301
"D:/GitHub/CutyKiller/GAME FOLDER/Content/LPSDeluxe2TropicalEnvironment/LPSD2_Materials/SpecialMaterials/2SidedMaterials/M_2Side_White.uasset" 3302
"D:/GitHub/CutyKiller/GAME FOLDER/Content/LPSDeluxe2TropicalEnvironment/LPSD2_Materials/SpecialMaterials/2SidedMaterials/M_2Side_White.uexp" 3303
"D:/GitHub/CutyKiller/GAME FOLDER/Content/LPSDeluxe2TropicalEnvironment/LPSD2_Meshes/Beach/SM_BeachUmb_1.ubulk" 3304
"D:/GitHub/CutyKiller/GAME FOLDER/Content/LPSDeluxe2TropicalEnvironment/LPSD2_Meshes/Beach/SM_BeachUmb_1.uasset" 3305
"D:/GitHub/CutyKiller/GAME FOLDER/Content/LPSDeluxe2TropicalEnvironment/LPSD2_Meshes/Beach/SM_BeachUmb_1.uexp" 3306
"D:/GitHub/CutyKiller/GAME FOLDER/Content/LPSDeluxe2TropicalEnvironment/LPSD2_Materials/SpecialMaterials/2ToneMaterials/MI_Mount_Volcano.uasset" 3307
"D:/GitHub/CutyKiller/GAME FOLDER/Content/LPSDeluxe2TropicalEnvironment/LPSD2_Materials/SpecialMaterials/2ToneMaterials/MI_Mount_Volcano.uexp" 3308
"D:/GitHub/CutyKiller/GAME FOLDER/Content/LPSDeluxe2TropicalEnvironment/LPSD2_Materials/Materials/Master_Color_Instances/MI_Glow_Lava.uasset" 3309
"D:/GitHub/CutyKiller/GAME FOLDER/Content/LPSDeluxe2TropicalEnvironment/LPSD2_Materials/Materials/Master_Color_Instances/MI_Glow_Lava.uexp" 3310
"D:/GitHub/CutyKiller/GAME FOLDER/Content/LPSDeluxe2TropicalEnvironment/LPSD2_Meshes/Volcano/SM_LargeVolcano_1.ubulk" 3311
"D:/GitHub/CutyKiller/GAME FOLDER/Content/LPSDeluxe2TropicalEnvironment/LPSD2_Meshes/Volcano/SM_LargeVolcano_1.uasset" 3312
"D:/GitHub/CutyKiller/GAME FOLDER/Content/LPSDeluxe2TropicalEnvironment/LPSD2_Meshes/Volcano/SM_LargeVolcano_1.uexp" 3313
"D:/GitHub/CutyKiller/GAME FOLDER/Content/LPSDeluxe2TropicalEnvironment/LPSD2_Meshes/Flora/Sm_Underbrush_1.ubulk" 3314
"D:/GitHub/CutyKiller/GAME FOLDER/Content/LPSDeluxe2TropicalEnvironment/LPSD2_Meshes/Flora/Sm_Underbrush_1.uasset" 3315
"D:/GitHub/CutyKiller/GAME FOLDER/Content/LPSDeluxe2TropicalEnvironment/LPSD2_Meshes/Flora/Sm_Underbrush_1.uexp" 3316
"D:/GitHub/CutyKiller/GAME FOLDER/Content/LPSDeluxe2TropicalEnvironment/LPSD2_Materials/SpecialMaterials/2ToneMaterials/MI_Mount_LightGray.uasset" 3317
"D:/GitHub/CutyKiller/GAME FOLDER/Content/LPSDeluxe2TropicalEnvironment/LPSD2_Materials/SpecialMaterials/2ToneMaterials/MI_Mount_LightGray.uexp" 3318
"D:/GitHub/CutyKiller/GAME FOLDER/Content/LPSDeluxe2TropicalEnvironment/LPSD2_Meshes/Platform/SM_PlatformTall_1.ubulk" 3319
"D:/GitHub/CutyKiller/GAME FOLDER/Content/LPSDeluxe2TropicalEnvironment/LPSD2_Meshes/Platform/SM_PlatformTall_1.uasset" 3320
"D:/GitHub/CutyKiller/GAME FOLDER/Content/LPSDeluxe2TropicalEnvironment/LPSD2_Meshes/Platform/SM_PlatformTall_1.uexp" 3321
"D:/GitHub/CutyKiller/GAME FOLDER/Content/LPSDeluxe2TropicalEnvironment/LPSD2_Materials/Materials/Master_Color_Instances/MI_Metal_Brass.uasset" 3322
"D:/GitHub/CutyKiller/GAME FOLDER/Content/LPSDeluxe2TropicalEnvironment/LPSD2_Materials/Materials/Master_Color_Instances/MI_Metal_Brass.uexp" 3323
"D:/GitHub/CutyKiller/GAME FOLDER/Content/LPSDeluxe2TropicalEnvironment/LPSD2_Materials/Materials/Master_Color_Instances/MI_Color_Sky.uasset" 3324
"D:/GitHub/CutyKiller/GAME FOLDER/Content/LPSDeluxe2TropicalEnvironment/LPSD2_Materials/Materials/Master_Color_Instances/MI_Color_Sky.uexp" 3325
"D:/GitHub/CutyKiller/GAME FOLDER/Content/LPSDeluxe2TropicalEnvironment/LPSD2_Meshes/Pirate/SM_Spyglass_1.ubulk" 3326
"D:/GitHub/CutyKiller/GAME FOLDER/Content/LPSDeluxe2TropicalEnvironment/LPSD2_Meshes/Pirate/SM_Spyglass_1.uasset" 3327
"D:/GitHub/CutyKiller/GAME FOLDER/Content/LPSDeluxe2TropicalEnvironment/LPSD2_Meshes/Pirate/SM_Spyglass_1.uexp" 3328
"D:/GitHub/CutyKiller/GAME FOLDER/Content/LPSDeluxe2TropicalEnvironment/LPSD2_Meshes/Mountain/SM_CliffTop_1.ubulk" 3329
"D:/GitHub/CutyKiller/GAME FOLDER/Content/LPSDeluxe2TropicalEnvironment/LPSD2_Meshes/Mountain/SM_CliffTop_1.uasset" 3330
"D:/GitHub/CutyKiller/GAME FOLDER/Content/LPSDeluxe2TropicalEnvironment/LPSD2_Meshes/Mountain/SM_CliffTop_1.uexp" 3331
"D:/GitHub/CutyKiller/GAME FOLDER/Content/LPSDeluxe2TropicalEnvironment/LPSD2_Meshes/Mountain/SM_CliffTop_2.ubulk" 3332
"D:/GitHub/CutyKiller/GAME FOLDER/Content/LPSDeluxe2TropicalEnvironment/LPSD2_Meshes/Mountain/SM_CliffTop_2.uasset" 3333
"D:/GitHub/CutyKiller/GAME FOLDER/Content/LPSDeluxe2TropicalEnvironment/LPSD2_Meshes/Mountain/SM_CliffTop_2.uexp" 3334
"D:/GitHub/CutyKiller/GAME FOLDER/Content/LPSDeluxe2TropicalEnvironment/LPSD2_Materials/SpecialMaterials/WindMaterials/MI_Wind_10.uasset" 3335
"D:/GitHub/CutyKiller/GAME FOLDER/Content/LPSDeluxe2TropicalEnvironment/LPSD2_Materials/SpecialMaterials/WindMaterials/MI_Wind_10.uexp" 3336
"D:/GitHub/CutyKiller/GAME FOLDER/Content/LPSDeluxe2TropicalEnvironment/LPSD2_Materials/SpecialMaterials/WindMaterials/MI_Wind_11.uasset" 3337
"D:/GitHub/CutyKiller/GAME FOLDER/Content/LPSDeluxe2TropicalEnvironment/LPSD2_Materials/SpecialMaterials/WindMaterials/MI_Wind_11.uexp" 3338
"D:/GitHub/CutyKiller/GAME FOLDER/Content/LPSDeluxe2TropicalEnvironment/LPSD2_Meshes/Flora/SM_LushPatch_1.ubulk" 3339
"D:/GitHub/CutyKiller/GAME FOLDER/Content/LPSDeluxe2TropicalEnvironment/LPSD2_Meshes/Flora/SM_LushPatch_1.uasset" 3340
"D:/GitHub/CutyKiller/GAME FOLDER/Content/LPSDeluxe2TropicalEnvironment/LPSD2_Meshes/Flora/SM_LushPatch_1.uexp" 3341
"D:/GitHub/CutyKiller/GAME FOLDER/Content/LPSDeluxe2TropicalEnvironment/LPSD2_Materials/SpecialMaterials/WindMaterials/MI_Wind_1.uasset" 3342
"D:/GitHub/CutyKiller/GAME FOLDER/Content/LPSDeluxe2TropicalEnvironment/LPSD2_Materials/SpecialMaterials/WindMaterials/MI_Wind_1.uexp" 3343
"D:/GitHub/CutyKiller/GAME FOLDER/Content/LPSDeluxe2TropicalEnvironment/LPSD2_Materials/SpecialMaterials/WindMaterials/MI_Wind_7.uasset" 3344
"D:/GitHub/CutyKiller/GAME FOLDER/Content/LPSDeluxe2TropicalEnvironment/LPSD2_Materials/SpecialMaterials/WindMaterials/MI_Wind_7.uexp" 3345
"D:/GitHub/CutyKiller/GAME FOLDER/Content/LPSDeluxe2TropicalEnvironment/LPSD2_Materials/SpecialMaterials/WindMaterials/MI_Wind_18.uasset" 3346
"D:/GitHub/CutyKiller/GAME FOLDER/Content/LPSDeluxe2TropicalEnvironment/LPSD2_Materials/SpecialMaterials/WindMaterials/MI_Wind_18.uexp" 3347
"D:/GitHub/CutyKiller/GAME FOLDER/Content/LPSDeluxe2TropicalEnvironment/LPSD2_Meshes/Flora/SM_CoconutPalm_1.ubulk" 3348
"D:/GitHub/CutyKiller/GAME FOLDER/Content/LPSDeluxe2TropicalEnvironment/LPSD2_Meshes/Flora/SM_CoconutPalm_1.uasset" 3349
"D:/GitHub/CutyKiller/GAME FOLDER/Content/LPSDeluxe2TropicalEnvironment/LPSD2_Meshes/Flora/SM_CoconutPalm_1.uexp" 3350
"D:/GitHub/CutyKiller/GAME FOLDER/Content/LPSDeluxe2TropicalEnvironment/LPSD2_Meshes/Pirate/SM_Book_1.ubulk" 3351
"D:/GitHub/CutyKiller/GAME FOLDER/Content/LPSDeluxe2TropicalEnvironment/LPSD2_Meshes/Pirate/SM_Book_1.uasset" 3352
"D:/GitHub/CutyKiller/GAME FOLDER/Content/LPSDeluxe2TropicalEnvironment/LPSD2_Meshes/Pirate/SM_Book_1.uexp" 3353
"D:/GitHub/CutyKiller/GAME FOLDER/Content/LPSDeluxe2TropicalEnvironment/LPSD2_Materials/Materials/Master_Color_Instances/MI_Glow_Sky.uasset" 3354
"D:/GitHub/CutyKiller/GAME FOLDER/Content/LPSDeluxe2TropicalEnvironment/LPSD2_Materials/Materials/Master_Color_Instances/MI_Glow_Sky.uexp" 3355
"D:/GitHub/CutyKiller/GAME FOLDER/Content/LPSDeluxe2TropicalEnvironment/LPSD2_Meshes/Misc/SM_SkyDome_1.ubulk" 3356
"D:/GitHub/CutyKiller/GAME FOLDER/Content/LPSDeluxe2TropicalEnvironment/LPSD2_Meshes/Misc/SM_SkyDome_1.uasset" 3357
"D:/GitHub/CutyKiller/GAME FOLDER/Content/LPSDeluxe2TropicalEnvironment/LPSD2_Meshes/Misc/SM_SkyDome_1.uexp" 3358
"../../../Engine/Content/EngineMaterials/DefaultPhysicalMaterial.uasset" 3359
"../../../Engine/Content/EngineMaterials/DefaultPhysicalMaterial.uexp" 3360
"D:/GitHub/CutyKiller/GAME FOLDER/Content/LPSDeluxe2TropicalEnvironment/LPSD2_Meshes/Water/SM_Water_CircleSmall.ubulk" 3361
"D:/GitHub/CutyKiller/GAME FOLDER/Content/LPSDeluxe2TropicalEnvironment/LPSD2_Meshes/Water/SM_Water_CircleSmall.uasset" 3362
"D:/GitHub/CutyKiller/GAME FOLDER/Content/LPSDeluxe2TropicalEnvironment/LPSD2_Meshes/Water/SM_Water_CircleSmall.uexp" 3363
"D:/GitHub/CutyKiller/GAME FOLDER/Content/LPSDeluxe2TropicalEnvironment/LPSD2_Materials/Materials/Master_Color_Instances/MI_Color_Navy.uasset" 3364
"D:/GitHub/CutyKiller/GAME FOLDER/Content/LPSDeluxe2TropicalEnvironment/LPSD2_Materials/Materials/Master_Color_Instances/MI_Color_Navy.uexp" 3365
"D:/GitHub/CutyKiller/GAME FOLDER/Content/LPSDeluxe2TropicalEnvironment/LPSD2_Meshes/Beach/SM_BeachTowel_1.ubulk" 3366
"D:/GitHub/CutyKiller/GAME FOLDER/Content/LPSDeluxe2TropicalEnvironment/LPSD2_Meshes/Beach/SM_BeachTowel_1.uasset" 3367
"D:/GitHub/CutyKiller/GAME FOLDER/Content/LPSDeluxe2TropicalEnvironment/LPSD2_Meshes/Beach/SM_BeachTowel_1.uexp" 3368
"D:/GitHub/CutyKiller/GAME FOLDER/Content/LPSDeluxe2TropicalEnvironment/LPSD2_Meshes/Pirate/SM_Crate_1.ubulk" 3369
"D:/GitHub/CutyKiller/GAME FOLDER/Content/LPSDeluxe2TropicalEnvironment/LPSD2_Meshes/Pirate/SM_Crate_1.uasset" 3370
"D:/GitHub/CutyKiller/GAME FOLDER/Content/LPSDeluxe2TropicalEnvironment/LPSD2_Meshes/Pirate/SM_Crate_1.uexp" 3371
"D:/GitHub/CutyKiller/GAME FOLDER/Content/LPSDeluxe2TropicalEnvironment/LPSD2_Meshes/Treasure/SM_SmallCoin_1.ubulk" 3372
"D:/GitHub/CutyKiller/GAME FOLDER/Content/LPSDeluxe2TropicalEnvironment/LPSD2_Meshes/Treasure/SM_SmallCoin_1.uasset" 3373
"D:/GitHub/CutyKiller/GAME FOLDER/Content/LPSDeluxe2TropicalEnvironment/LPSD2_Meshes/Treasure/SM_SmallCoin_1.uexp" 3374
"D:/GitHub/CutyKiller/GAME FOLDER/Content/LPSDeluxe2TropicalEnvironment/LPSD2_Materials/SpecialMaterials/2SidedMaterials/MI_2Side_BrightOrange.uasset" 3375
"D:/GitHub/CutyKiller/GAME FOLDER/Content/LPSDeluxe2TropicalEnvironment/LPSD2_Materials/SpecialMaterials/2SidedMaterials/MI_2Side_BrightOrange.uexp" 3376
"D:/GitHub/CutyKiller/GAME FOLDER/Content/LPSDeluxe2TropicalEnvironment/LPSD2_Meshes/Tiki/SM_TikiSpear_1.ubulk" 3377
"D:/GitHub/CutyKiller/GAME FOLDER/Content/LPSDeluxe2TropicalEnvironment/LPSD2_Meshes/Tiki/SM_TikiSpear_1.uasset" 3378
"D:/GitHub/CutyKiller/GAME FOLDER/Content/LPSDeluxe2TropicalEnvironment/LPSD2_Meshes/Tiki/SM_TikiSpear_1.uexp" 3379
"D:/GitHub/CutyKiller/GAME FOLDER/Content/LPSDeluxe2TropicalEnvironment/LPSD2_Materials/SpecialMaterials/WindMaterials/MI_Wind_15.uasset" 3380
"D:/GitHub/CutyKiller/GAME FOLDER/Content/LPSDeluxe2TropicalEnvironment/LPSD2_Materials/SpecialMaterials/WindMaterials/MI_Wind_15.uexp" 3381
"D:/GitHub/CutyKiller/GAME FOLDER/Content/LPSDeluxe2TropicalEnvironment/LPSD2_Meshes/Flora/Sm_TropicFlower_1.ubulk" 3382
"D:/GitHub/CutyKiller/GAME FOLDER/Content/LPSDeluxe2TropicalEnvironment/LPSD2_Meshes/Flora/Sm_TropicFlower_1.uasset" 3383
"D:/GitHub/CutyKiller/GAME FOLDER/Content/LPSDeluxe2TropicalEnvironment/LPSD2_Meshes/Flora/Sm_TropicFlower_1.uexp" 3384
"D:/GitHub/CutyKiller/GAME FOLDER/Content/LPSDeluxe2TropicalEnvironment/LPSD2_Meshes/Volcano/SM_LavaCave_1.ubulk" 3385
"D:/GitHub/CutyKiller/GAME FOLDER/Content/LPSDeluxe2TropicalEnvironment/LPSD2_Meshes/Volcano/SM_LavaCave_1.uasset" 3386
"D:/GitHub/CutyKiller/GAME FOLDER/Content/LPSDeluxe2TropicalEnvironment/LPSD2_Meshes/Volcano/SM_LavaCave_1.uexp" 3387
"D:/GitHub/CutyKiller/GAME FOLDER/Content/LPSDeluxe2TropicalEnvironment/LPSD2_Meshes/Volcano/SM_LavaCave_2.ubulk" 3388
"D:/GitHub/CutyKiller/GAME FOLDER/Content/LPSDeluxe2TropicalEnvironment/LPSD2_Meshes/Volcano/SM_LavaCave_2.uasset" 3389
"D:/GitHub/CutyKiller/GAME FOLDER/Content/LPSDeluxe2TropicalEnvironment/LPSD2_Meshes/Volcano/SM_LavaCave_2.uexp" 3390
"D:/GitHub/CutyKiller/GAME FOLDER/Content/LPSDeluxe2TropicalEnvironment/LPSD2_Meshes/Volcano/SM_LavaCave_3.ubulk" 3391
"D:/GitHub/CutyKiller/GAME FOLDER/Content/LPSDeluxe2TropicalEnvironment/LPSD2_Meshes/Volcano/SM_LavaCave_3.uasset" 3392
"D:/GitHub/CutyKiller/GAME FOLDER/Content/LPSDeluxe2TropicalEnvironment/LPSD2_Meshes/Volcano/SM_LavaCave_3.uexp" 3393
"D:/GitHub/CutyKiller/GAME FOLDER/Content/LPSDeluxe2TropicalEnvironment/LPSD2_Meshes/Volcano/SM_LavaField_1.ubulk" 3394
"D:/GitHub/CutyKiller/GAME FOLDER/Content/LPSDeluxe2TropicalEnvironment/LPSD2_Meshes/Volcano/SM_LavaField_1.uasset" 3395
"D:/GitHub/CutyKiller/GAME FOLDER/Content/LPSDeluxe2TropicalEnvironment/LPSD2_Meshes/Volcano/SM_LavaField_1.uexp" 3396
"D:/GitHub/CutyKiller/GAME FOLDER/Content/LPSDeluxe2TropicalEnvironment/LPSD2_Materials/SpecialMaterials/2SidedMaterials/MI_2Side_Black.uasset" 3397
"D:/GitHub/CutyKiller/GAME FOLDER/Content/LPSDeluxe2TropicalEnvironment/LPSD2_Materials/SpecialMaterials/2SidedMaterials/MI_2Side_Black.uexp" 3398
"D:/GitHub/CutyKiller/GAME FOLDER/Content/LPSDeluxe2TropicalEnvironment/LPSD2_Materials/SpecialMaterials/2SidedMaterials/MI_2Side_Brown.uasset" 3399
"D:/GitHub/CutyKiller/GAME FOLDER/Content/LPSDeluxe2TropicalEnvironment/LPSD2_Materials/SpecialMaterials/2SidedMaterials/MI_2Side_Brown.uexp" 3400
"D:/GitHub/CutyKiller/GAME FOLDER/Content/LPSDeluxe2TropicalEnvironment/LPSD2_Meshes/Tiki/SM_Ukulele_1.ubulk" 3401
"D:/GitHub/CutyKiller/GAME FOLDER/Content/LPSDeluxe2TropicalEnvironment/LPSD2_Meshes/Tiki/SM_Ukulele_1.uasset" 3402
"D:/GitHub/CutyKiller/GAME FOLDER/Content/LPSDeluxe2TropicalEnvironment/LPSD2_Meshes/Tiki/SM_Ukulele_1.uexp" 3403
"D:/GitHub/CutyKiller/GAME FOLDER/Content/LPSDeluxe2TropicalEnvironment/LPSD2_Meshes/Water/SM_Water_CircleMed.ubulk" 3404
"D:/GitHub/CutyKiller/GAME FOLDER/Content/LPSDeluxe2TropicalEnvironment/LPSD2_Meshes/Water/SM_Water_CircleMed.uasset" 3405
"D:/GitHub/CutyKiller/GAME FOLDER/Content/LPSDeluxe2TropicalEnvironment/LPSD2_Meshes/Water/SM_Water_CircleMed.uexp" 3406
"D:/GitHub/CutyKiller/GAME FOLDER/Content/LPSDeluxe2TropicalEnvironment/LPSD2_Meshes/Mountain/SM_CliffSide_1_.ubulk" 3407
"D:/GitHub/CutyKiller/GAME FOLDER/Content/LPSDeluxe2TropicalEnvironment/LPSD2_Meshes/Mountain/SM_CliffSide_1_.uasset" 3408
"D:/GitHub/CutyKiller/GAME FOLDER/Content/LPSDeluxe2TropicalEnvironment/LPSD2_Meshes/Mountain/SM_CliffSide_1_.uexp" 3409
"D:/GitHub/CutyKiller/GAME FOLDER/Content/LPSDeluxe2TropicalEnvironment/LPSD2_Materials/SpecialMaterials/MiscMaterials/M_VolcanoSmoke.uasset" 3410
"D:/GitHub/CutyKiller/GAME FOLDER/Content/LPSDeluxe2TropicalEnvironment/LPSD2_Materials/SpecialMaterials/MiscMaterials/M_VolcanoSmoke.uexp" 3411
"D:/GitHub/CutyKiller/GAME FOLDER/Content/LPSDeluxe2TropicalEnvironment/LPSD2_Meshes/Volcano/SM_VolcanoSmoke_1.ubulk" 3412
"D:/GitHub/CutyKiller/GAME FOLDER/Content/LPSDeluxe2TropicalEnvironment/LPSD2_Meshes/Volcano/SM_VolcanoSmoke_1.uasset" 3413
"D:/GitHub/CutyKiller/GAME FOLDER/Content/LPSDeluxe2TropicalEnvironment/LPSD2_Meshes/Volcano/SM_VolcanoSmoke_1.uexp" 3414
"D:/GitHub/CutyKiller/GAME FOLDER/Content/LPSDeluxe2TropicalEnvironment/LPSD2_Meshes/Beach/SM_Boombox_1.ubulk" 3415
"D:/GitHub/CutyKiller/GAME FOLDER/Content/LPSDeluxe2TropicalEnvironment/LPSD2_Meshes/Beach/SM_Boombox_1.uasset" 3416
"D:/GitHub/CutyKiller/GAME FOLDER/Content/LPSDeluxe2TropicalEnvironment/LPSD2_Meshes/Beach/SM_Boombox_1.uexp" 3417
"D:/GitHub/CutyKiller/GAME FOLDER/Content/LPSDeluxe2TropicalEnvironment/LPSD2_Materials/SpecialMaterials/MiscMaterials/M_LightShaft.uasset" 3418
"D:/GitHub/CutyKiller/GAME FOLDER/Content/LPSDeluxe2TropicalEnvironment/LPSD2_Materials/SpecialMaterials/MiscMaterials/M_LightShaft.uexp" 3419
"D:/GitHub/CutyKiller/GAME FOLDER/Content/LPSDeluxe2TropicalEnvironment/LPSD2_Meshes/Misc/SM_LightShaft_1.ubulk" 3420
"D:/GitHub/CutyKiller/GAME FOLDER/Content/LPSDeluxe2TropicalEnvironment/LPSD2_Meshes/Misc/SM_LightShaft_1.uasset" 3421
"D:/GitHub/CutyKiller/GAME FOLDER/Content/LPSDeluxe2TropicalEnvironment/LPSD2_Meshes/Misc/SM_LightShaft_1.uexp" 3422
"D:/GitHub/CutyKiller/GAME FOLDER/Content/LPSDeluxe2TropicalEnvironment/LPSD2_Meshes/Treasure/SM_TreasureGlowStone_1.ubulk" 3423
"D:/GitHub/CutyKiller/GAME FOLDER/Content/LPSDeluxe2TropicalEnvironment/LPSD2_Meshes/Treasure/SM_TreasureGlowStone_1.uasset" 3424
"D:/GitHub/CutyKiller/GAME FOLDER/Content/LPSDeluxe2TropicalEnvironment/LPSD2_Meshes/Treasure/SM_TreasureGlowStone_1.uexp" 3425
"D:/GitHub/CutyKiller/GAME FOLDER/Content/LPSDeluxe2TropicalEnvironment/LPSD2_Meshes/Beach/SM_Longboard_1.ubulk" 3426
"D:/GitHub/CutyKiller/GAME FOLDER/Content/LPSDeluxe2TropicalEnvironment/LPSD2_Meshes/Beach/SM_Longboard_1.uasset" 3427
"D:/GitHub/CutyKiller/GAME FOLDER/Content/LPSDeluxe2TropicalEnvironment/LPSD2_Meshes/Beach/SM_Longboard_1.uexp" 3428
"D:/GitHub/CutyKiller/GAME FOLDER/Content/LPSDeluxe2TropicalEnvironment/LPSD2_Meshes/Treasure/Sm_TreasureChalice_1.ubulk" 3429
"D:/GitHub/CutyKiller/GAME FOLDER/Content/LPSDeluxe2TropicalEnvironment/LPSD2_Meshes/Treasure/Sm_TreasureChalice_1.uasset" 3430
"D:/GitHub/CutyKiller/GAME FOLDER/Content/LPSDeluxe2TropicalEnvironment/LPSD2_Meshes/Treasure/Sm_TreasureChalice_1.uexp" 3431
"D:/GitHub/CutyKiller/GAME FOLDER/Content/LPSDeluxe2TropicalEnvironment/LPSD2_Meshes/Platform/SM_LavaPlatform_1.ubulk" 3432
"D:/GitHub/CutyKiller/GAME FOLDER/Content/LPSDeluxe2TropicalEnvironment/LPSD2_Meshes/Platform/SM_LavaPlatform_1.uasset" 3433
"D:/GitHub/CutyKiller/GAME FOLDER/Content/LPSDeluxe2TropicalEnvironment/LPSD2_Meshes/Platform/SM_LavaPlatform_1.uexp" 3434
"D:/GitHub/CutyKiller/GAME FOLDER/Content/LPSDeluxe2TropicalEnvironment/LPSD2_Meshes/Treasure/SM_TreasureCrown_1.ubulk" 3435
"D:/GitHub/CutyKiller/GAME FOLDER/Content/LPSDeluxe2TropicalEnvironment/LPSD2_Meshes/Treasure/SM_TreasureCrown_1.uasset" 3436
"D:/GitHub/CutyKiller/GAME FOLDER/Content/LPSDeluxe2TropicalEnvironment/LPSD2_Meshes/Treasure/SM_TreasureCrown_1.uexp" 3437
"../../../Engine/Content/Functions/Engine_MaterialFunctions02/Fresnel_Function.uasset" 3438
"../../../Engine/Content/Functions/Engine_MaterialFunctions02/Fresnel_Function.uexp" 3439
"D:/GitHub/CutyKiller/GAME FOLDER/Content/LPSDeluxe2TropicalEnvironment/LPSD2_Materials/SpecialMaterials/WaterMaterials/M_Water_Waves.uasset" 3440
"D:/GitHub/CutyKiller/GAME FOLDER/Content/LPSDeluxe2TropicalEnvironment/LPSD2_Materials/SpecialMaterials/WaterMaterials/M_Water_Waves.uexp" 3441
"D:/GitHub/CutyKiller/GAME FOLDER/Content/LPSDeluxe2TropicalEnvironment/LPSD2_Meshes/Water/SM_PixelWater_1.ubulk" 3442
"D:/GitHub/CutyKiller/GAME FOLDER/Content/LPSDeluxe2TropicalEnvironment/LPSD2_Meshes/Water/SM_PixelWater_1.uasset" 3443
"D:/GitHub/CutyKiller/GAME FOLDER/Content/LPSDeluxe2TropicalEnvironment/LPSD2_Meshes/Water/SM_PixelWater_1.uexp" 3444
"D:/GitHub/CutyKiller/GAME FOLDER/Content/LPSDeluxe2TropicalEnvironment/LPSD2_Meshes/Water/SM_PixelWater_2.ubulk" 3445
"D:/GitHub/CutyKiller/GAME FOLDER/Content/LPSDeluxe2TropicalEnvironment/LPSD2_Meshes/Water/SM_PixelWater_2.uasset" 3446
"D:/GitHub/CutyKiller/GAME FOLDER/Content/LPSDeluxe2TropicalEnvironment/LPSD2_Meshes/Water/SM_PixelWater_2.uexp" 3447
"D:/GitHub/CutyKiller/GAME FOLDER/Content/LPSDeluxe2TropicalEnvironment/LPSD2_Meshes/Mountain/SM_CliffSide_2.ubulk" 3448
"D:/GitHub/CutyKiller/GAME FOLDER/Content/LPSDeluxe2TropicalEnvironment/LPSD2_Meshes/Mountain/SM_CliffSide_2.uasset" 3449
"D:/GitHub/CutyKiller/GAME FOLDER/Content/LPSDeluxe2TropicalEnvironment/LPSD2_Meshes/Mountain/SM_CliffSide_2.uexp" 3450
"D:/GitHub/CutyKiller/GAME FOLDER/Content/LPSDeluxe2TropicalEnvironment/LPSD2_Meshes/Mountain/SM_CliffSide_3.ubulk" 3451
"D:/GitHub/CutyKiller/GAME FOLDER/Content/LPSDeluxe2TropicalEnvironment/LPSD2_Meshes/Mountain/SM_CliffSide_3.uasset" 3452
"D:/GitHub/CutyKiller/GAME FOLDER/Content/LPSDeluxe2TropicalEnvironment/LPSD2_Meshes/Mountain/SM_CliffSide_3.uexp" 3453
"D:/GitHub/CutyKiller/GAME FOLDER/Content/LPSDeluxe2TropicalEnvironment/LPSD2_Meshes/Mountain/SM_CliffSide_4.ubulk" 3454
"D:/GitHub/CutyKiller/GAME FOLDER/Content/LPSDeluxe2TropicalEnvironment/LPSD2_Meshes/Mountain/SM_CliffSide_4.uasset" 3455
"D:/GitHub/CutyKiller/GAME FOLDER/Content/LPSDeluxe2TropicalEnvironment/LPSD2_Meshes/Mountain/SM_CliffSide_4.uexp" 3456
"D:/GitHub/CutyKiller/GAME FOLDER/Content/LPSDeluxe2TropicalEnvironment/LPSD2_Meshes/Mountain/SM_CliffSide_5.ubulk" 3457
"D:/GitHub/CutyKiller/GAME FOLDER/Content/LPSDeluxe2TropicalEnvironment/LPSD2_Meshes/Mountain/SM_CliffSide_5.uasset" 3458
"D:/GitHub/CutyKiller/GAME FOLDER/Content/LPSDeluxe2TropicalEnvironment/LPSD2_Meshes/Mountain/SM_CliffSide_5.uexp" 3459
"D:/GitHub/CutyKiller/GAME FOLDER/Content/LPSDeluxe2TropicalEnvironment/LPSD2_Materials/Materials/Master_Color_Instances/MI_Metal_Copper.uasset" 3460
"D:/GitHub/CutyKiller/GAME FOLDER/Content/LPSDeluxe2TropicalEnvironment/LPSD2_Materials/Materials/Master_Color_Instances/MI_Metal_Copper.uexp" 3461
"D:/GitHub/CutyKiller/GAME FOLDER/Content/LPSDeluxe2TropicalEnvironment/LPSD2_Meshes/Pirate/SM_Chalice_1.ubulk" 3462
"D:/GitHub/CutyKiller/GAME FOLDER/Content/LPSDeluxe2TropicalEnvironment/LPSD2_Meshes/Pirate/SM_Chalice_1.uasset" 3463
"D:/GitHub/CutyKiller/GAME FOLDER/Content/LPSDeluxe2TropicalEnvironment/LPSD2_Meshes/Pirate/SM_Chalice_1.uexp" 3464
"D:/GitHub/CutyKiller/GAME FOLDER/Content/LPSDeluxe2TropicalEnvironment/LPSD2_Meshes/Flora/SM_PalmTree_1.ubulk" 3465
"D:/GitHub/CutyKiller/GAME FOLDER/Content/LPSDeluxe2TropicalEnvironment/LPSD2_Meshes/Flora/SM_PalmTree_1.uasset" 3466
"D:/GitHub/CutyKiller/GAME FOLDER/Content/LPSDeluxe2TropicalEnvironment/LPSD2_Meshes/Flora/SM_PalmTree_1.uexp" 3467
"D:/GitHub/CutyKiller/GAME FOLDER/Content/LPSDeluxe2TropicalEnvironment/LPSD2_Meshes/Pirate/SM_CaptainTable_1.ubulk" 3468
"D:/GitHub/CutyKiller/GAME FOLDER/Content/LPSDeluxe2TropicalEnvironment/LPSD2_Meshes/Pirate/SM_CaptainTable_1.uasset" 3469
"D:/GitHub/CutyKiller/GAME FOLDER/Content/LPSDeluxe2TropicalEnvironment/LPSD2_Meshes/Pirate/SM_CaptainTable_1.uexp" 3470
"D:/GitHub/CutyKiller/GAME FOLDER/Content/LPSDeluxe2TropicalEnvironment/LPSD2_Meshes/Treasure/SM_PirateChest_3.ubulk" 3471
"D:/GitHub/CutyKiller/GAME FOLDER/Content/LPSDeluxe2TropicalEnvironment/LPSD2_Meshes/Treasure/SM_PirateChest_3.uasset" 3472
"D:/GitHub/CutyKiller/GAME FOLDER/Content/LPSDeluxe2TropicalEnvironment/LPSD2_Meshes/Treasure/SM_PirateChest_3.uexp" 3473
"D:/GitHub/CutyKiller/GAME FOLDER/Content/LPSDeluxe2TropicalEnvironment/LPSD2_Materials/SpecialMaterials/WindMaterials/MI_Wind_14.uasset" 3474
"D:/GitHub/CutyKiller/GAME FOLDER/Content/LPSDeluxe2TropicalEnvironment/LPSD2_Materials/SpecialMaterials/WindMaterials/MI_Wind_14.uexp" 3475
"D:/GitHub/CutyKiller/GAME FOLDER/Content/LPSDeluxe2TropicalEnvironment/LPSD2_Meshes/Flora/SM_LeafyCover_1.ubulk" 3476
"D:/GitHub/CutyKiller/GAME FOLDER/Content/LPSDeluxe2TropicalEnvironment/LPSD2_Meshes/Flora/SM_LeafyCover_1.uasset" 3477
"D:/GitHub/CutyKiller/GAME FOLDER/Content/LPSDeluxe2TropicalEnvironment/LPSD2_Meshes/Flora/SM_LeafyCover_1.uexp" 3478
"D:/GitHub/CutyKiller/GAME FOLDER/Content/LPSDeluxe2TropicalEnvironment/LPSD2_Materials/Materials/Master_Color_Instances/MI_Color_Bamboo_2.uasset" 3479
"D:/GitHub/CutyKiller/GAME FOLDER/Content/LPSDeluxe2TropicalEnvironment/LPSD2_Materials/Materials/Master_Color_Instances/MI_Color_Bamboo_2.uexp" 3480
"D:/GitHub/CutyKiller/GAME FOLDER/Content/LPSDeluxe2TropicalEnvironment/LPSD2_Meshes/Flora/SM_Bamboo_1.ubulk" 3481
"D:/GitHub/CutyKiller/GAME FOLDER/Content/LPSDeluxe2TropicalEnvironment/LPSD2_Meshes/Flora/SM_Bamboo_1.uasset" 3482
"D:/GitHub/CutyKiller/GAME FOLDER/Content/LPSDeluxe2TropicalEnvironment/LPSD2_Meshes/Flora/SM_Bamboo_1.uexp" 3483
"D:/GitHub/CutyKiller/GAME FOLDER/Content/LPSDeluxe2TropicalEnvironment/LPSD2_Materials/SpecialMaterials/MiscMaterials/M_LavaFlow_1.uasset" 3484
"D:/GitHub/CutyKiller/GAME FOLDER/Content/LPSDeluxe2TropicalEnvironment/LPSD2_Materials/SpecialMaterials/MiscMaterials/M_LavaFlow_1.uexp" 3485
"D:/GitHub/CutyKiller/GAME FOLDER/Content/LPSDeluxe2TropicalEnvironment/LPSD2_Meshes/Volcano/SM_LavaFlow_1.ubulk" 3486
"D:/GitHub/CutyKiller/GAME FOLDER/Content/LPSDeluxe2TropicalEnvironment/LPSD2_Meshes/Volcano/SM_LavaFlow_1.uasset" 3487
"D:/GitHub/CutyKiller/GAME FOLDER/Content/LPSDeluxe2TropicalEnvironment/LPSD2_Meshes/Volcano/SM_LavaFlow_1.uexp" 3488
"D:/GitHub/CutyKiller/GAME FOLDER/Content/LPSDeluxe2TropicalEnvironment/LPSD2_Meshes/Volcano/SM_LavaFlow_2.ubulk" 3489
"D:/GitHub/CutyKiller/GAME FOLDER/Content/LPSDeluxe2TropicalEnvironment/LPSD2_Meshes/Volcano/SM_LavaFlow_2.uasset" 3490
"D:/GitHub/CutyKiller/GAME FOLDER/Content/LPSDeluxe2TropicalEnvironment/LPSD2_Meshes/Volcano/SM_LavaFlow_2.uexp" 3491
"D:/GitHub/CutyKiller/GAME FOLDER/Content/LPSDeluxe2TropicalEnvironment/LPSD2_Meshes/Mountain/SM_TropicMountain_1.ubulk" 3492
"D:/GitHub/CutyKiller/GAME FOLDER/Content/LPSDeluxe2TropicalEnvironment/LPSD2_Meshes/Mountain/SM_TropicMountain_1.uasset" 3493
"D:/GitHub/CutyKiller/GAME FOLDER/Content/LPSDeluxe2TropicalEnvironment/LPSD2_Meshes/Mountain/SM_TropicMountain_1.uexp" 3494
"D:/GitHub/CutyKiller/GAME FOLDER/Content/LPSDeluxe2TropicalEnvironment/LPSD2_Meshes/Mountain/SM_TropicMountain_2.ubulk" 3495
"D:/GitHub/CutyKiller/GAME FOLDER/Content/LPSDeluxe2TropicalEnvironment/LPSD2_Meshes/Mountain/SM_TropicMountain_2.uasset" 3496
"D:/GitHub/CutyKiller/GAME FOLDER/Content/LPSDeluxe2TropicalEnvironment/LPSD2_Meshes/Mountain/SM_TropicMountain_2.uexp" 3497
"D:/GitHub/CutyKiller/GAME FOLDER/Content/LPSDeluxe2TropicalEnvironment/LPSD2_Meshes/Mountain/SM_TropicMountain_3.ubulk" 3498
"D:/GitHub/CutyKiller/GAME FOLDER/Content/LPSDeluxe2TropicalEnvironment/LPSD2_Meshes/Mountain/SM_TropicMountain_3.uasset" 3499
"D:/GitHub/CutyKiller/GAME FOLDER/Content/LPSDeluxe2TropicalEnvironment/LPSD2_Meshes/Mountain/SM_TropicMountain_3.uexp" 3500
"D:/GitHub/CutyKiller/GAME FOLDER/Content/LPSDeluxe2TropicalEnvironment/LPSD2_Meshes/Mountain/SM_TropicMountain_4.ubulk" 3501
"D:/GitHub/CutyKiller/GAME FOLDER/Content/LPSDeluxe2TropicalEnvironment/LPSD2_Meshes/Mountain/SM_TropicMountain_4.uasset" 3502
"D:/GitHub/CutyKiller/GAME FOLDER/Content/LPSDeluxe2TropicalEnvironment/LPSD2_Meshes/Mountain/SM_TropicMountain_4.uexp" 3503
"D:/GitHub/CutyKiller/GAME FOLDER/Content/LPSDeluxe2TropicalEnvironment/LPSD2_Meshes/Mountain/SM_TropicMountain_5.ubulk" 3504
"D:/GitHub/CutyKiller/GAME FOLDER/Content/LPSDeluxe2TropicalEnvironment/LPSD2_Meshes/Mountain/SM_TropicMountain_5.uasset" 3505
"D:/GitHub/CutyKiller/GAME FOLDER/Content/LPSDeluxe2TropicalEnvironment/LPSD2_Meshes/Mountain/SM_TropicMountain_5.uexp" 3506
"D:/GitHub/CutyKiller/GAME FOLDER/Content/LPSDeluxe2TropicalEnvironment/LPSD2_Meshes/Pirate/SM_FlintLock_1.ubulk" 3507
"D:/GitHub/CutyKiller/GAME FOLDER/Content/LPSDeluxe2TropicalEnvironment/LPSD2_Meshes/Pirate/SM_FlintLock_1.uasset" 3508
"D:/GitHub/CutyKiller/GAME FOLDER/Content/LPSDeluxe2TropicalEnvironment/LPSD2_Meshes/Pirate/SM_FlintLock_1.uexp" 3509
"D:/GitHub/CutyKiller/GAME FOLDER/Content/LPSDeluxe2TropicalEnvironment/LPSD2_Meshes/Flora/SM_BananaTree_1.ubulk" 3510
"D:/GitHub/CutyKiller/GAME FOLDER/Content/LPSDeluxe2TropicalEnvironment/LPSD2_Meshes/Flora/SM_BananaTree_1.uasset" 3511
"D:/GitHub/CutyKiller/GAME FOLDER/Content/LPSDeluxe2TropicalEnvironment/LPSD2_Meshes/Flora/SM_BananaTree_1.uexp" 3512
"D:/GitHub/CutyKiller/GAME FOLDER/Content/LPSDeluxe2TropicalEnvironment/LPSD2_Materials/Materials/Master_Color_Instances/MI_Metal_Aluminum.uasset" 3513
"D:/GitHub/CutyKiller/GAME FOLDER/Content/LPSDeluxe2TropicalEnvironment/LPSD2_Materials/Materials/Master_Color_Instances/MI_Metal_Aluminum.uexp" 3514
"D:/GitHub/CutyKiller/GAME FOLDER/Content/LPSDeluxe2TropicalEnvironment/LPSD2_Meshes/Beach/SM_TropicalLighthouse_1.ubulk" 3515
"D:/GitHub/CutyKiller/GAME FOLDER/Content/LPSDeluxe2TropicalEnvironment/LPSD2_Meshes/Beach/SM_TropicalLighthouse_1.uasset" 3516
"D:/GitHub/CutyKiller/GAME FOLDER/Content/LPSDeluxe2TropicalEnvironment/LPSD2_Meshes/Beach/SM_TropicalLighthouse_1.uexp" 3517
"D:/GitHub/CutyKiller/GAME FOLDER/Content/LPSDeluxe2TropicalEnvironment/LPSD2_Materials/SpecialMaterials/WaterMaterials/M_WaterFall.uasset" 3518
"D:/GitHub/CutyKiller/GAME FOLDER/Content/LPSDeluxe2TropicalEnvironment/LPSD2_Materials/SpecialMaterials/WaterMaterials/M_WaterFall.uexp" 3519
"D:/GitHub/CutyKiller/GAME FOLDER/Content/LPSDeluxe2TropicalEnvironment/LPSD2_Meshes/Water/SM_TropicWaterFall_1.ubulk" 3520
"D:/GitHub/CutyKiller/GAME FOLDER/Content/LPSDeluxe2TropicalEnvironment/LPSD2_Meshes/Water/SM_TropicWaterFall_1.uasset" 3521
"D:/GitHub/CutyKiller/GAME FOLDER/Content/LPSDeluxe2TropicalEnvironment/LPSD2_Meshes/Water/SM_TropicWaterFall_1.uexp" 3522
"D:/GitHub/CutyKiller/GAME FOLDER/Content/LPSDeluxe2TropicalEnvironment/LPSD2_Materials/Materials/Master_Color_Instances/MI_Glow_Cloud.uasset" 3523
"D:/GitHub/CutyKiller/GAME FOLDER/Content/LPSDeluxe2TropicalEnvironment/LPSD2_Materials/Materials/Master_Color_Instances/MI_Glow_Cloud.uexp" 3524
"D:/GitHub/CutyKiller/GAME FOLDER/Content/LPSDeluxe2TropicalEnvironment/LPSD2_Meshes/Water/SM_TropicCloud_1.ubulk" 3525
"D:/GitHub/CutyKiller/GAME FOLDER/Content/LPSDeluxe2TropicalEnvironment/LPSD2_Meshes/Water/SM_TropicCloud_1.uasset" 3526
"D:/GitHub/CutyKiller/GAME FOLDER/Content/LPSDeluxe2TropicalEnvironment/LPSD2_Meshes/Water/SM_TropicCloud_1.uexp" 3527
"D:/GitHub/CutyKiller/GAME FOLDER/Content/LPSDeluxe2TropicalEnvironment/LPSD2_Meshes/Water/SM_TropicCloud_2.ubulk" 3528
"D:/GitHub/CutyKiller/GAME FOLDER/Content/LPSDeluxe2TropicalEnvironment/LPSD2_Meshes/Water/SM_TropicCloud_2.uasset" 3529
"D:/GitHub/CutyKiller/GAME FOLDER/Content/LPSDeluxe2TropicalEnvironment/LPSD2_Meshes/Water/SM_TropicCloud_2.uexp" 3530
"D:/GitHub/CutyKiller/GAME FOLDER/Content/LPSDeluxe2TropicalEnvironment/LPSD2_Materials/Materials/Master_Color_Instances/MI_Glow_White.uasset" 3531
"D:/GitHub/CutyKiller/GAME FOLDER/Content/LPSDeluxe2TropicalEnvironment/LPSD2_Materials/Materials/Master_Color_Instances/MI_Glow_White.uexp" 3532
"D:/GitHub/CutyKiller/GAME FOLDER/Content/LPSDeluxe2TropicalEnvironment/LPSD2_Meshes/Beach/SM_Buoy_1.ubulk" 3533
"D:/GitHub/CutyKiller/GAME FOLDER/Content/LPSDeluxe2TropicalEnvironment/LPSD2_Meshes/Beach/SM_Buoy_1.uasset" 3534
"D:/GitHub/CutyKiller/GAME FOLDER/Content/LPSDeluxe2TropicalEnvironment/LPSD2_Meshes/Beach/SM_Buoy_1.uexp" 3535
"D:/GitHub/CutyKiller/GAME FOLDER/Content/LPSDeluxe2TropicalEnvironment/LPSD2_Meshes/Treasure/SM_TreasureBar_1.ubulk" 3536
"D:/GitHub/CutyKiller/GAME FOLDER/Content/LPSDeluxe2TropicalEnvironment/LPSD2_Meshes/Treasure/SM_TreasureBar_1.uasset" 3537
"D:/GitHub/CutyKiller/GAME FOLDER/Content/LPSDeluxe2TropicalEnvironment/LPSD2_Meshes/Treasure/SM_TreasureBar_1.uexp" 3538
"D:/GitHub/CutyKiller/GAME FOLDER/Content/LPSDeluxe2TropicalEnvironment/LPSD2_Materials/SpecialMaterials/WaterMaterials/M_WaterSplash.uasset" 3539
"D:/GitHub/CutyKiller/GAME FOLDER/Content/LPSDeluxe2TropicalEnvironment/LPSD2_Materials/SpecialMaterials/WaterMaterials/M_WaterSplash.uexp" 3540
"D:/GitHub/CutyKiller/GAME FOLDER/Content/LPSDeluxe2TropicalEnvironment/LPSD2_Meshes/Water/SM_WaterFallSplash_1.ubulk" 3541
"D:/GitHub/CutyKiller/GAME FOLDER/Content/LPSDeluxe2TropicalEnvironment/LPSD2_Meshes/Water/SM_WaterFallSplash_1.uasset" 3542
"D:/GitHub/CutyKiller/GAME FOLDER/Content/LPSDeluxe2TropicalEnvironment/LPSD2_Meshes/Water/SM_WaterFallSplash_1.uexp" 3543
"D:/GitHub/CutyKiller/GAME FOLDER/Content/LPSDeluxe2TropicalEnvironment/LPSD2_Meshes/Water/SM_WaterFallSplash_2.ubulk" 3544
"D:/GitHub/CutyKiller/GAME FOLDER/Content/LPSDeluxe2TropicalEnvironment/LPSD2_Meshes/Water/SM_WaterFallSplash_2.uasset" 3545
"D:/GitHub/CutyKiller/GAME FOLDER/Content/LPSDeluxe2TropicalEnvironment/LPSD2_Meshes/Water/SM_WaterFallSplash_2.uexp" 3546
"D:/GitHub/CutyKiller/GAME FOLDER/Content/LPSDeluxe2TropicalEnvironment/LPSD2_Meshes/Beach/SM_Seashell_1.ubulk" 3547
"D:/GitHub/CutyKiller/GAME FOLDER/Content/LPSDeluxe2TropicalEnvironment/LPSD2_Meshes/Beach/SM_Seashell_1.uasset" 3548
"D:/GitHub/CutyKiller/GAME FOLDER/Content/LPSDeluxe2TropicalEnvironment/LPSD2_Meshes/Beach/SM_Seashell_1.uexp" 3549
"D:/GitHub/CutyKiller/GAME FOLDER/Content/LPSDeluxe2TropicalEnvironment/LPSD2_Materials/Materials/Master_Color_Instances/MI_Color_BrownGlass.uasset" 3550
"D:/GitHub/CutyKiller/GAME FOLDER/Content/LPSDeluxe2TropicalEnvironment/LPSD2_Materials/Materials/Master_Color_Instances/MI_Color_BrownGlass.uexp" 3551
"D:/GitHub/CutyKiller/GAME FOLDER/Content/LPSDeluxe2TropicalEnvironment/LPSD2_Meshes/Pirate/SM_RumBottle_1.ubulk" 3552
"D:/GitHub/CutyKiller/GAME FOLDER/Content/LPSDeluxe2TropicalEnvironment/LPSD2_Meshes/Pirate/SM_RumBottle_1.uasset" 3553
"D:/GitHub/CutyKiller/GAME FOLDER/Content/LPSDeluxe2TropicalEnvironment/LPSD2_Meshes/Pirate/SM_RumBottle_1.uexp" 3554
"D:/GitHub/CutyKiller/GAME FOLDER/Content/LPSDeluxe2TropicalEnvironment/LPSD2_Materials/Materials/Master_Color_Instances/MI_Gem_Quartz.uasset" 3555
"D:/GitHub/CutyKiller/GAME FOLDER/Content/LPSDeluxe2TropicalEnvironment/LPSD2_Materials/Materials/Master_Color_Instances/MI_Gem_Quartz.uexp" 3556
"D:/GitHub/CutyKiller/GAME FOLDER/Content/LPSDeluxe2TropicalEnvironment/LPSD2_Meshes/Treasure/SM_TreasurePearls_1.ubulk" 3557
"D:/GitHub/CutyKiller/GAME FOLDER/Content/LPSDeluxe2TropicalEnvironment/LPSD2_Meshes/Treasure/SM_TreasurePearls_1.uasset" 3558
"D:/GitHub/CutyKiller/GAME FOLDER/Content/LPSDeluxe2TropicalEnvironment/LPSD2_Meshes/Treasure/SM_TreasurePearls_1.uexp" 3559
"D:/GitHub/CutyKiller/GAME FOLDER/Content/LPSDeluxe2TropicalEnvironment/LPSD2_Meshes/Pirate/SM_JailKeys_1.ubulk" 3560
"D:/GitHub/CutyKiller/GAME FOLDER/Content/LPSDeluxe2TropicalEnvironment/LPSD2_Meshes/Pirate/SM_JailKeys_1.uasset" 3561
"D:/GitHub/CutyKiller/GAME FOLDER/Content/LPSDeluxe2TropicalEnvironment/LPSD2_Meshes/Pirate/SM_JailKeys_1.uexp" 3562
"D:/GitHub/CutyKiller/GAME FOLDER/Content/LPSDeluxe2TropicalEnvironment/LPSD2_Meshes/Mountain/SM_FlatRockClust_1.ubulk" 3563
"D:/GitHub/CutyKiller/GAME FOLDER/Content/LPSDeluxe2TropicalEnvironment/LPSD2_Meshes/Mountain/SM_FlatRockClust_1.uasset" 3564
"D:/GitHub/CutyKiller/GAME FOLDER/Content/LPSDeluxe2TropicalEnvironment/LPSD2_Meshes/Mountain/SM_FlatRockClust_1.uexp" 3565
"D:/GitHub/CutyKiller/GAME FOLDER/Content/LPSDeluxe2TropicalEnvironment/LPSD2_Materials/SpecialMaterials/WindMaterials/MI_Wind_5.uasset" 3566
"D:/GitHub/CutyKiller/GAME FOLDER/Content/LPSDeluxe2TropicalEnvironment/LPSD2_Materials/SpecialMaterials/WindMaterials/MI_Wind_5.uexp" 3567
"D:/GitHub/CutyKiller/GAME FOLDER/Content/LPSDeluxe2TropicalEnvironment/LPSD2_Materials/SpecialMaterials/WindMaterials/MI_Wind_6.uasset" 3568
"D:/GitHub/CutyKiller/GAME FOLDER/Content/LPSDeluxe2TropicalEnvironment/LPSD2_Materials/SpecialMaterials/WindMaterials/MI_Wind_6.uexp" 3569
"D:/GitHub/CutyKiller/GAME FOLDER/Content/LPSDeluxe2TropicalEnvironment/LPSD2_Meshes/Flora/SM_BirdofParadise_1.ubulk" 3570
"D:/GitHub/CutyKiller/GAME FOLDER/Content/LPSDeluxe2TropicalEnvironment/LPSD2_Meshes/Flora/SM_BirdofParadise_1.uasset" 3571
"D:/GitHub/CutyKiller/GAME FOLDER/Content/LPSDeluxe2TropicalEnvironment/LPSD2_Meshes/Flora/SM_BirdofParadise_1.uexp" 3572
"D:/GitHub/CutyKiller/GAME FOLDER/Content/LPSDeluxe2TropicalEnvironment/LPSD2_Meshes/Water/SM_TropicalCloud_3.ubulk" 3573
"D:/GitHub/CutyKiller/GAME FOLDER/Content/LPSDeluxe2TropicalEnvironment/LPSD2_Meshes/Water/SM_TropicalCloud_3.uasset" 3574
"D:/GitHub/CutyKiller/GAME FOLDER/Content/LPSDeluxe2TropicalEnvironment/LPSD2_Meshes/Water/SM_TropicalCloud_3.uexp" 3575
"D:/GitHub/CutyKiller/GAME FOLDER/Content/LPSDeluxe2TropicalEnvironment/LPSD2_Meshes/Pirate/SM_PirateChest_1.ubulk" 3576
"D:/GitHub/CutyKiller/GAME FOLDER/Content/LPSDeluxe2TropicalEnvironment/LPSD2_Meshes/Pirate/SM_PirateChest_1.uasset" 3577
"D:/GitHub/CutyKiller/GAME FOLDER/Content/LPSDeluxe2TropicalEnvironment/LPSD2_Meshes/Pirate/SM_PirateChest_1.uexp" 3578
"D:/GitHub/CutyKiller/GAME FOLDER/Content/LPSDeluxe2TropicalEnvironment/LPSD2_Meshes/Pirate/SM_PirateChest_2.ubulk" 3579
"D:/GitHub/CutyKiller/GAME FOLDER/Content/LPSDeluxe2TropicalEnvironment/LPSD2_Meshes/Pirate/SM_PirateChest_2.uasset" 3580
"D:/GitHub/CutyKiller/GAME FOLDER/Content/LPSDeluxe2TropicalEnvironment/LPSD2_Meshes/Pirate/SM_PirateChest_2.uexp" 3581
"D:/GitHub/CutyKiller/GAME FOLDER/Content/LPSDeluxe2TropicalEnvironment/LPSD2_Meshes/Beach/SM_BeachBall_1.ubulk" 3582
"D:/GitHub/CutyKiller/GAME FOLDER/Content/LPSDeluxe2TropicalEnvironment/LPSD2_Meshes/Beach/SM_BeachBall_1.uasset" 3583
"D:/GitHub/CutyKiller/GAME FOLDER/Content/LPSDeluxe2TropicalEnvironment/LPSD2_Meshes/Beach/SM_BeachBall_1.uexp" 3584
"D:/GitHub/CutyKiller/GAME FOLDER/Content/LPSDeluxe2TropicalEnvironment/LPSD2_Meshes/Beach/SM_SmallBoat_1.ubulk" 3585
"D:/GitHub/CutyKiller/GAME FOLDER/Content/LPSDeluxe2TropicalEnvironment/LPSD2_Meshes/Beach/SM_SmallBoat_1.uasset" 3586
"D:/GitHub/CutyKiller/GAME FOLDER/Content/LPSDeluxe2TropicalEnvironment/LPSD2_Meshes/Beach/SM_SmallBoat_1.uexp" 3587
"D:/GitHub/CutyKiller/GAME FOLDER/Content/LPSDeluxe2TropicalEnvironment/LPSD2_Materials/Materials/Master_Color_Instances/MI_Color_Coral.uasset" 3588
"D:/GitHub/CutyKiller/GAME FOLDER/Content/LPSDeluxe2TropicalEnvironment/LPSD2_Materials/Materials/Master_Color_Instances/MI_Color_Coral.uexp" 3589
"D:/GitHub/CutyKiller/GAME FOLDER/Content/LPSDeluxe2TropicalEnvironment/LPSD2_Meshes/Beach/SM_StarFish_1.ubulk" 3590
"D:/GitHub/CutyKiller/GAME FOLDER/Content/LPSDeluxe2TropicalEnvironment/LPSD2_Meshes/Beach/SM_StarFish_1.uasset" 3591
"D:/GitHub/CutyKiller/GAME FOLDER/Content/LPSDeluxe2TropicalEnvironment/LPSD2_Meshes/Beach/SM_StarFish_1.uexp" 3592
"D:/GitHub/CutyKiller/GAME FOLDER/Content/LPSDeluxe2TropicalEnvironment/LPSD2_Meshes/Pirate/SM_PirateCompass_1.ubulk" 3593
"D:/GitHub/CutyKiller/GAME FOLDER/Content/LPSDeluxe2TropicalEnvironment/LPSD2_Meshes/Pirate/SM_PirateCompass_1.uasset" 3594
"D:/GitHub/CutyKiller/GAME FOLDER/Content/LPSDeluxe2TropicalEnvironment/LPSD2_Meshes/Pirate/SM_PirateCompass_1.uexp" 3595
"D:/GitHub/CutyKiller/GAME FOLDER/Content/LPSDeluxe2TropicalEnvironment/LPSD2_Meshes/Pirate/SM_PirateCompass_2.ubulk" 3596
"D:/GitHub/CutyKiller/GAME FOLDER/Content/LPSDeluxe2TropicalEnvironment/LPSD2_Meshes/Pirate/SM_PirateCompass_2.uasset" 3597
"D:/GitHub/CutyKiller/GAME FOLDER/Content/LPSDeluxe2TropicalEnvironment/LPSD2_Meshes/Pirate/SM_PirateCompass_2.uexp" 3598
"D:/GitHub/CutyKiller/GAME FOLDER/Content/LPSDeluxe2TropicalEnvironment/LPSD2_Meshes/Pirate/SM_PirateSword_1.ubulk" 3599
"D:/GitHub/CutyKiller/GAME FOLDER/Content/LPSDeluxe2TropicalEnvironment/LPSD2_Meshes/Pirate/SM_PirateSword_1.uasset" 3600
"D:/GitHub/CutyKiller/GAME FOLDER/Content/LPSDeluxe2TropicalEnvironment/LPSD2_Meshes/Pirate/SM_PirateSword_1.uexp" 3601
"D:/GitHub/CutyKiller/GAME FOLDER/Content/LPSDeluxe2TropicalEnvironment/ExampleMaps/OverviewMap.uexp" 3602
"D:/GitHub/CutyKiller/GAME FOLDER/Content/LPSDeluxe2TropicalEnvironment/ExampleMaps/OverviewMap.ubulk" 3603
"D:/GitHub/CutyKiller/GAME FOLDER/Content/LPSDeluxe2TropicalEnvironment/ExampleMaps/OverviewMap.umap" 3604
"D:/GitHub/CutyKiller/GAME FOLDER/Content/LPSDeluxe2TropicalEnvironment/ExampleMaps/DemoMap1_sharedassets/LavaRock_LayerInfo.uasset" 3605
"D:/GitHub/CutyKiller/GAME FOLDER/Content/LPSDeluxe2TropicalEnvironment/ExampleMaps/DemoMap1_sharedassets/LavaRock_LayerInfo.uexp" 3606
"D:/GitHub/CutyKiller/GAME FOLDER/Content/LPSDeluxe2TropicalEnvironment/LPSD2_Materials/Materials/Master_Color_Instances/MI_Color_Purple.uasset" 3607
"D:/GitHub/CutyKiller/GAME FOLDER/Content/LPSDeluxe2TropicalEnvironment/LPSD2_Materials/Materials/Master_Color_Instances/MI_Color_Purple.uexp" 3608
"D:/GitHub/CutyKiller/GAME FOLDER/Content/LPSDeluxe2TropicalEnvironment/LPSD2_Meshes/Pirate/SM_ShipBarrel_3.ubulk" 3609
"D:/GitHub/CutyKiller/GAME FOLDER/Content/LPSDeluxe2TropicalEnvironment/LPSD2_Meshes/Pirate/SM_ShipBarrel_3.uasset" 3610
"D:/GitHub/CutyKiller/GAME FOLDER/Content/LPSDeluxe2TropicalEnvironment/LPSD2_Meshes/Pirate/SM_ShipBarrel_3.uexp" 3611
"D:/GitHub/CutyKiller/GAME FOLDER/Content/LPSDeluxe2TropicalEnvironment/LPSD2_Materials/SpecialMaterials/2ToneMaterials/M_Mount_Master.uasset" 3612
"D:/GitHub/CutyKiller/GAME FOLDER/Content/LPSDeluxe2TropicalEnvironment/LPSD2_Materials/SpecialMaterials/2ToneMaterials/M_Mount_Master.uexp" 3613
"D:/GitHub/CutyKiller/GAME FOLDER/Content/LPSDeluxe2TropicalEnvironment/LPSD2_Materials/SpecialMaterials/2ToneMaterials/MI_Mount_CreamOrange.uasset" 3614
"D:/GitHub/CutyKiller/GAME FOLDER/Content/LPSDeluxe2TropicalEnvironment/LPSD2_Materials/SpecialMaterials/2ToneMaterials/MI_Mount_CreamOrange.uexp" 3615
"D:/GitHub/CutyKiller/GAME FOLDER/Content/LPSDeluxe2TropicalEnvironment/ExampleMaps/DemoMap1_sharedassets/Sand_LayerInfo.uasset" 3616
"D:/GitHub/CutyKiller/GAME FOLDER/Content/LPSDeluxe2TropicalEnvironment/ExampleMaps/DemoMap1_sharedassets/Sand_LayerInfo.uexp" 3617
"D:/GitHub/CutyKiller/GAME FOLDER/Content/LPSDeluxe2TropicalEnvironment/ExampleMaps/DemoMap1_sharedassets/Rock_LayerInfo.uasset" 3618
"D:/GitHub/CutyKiller/GAME FOLDER/Content/LPSDeluxe2TropicalEnvironment/ExampleMaps/DemoMap1_sharedassets/Rock_LayerInfo.uexp" 3619
"D:/GitHub/CutyKiller/GAME FOLDER/Content/LPSDeluxe2TropicalEnvironment/ExampleMaps/DemoMap1_sharedassets/Wet_Sand_LayerInfo.uasset" 3620
"D:/GitHub/CutyKiller/GAME FOLDER/Content/LPSDeluxe2TropicalEnvironment/ExampleMaps/DemoMap1_sharedassets/Wet_Sand_LayerInfo.uexp" 3621
"D:/GitHub/CutyKiller/GAME FOLDER/Content/LPSDeluxe2TropicalEnvironment/LPSD2_Materials/Materials/Master_Color_Instances/MI_Color_Pink.uasset" 3622
"D:/GitHub/CutyKiller/GAME FOLDER/Content/LPSDeluxe2TropicalEnvironment/LPSD2_Materials/Materials/Master_Color_Instances/MI_Color_Pink.uexp" 3623
"D:/GitHub/CutyKiller/GAME FOLDER/Content/LPSDeluxe2TropicalEnvironment/LPSD2_Materials/SpecialMaterials/2ToneMaterials/MI_Mount_Purple.uasset" 3624
"D:/GitHub/CutyKiller/GAME FOLDER/Content/LPSDeluxe2TropicalEnvironment/LPSD2_Materials/SpecialMaterials/2ToneMaterials/MI_Mount_Purple.uexp" 3625
"D:/GitHub/CutyKiller/GAME FOLDER/Content/LPSDeluxe2TropicalEnvironment/LPSD2_Materials/Materials/Master_Color_Instances/MI_Color_Lime.uasset" 3626
"D:/GitHub/CutyKiller/GAME FOLDER/Content/LPSDeluxe2TropicalEnvironment/LPSD2_Materials/Materials/Master_Color_Instances/MI_Color_Lime.uexp" 3627
"D:/GitHub/CutyKiller/GAME FOLDER/Content/LPSDeluxe2TropicalEnvironment/LPSD2_Materials/SpecialMaterials/2ToneMaterials/MI_Mount_Red.uasset" 3628
"D:/GitHub/CutyKiller/GAME FOLDER/Content/LPSDeluxe2TropicalEnvironment/LPSD2_Materials/SpecialMaterials/2ToneMaterials/MI_Mount_Red.uexp" 3629
"D:/GitHub/CutyKiller/GAME FOLDER/Content/LPSDeluxe2TropicalEnvironment/LPSD2_Materials/Materials/Master_Color_Instances/MI_Color_Pine.uasset" 3630
"D:/GitHub/CutyKiller/GAME FOLDER/Content/LPSDeluxe2TropicalEnvironment/LPSD2_Materials/Materials/Master_Color_Instances/MI_Color_Pine.uexp" 3631
"D:/GitHub/CutyKiller/GAME FOLDER/Content/LPSDeluxe2TropicalEnvironment/LPSD2_Textures/T_LPSD2_Logo.uasset" 3632
"D:/GitHub/CutyKiller/GAME FOLDER/Content/LPSDeluxe2TropicalEnvironment/LPSD2_Textures/T_LPSD2_Logo.uexp" 3633
"D:/GitHub/CutyKiller/GAME FOLDER/Content/LPSDeluxe2TropicalEnvironment/LPSD2_Materials/SpecialMaterials/MiscMaterials/M_LPSD2_Logo.uasset" 3634
"D:/GitHub/CutyKiller/GAME FOLDER/Content/LPSDeluxe2TropicalEnvironment/LPSD2_Materials/SpecialMaterials/MiscMaterials/M_LPSD2_Logo.uexp" 3635
"D:/GitHub/CutyKiller/GAME FOLDER/Content/LPSDeluxe2TropicalEnvironment/LPSD2_Meshes/Misc/SM_SPlane_1.ubulk" 3636
"D:/GitHub/CutyKiller/GAME FOLDER/Content/LPSDeluxe2TropicalEnvironment/LPSD2_Meshes/Misc/SM_SPlane_1.uasset" 3637
"D:/GitHub/CutyKiller/GAME FOLDER/Content/LPSDeluxe2TropicalEnvironment/LPSD2_Meshes/Misc/SM_SPlane_1.uexp" 3638
"D:/GitHub/CutyKiller/GAME FOLDER/Content/LPSDeluxe2TropicalEnvironment/LPSD2_Materials/SpecialMaterials/2ToneMaterials/MI_Mount_Green.uasset" 3639
"D:/GitHub/CutyKiller/GAME FOLDER/Content/LPSDeluxe2TropicalEnvironment/LPSD2_Materials/SpecialMaterials/2ToneMaterials/MI_Mount_Green.uexp" 3640
"D:/GitHub/CutyKiller/GAME FOLDER/Content/LPSDeluxe2TropicalEnvironment/LPSD2_Materials/SpecialMaterials/2SidedMaterials/MI_2Side_Green.uasset" 3641
"D:/GitHub/CutyKiller/GAME FOLDER/Content/LPSDeluxe2TropicalEnvironment/LPSD2_Materials/SpecialMaterials/2SidedMaterials/MI_2Side_Green.uexp" 3642
"D:/GitHub/CutyKiller/GAME FOLDER/Content/LPSDeluxe2TropicalEnvironment/LPSD2_Materials/SpecialMaterials/2SidedMaterials/MI_2Side_Green_2.uasset" 3643
"D:/GitHub/CutyKiller/GAME FOLDER/Content/LPSDeluxe2TropicalEnvironment/LPSD2_Materials/SpecialMaterials/2SidedMaterials/MI_2Side_Green_2.uexp" 3644
"D:/GitHub/CutyKiller/GAME FOLDER/Content/LPSDeluxe2TropicalEnvironment/LPSD2_Materials/SpecialMaterials/2SidedMaterials/MI_2Side_Green_3.uasset" 3645
"D:/GitHub/CutyKiller/GAME FOLDER/Content/LPSDeluxe2TropicalEnvironment/LPSD2_Materials/SpecialMaterials/2SidedMaterials/MI_2Side_Green_3.uexp" 3646
"D:/GitHub/CutyKiller/GAME FOLDER/Content/LPSDeluxe2TropicalEnvironment/LPSD2_Materials/Materials/Master_Color_Instances/MI_Color_BabyBlue.uasset" 3647
"D:/GitHub/CutyKiller/GAME FOLDER/Content/LPSDeluxe2TropicalEnvironment/LPSD2_Materials/Materials/Master_Color_Instances/MI_Color_BabyBlue.uexp" 3648
"D:/GitHub/CutyKiller/GAME FOLDER/Content/LPSDeluxe2TropicalEnvironment/LPSD2_Materials/SpecialMaterials/MiscMaterials/M_JollyRogerDisplay.uasset" 3649
"D:/GitHub/CutyKiller/GAME FOLDER/Content/LPSDeluxe2TropicalEnvironment/LPSD2_Materials/SpecialMaterials/MiscMaterials/M_JollyRogerDisplay.uexp" 3650
"D:/GitHub/CutyKiller/GAME FOLDER/Content/LPSDeluxe2TropicalEnvironment/LPSD2_Materials/Materials/Master_Color_Instances/MI_Glow_Blue.uasset" 3651
"D:/GitHub/CutyKiller/GAME FOLDER/Content/LPSDeluxe2TropicalEnvironment/LPSD2_Materials/Materials/Master_Color_Instances/MI_Glow_Blue.uexp" 3652
"D:/GitHub/CutyKiller/GAME FOLDER/Content/LPSDeluxe2TropicalEnvironment/LPSD2_Materials/Materials/Master_Color_Instances/MI_Color_Forest.uasset" 3653
"D:/GitHub/CutyKiller/GAME FOLDER/Content/LPSDeluxe2TropicalEnvironment/LPSD2_Materials/Materials/Master_Color_Instances/MI_Color_Forest.uexp" 3654
"D:/GitHub/CutyKiller/GAME FOLDER/Content/LPSDeluxe2TropicalEnvironment/LPSD2_Materials/SpecialMaterials/2ToneMaterials/MI_Mount_Tan.uasset" 3655
"D:/GitHub/CutyKiller/GAME FOLDER/Content/LPSDeluxe2TropicalEnvironment/LPSD2_Materials/SpecialMaterials/2ToneMaterials/MI_Mount_Tan.uexp" 3656
"D:/GitHub/CutyKiller/GAME FOLDER/Content/LPSDeluxe2TropicalEnvironment/LPSD2_Materials/SpecialMaterials/2ToneMaterials/MI_Mount_Gray.uasset" 3657
"D:/GitHub/CutyKiller/GAME FOLDER/Content/LPSDeluxe2TropicalEnvironment/LPSD2_Materials/SpecialMaterials/2ToneMaterials/MI_Mount_Gray.uexp" 3658
"D:/GitHub/CutyKiller/GAME FOLDER/Content/LPSDeluxe2TropicalEnvironment/ExampleMaps/DemoMap1_sharedassets/Dirt_LayerInfo.uasset" 3659
"D:/GitHub/CutyKiller/GAME FOLDER/Content/LPSDeluxe2TropicalEnvironment/ExampleMaps/DemoMap1_sharedassets/Dirt_LayerInfo.uexp" 3660
"D:/GitHub/CutyKiller/GAME FOLDER/Content/LPSDeluxe2TropicalEnvironment/LPSD2_Materials/Materials/Master_Color_Instances/MI_Color_Ocean.uasset" 3661
"D:/GitHub/CutyKiller/GAME FOLDER/Content/LPSDeluxe2TropicalEnvironment/LPSD2_Materials/Materials/Master_Color_Instances/MI_Color_Ocean.uexp" 3662
"D:/GitHub/CutyKiller/GAME FOLDER/Content/LPSDeluxe2TropicalEnvironment/LPSD2_Materials/Materials/Master_Color_Instances/MI_Glow_Lava_2.uasset" 3663
"D:/GitHub/CutyKiller/GAME FOLDER/Content/LPSDeluxe2TropicalEnvironment/LPSD2_Materials/Materials/Master_Color_Instances/MI_Glow_Lava_2.uexp" 3664
"D:/GitHub/CutyKiller/GAME FOLDER/Content/LPSDeluxe2TropicalEnvironment/ExampleMaps/DemoMap_BuiltData.uasset" 3665
"D:/GitHub/CutyKiller/GAME FOLDER/Content/LPSDeluxe2TropicalEnvironment/ExampleMaps/DemoMap_BuiltData.uexp" 3666
"D:/GitHub/CutyKiller/GAME FOLDER/Content/LPSDeluxe2TropicalEnvironment/LPSD2_Materials/Materials/Master_Color_Instances/MI_Gem_LightAmethyst.uasset" 3667
"D:/GitHub/CutyKiller/GAME FOLDER/Content/LPSDeluxe2TropicalEnvironment/LPSD2_Materials/Materials/Master_Color_Instances/MI_Gem_LightAmethyst.uexp" 3668
"D:/GitHub/CutyKiller/GAME FOLDER/Content/LPSDeluxe2TropicalEnvironment/LPSD2_Materials/SpecialMaterials/2ToneMaterials/MI_Mount_Slate.uasset" 3669
"D:/GitHub/CutyKiller/GAME FOLDER/Content/LPSDeluxe2TropicalEnvironment/LPSD2_Materials/SpecialMaterials/2ToneMaterials/MI_Mount_Slate.uexp" 3670
"D:/GitHub/CutyKiller/GAME FOLDER/Content/LPSDeluxe2TropicalEnvironment/LPSD2_Materials/SpecialMaterials/MiscMaterials/M_LavaFlow_2.uasset" 3671
"D:/GitHub/CutyKiller/GAME FOLDER/Content/LPSDeluxe2TropicalEnvironment/LPSD2_Materials/SpecialMaterials/MiscMaterials/M_LavaFlow_2.uexp" 3672
"D:/GitHub/CutyKiller/GAME FOLDER/Content/LPSDeluxe2TropicalEnvironment/LPSD2_Materials/SpecialMaterials/MiscMaterials/M_LavaFlow_3.uasset" 3673
"D:/GitHub/CutyKiller/GAME FOLDER/Content/LPSDeluxe2TropicalEnvironment/LPSD2_Materials/SpecialMaterials/MiscMaterials/M_LavaFlow_3.uexp" 3674
"D:/GitHub/CutyKiller/GAME FOLDER/Content/LPSDeluxe2TropicalEnvironment/LPSD2_Materials/SpecialMaterials/MiscMaterials/M_TreeBreeze_Display.uasset" 3675
"D:/GitHub/CutyKiller/GAME FOLDER/Content/LPSDeluxe2TropicalEnvironment/LPSD2_Materials/SpecialMaterials/MiscMaterials/M_TreeBreeze_Display.uexp" 3676
"D:/GitHub/CutyKiller/GAME FOLDER/Content/LPSDeluxe2TropicalEnvironment/LPSD2_Materials/SpecialMaterials/WaterMaterials/M_Water_Calm.uasset" 3677
"D:/GitHub/CutyKiller/GAME FOLDER/Content/LPSDeluxe2TropicalEnvironment/LPSD2_Materials/SpecialMaterials/WaterMaterials/M_Water_Calm.uexp" 3678
"D:/GitHub/CutyKiller/GAME FOLDER/Content/LPSDeluxe2TropicalEnvironment/ExampleMaps/DemoMap1_sharedassets/Grass_LayerInfo.uasset" 3679
"D:/GitHub/CutyKiller/GAME FOLDER/Content/LPSDeluxe2TropicalEnvironment/ExampleMaps/DemoMap1_sharedassets/Grass_LayerInfo.uexp" 3680
"D:/GitHub/CutyKiller/GAME FOLDER/Content/LPSDeluxe2TropicalEnvironment/LPSD2_Materials/SpecialMaterials/2ToneMaterials/MI_Mount_TropicBlue.uasset" 3681
"D:/GitHub/CutyKiller/GAME FOLDER/Content/LPSDeluxe2TropicalEnvironment/LPSD2_Materials/SpecialMaterials/2ToneMaterials/MI_Mount_TropicBlue.uexp" 3682
"D:/GitHub/CutyKiller/GAME FOLDER/Content/LPSDeluxe2TropicalEnvironment/LPSD2_Materials/Materials/Master_Color_Instances/MI_Color_Green.uasset" 3683
"D:/GitHub/CutyKiller/GAME FOLDER/Content/LPSDeluxe2TropicalEnvironment/LPSD2_Materials/Materials/Master_Color_Instances/MI_Color_Green.uexp" 3684
"D:/GitHub/CutyKiller/GAME FOLDER/Content/LPSDeluxe2TropicalEnvironment/LPSD2_Meshes/Flora/SM_TropicCover_1.ubulk" 3685
"D:/GitHub/CutyKiller/GAME FOLDER/Content/LPSDeluxe2TropicalEnvironment/LPSD2_Meshes/Flora/SM_TropicCover_1.uasset" 3686
"D:/GitHub/CutyKiller/GAME FOLDER/Content/LPSDeluxe2TropicalEnvironment/LPSD2_Meshes/Flora/SM_TropicCover_1.uexp" 3687
"D:/GitHub/CutyKiller/GAME FOLDER/Content/LPSDeluxe2TropicalEnvironment/LPSD2_Materials/SpecialMaterials/2SidedMaterials/MI_2Side_LightBrown_2.uasset" 3688
"D:/GitHub/CutyKiller/GAME FOLDER/Content/LPSDeluxe2TropicalEnvironment/LPSD2_Materials/SpecialMaterials/2SidedMaterials/MI_2Side_LightBrown_2.uexp" 3689
"D:/GitHub/CutyKiller/GAME FOLDER/Content/LPSDeluxe2TropicalEnvironment/ExampleMaps/DemoMap.uexp" 3690
"D:/GitHub/CutyKiller/GAME FOLDER/Content/LPSDeluxe2TropicalEnvironment/ExampleMaps/DemoMap.ubulk" 3691
"D:/GitHub/CutyKiller/GAME FOLDER/Content/LPSDeluxe2TropicalEnvironment/ExampleMaps/DemoMap.umap" 3692
"../../../Engine/Content/Maps/Templates/HLODs/HLODLayer_Instanced.uasset" 3693
"../../../Engine/Content/Maps/Templates/HLODs/HLODLayer_Instanced.uexp" 3694
"D:/GitHub/CutyKiller/GAME FOLDER/Content/Level/ThirdPersonMap2.uexp" 3695
"D:/GitHub/CutyKiller/GAME FOLDER/Content/Level/ThirdPersonMap2.umap" 3696
"D:/GitHub/CutyKiller/GAME FOLDER/Content/Blueprints/MenuGameMode.uasset" 3697
"D:/GitHub/CutyKiller/GAME FOLDER/Content/Blueprints/MenuGameMode.uexp" 3698
"D:/GitHub/CutyKiller/GAME FOLDER/Content/Widget/KeyBind.uasset" 3699
"D:/GitHub/CutyKiller/GAME FOLDER/Content/Widget/KeyBind.uexp" 3700
"D:/GitHub/CutyKiller/GAME FOLDER/Content/Widget/OptionsBP.uasset" 3701
"D:/GitHub/CutyKiller/GAME FOLDER/Content/Widget/OptionsBP.uexp" 3702
"D:/GitHub/CutyKiller/GAME FOLDER/Content/Blueprints/Multiplayer/OnlineSaveGame.uasset" 3703
"D:/GitHub/CutyKiller/GAME FOLDER/Content/Blueprints/Multiplayer/OnlineSaveGame.uexp" 3704
"D:/GitHub/CutyKiller/GAME FOLDER/Content/Blueprints/SavePseudo.uasset" 3705
"D:/GitHub/CutyKiller/GAME FOLDER/Content/Blueprints/SavePseudo.uexp" 3706
"D:/GitHub/CutyKiller/GAME FOLDER/Content/Widget/MenuWidget.uasset" 3707
"D:/GitHub/CutyKiller/GAME FOLDER/Content/Widget/MenuWidget.uexp" 3708
"D:/GitHub/CutyKiller/GAME FOLDER/Content/Level/Menu.uexp" 3709
"D:/GitHub/CutyKiller/GAME FOLDER/Content/Level/Menu.umap" 3710
"D:/GitHub/CutyKiller/GAME FOLDER/Content/Meshes/Cylinder_spline_path.ubulk" 3711
"D:/GitHub/CutyKiller/GAME FOLDER/Content/Meshes/Cylinder_spline_path.uasset" 3712
"D:/GitHub/CutyKiller/GAME FOLDER/Content/Meshes/Cylinder_spline_path.uexp" 3713
"D:/GitHub/CutyKiller/GAME FOLDER/Content/ThirdPerson/Blueprints/BP_ThirdPersonCharacter.uasset" 3714
"D:/GitHub/CutyKiller/GAME FOLDER/Content/ThirdPerson/Blueprints/BP_ThirdPersonCharacter.uexp" 3715
"D:/GitHub/CutyKiller/GAME FOLDER/Content/Blueprints/TEST.uasset" 3716
"D:/GitHub/CutyKiller/GAME FOLDER/Content/Blueprints/TEST.uexp" 3717
"D:/GitHub/CutyKiller/GAME FOLDER/Content/Level/MapSolo.uexp" 3718
"D:/GitHub/CutyKiller/GAME FOLDER/Content/Level/MapSolo.umap" 3719
"D:/GitHub/CutyKiller/GAME FOLDER/Content/Level/MapMulti.uexp" 3720
"D:/GitHub/CutyKiller/GAME FOLDER/Content/Level/MapMulti.umap" 3721
"D:/GitHub/CutyKiller/GAME FOLDER/Content/Blueprints/Multiplayer/PlayerDataStructure.uasset" 3722
"D:/GitHub/CutyKiller/GAME FOLDER/Content/Blueprints/Multiplayer/PlayerDataStructure.uexp" 3723
"D:/GitHub/CutyKiller/GAME FOLDER/Content/Widget/InfosCharacters.uasset" 3724
"D:/GitHub/CutyKiller/GAME FOLDER/Content/Widget/InfosCharacters.uexp" 3725
"D:/GitHub/CutyKiller/GAME FOLDER/Content/DONT_USE/LPSDeluxe2TropicalEnvironment/LPSD2_Materials/Materials/Master_Color_Instances/MI_Metal_Gold.uasset" 3726
"D:/GitHub/CutyKiller/GAME FOLDER/Content/DONT_USE/LPSDeluxe2TropicalEnvironment/LPSD2_Materials/Materials/Master_Color_Instances/MI_Metal_Gold.uexp" 3727
"D:/GitHub/CutyKiller/GAME FOLDER/Content/Blueprints/Managers/WallHackVisionManager.uasset" 3728
"D:/GitHub/CutyKiller/GAME FOLDER/Content/Blueprints/Managers/WallHackVisionManager.uexp" 3729
"D:/GitHub/CutyKiller/GAME FOLDER/Content/Blueprints/TEST_Character/Dog.uasset" 3730
"D:/GitHub/CutyKiller/GAME FOLDER/Content/Blueprints/TEST_Character/Dog.uexp" 3731
"D:/GitHub/CutyKiller/GAME FOLDER/Content/LPSDeluxe2TropicalEnvironment/LPSD2_Materials/Materials/Master_Color_Instances/MI_Green_2.uasset" 3732
"D:/GitHub/CutyKiller/GAME FOLDER/Content/LPSDeluxe2TropicalEnvironment/LPSD2_Materials/Materials/Master_Color_Instances/MI_Green_2.uexp" 3733
"D:/GitHub/CutyKiller/GAME FOLDER/Content/Blueprints/TEST_Character/Reindeer.uasset" 3734
"D:/GitHub/CutyKiller/GAME FOLDER/Content/Blueprints/TEST_Character/Reindeer.uexp" 3735
"D:/GitHub/CutyKiller/GAME FOLDER/Content/Blueprints/Multiplayer/CharacterSelectionData.uasset" 3736
"D:/GitHub/CutyKiller/GAME FOLDER/Content/Blueprints/Multiplayer/CharacterSelectionData.uexp" 3737
"../../../Engine/Content/Functions/Engine_MaterialFunctions01/Density/ExponentialDensity.uasset" 3738
"../../../Engine/Content/Functions/Engine_MaterialFunctions01/Density/ExponentialDensity.uexp" 3739
"../../../Engine/Content/Functions/Engine_MaterialFunctions01/Gradient/RadialGradientExponential.uasset" 3740
"../../../Engine/Content/Functions/Engine_MaterialFunctions01/Gradient/RadialGradientExponential.uexp" 3741
"D:/GitHub/CutyKiller/GAME FOLDER/Content/Materials/NightVisionEvil.uasset" 3742
"D:/GitHub/CutyKiller/GAME FOLDER/Content/Materials/NightVisionEvil.uexp" 3743
"D:/GitHub/CutyKiller/GAME FOLDER/Content/Materials/NightVision.uasset" 3744
"D:/GitHub/CutyKiller/GAME FOLDER/Content/Materials/NightVision.uexp" 3745
"D:/GitHub/CutyKiller/GAME FOLDER/Content/Blueprints/TEST_Character/Cat.uasset" 3746
"D:/GitHub/CutyKiller/GAME FOLDER/Content/Blueprints/TEST_Character/Cat.uexp" 3747
"D:/GitHub/CutyKiller/GAME FOLDER/Content/Blueprints/Multiplayer/CharacterDataTable.uasset" 3748
"D:/GitHub/CutyKiller/GAME FOLDER/Content/Blueprints/Multiplayer/CharacterDataTable.uexp" 3749
"D:/GitHub/CutyKiller/GAME FOLDER/Content/img/m2i8m2Z5G6i8H7b1.uasset" 3750
"D:/GitHub/CutyKiller/GAME FOLDER/Content/img/m2i8m2Z5G6i8H7b1.uexp" 3751
"D:/GitHub/CutyKiller/GAME FOLDER/Content/img/images.uasset" 3752
"D:/GitHub/CutyKiller/GAME FOLDER/Content/img/images.uexp" 3753
"D:/GitHub/CutyKiller/GAME FOLDER/Content/Widget/PlayerCard.uasset" 3754
"D:/GitHub/CutyKiller/GAME FOLDER/Content/Widget/PlayerCard.uexp" 3755
"D:/GitHub/CutyKiller/GAME FOLDER/Content/Widget/LobbyJoinScreen.uasset" 3756
"D:/GitHub/CutyKiller/GAME FOLDER/Content/Widget/LobbyJoinScreen.uexp" 3757
"D:/GitHub/CutyKiller/GAME FOLDER/Content/img/CpyPaste.uasset" 3758
"D:/GitHub/CutyKiller/GAME FOLDER/Content/img/CpyPaste.uexp" 3759
"D:/GitHub/CutyKiller/GAME FOLDER/Content/Blueprints/Multiplayer/MapDataStructure.uasset" 3760
"D:/GitHub/CutyKiller/GAME FOLDER/Content/Blueprints/Multiplayer/MapDataStructure.uexp" 3761
"D:/GitHub/CutyKiller/GAME FOLDER/Content/img/OpenEye.uasset" 3762
"D:/GitHub/CutyKiller/GAME FOLDER/Content/img/OpenEye.uexp" 3763
"D:/GitHub/CutyKiller/GAME FOLDER/Content/Blueprints/Multiplayer/MapDataTable.uasset" 3764
"D:/GitHub/CutyKiller/GAME FOLDER/Content/Blueprints/Multiplayer/MapDataTable.uexp" 3765
"D:/GitHub/CutyKiller/GAME FOLDER/Content/Widget/ConfirmKickWidget.uasset" 3766
"D:/GitHub/CutyKiller/GAME FOLDER/Content/Widget/ConfirmKickWidget.uexp" 3767
"D:/GitHub/CutyKiller/GAME FOLDER/Content/Widget/PlayerCardMenu.uasset" 3768
"D:/GitHub/CutyKiller/GAME FOLDER/Content/Widget/PlayerCardMenu.uexp" 3769
"D:/GitHub/CutyKiller/GAME FOLDER/Content/Widget/LobbyHostScreen.uasset" 3770
"D:/GitHub/CutyKiller/GAME FOLDER/Content/Widget/LobbyHostScreen.uexp" 3771
"D:/GitHub/CutyKiller/GAME FOLDER/Content/Blueprints/Multiplayer/LobbyController.uasset" 3772
"D:/GitHub/CutyKiller/GAME FOLDER/Content/Blueprints/Multiplayer/LobbyController.uexp" 3773
"D:/GitHub/CutyKiller/GAME FOLDER/Content/Blueprints/Multiplayer/LobbyGameMode.uasset" 3774
"D:/GitHub/CutyKiller/GAME FOLDER/Content/Blueprints/Multiplayer/LobbyGameMode.uexp" 3775
"D:/GitHub/CutyKiller/GAME FOLDER/Content/Level/Lobby.uexp" 3776
"D:/GitHub/CutyKiller/GAME FOLDER/Content/Level/Lobby.umap" 3777
"D:/GitHub/CutyKiller/GAME FOLDER/Content/Level/Chamber.uexp" 3778
"D:/GitHub/CutyKiller/GAME FOLDER/Content/Level/Chamber.umap" 3779
"D:/GitHub/CutyKiller/GAME FOLDER/Content/DONT_USE/Weapon_Pack/Textures/Set/Walls/T_Stone_Wall_Normal.ubulk" 3780
"D:/GitHub/CutyKiller/GAME FOLDER/Content/DONT_USE/Weapon_Pack/Textures/Set/Walls/T_Stone_Wall_Normal.uasset" 3781
"D:/GitHub/CutyKiller/GAME FOLDER/Content/DONT_USE/Weapon_Pack/Textures/Set/Walls/T_Stone_Wall_Normal.uexp" 3782
"D:/GitHub/CutyKiller/GAME FOLDER/Content/DONT_USE/Weapon_Pack/Textures/Set/Walls/T_Stone_Wall_OcclusionRoughnessMetallic.ubulk" 3783
"D:/GitHub/CutyKiller/GAME FOLDER/Content/DONT_USE/Weapon_Pack/Textures/Set/Walls/T_Stone_Wall_OcclusionRoughnessMetallic.uasset" 3784
"D:/GitHub/CutyKiller/GAME FOLDER/Content/DONT_USE/Weapon_Pack/Textures/Set/Walls/T_Stone_Wall_OcclusionRoughnessMetallic.uexp" 3785
"D:/GitHub/CutyKiller/GAME FOLDER/Content/DONT_USE/Weapon_Pack/Textures/Set/Walls/T_Stone_Wall_BaseColor.ubulk" 3786
"D:/GitHub/CutyKiller/GAME FOLDER/Content/DONT_USE/Weapon_Pack/Textures/Set/Walls/T_Stone_Wall_BaseColor.uasset" 3787
"D:/GitHub/CutyKiller/GAME FOLDER/Content/DONT_USE/Weapon_Pack/Textures/Set/Walls/T_Stone_Wall_BaseColor.uexp" 3788
"D:/GitHub/CutyKiller/GAME FOLDER/Content/DONT_USE/Weapon_Pack/Materials/Set/M_Stone_Wall.uasset" 3789
"D:/GitHub/CutyKiller/GAME FOLDER/Content/DONT_USE/Weapon_Pack/Materials/Set/M_Stone_Wall.uexp" 3790
"D:/GitHub/CutyKiller/GAME FOLDER/Content/DONT_USE/Weapon_Pack/Mesh/Set/SM_Wall.ubulk" 3791
"D:/GitHub/CutyKiller/GAME FOLDER/Content/DONT_USE/Weapon_Pack/Mesh/Set/SM_Wall.uasset" 3792
"D:/GitHub/CutyKiller/GAME FOLDER/Content/DONT_USE/Weapon_Pack/Mesh/Set/SM_Wall.uexp" 3793
"D:/GitHub/CutyKiller/GAME FOLDER/Content/DONT_USE/Weapon_Pack/Textures/Set/T_Floor_Normal.ubulk" 3794
"D:/GitHub/CutyKiller/GAME FOLDER/Content/DONT_USE/Weapon_Pack/Textures/Set/T_Floor_Normal.uasset" 3795
"D:/GitHub/CutyKiller/GAME FOLDER/Content/DONT_USE/Weapon_Pack/Textures/Set/T_Floor_Normal.uexp" 3796
"D:/GitHub/CutyKiller/GAME FOLDER/Content/DONT_USE/Weapon_Pack/Textures/Set/T_Floor_BaseColor.ubulk" 3797
"D:/GitHub/CutyKiller/GAME FOLDER/Content/DONT_USE/Weapon_Pack/Textures/Set/T_Floor_BaseColor.uasset" 3798
"D:/GitHub/CutyKiller/GAME FOLDER/Content/DONT_USE/Weapon_Pack/Textures/Set/T_Floor_BaseColor.uexp" 3799
"D:/GitHub/CutyKiller/GAME FOLDER/Content/DONT_USE/Weapon_Pack/Textures/Set/T_Floor_OcclusionRoughnessMetallic.ubulk" 3800
"D:/GitHub/CutyKiller/GAME FOLDER/Content/DONT_USE/Weapon_Pack/Textures/Set/T_Floor_OcclusionRoughnessMetallic.uasset" 3801
"D:/GitHub/CutyKiller/GAME FOLDER/Content/DONT_USE/Weapon_Pack/Textures/Set/T_Floor_OcclusionRoughnessMetallic.uexp" 3802
"D:/GitHub/CutyKiller/GAME FOLDER/Content/DONT_USE/Weapon_Pack/Materials/Set/M_Floor.uasset" 3803
"D:/GitHub/CutyKiller/GAME FOLDER/Content/DONT_USE/Weapon_Pack/Materials/Set/M_Floor.uexp" 3804
"D:/GitHub/CutyKiller/GAME FOLDER/Content/DONT_USE/Weapon_Pack/Mesh/Set/SM_Floor.ubulk" 3805
"D:/GitHub/CutyKiller/GAME FOLDER/Content/DONT_USE/Weapon_Pack/Mesh/Set/SM_Floor.uasset" 3806
"D:/GitHub/CutyKiller/GAME FOLDER/Content/DONT_USE/Weapon_Pack/Mesh/Set/SM_Floor.uexp" 3807
"D:/GitHub/CutyKiller/GAME FOLDER/Content/DONT_USE/Weapon_Pack/Textures/Props/Interior/T_Props1_BaseColor.ubulk" 3808
"D:/GitHub/CutyKiller/GAME FOLDER/Content/DONT_USE/Weapon_Pack/Textures/Props/Interior/T_Props1_BaseColor.uasset" 3809
"D:/GitHub/CutyKiller/GAME FOLDER/Content/DONT_USE/Weapon_Pack/Textures/Props/Interior/T_Props1_BaseColor.uexp" 3810
"D:/GitHub/CutyKiller/GAME FOLDER/Content/DONT_USE/Weapon_Pack/Textures/Props/Interior/T_Props1_Normal.ubulk" 3811
"D:/GitHub/CutyKiller/GAME FOLDER/Content/DONT_USE/Weapon_Pack/Textures/Props/Interior/T_Props1_Normal.uasset" 3812
"D:/GitHub/CutyKiller/GAME FOLDER/Content/DONT_USE/Weapon_Pack/Textures/Props/Interior/T_Props1_Normal.uexp" 3813
"D:/GitHub/CutyKiller/GAME FOLDER/Content/DONT_USE/Weapon_Pack/Textures/Props/Interior/T_Props1_OcclusionRoughnessMetallic.ubulk" 3814
"D:/GitHub/CutyKiller/GAME FOLDER/Content/DONT_USE/Weapon_Pack/Textures/Props/Interior/T_Props1_OcclusionRoughnessMetallic.uasset" 3815
"D:/GitHub/CutyKiller/GAME FOLDER/Content/DONT_USE/Weapon_Pack/Textures/Props/Interior/T_Props1_OcclusionRoughnessMetallic.uexp" 3816
"D:/GitHub/CutyKiller/GAME FOLDER/Content/DONT_USE/Weapon_Pack/Materials/Props/Interior/M_Props1.uasset" 3817
"D:/GitHub/CutyKiller/GAME FOLDER/Content/DONT_USE/Weapon_Pack/Materials/Props/Interior/M_Props1.uexp" 3818
"D:/GitHub/CutyKiller/GAME FOLDER/Content/DONT_USE/Weapon_Pack/Mesh/Props/Interior/SM_Wall_Torch1.ubulk" 3819
"D:/GitHub/CutyKiller/GAME FOLDER/Content/DONT_USE/Weapon_Pack/Mesh/Props/Interior/SM_Wall_Torch1.uasset" 3820
"D:/GitHub/CutyKiller/GAME FOLDER/Content/DONT_USE/Weapon_Pack/Mesh/Props/Interior/SM_Wall_Torch1.uexp" 3821
"D:/GitHub/CutyKiller/GAME FOLDER/Content/DONT_USE/Weapon_Pack/Mesh/Props/Interior/SM_Fire_Bowl.ubulk" 3822
"D:/GitHub/CutyKiller/GAME FOLDER/Content/DONT_USE/Weapon_Pack/Mesh/Props/Interior/SM_Fire_Bowl.uasset" 3823
"D:/GitHub/CutyKiller/GAME FOLDER/Content/DONT_USE/Weapon_Pack/Mesh/Props/Interior/SM_Fire_Bowl.uexp" 3824
"D:/GitHub/CutyKiller/GAME FOLDER/Content/DONT_USE/Weapon_Pack/Mesh/Weapons/Weapons_Kit/SM_Sickle.ubulk" 3825
"D:/GitHub/CutyKiller/GAME FOLDER/Content/DONT_USE/Weapon_Pack/Mesh/Weapons/Weapons_Kit/SM_Sickle.uasset" 3826
"D:/GitHub/CutyKiller/GAME FOLDER/Content/DONT_USE/Weapon_Pack/Mesh/Weapons/Weapons_Kit/SM_Sickle.uexp" 3827
"D:/GitHub/CutyKiller/GAME FOLDER/Content/DONT_USE/Weapon_Pack/Mesh/Weapons/Weapons_Kit/SM_GreatAxe.ubulk" 3828
"D:/GitHub/CutyKiller/GAME FOLDER/Content/DONT_USE/Weapon_Pack/Mesh/Weapons/Weapons_Kit/SM_GreatAxe.uasset" 3829
"D:/GitHub/CutyKiller/GAME FOLDER/Content/DONT_USE/Weapon_Pack/Mesh/Weapons/Weapons_Kit/SM_GreatAxe.uexp" 3830
"D:/GitHub/CutyKiller/GAME FOLDER/Content/DONT_USE/Weapon_Pack/Textures/Set/Stain_Glass/StainGlass_Normal_DirectX.ubulk" 3831
"D:/GitHub/CutyKiller/GAME FOLDER/Content/DONT_USE/Weapon_Pack/Textures/Set/Stain_Glass/StainGlass_Normal_DirectX.uasset" 3832
"D:/GitHub/CutyKiller/GAME FOLDER/Content/DONT_USE/Weapon_Pack/Textures/Set/Stain_Glass/StainGlass_Normal_DirectX.uexp" 3833
"D:/GitHub/CutyKiller/GAME FOLDER/Content/DONT_USE/Weapon_Pack/Textures/Set/Stain_Glass/StainGlass_Base_Color.ubulk" 3834
"D:/GitHub/CutyKiller/GAME FOLDER/Content/DONT_USE/Weapon_Pack/Textures/Set/Stain_Glass/StainGlass_Base_Color.uasset" 3835
"D:/GitHub/CutyKiller/GAME FOLDER/Content/DONT_USE/Weapon_Pack/Textures/Set/Stain_Glass/StainGlass_Base_Color.uexp" 3836
"D:/GitHub/CutyKiller/GAME FOLDER/Content/DONT_USE/Weapon_Pack/Textures/Set/Stain_Glass/StainGlass_Opacity.ubulk" 3837
"D:/GitHub/CutyKiller/GAME FOLDER/Content/DONT_USE/Weapon_Pack/Textures/Set/Stain_Glass/StainGlass_Opacity.uasset" 3838
"D:/GitHub/CutyKiller/GAME FOLDER/Content/DONT_USE/Weapon_Pack/Textures/Set/Stain_Glass/StainGlass_Opacity.uexp" 3839
"D:/GitHub/CutyKiller/GAME FOLDER/Content/DONT_USE/Weapon_Pack/Textures/Set/Stain_Glass/StainGlass_Metallic.ubulk" 3840
"D:/GitHub/CutyKiller/GAME FOLDER/Content/DONT_USE/Weapon_Pack/Textures/Set/Stain_Glass/StainGlass_Metallic.uasset" 3841
"D:/GitHub/CutyKiller/GAME FOLDER/Content/DONT_USE/Weapon_Pack/Textures/Set/Stain_Glass/StainGlass_Metallic.uexp" 3842
"D:/GitHub/CutyKiller/GAME FOLDER/Content/DONT_USE/Weapon_Pack/Textures/Set/Stain_Glass/StainGlass_Roughness.ubulk" 3843
"D:/GitHub/CutyKiller/GAME FOLDER/Content/DONT_USE/Weapon_Pack/Textures/Set/Stain_Glass/StainGlass_Roughness.uasset" 3844
"D:/GitHub/CutyKiller/GAME FOLDER/Content/DONT_USE/Weapon_Pack/Textures/Set/Stain_Glass/StainGlass_Roughness.uexp" 3845
"D:/GitHub/CutyKiller/GAME FOLDER/Content/DONT_USE/Weapon_Pack/Materials/M_Stained_Glass.uasset" 3846
"D:/GitHub/CutyKiller/GAME FOLDER/Content/DONT_USE/Weapon_Pack/Materials/M_Stained_Glass.uexp" 3847
"D:/GitHub/CutyKiller/GAME FOLDER/Content/DONT_USE/Weapon_Pack/Mesh/Weapons/Weapons_Kit/SM_Mace.ubulk" 3848
"D:/GitHub/CutyKiller/GAME FOLDER/Content/DONT_USE/Weapon_Pack/Mesh/Weapons/Weapons_Kit/SM_Mace.uasset" 3849
"D:/GitHub/CutyKiller/GAME FOLDER/Content/DONT_USE/Weapon_Pack/Mesh/Weapons/Weapons_Kit/SM_Mace.uexp" 3850
"D:/GitHub/CutyKiller/GAME FOLDER/Content/DONT_USE/Weapon_Pack/Mesh/Props/Interior/SM_Banner_Rod1.ubulk" 3851
"D:/GitHub/CutyKiller/GAME FOLDER/Content/DONT_USE/Weapon_Pack/Mesh/Props/Interior/SM_Banner_Rod1.uasset" 3852
"D:/GitHub/CutyKiller/GAME FOLDER/Content/DONT_USE/Weapon_Pack/Mesh/Props/Interior/SM_Banner_Rod1.uexp" 3853
"D:/GitHub/CutyKiller/GAME FOLDER/Content/DONT_USE/Weapon_Pack/Textures/Noise/TilingNoise02.ubulk" 3854
"D:/GitHub/CutyKiller/GAME FOLDER/Content/DONT_USE/Weapon_Pack/Textures/Noise/TilingNoise02.uasset" 3855
"D:/GitHub/CutyKiller/GAME FOLDER/Content/DONT_USE/Weapon_Pack/Textures/Noise/TilingNoise02.uexp" 3856
"D:/GitHub/CutyKiller/GAME FOLDER/Content/DONT_USE/Weapon_Pack/Blueprints/Lightshaft/Lightshaft/T_GodRay_Mask01.ubulk" 3857
"D:/GitHub/CutyKiller/GAME FOLDER/Content/DONT_USE/Weapon_Pack/Blueprints/Lightshaft/Lightshaft/T_GodRay_Mask01.uasset" 3858
"D:/GitHub/CutyKiller/GAME FOLDER/Content/DONT_USE/Weapon_Pack/Blueprints/Lightshaft/Lightshaft/T_GodRay_Mask01.uexp" 3859
"D:/GitHub/CutyKiller/GAME FOLDER/Content/DONT_USE/Weapon_Pack/Blueprints/Lightshaft/Lightshaft/M_GodRay.uasset" 3860
"D:/GitHub/CutyKiller/GAME FOLDER/Content/DONT_USE/Weapon_Pack/Blueprints/Lightshaft/Lightshaft/M_GodRay.uexp" 3861
"D:/GitHub/CutyKiller/GAME FOLDER/Content/DONT_USE/Weapon_Pack/Blueprints/Lightshaft/Lightshaft/M_GodRay_Inst_Animated.uasset" 3862
"D:/GitHub/CutyKiller/GAME FOLDER/Content/DONT_USE/Weapon_Pack/Blueprints/Lightshaft/Lightshaft/M_GodRay_Inst_Animated.uexp" 3863
"D:/GitHub/CutyKiller/GAME FOLDER/Content/DONT_USE/Weapon_Pack/Blueprints/Lightshaft/Lightshaft/SM_GodRay_Plane.ubulk" 3864
"D:/GitHub/CutyKiller/GAME FOLDER/Content/DONT_USE/Weapon_Pack/Blueprints/Lightshaft/Lightshaft/SM_GodRay_Plane.uasset" 3865
"D:/GitHub/CutyKiller/GAME FOLDER/Content/DONT_USE/Weapon_Pack/Blueprints/Lightshaft/Lightshaft/SM_GodRay_Plane.uexp" 3866
"D:/GitHub/CutyKiller/GAME FOLDER/Content/DONT_USE/Weapon_Pack/Blueprints/Lightshaft/Lightshaft/T_GodRay_Mask02.ubulk" 3867
"D:/GitHub/CutyKiller/GAME FOLDER/Content/DONT_USE/Weapon_Pack/Blueprints/Lightshaft/Lightshaft/T_GodRay_Mask02.uasset" 3868
"D:/GitHub/CutyKiller/GAME FOLDER/Content/DONT_USE/Weapon_Pack/Blueprints/Lightshaft/Lightshaft/T_GodRay_Mask02.uexp" 3869
"D:/GitHub/CutyKiller/GAME FOLDER/Content/DONT_USE/Weapon_Pack/Blueprints/Lightshaft/BP_GodRay.uasset" 3870
"D:/GitHub/CutyKiller/GAME FOLDER/Content/DONT_USE/Weapon_Pack/Blueprints/Lightshaft/BP_GodRay.uexp" 3871
"D:/GitHub/CutyKiller/GAME FOLDER/Content/DONT_USE/Weapon_Pack/Textures/Props/Interior/T_Props2_OcclusionRoughnessMetallic.ubulk" 3872
"D:/GitHub/CutyKiller/GAME FOLDER/Content/DONT_USE/Weapon_Pack/Textures/Props/Interior/T_Props2_OcclusionRoughnessMetallic.uasset" 3873
"D:/GitHub/CutyKiller/GAME FOLDER/Content/DONT_USE/Weapon_Pack/Textures/Props/Interior/T_Props2_OcclusionRoughnessMetallic.uexp" 3874
"D:/GitHub/CutyKiller/GAME FOLDER/Content/DONT_USE/Weapon_Pack/Textures/Props/Interior/T_Props2_BaseColor.ubulk" 3875
"D:/GitHub/CutyKiller/GAME FOLDER/Content/DONT_USE/Weapon_Pack/Textures/Props/Interior/T_Props2_BaseColor.uasset" 3876
"D:/GitHub/CutyKiller/GAME FOLDER/Content/DONT_USE/Weapon_Pack/Textures/Props/Interior/T_Props2_BaseColor.uexp" 3877
"D:/GitHub/CutyKiller/GAME FOLDER/Content/DONT_USE/Weapon_Pack/Textures/Props/Interior/T_Props2_Normal.ubulk" 3878
"D:/GitHub/CutyKiller/GAME FOLDER/Content/DONT_USE/Weapon_Pack/Textures/Props/Interior/T_Props2_Normal.uasset" 3879
"D:/GitHub/CutyKiller/GAME FOLDER/Content/DONT_USE/Weapon_Pack/Textures/Props/Interior/T_Props2_Normal.uexp" 3880
"D:/GitHub/CutyKiller/GAME FOLDER/Content/DONT_USE/Weapon_Pack/Materials/Props/Interior/M_Props2.uasset" 3881
"D:/GitHub/CutyKiller/GAME FOLDER/Content/DONT_USE/Weapon_Pack/Materials/Props/Interior/M_Props2.uexp" 3882
"D:/GitHub/CutyKiller/GAME FOLDER/Content/DONT_USE/Weapon_Pack/Mesh/Props/Interior/SM_Weapon_WallMount.ubulk" 3883
"D:/GitHub/CutyKiller/GAME FOLDER/Content/DONT_USE/Weapon_Pack/Mesh/Props/Interior/SM_Weapon_WallMount.uasset" 3884
"D:/GitHub/CutyKiller/GAME FOLDER/Content/DONT_USE/Weapon_Pack/Mesh/Props/Interior/SM_Weapon_WallMount.uexp" 3885
"D:/GitHub/CutyKiller/GAME FOLDER/Content/DONT_USE/Weapon_Pack/Textures/Set/Walls/T_Window_Trim_Normal.ubulk" 3886
"D:/GitHub/CutyKiller/GAME FOLDER/Content/DONT_USE/Weapon_Pack/Textures/Set/Walls/T_Window_Trim_Normal.uasset" 3887
"D:/GitHub/CutyKiller/GAME FOLDER/Content/DONT_USE/Weapon_Pack/Textures/Set/Walls/T_Window_Trim_Normal.uexp" 3888
"D:/GitHub/CutyKiller/GAME FOLDER/Content/DONT_USE/Weapon_Pack/Textures/Set/Walls/T_Window_Trim_OcclusionRoughnessMetallic.ubulk" 3889
"D:/GitHub/CutyKiller/GAME FOLDER/Content/DONT_USE/Weapon_Pack/Textures/Set/Walls/T_Window_Trim_OcclusionRoughnessMetallic.uasset" 3890
"D:/GitHub/CutyKiller/GAME FOLDER/Content/DONT_USE/Weapon_Pack/Textures/Set/Walls/T_Window_Trim_OcclusionRoughnessMetallic.uexp" 3891
"D:/GitHub/CutyKiller/GAME FOLDER/Content/DONT_USE/Weapon_Pack/Textures/Set/Walls/T_Window_Trim_BaseColor.ubulk" 3892
"D:/GitHub/CutyKiller/GAME FOLDER/Content/DONT_USE/Weapon_Pack/Textures/Set/Walls/T_Window_Trim_BaseColor.uasset" 3893
"D:/GitHub/CutyKiller/GAME FOLDER/Content/DONT_USE/Weapon_Pack/Textures/Set/Walls/T_Window_Trim_BaseColor.uexp" 3894
"D:/GitHub/CutyKiller/GAME FOLDER/Content/DONT_USE/Weapon_Pack/Materials/Set/M_Wall_Window_Frame1.uasset" 3895
"D:/GitHub/CutyKiller/GAME FOLDER/Content/DONT_USE/Weapon_Pack/Materials/Set/M_Wall_Window_Frame1.uexp" 3896
"D:/GitHub/CutyKiller/GAME FOLDER/Content/DONT_USE/Weapon_Pack/Textures/Props/Interior/T_Banners_Normal.ubulk" 3897
"D:/GitHub/CutyKiller/GAME FOLDER/Content/DONT_USE/Weapon_Pack/Textures/Props/Interior/T_Banners_Normal.uasset" 3898
"D:/GitHub/CutyKiller/GAME FOLDER/Content/DONT_USE/Weapon_Pack/Textures/Props/Interior/T_Banners_Normal.uexp" 3899
"D:/GitHub/CutyKiller/GAME FOLDER/Content/DONT_USE/Weapon_Pack/Textures/Props/Interior/T_Banner_BaseColor.ubulk" 3900
"D:/GitHub/CutyKiller/GAME FOLDER/Content/DONT_USE/Weapon_Pack/Textures/Props/Interior/T_Banner_BaseColor.uasset" 3901
"D:/GitHub/CutyKiller/GAME FOLDER/Content/DONT_USE/Weapon_Pack/Textures/Props/Interior/T_Banner_BaseColor.uexp" 3902
"D:/GitHub/CutyKiller/GAME FOLDER/Content/DONT_USE/Weapon_Pack/Textures/Props/Interior/T_Banner_Normal.ubulk" 3903
"D:/GitHub/CutyKiller/GAME FOLDER/Content/DONT_USE/Weapon_Pack/Textures/Props/Interior/T_Banner_Normal.uasset" 3904
"D:/GitHub/CutyKiller/GAME FOLDER/Content/DONT_USE/Weapon_Pack/Textures/Props/Interior/T_Banner_Normal.uexp" 3905
"D:/GitHub/CutyKiller/GAME FOLDER/Content/DONT_USE/Weapon_Pack/Textures/Props/Interior/T_Banners_OcclusionRoughnessMetallic.ubulk" 3906
"D:/GitHub/CutyKiller/GAME FOLDER/Content/DONT_USE/Weapon_Pack/Textures/Props/Interior/T_Banners_OcclusionRoughnessMetallic.uasset" 3907
"D:/GitHub/CutyKiller/GAME FOLDER/Content/DONT_USE/Weapon_Pack/Textures/Props/Interior/T_Banners_OcclusionRoughnessMetallic.uexp" 3908
"D:/GitHub/CutyKiller/GAME FOLDER/Content/DONT_USE/Weapon_Pack/Materials/Props/Interior/M_Banners.uasset" 3909
"D:/GitHub/CutyKiller/GAME FOLDER/Content/DONT_USE/Weapon_Pack/Materials/Props/Interior/M_Banners.uexp" 3910
"D:/GitHub/CutyKiller/GAME FOLDER/Content/DONT_USE/Weapon_Pack/Mesh/Props/Interior/SM_Banner_1.ubulk" 3911
"D:/GitHub/CutyKiller/GAME FOLDER/Content/DONT_USE/Weapon_Pack/Mesh/Props/Interior/SM_Banner_1.uasset" 3912
"D:/GitHub/CutyKiller/GAME FOLDER/Content/DONT_USE/Weapon_Pack/Mesh/Props/Interior/SM_Banner_1.uexp" 3913
"D:/GitHub/CutyKiller/GAME FOLDER/Content/DONT_USE/Weapon_Pack/Effects/Textures/Noise/T_TilingNoise12.ubulk" 3914
"D:/GitHub/CutyKiller/GAME FOLDER/Content/DONT_USE/Weapon_Pack/Effects/Textures/Noise/T_TilingNoise12.uasset" 3915
"D:/GitHub/CutyKiller/GAME FOLDER/Content/DONT_USE/Weapon_Pack/Effects/Textures/Noise/T_TilingNoise12.uexp" 3916
"D:/GitHub/CutyKiller/GAME FOLDER/Content/DONT_USE/Weapon_Pack/Effects/Textures/Snow/T_Snow01_Packed.ubulk" 3917
"D:/GitHub/CutyKiller/GAME FOLDER/Content/DONT_USE/Weapon_Pack/Effects/Textures/Snow/T_Snow01_Packed.uasset" 3918
"D:/GitHub/CutyKiller/GAME FOLDER/Content/DONT_USE/Weapon_Pack/Effects/Textures/Snow/T_Snow01_Packed.uexp" 3919
"D:/GitHub/CutyKiller/GAME FOLDER/Content/DONT_USE/Weapon_Pack/Effects/Materials/Sparks/M_Spark_VelocityLerp.uasset" 3920
"D:/GitHub/CutyKiller/GAME FOLDER/Content/DONT_USE/Weapon_Pack/Effects/Materials/Sparks/M_Spark_VelocityLerp.uexp" 3921
"D:/GitHub/CutyKiller/GAME FOLDER/Content/DONT_USE/Weapon_Pack/Effects/Textures/Noise/T_TilingNoise03.ubulk" 3922
"D:/GitHub/CutyKiller/GAME FOLDER/Content/DONT_USE/Weapon_Pack/Effects/Textures/Noise/T_TilingNoise03.uasset" 3923
"D:/GitHub/CutyKiller/GAME FOLDER/Content/DONT_USE/Weapon_Pack/Effects/Textures/Noise/T_TilingNoise03.uexp" 3924
"D:/GitHub/CutyKiller/GAME FOLDER/Content/DONT_USE/Weapon_Pack/Effects/Textures/Noise/T_HeatTile3_N.ubulk" 3925
"D:/GitHub/CutyKiller/GAME FOLDER/Content/DONT_USE/Weapon_Pack/Effects/Textures/Noise/T_HeatTile3_N.uasset" 3926
"D:/GitHub/CutyKiller/GAME FOLDER/Content/DONT_USE/Weapon_Pack/Effects/Textures/Noise/T_HeatTile3_N.uexp" 3927
"D:/GitHub/CutyKiller/GAME FOLDER/Content/DONT_USE/Weapon_Pack/Effects/Materials/Fire/M_HeatDistort.uasset" 3928
"D:/GitHub/CutyKiller/GAME FOLDER/Content/DONT_USE/Weapon_Pack/Effects/Materials/Fire/M_HeatDistort.uexp" 3929
"D:/GitHub/CutyKiller/GAME FOLDER/Content/DONT_USE/Weapon_Pack/Effects/Textures/Fire/T_FireSubUV_11X11_32.ubulk" 3930
"D:/GitHub/CutyKiller/GAME FOLDER/Content/DONT_USE/Weapon_Pack/Effects/Textures/Fire/T_FireSubUV_11X11_32.uasset" 3931
"D:/GitHub/CutyKiller/GAME FOLDER/Content/DONT_USE/Weapon_Pack/Effects/Textures/Fire/T_FireSubUV_11X11_32.uexp" 3932
"D:/GitHub/CutyKiller/GAME FOLDER/Content/DONT_USE/Weapon_Pack/Effects/Textures/Noise/T_TilingNoise16.ubulk" 3933
"D:/GitHub/CutyKiller/GAME FOLDER/Content/DONT_USE/Weapon_Pack/Effects/Textures/Noise/T_TilingNoise16.uasset" 3934
"D:/GitHub/CutyKiller/GAME FOLDER/Content/DONT_USE/Weapon_Pack/Effects/Textures/Noise/T_TilingNoise16.uexp" 3935
"D:/GitHub/CutyKiller/GAME FOLDER/Content/DONT_USE/Weapon_Pack/Effects/Materials/Fire/M_Fire_SubUV_11X11_Noise.uasset" 3936
"D:/GitHub/CutyKiller/GAME FOLDER/Content/DONT_USE/Weapon_Pack/Effects/Materials/Fire/M_Fire_SubUV_11X11_Noise.uexp" 3937
"D:/GitHub/CutyKiller/GAME FOLDER/Content/DONT_USE/Weapon_Pack/Effects/Textures/Flares/T_FlareRound_Noise.ubulk" 3938
"D:/GitHub/CutyKiller/GAME FOLDER/Content/DONT_USE/Weapon_Pack/Effects/Textures/Flares/T_FlareRound_Noise.uasset" 3939
"D:/GitHub/CutyKiller/GAME FOLDER/Content/DONT_USE/Weapon_Pack/Effects/Textures/Flares/T_FlareRound_Noise.uexp" 3940
"D:/GitHub/CutyKiller/GAME FOLDER/Content/DONT_USE/Weapon_Pack/Effects/Materials/Flares/M_FlareRound.uasset" 3941
"D:/GitHub/CutyKiller/GAME FOLDER/Content/DONT_USE/Weapon_Pack/Effects/Materials/Flares/M_FlareRound.uexp" 3942
"D:/GitHub/CutyKiller/GAME FOLDER/Content/DONT_USE/Weapon_Pack/Effects/VectorFields/VF_RandomNoise_01_90.uasset" 3943
"D:/GitHub/CutyKiller/GAME FOLDER/Content/DONT_USE/Weapon_Pack/Effects/VectorFields/VF_RandomNoise_01_90.uexp" 3944
"D:/GitHub/CutyKiller/GAME FOLDER/Content/DONT_USE/Weapon_Pack/Effects/Particles/Fire/P_TorchFire.uasset" 3945
"D:/GitHub/CutyKiller/GAME FOLDER/Content/DONT_USE/Weapon_Pack/Effects/Particles/Fire/P_TorchFire.uexp" 3946
"D:/GitHub/CutyKiller/GAME FOLDER/Content/DONT_USE/Weapon_Pack/Textures/Set/Walls/T_Window_Trim2_BaseColor.ubulk" 3947
"D:/GitHub/CutyKiller/GAME FOLDER/Content/DONT_USE/Weapon_Pack/Textures/Set/Walls/T_Window_Trim2_BaseColor.uasset" 3948
"D:/GitHub/CutyKiller/GAME FOLDER/Content/DONT_USE/Weapon_Pack/Textures/Set/Walls/T_Window_Trim2_BaseColor.uexp" 3949
"D:/GitHub/CutyKiller/GAME FOLDER/Content/DONT_USE/Weapon_Pack/Textures/Set/Walls/T_Window_Trim2_Normal.ubulk" 3950
"D:/GitHub/CutyKiller/GAME FOLDER/Content/DONT_USE/Weapon_Pack/Textures/Set/Walls/T_Window_Trim2_Normal.uasset" 3951
"D:/GitHub/CutyKiller/GAME FOLDER/Content/DONT_USE/Weapon_Pack/Textures/Set/Walls/T_Window_Trim2_Normal.uexp" 3952
"D:/GitHub/CutyKiller/GAME FOLDER/Content/DONT_USE/Weapon_Pack/Textures/Set/Walls/T_Window_Trim2_OcclusionRoughnessMetallic.ubulk" 3953
"D:/GitHub/CutyKiller/GAME FOLDER/Content/DONT_USE/Weapon_Pack/Textures/Set/Walls/T_Window_Trim2_OcclusionRoughnessMetallic.uasset" 3954
"D:/GitHub/CutyKiller/GAME FOLDER/Content/DONT_USE/Weapon_Pack/Textures/Set/Walls/T_Window_Trim2_OcclusionRoughnessMetallic.uexp" 3955
"D:/GitHub/CutyKiller/GAME FOLDER/Content/DONT_USE/Weapon_Pack/Materials/Set/M_Wall_Window_Frame2.uasset" 3956
"D:/GitHub/CutyKiller/GAME FOLDER/Content/DONT_USE/Weapon_Pack/Materials/Set/M_Wall_Window_Frame2.uexp" 3957
"D:/GitHub/CutyKiller/GAME FOLDER/Content/DONT_USE/Weapon_Pack/Mesh/Set/SM_Window_Wall_Tall.ubulk" 3958
"D:/GitHub/CutyKiller/GAME FOLDER/Content/DONT_USE/Weapon_Pack/Mesh/Set/SM_Window_Wall_Tall.uasset" 3959
"D:/GitHub/CutyKiller/GAME FOLDER/Content/DONT_USE/Weapon_Pack/Mesh/Set/SM_Window_Wall_Tall.uexp" 3960
"D:/GitHub/CutyKiller/GAME FOLDER/Content/DONT_USE/Weapon_Pack/Mesh/Weapons/Weapons_Kit/SM_Throwing.ubulk" 3961
"D:/GitHub/CutyKiller/GAME FOLDER/Content/DONT_USE/Weapon_Pack/Mesh/Weapons/Weapons_Kit/SM_Throwing.uasset" 3962
"D:/GitHub/CutyKiller/GAME FOLDER/Content/DONT_USE/Weapon_Pack/Mesh/Weapons/Weapons_Kit/SM_Throwing.uexp" 3963
"D:/GitHub/CutyKiller/GAME FOLDER/Content/DONT_USE/Weapon_Pack/Textures/Props/Interior/T_Wood_Props_Normal.ubulk" 3964
"D:/GitHub/CutyKiller/GAME FOLDER/Content/DONT_USE/Weapon_Pack/Textures/Props/Interior/T_Wood_Props_Normal.uasset" 3965
"D:/GitHub/CutyKiller/GAME FOLDER/Content/DONT_USE/Weapon_Pack/Textures/Props/Interior/T_Wood_Props_Normal.uexp" 3966
"D:/GitHub/CutyKiller/GAME FOLDER/Content/DONT_USE/Weapon_Pack/Textures/Props/Interior/T_Wood_Props_BaseColor.ubulk" 3967
"D:/GitHub/CutyKiller/GAME FOLDER/Content/DONT_USE/Weapon_Pack/Textures/Props/Interior/T_Wood_Props_BaseColor.uasset" 3968
"D:/GitHub/CutyKiller/GAME FOLDER/Content/DONT_USE/Weapon_Pack/Textures/Props/Interior/T_Wood_Props_BaseColor.uexp" 3969
"D:/GitHub/CutyKiller/GAME FOLDER/Content/DONT_USE/Weapon_Pack/Textures/Props/Interior/T_Wood_Props_OcclusionRoughnessMetallic.ubulk" 3970
"D:/GitHub/CutyKiller/GAME FOLDER/Content/DONT_USE/Weapon_Pack/Textures/Props/Interior/T_Wood_Props_OcclusionRoughnessMetallic.uasset" 3971
"D:/GitHub/CutyKiller/GAME FOLDER/Content/DONT_USE/Weapon_Pack/Textures/Props/Interior/T_Wood_Props_OcclusionRoughnessMetallic.uexp" 3972
"D:/GitHub/CutyKiller/GAME FOLDER/Content/DONT_USE/Weapon_Pack/Materials/Props/Interior/M_Wood_Props.uasset" 3973
"D:/GitHub/CutyKiller/GAME FOLDER/Content/DONT_USE/Weapon_Pack/Materials/Props/Interior/M_Wood_Props.uexp" 3974
"D:/GitHub/CutyKiller/GAME FOLDER/Content/DONT_USE/Weapon_Pack/Mesh/Props/Interior/SM_Holder.ubulk" 3975
"D:/GitHub/CutyKiller/GAME FOLDER/Content/DONT_USE/Weapon_Pack/Mesh/Props/Interior/SM_Holder.uasset" 3976
"D:/GitHub/CutyKiller/GAME FOLDER/Content/DONT_USE/Weapon_Pack/Mesh/Props/Interior/SM_Holder.uexp" 3977
"D:/GitHub/CutyKiller/GAME FOLDER/Content/DONT_USE/Weapon_Pack/Mesh/Props/Interior/SM_Chair.ubulk" 3978
"D:/GitHub/CutyKiller/GAME FOLDER/Content/DONT_USE/Weapon_Pack/Mesh/Props/Interior/SM_Chair.uasset" 3979
"D:/GitHub/CutyKiller/GAME FOLDER/Content/DONT_USE/Weapon_Pack/Mesh/Props/Interior/SM_Chair.uexp" 3980
"D:/GitHub/CutyKiller/GAME FOLDER/Content/DONT_USE/Weapon_Pack/Mesh/Weapons/Weapons_Kit/SM_H2H.ubulk" 3981
"D:/GitHub/CutyKiller/GAME FOLDER/Content/DONT_USE/Weapon_Pack/Mesh/Weapons/Weapons_Kit/SM_H2H.uasset" 3982
"D:/GitHub/CutyKiller/GAME FOLDER/Content/DONT_USE/Weapon_Pack/Mesh/Weapons/Weapons_Kit/SM_H2H.uexp" 3983
"D:/GitHub/CutyKiller/GAME FOLDER/Content/DONT_USE/Weapon_Pack/Textures/HDRI/HDRI_Epic_Courtyard_Daylight.uasset" 3984
"D:/GitHub/CutyKiller/GAME FOLDER/Content/DONT_USE/Weapon_Pack/Textures/HDRI/HDRI_Epic_Courtyard_Daylight.uexp" 3985
"D:/GitHub/CutyKiller/GAME FOLDER/Content/DONT_USE/Weapon_Pack/Mesh/Weapons/Weapons_Kit/SM_Axe.ubulk" 3986
"D:/GitHub/CutyKiller/GAME FOLDER/Content/DONT_USE/Weapon_Pack/Mesh/Weapons/Weapons_Kit/SM_Axe.uasset" 3987
"D:/GitHub/CutyKiller/GAME FOLDER/Content/DONT_USE/Weapon_Pack/Mesh/Weapons/Weapons_Kit/SM_Axe.uexp" 3988
"D:/GitHub/CutyKiller/GAME FOLDER/Content/DONT_USE/Weapon_Pack/Mesh/Weapons/Weapons_Kit/SM_Shield.ubulk" 3989
"D:/GitHub/CutyKiller/GAME FOLDER/Content/DONT_USE/Weapon_Pack/Mesh/Weapons/Weapons_Kit/SM_Shield.uasset" 3990
"D:/GitHub/CutyKiller/GAME FOLDER/Content/DONT_USE/Weapon_Pack/Mesh/Weapons/Weapons_Kit/SM_Shield.uexp" 3991
"D:/GitHub/CutyKiller/GAME FOLDER/Content/DONT_USE/Weapon_Pack/Mesh/Weapons/Weapons_Kit/SM_Dagger_1.ubulk" 3992
"D:/GitHub/CutyKiller/GAME FOLDER/Content/DONT_USE/Weapon_Pack/Mesh/Weapons/Weapons_Kit/SM_Dagger_1.uasset" 3993
"D:/GitHub/CutyKiller/GAME FOLDER/Content/DONT_USE/Weapon_Pack/Mesh/Weapons/Weapons_Kit/SM_Dagger_1.uexp" 3994
"D:/GitHub/CutyKiller/GAME FOLDER/Content/DONT_USE/Weapon_Pack/Mesh/Weapons/Weapons_Kit/SM_Dagger_2.ubulk" 3995
"D:/GitHub/CutyKiller/GAME FOLDER/Content/DONT_USE/Weapon_Pack/Mesh/Weapons/Weapons_Kit/SM_Dagger_2.uasset" 3996
"D:/GitHub/CutyKiller/GAME FOLDER/Content/DONT_USE/Weapon_Pack/Mesh/Weapons/Weapons_Kit/SM_Dagger_2.uexp" 3997
"D:/GitHub/CutyKiller/GAME FOLDER/Content/DONT_USE/Weapon_Pack/Mesh/Props/Interior/SM_Table.ubulk" 3998
"D:/GitHub/CutyKiller/GAME FOLDER/Content/DONT_USE/Weapon_Pack/Mesh/Props/Interior/SM_Table.uasset" 3999
"D:/GitHub/CutyKiller/GAME FOLDER/Content/DONT_USE/Weapon_Pack/Mesh/Props/Interior/SM_Table.uexp" 4000
"D:/GitHub/CutyKiller/GAME FOLDER/Content/DONT_USE/Weapon_Pack/Mesh/Weapons/Weapons_Kit/SM_Spear.ubulk" 4001
"D:/GitHub/CutyKiller/GAME FOLDER/Content/DONT_USE/Weapon_Pack/Mesh/Weapons/Weapons_Kit/SM_Spear.uasset" 4002
"D:/GitHub/CutyKiller/GAME FOLDER/Content/DONT_USE/Weapon_Pack/Mesh/Weapons/Weapons_Kit/SM_Spear.uexp" 4003
"D:/GitHub/CutyKiller/GAME FOLDER/Content/DONT_USE/Weapon_Pack/Mesh/Props/Interior/SM_Bench.ubulk" 4004
"D:/GitHub/CutyKiller/GAME FOLDER/Content/DONT_USE/Weapon_Pack/Mesh/Props/Interior/SM_Bench.uasset" 4005
"D:/GitHub/CutyKiller/GAME FOLDER/Content/DONT_USE/Weapon_Pack/Mesh/Props/Interior/SM_Bench.uexp" 4006
"D:/GitHub/CutyKiller/GAME FOLDER/Content/DONT_USE/Weapon_Pack/Mesh/Props/Interior/SM_Weapon_Rack2.ubulk" 4007
"D:/GitHub/CutyKiller/GAME FOLDER/Content/DONT_USE/Weapon_Pack/Mesh/Props/Interior/SM_Weapon_Rack2.uasset" 4008
"D:/GitHub/CutyKiller/GAME FOLDER/Content/DONT_USE/Weapon_Pack/Mesh/Props/Interior/SM_Weapon_Rack2.uexp" 4009
"D:/GitHub/CutyKiller/GAME FOLDER/Content/DONT_USE/Weapon_Pack/Textures/Set/Walls/T_Stone_Wall_Trim_Normal.ubulk" 4010
"D:/GitHub/CutyKiller/GAME FOLDER/Content/DONT_USE/Weapon_Pack/Textures/Set/Walls/T_Stone_Wall_Trim_Normal.uasset" 4011
"D:/GitHub/CutyKiller/GAME FOLDER/Content/DONT_USE/Weapon_Pack/Textures/Set/Walls/T_Stone_Wall_Trim_Normal.uexp" 4012
"D:/GitHub/CutyKiller/GAME FOLDER/Content/DONT_USE/Weapon_Pack/Textures/Set/Walls/T_Stone_Wall_Trim_OcclusionRoughnessMetallic.ubulk" 4013
"D:/GitHub/CutyKiller/GAME FOLDER/Content/DONT_USE/Weapon_Pack/Textures/Set/Walls/T_Stone_Wall_Trim_OcclusionRoughnessMetallic.uasset" 4014
"D:/GitHub/CutyKiller/GAME FOLDER/Content/DONT_USE/Weapon_Pack/Textures/Set/Walls/T_Stone_Wall_Trim_OcclusionRoughnessMetallic.uexp" 4015
"D:/GitHub/CutyKiller/GAME FOLDER/Content/DONT_USE/Weapon_Pack/Textures/Set/Walls/T_Stone_Wall_Trim_BaseColor.ubulk" 4016
"D:/GitHub/CutyKiller/GAME FOLDER/Content/DONT_USE/Weapon_Pack/Textures/Set/Walls/T_Stone_Wall_Trim_BaseColor.uasset" 4017
"D:/GitHub/CutyKiller/GAME FOLDER/Content/DONT_USE/Weapon_Pack/Textures/Set/Walls/T_Stone_Wall_Trim_BaseColor.uexp" 4018
"D:/GitHub/CutyKiller/GAME FOLDER/Content/DONT_USE/Weapon_Pack/Materials/Set/M_Stone_Wall_Trim.uasset" 4019
"D:/GitHub/CutyKiller/GAME FOLDER/Content/DONT_USE/Weapon_Pack/Materials/Set/M_Stone_Wall_Trim.uexp" 4020
"D:/GitHub/CutyKiller/GAME FOLDER/Content/DONT_USE/Weapon_Pack/Mesh/Props/Interior/SM_Barrel.ubulk" 4021
"D:/GitHub/CutyKiller/GAME FOLDER/Content/DONT_USE/Weapon_Pack/Mesh/Props/Interior/SM_Barrel.uasset" 4022
"D:/GitHub/CutyKiller/GAME FOLDER/Content/DONT_USE/Weapon_Pack/Mesh/Props/Interior/SM_Barrel.uexp" 4023
"D:/GitHub/CutyKiller/GAME FOLDER/Content/DONT_USE/Weapon_Pack/Mesh/Props/Interior/SM_Weapon_rack_1.ubulk" 4024
"D:/GitHub/CutyKiller/GAME FOLDER/Content/DONT_USE/Weapon_Pack/Mesh/Props/Interior/SM_Weapon_rack_1.uasset" 4025
"D:/GitHub/CutyKiller/GAME FOLDER/Content/DONT_USE/Weapon_Pack/Mesh/Props/Interior/SM_Weapon_rack_1.uexp" 4026
"D:/GitHub/CutyKiller/GAME FOLDER/Content/DONT_USE/Weapon_Pack/Textures/Set/T_Window_Frames_Normal.ubulk" 4027
"D:/GitHub/CutyKiller/GAME FOLDER/Content/DONT_USE/Weapon_Pack/Textures/Set/T_Window_Frames_Normal.uasset" 4028
"D:/GitHub/CutyKiller/GAME FOLDER/Content/DONT_USE/Weapon_Pack/Textures/Set/T_Window_Frames_Normal.uexp" 4029
"D:/GitHub/CutyKiller/GAME FOLDER/Content/DONT_USE/Weapon_Pack/Textures/Set/T_Window_Frames_BaseColor.ubulk" 4030
"D:/GitHub/CutyKiller/GAME FOLDER/Content/DONT_USE/Weapon_Pack/Textures/Set/T_Window_Frames_BaseColor.uasset" 4031
"D:/GitHub/CutyKiller/GAME FOLDER/Content/DONT_USE/Weapon_Pack/Textures/Set/T_Window_Frames_BaseColor.uexp" 4032
"D:/GitHub/CutyKiller/GAME FOLDER/Content/DONT_USE/Weapon_Pack/Textures/Set/T_Window_Frames_OcclusionRoughnessMetallic.ubulk" 4033
"D:/GitHub/CutyKiller/GAME FOLDER/Content/DONT_USE/Weapon_Pack/Textures/Set/T_Window_Frames_OcclusionRoughnessMetallic.uasset" 4034
"D:/GitHub/CutyKiller/GAME FOLDER/Content/DONT_USE/Weapon_Pack/Textures/Set/T_Window_Frames_OcclusionRoughnessMetallic.uexp" 4035
"D:/GitHub/CutyKiller/GAME FOLDER/Content/DONT_USE/Weapon_Pack/Materials/Set/M_Window_Frames.uasset" 4036
"D:/GitHub/CutyKiller/GAME FOLDER/Content/DONT_USE/Weapon_Pack/Materials/Set/M_Window_Frames.uexp" 4037
"D:/GitHub/CutyKiller/GAME FOLDER/Content/DONT_USE/Weapon_Pack/Mesh/Set/SM_Window_Frame_Large.ubulk" 4038
"D:/GitHub/CutyKiller/GAME FOLDER/Content/DONT_USE/Weapon_Pack/Mesh/Set/SM_Window_Frame_Large.uasset" 4039
"D:/GitHub/CutyKiller/GAME FOLDER/Content/DONT_USE/Weapon_Pack/Mesh/Set/SM_Window_Frame_Large.uexp" 4040
"D:/GitHub/CutyKiller/GAME FOLDER/Content/DONT_USE/Weapon_Pack/Mesh/Weapons/Weapons_Kit/SM_GreatHammer.ubulk" 4041
"D:/GitHub/CutyKiller/GAME FOLDER/Content/DONT_USE/Weapon_Pack/Mesh/Weapons/Weapons_Kit/SM_GreatHammer.uasset" 4042
"D:/GitHub/CutyKiller/GAME FOLDER/Content/DONT_USE/Weapon_Pack/Mesh/Weapons/Weapons_Kit/SM_GreatHammer.uexp" 4043
"D:/GitHub/CutyKiller/GAME FOLDER/Content/DONT_USE/Weapon_Pack/Map/Weapons_Kit.uexp" 4044
"D:/GitHub/CutyKiller/GAME FOLDER/Content/DONT_USE/Weapon_Pack/Map/Weapons_Kit.umap" 4045
"D:/GitHub/CutyKiller/GAME FOLDER/Content/DONT_USE/LPSDeluxe2TropicalEnvironment/LPSD2_Materials/Materials/Master_Color_Instances/MI_Color_Coral.uasset" 4046
"D:/GitHub/CutyKiller/GAME FOLDER/Content/DONT_USE/LPSDeluxe2TropicalEnvironment/LPSD2_Materials/Materials/Master_Color_Instances/MI_Color_Coral.uexp" 4047
"D:/GitHub/CutyKiller/GAME FOLDER/Content/DONT_USE/LPSDeluxe2TropicalEnvironment/LPSD2_Materials/Materials/Master_Color_Instances/MI_Color_Tawny.uasset" 4048
"D:/GitHub/CutyKiller/GAME FOLDER/Content/DONT_USE/LPSDeluxe2TropicalEnvironment/LPSD2_Materials/Materials/Master_Color_Instances/MI_Color_Tawny.uexp" 4049
"D:/GitHub/CutyKiller/GAME FOLDER/Content/DONT_USE/LPSDeluxe2TropicalEnvironment/LPSD2_Meshes/Beach/SM_StarFish_1.ubulk" 4050
"D:/GitHub/CutyKiller/GAME FOLDER/Content/DONT_USE/LPSDeluxe2TropicalEnvironment/LPSD2_Meshes/Beach/SM_StarFish_1.uasset" 4051
"D:/GitHub/CutyKiller/GAME FOLDER/Content/DONT_USE/LPSDeluxe2TropicalEnvironment/LPSD2_Meshes/Beach/SM_StarFish_1.uexp" 4052
"D:/GitHub/CutyKiller/GAME FOLDER/Content/DONT_USE/LPSDeluxe2TropicalEnvironment/LPSD2_Materials/SpecialMaterials/WindMaterials/MI_Wind_2.uasset" 4053
"D:/GitHub/CutyKiller/GAME FOLDER/Content/DONT_USE/LPSDeluxe2TropicalEnvironment/LPSD2_Materials/SpecialMaterials/WindMaterials/MI_Wind_2.uexp" 4054
"D:/GitHub/CutyKiller/GAME FOLDER/Content/DONT_USE/LPSDeluxe2TropicalEnvironment/LPSD2_Meshes/Flora/SM_TropicGrass_1.ubulk" 4055
"D:/GitHub/CutyKiller/GAME FOLDER/Content/DONT_USE/LPSDeluxe2TropicalEnvironment/LPSD2_Meshes/Flora/SM_TropicGrass_1.uasset" 4056
"D:/GitHub/CutyKiller/GAME FOLDER/Content/DONT_USE/LPSDeluxe2TropicalEnvironment/LPSD2_Meshes/Flora/SM_TropicGrass_1.uexp" 4057
"D:/GitHub/CutyKiller/GAME FOLDER/Content/DONT_USE/LPSDeluxe2TropicalEnvironment/LPSD2_Materials/Materials/Master_Color_Instances/MI_Gem_Ruby.uasset" 4058
"D:/GitHub/CutyKiller/GAME FOLDER/Content/DONT_USE/LPSDeluxe2TropicalEnvironment/LPSD2_Materials/Materials/Master_Color_Instances/MI_Gem_Ruby.uexp" 4059
"D:/GitHub/CutyKiller/GAME FOLDER/Content/DONT_USE/LPSDeluxe2TropicalEnvironment/LPSD2_Meshes/Treasure/SM_TreasureGem_1.ubulk" 4060
"D:/GitHub/CutyKiller/GAME FOLDER/Content/DONT_USE/LPSDeluxe2TropicalEnvironment/LPSD2_Meshes/Treasure/SM_TreasureGem_1.uasset" 4061
"D:/GitHub/CutyKiller/GAME FOLDER/Content/DONT_USE/LPSDeluxe2TropicalEnvironment/LPSD2_Meshes/Treasure/SM_TreasureGem_1.uexp" 4062
"D:/GitHub/CutyKiller/GAME FOLDER/Content/DONT_USE/LPSDeluxe2TropicalEnvironment/LPSD2_Materials/Materials/Master_Color_Instances/MI_Color_Gray.uasset" 4063
"D:/GitHub/CutyKiller/GAME FOLDER/Content/DONT_USE/LPSDeluxe2TropicalEnvironment/LPSD2_Materials/Materials/Master_Color_Instances/MI_Color_Gray.uexp" 4064
"D:/GitHub/CutyKiller/GAME FOLDER/Content/DONT_USE/LPSDeluxe2TropicalEnvironment/LPSD2_Materials/Materials/Master_Color_Instances/MI_Color_Black.uasset" 4065
"D:/GitHub/CutyKiller/GAME FOLDER/Content/DONT_USE/LPSDeluxe2TropicalEnvironment/LPSD2_Materials/Materials/Master_Color_Instances/MI_Color_Black.uexp" 4066
"D:/GitHub/CutyKiller/GAME FOLDER/Content/DONT_USE/LPSDeluxe2TropicalEnvironment/LPSD2_Materials/Materials/Master_Color_Instances/MI_Gem_Amethyst.uasset" 4067
"D:/GitHub/CutyKiller/GAME FOLDER/Content/DONT_USE/LPSDeluxe2TropicalEnvironment/LPSD2_Materials/Materials/Master_Color_Instances/MI_Gem_Amethyst.uexp" 4068
"D:/GitHub/CutyKiller/GAME FOLDER/Content/DONT_USE/LPSDeluxe2TropicalEnvironment/LPSD2_Meshes/Treasure/SM_TreasureGem_2.ubulk" 4069
"D:/GitHub/CutyKiller/GAME FOLDER/Content/DONT_USE/LPSDeluxe2TropicalEnvironment/LPSD2_Meshes/Treasure/SM_TreasureGem_2.uasset" 4070
"D:/GitHub/CutyKiller/GAME FOLDER/Content/DONT_USE/LPSDeluxe2TropicalEnvironment/LPSD2_Meshes/Treasure/SM_TreasureGem_2.uexp" 4071
"D:/GitHub/CutyKiller/GAME FOLDER/Content/DONT_USE/LPSDeluxe2TropicalEnvironment/LPSD2_Materials/Materials/Master_Color_Instances/MI_Gem_Sapphire.uasset" 4072
"D:/GitHub/CutyKiller/GAME FOLDER/Content/DONT_USE/LPSDeluxe2TropicalEnvironment/LPSD2_Materials/Materials/Master_Color_Instances/MI_Gem_Sapphire.uexp" 4073
"D:/GitHub/CutyKiller/GAME FOLDER/Content/DONT_USE/LPSDeluxe2TropicalEnvironment/LPSD2_Meshes/Treasure/SM_TreasureGem_3.ubulk" 4074
"D:/GitHub/CutyKiller/GAME FOLDER/Content/DONT_USE/LPSDeluxe2TropicalEnvironment/LPSD2_Meshes/Treasure/SM_TreasureGem_3.uasset" 4075
"D:/GitHub/CutyKiller/GAME FOLDER/Content/DONT_USE/LPSDeluxe2TropicalEnvironment/LPSD2_Meshes/Treasure/SM_TreasureGem_3.uexp" 4076
"D:/GitHub/CutyKiller/GAME FOLDER/Content/DONT_USE/LPSDeluxe2TropicalEnvironment/LPSD2_Materials/Materials/Master_Color_Instances/MI_Gem_Emerald.uasset" 4077
"D:/GitHub/CutyKiller/GAME FOLDER/Content/DONT_USE/LPSDeluxe2TropicalEnvironment/LPSD2_Materials/Materials/Master_Color_Instances/MI_Gem_Emerald.uexp" 4078
"D:/GitHub/CutyKiller/GAME FOLDER/Content/DONT_USE/LPSDeluxe2TropicalEnvironment/LPSD2_Meshes/Treasure/SM_TreasureGem_4.ubulk" 4079
"D:/GitHub/CutyKiller/GAME FOLDER/Content/DONT_USE/LPSDeluxe2TropicalEnvironment/LPSD2_Meshes/Treasure/SM_TreasureGem_4.uasset" 4080
"D:/GitHub/CutyKiller/GAME FOLDER/Content/DONT_USE/LPSDeluxe2TropicalEnvironment/LPSD2_Meshes/Treasure/SM_TreasureGem_4.uexp" 4081
"D:/GitHub/CutyKiller/GAME FOLDER/Content/DONT_USE/LPSDeluxe2TropicalEnvironment/LPSD2_Materials/Materials/Master_Color_Instances/MI_Metal_Silver.uasset" 4082
"D:/GitHub/CutyKiller/GAME FOLDER/Content/DONT_USE/LPSDeluxe2TropicalEnvironment/LPSD2_Materials/Materials/Master_Color_Instances/MI_Metal_Silver.uexp" 4083
"D:/GitHub/CutyKiller/GAME FOLDER/Content/DONT_USE/LPSDeluxe2TropicalEnvironment/LPSD2_Materials/Materials/Master_Color_Instances/MI_Gem_Turquoise.uasset" 4084
"D:/GitHub/CutyKiller/GAME FOLDER/Content/DONT_USE/LPSDeluxe2TropicalEnvironment/LPSD2_Materials/Materials/Master_Color_Instances/MI_Gem_Turquoise.uexp" 4085
"D:/GitHub/CutyKiller/GAME FOLDER/Content/DONT_USE/LPSDeluxe2TropicalEnvironment/LPSD2_Meshes/Treasure/SM_TreasureGem_5.ubulk" 4086
"D:/GitHub/CutyKiller/GAME FOLDER/Content/DONT_USE/LPSDeluxe2TropicalEnvironment/LPSD2_Meshes/Treasure/SM_TreasureGem_5.uasset" 4087
"D:/GitHub/CutyKiller/GAME FOLDER/Content/DONT_USE/LPSDeluxe2TropicalEnvironment/LPSD2_Meshes/Treasure/SM_TreasureGem_5.uexp" 4088
"D:/GitHub/CutyKiller/GAME FOLDER/Content/DONT_USE/LPSDeluxe2TropicalEnvironment/LPSD2_Meshes/Treasure/SM_MediumCoin_1.ubulk" 4089
"D:/GitHub/CutyKiller/GAME FOLDER/Content/DONT_USE/LPSDeluxe2TropicalEnvironment/LPSD2_Meshes/Treasure/SM_MediumCoin_1.uasset" 4090
"D:/GitHub/CutyKiller/GAME FOLDER/Content/DONT_USE/LPSDeluxe2TropicalEnvironment/LPSD2_Meshes/Treasure/SM_MediumCoin_1.uexp" 4091
"D:/GitHub/CutyKiller/GAME FOLDER/Content/DONT_USE/LPSDeluxe2TropicalEnvironment/LPSD2_Meshes/Treasure/SM_MediumCoin_2.ubulk" 4092
"D:/GitHub/CutyKiller/GAME FOLDER/Content/DONT_USE/LPSDeluxe2TropicalEnvironment/LPSD2_Meshes/Treasure/SM_MediumCoin_2.uasset" 4093
"D:/GitHub/CutyKiller/GAME FOLDER/Content/DONT_USE/LPSDeluxe2TropicalEnvironment/LPSD2_Meshes/Treasure/SM_MediumCoin_2.uexp" 4094
"D:/GitHub/CutyKiller/GAME FOLDER/Content/DONT_USE/LPSDeluxe2TropicalEnvironment/LPSD2_Meshes/Treasure/SM_MediumCoin_3.ubulk" 4095
"D:/GitHub/CutyKiller/GAME FOLDER/Content/DONT_USE/LPSDeluxe2TropicalEnvironment/LPSD2_Meshes/Treasure/SM_MediumCoin_3.uasset" 4096
"D:/GitHub/CutyKiller/GAME FOLDER/Content/DONT_USE/LPSDeluxe2TropicalEnvironment/LPSD2_Meshes/Treasure/SM_MediumCoin_3.uexp" 4097
"D:/GitHub/CutyKiller/GAME FOLDER/Content/DONT_USE/LPSDeluxe2TropicalEnvironment/LPSD2_Materials/Materials/Master_Color_Instances/MI_Metal_Aluminum.uasset" 4098
"D:/GitHub/CutyKiller/GAME FOLDER/Content/DONT_USE/LPSDeluxe2TropicalEnvironment/LPSD2_Materials/Materials/Master_Color_Instances/MI_Metal_Aluminum.uexp" 4099
"D:/GitHub/CutyKiller/GAME FOLDER/Content/DONT_USE/LPSDeluxe2TropicalEnvironment/LPSD2_Materials/Materials/Master_Color_Instances/MI_Metal_Brass.uasset" 4100
"D:/GitHub/CutyKiller/GAME FOLDER/Content/DONT_USE/LPSDeluxe2TropicalEnvironment/LPSD2_Materials/Materials/Master_Color_Instances/MI_Metal_Brass.uexp" 4101
"D:/GitHub/CutyKiller/GAME FOLDER/Content/DONT_USE/LPSDeluxe2TropicalEnvironment/LPSD2_Materials/Materials/Master_Color_Instances/MI_Metal_Steel.uasset" 4102
"D:/GitHub/CutyKiller/GAME FOLDER/Content/DONT_USE/LPSDeluxe2TropicalEnvironment/LPSD2_Materials/Materials/Master_Color_Instances/MI_Metal_Steel.uexp" 4103
"D:/GitHub/CutyKiller/GAME FOLDER/Content/DONT_USE/LPSDeluxe2TropicalEnvironment/LPSD2_Meshes/Pirate/SM_PirateSword_1.ubulk" 4104
"D:/GitHub/CutyKiller/GAME FOLDER/Content/DONT_USE/LPSDeluxe2TropicalEnvironment/LPSD2_Meshes/Pirate/SM_PirateSword_1.uasset" 4105
"D:/GitHub/CutyKiller/GAME FOLDER/Content/DONT_USE/LPSDeluxe2TropicalEnvironment/LPSD2_Meshes/Pirate/SM_PirateSword_1.uexp" 4106
"D:/GitHub/CutyKiller/GAME FOLDER/Content/DONT_USE/LPSDeluxe2TropicalEnvironment/LPSD2_Materials/Landscape/M_Landscape_LowPolyTropical.uasset" 4107
"D:/GitHub/CutyKiller/GAME FOLDER/Content/DONT_USE/LPSDeluxe2TropicalEnvironment/LPSD2_Materials/Landscape/M_Landscape_LowPolyTropical.uexp" 4108
"D:/GitHub/CutyKiller/GAME FOLDER/Content/DONT_USE/LPSDeluxe2TropicalEnvironment/LPSD2_Materials/SpecialMaterials/WaterMaterials/M_Water_Tropic.uasset" 4109
"D:/GitHub/CutyKiller/GAME FOLDER/Content/DONT_USE/LPSDeluxe2TropicalEnvironment/LPSD2_Materials/SpecialMaterials/WaterMaterials/M_Water_Tropic.uexp" 4110
"D:/GitHub/CutyKiller/GAME FOLDER/Content/DONT_USE/LPSDeluxe2TropicalEnvironment/LPSD2_Meshes/Water/SM_Water_CircleMed.ubulk" 4111
"D:/GitHub/CutyKiller/GAME FOLDER/Content/DONT_USE/LPSDeluxe2TropicalEnvironment/LPSD2_Meshes/Water/SM_Water_CircleMed.uasset" 4112
"D:/GitHub/CutyKiller/GAME FOLDER/Content/DONT_USE/LPSDeluxe2TropicalEnvironment/LPSD2_Meshes/Water/SM_Water_CircleMed.uexp" 4113
"D:/GitHub/CutyKiller/GAME FOLDER/Content/DONT_USE/LPSDeluxe2TropicalEnvironment/LPSD2_Meshes/Pirate/SM_FlintLock_1.ubulk" 4114
"D:/GitHub/CutyKiller/GAME FOLDER/Content/DONT_USE/LPSDeluxe2TropicalEnvironment/LPSD2_Meshes/Pirate/SM_FlintLock_1.uasset" 4115
"D:/GitHub/CutyKiller/GAME FOLDER/Content/DONT_USE/LPSDeluxe2TropicalEnvironment/LPSD2_Meshes/Pirate/SM_FlintLock_1.uexp" 4116
"D:/GitHub/CutyKiller/GAME FOLDER/Content/DONT_USE/LPSDeluxe2TropicalEnvironment/LPSD2_Materials/SpecialMaterials/2SidedMaterials/MI_2Side_OffWhite.uasset" 4117
"D:/GitHub/CutyKiller/GAME FOLDER/Content/DONT_USE/LPSDeluxe2TropicalEnvironment/LPSD2_Materials/SpecialMaterials/2SidedMaterials/MI_2Side_OffWhite.uexp" 4118
"D:/GitHub/CutyKiller/GAME FOLDER/Content/DONT_USE/LPSDeluxe2TropicalEnvironment/LPSD2_Meshes/Beach/SM_Seashell_1.ubulk" 4119
"D:/GitHub/CutyKiller/GAME FOLDER/Content/DONT_USE/LPSDeluxe2TropicalEnvironment/LPSD2_Meshes/Beach/SM_Seashell_1.uasset" 4120
"D:/GitHub/CutyKiller/GAME FOLDER/Content/DONT_USE/LPSDeluxe2TropicalEnvironment/LPSD2_Meshes/Beach/SM_Seashell_1.uexp" 4121
"D:/GitHub/CutyKiller/GAME FOLDER/Content/DONT_USE/LPSDeluxe2TropicalEnvironment/LPSD2_Materials/SpecialMaterials/WindMaterials/MI_Wind_5.uasset" 4122
"D:/GitHub/CutyKiller/GAME FOLDER/Content/DONT_USE/LPSDeluxe2TropicalEnvironment/LPSD2_Materials/SpecialMaterials/WindMaterials/MI_Wind_5.uexp" 4123
"D:/GitHub/CutyKiller/GAME FOLDER/Content/DONT_USE/LPSDeluxe2TropicalEnvironment/LPSD2_Materials/SpecialMaterials/WindMaterials/MI_Wind_6.uasset" 4124
"D:/GitHub/CutyKiller/GAME FOLDER/Content/DONT_USE/LPSDeluxe2TropicalEnvironment/LPSD2_Materials/SpecialMaterials/WindMaterials/MI_Wind_6.uexp" 4125
"D:/GitHub/CutyKiller/GAME FOLDER/Content/DONT_USE/LPSDeluxe2TropicalEnvironment/LPSD2_Materials/SpecialMaterials/WindMaterials/MI_Wind_14.uasset" 4126
"D:/GitHub/CutyKiller/GAME FOLDER/Content/DONT_USE/LPSDeluxe2TropicalEnvironment/LPSD2_Materials/SpecialMaterials/WindMaterials/MI_Wind_14.uexp" 4127
"D:/GitHub/CutyKiller/GAME FOLDER/Content/DONT_USE/LPSDeluxe2TropicalEnvironment/LPSD2_Meshes/Flora/SM_BirdofParadise_1.ubulk" 4128
"D:/GitHub/CutyKiller/GAME FOLDER/Content/DONT_USE/LPSDeluxe2TropicalEnvironment/LPSD2_Meshes/Flora/SM_BirdofParadise_1.uasset" 4129
"D:/GitHub/CutyKiller/GAME FOLDER/Content/DONT_USE/LPSDeluxe2TropicalEnvironment/LPSD2_Meshes/Flora/SM_BirdofParadise_1.uexp" 4130
"D:/GitHub/CutyKiller/GAME FOLDER/Content/DONT_USE/LPSDeluxe2TropicalEnvironment/LPSD2_Materials/Materials/Master_Color_Instances/MI_Color_Sky.uasset" 4131
"D:/GitHub/CutyKiller/GAME FOLDER/Content/DONT_USE/LPSDeluxe2TropicalEnvironment/LPSD2_Materials/Materials/Master_Color_Instances/MI_Color_Sky.uexp" 4132
"D:/GitHub/CutyKiller/GAME FOLDER/Content/DONT_USE/LPSDeluxe2TropicalEnvironment/LPSD2_Materials/SpecialMaterials/2SidedMaterials/MI_2Side_Coconut.uasset" 4133
"D:/GitHub/CutyKiller/GAME FOLDER/Content/DONT_USE/LPSDeluxe2TropicalEnvironment/LPSD2_Materials/SpecialMaterials/2SidedMaterials/MI_2Side_Coconut.uexp" 4134
"D:/GitHub/CutyKiller/GAME FOLDER/Content/DONT_USE/LPSDeluxe2TropicalEnvironment/LPSD2_Meshes/Pirate/SM_Spyglass_1.ubulk" 4135
"D:/GitHub/CutyKiller/GAME FOLDER/Content/DONT_USE/LPSDeluxe2TropicalEnvironment/LPSD2_Meshes/Pirate/SM_Spyglass_1.uasset" 4136
"D:/GitHub/CutyKiller/GAME FOLDER/Content/DONT_USE/LPSDeluxe2TropicalEnvironment/LPSD2_Meshes/Pirate/SM_Spyglass_1.uexp" 4137
"D:/GitHub/CutyKiller/GAME FOLDER/Content/DONT_USE/LPSDeluxe2TropicalEnvironment/LPSD2_Meshes/Treasure/SM_TreasureVase_1.ubulk" 4138
"D:/GitHub/CutyKiller/GAME FOLDER/Content/DONT_USE/LPSDeluxe2TropicalEnvironment/LPSD2_Meshes/Treasure/SM_TreasureVase_1.uasset" 4139
"D:/GitHub/CutyKiller/GAME FOLDER/Content/DONT_USE/LPSDeluxe2TropicalEnvironment/LPSD2_Meshes/Treasure/SM_TreasureVase_1.uexp" 4140
"D:/GitHub/CutyKiller/GAME FOLDER/Content/DONT_USE/LPSDeluxe2TropicalEnvironment/LPSD2_Materials/Materials/Master_Color_Instances/MI_Color_Charcoal.uasset" 4141
"D:/GitHub/CutyKiller/GAME FOLDER/Content/DONT_USE/LPSDeluxe2TropicalEnvironment/LPSD2_Materials/Materials/Master_Color_Instances/MI_Color_Charcoal.uexp" 4142
"D:/GitHub/CutyKiller/GAME FOLDER/Content/DONT_USE/LPSDeluxe2TropicalEnvironment/LPSD2_Meshes/Platform/SM_TRockColumn_1.ubulk" 4143
"D:/GitHub/CutyKiller/GAME FOLDER/Content/DONT_USE/LPSDeluxe2TropicalEnvironment/LPSD2_Meshes/Platform/SM_TRockColumn_1.uasset" 4144
"D:/GitHub/CutyKiller/GAME FOLDER/Content/DONT_USE/LPSDeluxe2TropicalEnvironment/LPSD2_Meshes/Platform/SM_TRockColumn_1.uexp" 4145
"D:/GitHub/CutyKiller/GAME FOLDER/Content/DONT_USE/LPSDeluxe2TropicalEnvironment/LPSD2_Materials/Materials/Master_Color_Instances/MI_Color_TropicBlue.uasset" 4146
"D:/GitHub/CutyKiller/GAME FOLDER/Content/DONT_USE/LPSDeluxe2TropicalEnvironment/LPSD2_Materials/Materials/Master_Color_Instances/MI_Color_TropicBlue.uexp" 4147
"D:/GitHub/CutyKiller/GAME FOLDER/Content/DONT_USE/LPSDeluxe2TropicalEnvironment/LPSD2_Materials/Materials/Master_Color_Instances/MI_Color_Yellow.uasset" 4148
"D:/GitHub/CutyKiller/GAME FOLDER/Content/DONT_USE/LPSDeluxe2TropicalEnvironment/LPSD2_Materials/Materials/Master_Color_Instances/MI_Color_Yellow.uexp" 4149
"D:/GitHub/CutyKiller/GAME FOLDER/Content/DONT_USE/LPSDeluxe2TropicalEnvironment/LPSD2_Materials/Materials/Master_Color_Instances/MI_Color_Red.uasset" 4150
"D:/GitHub/CutyKiller/GAME FOLDER/Content/DONT_USE/LPSDeluxe2TropicalEnvironment/LPSD2_Materials/Materials/Master_Color_Instances/MI_Color_Red.uexp" 4151
"D:/GitHub/CutyKiller/GAME FOLDER/Content/DONT_USE/LPSDeluxe2TropicalEnvironment/LPSD2_Materials/SpecialMaterials/2SidedMaterials/M_2Side_White.uasset" 4152
"D:/GitHub/CutyKiller/GAME FOLDER/Content/DONT_USE/LPSDeluxe2TropicalEnvironment/LPSD2_Materials/SpecialMaterials/2SidedMaterials/M_2Side_White.uexp" 4153
"D:/GitHub/CutyKiller/GAME FOLDER/Content/DONT_USE/LPSDeluxe2TropicalEnvironment/LPSD2_Meshes/Beach/SM_BeachBall_1.ubulk" 4154
"D:/GitHub/CutyKiller/GAME FOLDER/Content/DONT_USE/LPSDeluxe2TropicalEnvironment/LPSD2_Meshes/Beach/SM_BeachBall_1.uasset" 4155
"D:/GitHub/CutyKiller/GAME FOLDER/Content/DONT_USE/LPSDeluxe2TropicalEnvironment/LPSD2_Meshes/Beach/SM_BeachBall_1.uexp" 4156
"D:/GitHub/CutyKiller/GAME FOLDER/Content/DONT_USE/LPSDeluxe2TropicalEnvironment/LPSD2_Materials/SpecialMaterials/WindMaterials/MI_Wind_3.uasset" 4157
"D:/GitHub/CutyKiller/GAME FOLDER/Content/DONT_USE/LPSDeluxe2TropicalEnvironment/LPSD2_Materials/SpecialMaterials/WindMaterials/MI_Wind_3.uexp" 4158
"D:/GitHub/CutyKiller/GAME FOLDER/Content/DONT_USE/LPSDeluxe2TropicalEnvironment/LPSD2_Materials/SpecialMaterials/WindMaterials/MI_Wind_4.uasset" 4159
"D:/GitHub/CutyKiller/GAME FOLDER/Content/DONT_USE/LPSDeluxe2TropicalEnvironment/LPSD2_Materials/SpecialMaterials/WindMaterials/MI_Wind_4.uexp" 4160
"D:/GitHub/CutyKiller/GAME FOLDER/Content/DONT_USE/LPSDeluxe2TropicalEnvironment/LPSD2_Materials/SpecialMaterials/WindMaterials/MI_Wind_16.uasset" 4161
"D:/GitHub/CutyKiller/GAME FOLDER/Content/DONT_USE/LPSDeluxe2TropicalEnvironment/LPSD2_Materials/SpecialMaterials/WindMaterials/MI_Wind_16.uexp" 4162
"D:/GitHub/CutyKiller/GAME FOLDER/Content/DONT_USE/LPSDeluxe2TropicalEnvironment/LPSD2_Meshes/Flora/Sm_Plumeria_1.ubulk" 4163
"D:/GitHub/CutyKiller/GAME FOLDER/Content/DONT_USE/LPSDeluxe2TropicalEnvironment/LPSD2_Meshes/Flora/Sm_Plumeria_1.uasset" 4164
"D:/GitHub/CutyKiller/GAME FOLDER/Content/DONT_USE/LPSDeluxe2TropicalEnvironment/LPSD2_Meshes/Flora/Sm_Plumeria_1.uexp" 4165
"D:/GitHub/CutyKiller/GAME FOLDER/Content/DONT_USE/LPSDeluxe2TropicalEnvironment/LPSD2_Materials/SpecialMaterials/WindMaterials/MI_Wind_12.uasset" 4166
"D:/GitHub/CutyKiller/GAME FOLDER/Content/DONT_USE/LPSDeluxe2TropicalEnvironment/LPSD2_Materials/SpecialMaterials/WindMaterials/MI_Wind_12.uexp" 4167
"D:/GitHub/CutyKiller/GAME FOLDER/Content/DONT_USE/LPSDeluxe2TropicalEnvironment/LPSD2_Materials/SpecialMaterials/WindMaterials/MI_Wind_13.uasset" 4168
"D:/GitHub/CutyKiller/GAME FOLDER/Content/DONT_USE/LPSDeluxe2TropicalEnvironment/LPSD2_Materials/SpecialMaterials/WindMaterials/MI_Wind_13.uexp" 4169
"D:/GitHub/CutyKiller/GAME FOLDER/Content/DONT_USE/LPSDeluxe2TropicalEnvironment/LPSD2_Meshes/Flora/Sm_Plumeria_2.ubulk" 4170
"D:/GitHub/CutyKiller/GAME FOLDER/Content/DONT_USE/LPSDeluxe2TropicalEnvironment/LPSD2_Meshes/Flora/Sm_Plumeria_2.uasset" 4171
"D:/GitHub/CutyKiller/GAME FOLDER/Content/DONT_USE/LPSDeluxe2TropicalEnvironment/LPSD2_Meshes/Flora/Sm_Plumeria_2.uexp" 4172
"D:/GitHub/CutyKiller/GAME FOLDER/Content/DONT_USE/LPSDeluxe2TropicalEnvironment/LPSD2_Materials/SpecialMaterials/WindMaterials/MI_Wind_15.uasset" 4173
"D:/GitHub/CutyKiller/GAME FOLDER/Content/DONT_USE/LPSDeluxe2TropicalEnvironment/LPSD2_Materials/SpecialMaterials/WindMaterials/MI_Wind_15.uexp" 4174
"D:/GitHub/CutyKiller/GAME FOLDER/Content/DONT_USE/LPSDeluxe2TropicalEnvironment/LPSD2_Meshes/Flora/Sm_TropicFlower_1.ubulk" 4175
"D:/GitHub/CutyKiller/GAME FOLDER/Content/DONT_USE/LPSDeluxe2TropicalEnvironment/LPSD2_Meshes/Flora/Sm_TropicFlower_1.uasset" 4176
"D:/GitHub/CutyKiller/GAME FOLDER/Content/DONT_USE/LPSDeluxe2TropicalEnvironment/LPSD2_Meshes/Flora/Sm_TropicFlower_1.uexp" 4177
"D:/GitHub/CutyKiller/GAME FOLDER/Content/DONT_USE/LPSDeluxe2TropicalEnvironment/LPSD2_Meshes/Treasure/SM_TreasureCrown_1.ubulk" 4178
"D:/GitHub/CutyKiller/GAME FOLDER/Content/DONT_USE/LPSDeluxe2TropicalEnvironment/LPSD2_Meshes/Treasure/SM_TreasureCrown_1.uasset" 4179
"D:/GitHub/CutyKiller/GAME FOLDER/Content/DONT_USE/LPSDeluxe2TropicalEnvironment/LPSD2_Meshes/Treasure/SM_TreasureCrown_1.uexp" 4180
"D:/GitHub/CutyKiller/GAME FOLDER/Content/DONT_USE/LPSDeluxe2TropicalEnvironment/LPSD2_Meshes/Treasure/Sm_TreasureChalice_1.ubulk" 4181
"D:/GitHub/CutyKiller/GAME FOLDER/Content/DONT_USE/LPSDeluxe2TropicalEnvironment/LPSD2_Meshes/Treasure/Sm_TreasureChalice_1.uasset" 4182
"D:/GitHub/CutyKiller/GAME FOLDER/Content/DONT_USE/LPSDeluxe2TropicalEnvironment/LPSD2_Meshes/Treasure/Sm_TreasureChalice_1.uexp" 4183
"D:/GitHub/CutyKiller/GAME FOLDER/Content/DONT_USE/LPSDeluxe2TropicalEnvironment/LPSD2_Meshes/Platform/SM_TPlatform_1.ubulk" 4184
"D:/GitHub/CutyKiller/GAME FOLDER/Content/DONT_USE/LPSDeluxe2TropicalEnvironment/LPSD2_Meshes/Platform/SM_TPlatform_1.uasset" 4185
"D:/GitHub/CutyKiller/GAME FOLDER/Content/DONT_USE/LPSDeluxe2TropicalEnvironment/LPSD2_Meshes/Platform/SM_TPlatform_1.uexp" 4186
"D:/GitHub/CutyKiller/GAME FOLDER/Content/DONT_USE/LPSDeluxe2TropicalEnvironment/LPSD2_Meshes/Platform/SM_TPlatform_2.ubulk" 4187
"D:/GitHub/CutyKiller/GAME FOLDER/Content/DONT_USE/LPSDeluxe2TropicalEnvironment/LPSD2_Meshes/Platform/SM_TPlatform_2.uasset" 4188
"D:/GitHub/CutyKiller/GAME FOLDER/Content/DONT_USE/LPSDeluxe2TropicalEnvironment/LPSD2_Meshes/Platform/SM_TPlatform_2.uexp" 4189
"D:/GitHub/CutyKiller/GAME FOLDER/Content/DONT_USE/LPSDeluxe2TropicalEnvironment/LPSD2_Meshes/Platform/SM_TPlatform_3.ubulk" 4190
"D:/GitHub/CutyKiller/GAME FOLDER/Content/DONT_USE/LPSDeluxe2TropicalEnvironment/LPSD2_Meshes/Platform/SM_TPlatform_3.uasset" 4191
"D:/GitHub/CutyKiller/GAME FOLDER/Content/DONT_USE/LPSDeluxe2TropicalEnvironment/LPSD2_Meshes/Platform/SM_TPlatform_3.uexp" 4192
"D:/GitHub/CutyKiller/GAME FOLDER/Content/DONT_USE/LPSDeluxe2TropicalEnvironment/LPSD2_Meshes/Treasure/SM_LargeCoin_1.ubulk" 4193
"D:/GitHub/CutyKiller/GAME FOLDER/Content/DONT_USE/LPSDeluxe2TropicalEnvironment/LPSD2_Meshes/Treasure/SM_LargeCoin_1.uasset" 4194
"D:/GitHub/CutyKiller/GAME FOLDER/Content/DONT_USE/LPSDeluxe2TropicalEnvironment/LPSD2_Meshes/Treasure/SM_LargeCoin_1.uexp" 4195
"D:/GitHub/CutyKiller/GAME FOLDER/Content/DONT_USE/LPSDeluxe2TropicalEnvironment/LPSD2_Materials/SpecialMaterials/2SidedMaterials/MI_2Side_Red.uasset" 4196
"D:/GitHub/CutyKiller/GAME FOLDER/Content/DONT_USE/LPSDeluxe2TropicalEnvironment/LPSD2_Materials/SpecialMaterials/2SidedMaterials/MI_2Side_Red.uexp" 4197
"D:/GitHub/CutyKiller/GAME FOLDER/Content/DONT_USE/LPSDeluxe2TropicalEnvironment/LPSD2_Meshes/Beach/SM_BeachUmb_1.ubulk" 4198
"D:/GitHub/CutyKiller/GAME FOLDER/Content/DONT_USE/LPSDeluxe2TropicalEnvironment/LPSD2_Meshes/Beach/SM_BeachUmb_1.uasset" 4199
"D:/GitHub/CutyKiller/GAME FOLDER/Content/DONT_USE/LPSDeluxe2TropicalEnvironment/LPSD2_Meshes/Beach/SM_BeachUmb_1.uexp" 4200
"D:/GitHub/CutyKiller/GAME FOLDER/Content/DONT_USE/LPSDeluxe2TropicalEnvironment/LPSD2_Meshes/Treasure/SM_SmallCoin_1.ubulk" 4201
"D:/GitHub/CutyKiller/GAME FOLDER/Content/DONT_USE/LPSDeluxe2TropicalEnvironment/LPSD2_Meshes/Treasure/SM_SmallCoin_1.uasset" 4202
"D:/GitHub/CutyKiller/GAME FOLDER/Content/DONT_USE/LPSDeluxe2TropicalEnvironment/LPSD2_Meshes/Treasure/SM_SmallCoin_1.uexp" 4203
"D:/GitHub/CutyKiller/GAME FOLDER/Content/DONT_USE/LPSDeluxe2TropicalEnvironment/LPSD2_Materials/SpecialMaterials/2ToneMaterials/MI_Mount_LightGray.uasset" 4204
"D:/GitHub/CutyKiller/GAME FOLDER/Content/DONT_USE/LPSDeluxe2TropicalEnvironment/LPSD2_Materials/SpecialMaterials/2ToneMaterials/MI_Mount_LightGray.uexp" 4205
"D:/GitHub/CutyKiller/GAME FOLDER/Content/DONT_USE/LPSDeluxe2TropicalEnvironment/LPSD2_Meshes/Platform/SM_PlatformTall_1.ubulk" 4206
"D:/GitHub/CutyKiller/GAME FOLDER/Content/DONT_USE/LPSDeluxe2TropicalEnvironment/LPSD2_Meshes/Platform/SM_PlatformTall_1.uasset" 4207
"D:/GitHub/CutyKiller/GAME FOLDER/Content/DONT_USE/LPSDeluxe2TropicalEnvironment/LPSD2_Meshes/Platform/SM_PlatformTall_1.uexp" 4208
"D:/GitHub/CutyKiller/GAME FOLDER/Content/DONT_USE/LPSDeluxe2TropicalEnvironment/LPSD2_Textures/T_Waves.ubulk" 4209
"D:/GitHub/CutyKiller/GAME FOLDER/Content/DONT_USE/LPSDeluxe2TropicalEnvironment/LPSD2_Textures/T_Waves.uasset" 4210
"D:/GitHub/CutyKiller/GAME FOLDER/Content/DONT_USE/LPSDeluxe2TropicalEnvironment/LPSD2_Textures/T_Waves.uexp" 4211
"D:/GitHub/CutyKiller/GAME FOLDER/Content/DONT_USE/LPSDeluxe2TropicalEnvironment/LPSD2_Materials/SpecialMaterials/WaterMaterials/M_Water_Waves.uasset" 4212
"D:/GitHub/CutyKiller/GAME FOLDER/Content/DONT_USE/LPSDeluxe2TropicalEnvironment/LPSD2_Materials/SpecialMaterials/WaterMaterials/M_Water_Waves.uexp" 4213
"D:/GitHub/CutyKiller/GAME FOLDER/Content/DONT_USE/LPSDeluxe2TropicalEnvironment/LPSD2_Meshes/Water/SM_PixelWater_1.ubulk" 4214
"D:/GitHub/CutyKiller/GAME FOLDER/Content/DONT_USE/LPSDeluxe2TropicalEnvironment/LPSD2_Meshes/Water/SM_PixelWater_1.uasset" 4215
"D:/GitHub/CutyKiller/GAME FOLDER/Content/DONT_USE/LPSDeluxe2TropicalEnvironment/LPSD2_Meshes/Water/SM_PixelWater_1.uexp" 4216
"D:/GitHub/CutyKiller/GAME FOLDER/Content/DONT_USE/LPSDeluxe2TropicalEnvironment/LPSD2_Meshes/Water/SM_PixelWater_2.ubulk" 4217
"D:/GitHub/CutyKiller/GAME FOLDER/Content/DONT_USE/LPSDeluxe2TropicalEnvironment/LPSD2_Meshes/Water/SM_PixelWater_2.uasset" 4218
"D:/GitHub/CutyKiller/GAME FOLDER/Content/DONT_USE/LPSDeluxe2TropicalEnvironment/LPSD2_Meshes/Water/SM_PixelWater_2.uexp" 4219
"D:/GitHub/CutyKiller/GAME FOLDER/Content/DONT_USE/LPSDeluxe2TropicalEnvironment/LPSD2_Materials/SpecialMaterials/2ToneMaterials/MI_Mount_Green_2.uasset" 4220
"D:/GitHub/CutyKiller/GAME FOLDER/Content/DONT_USE/LPSDeluxe2TropicalEnvironment/LPSD2_Materials/SpecialMaterials/2ToneMaterials/MI_Mount_Green_2.uexp" 4221
"D:/GitHub/CutyKiller/GAME FOLDER/Content/DONT_USE/LPSDeluxe2TropicalEnvironment/LPSD2_Meshes/Platform/SM_RockyPlatform_1.ubulk" 4222
"D:/GitHub/CutyKiller/GAME FOLDER/Content/DONT_USE/LPSDeluxe2TropicalEnvironment/LPSD2_Meshes/Platform/SM_RockyPlatform_1.uasset" 4223
"D:/GitHub/CutyKiller/GAME FOLDER/Content/DONT_USE/LPSDeluxe2TropicalEnvironment/LPSD2_Meshes/Platform/SM_RockyPlatform_1.uexp" 4224
"D:/GitHub/CutyKiller/GAME FOLDER/Content/DONT_USE/LPSDeluxe2TropicalEnvironment/LPSD2_Materials/Materials/Master_Color_Instances/MI_Color_Canvas.uasset" 4225
"D:/GitHub/CutyKiller/GAME FOLDER/Content/DONT_USE/LPSDeluxe2TropicalEnvironment/LPSD2_Materials/Materials/Master_Color_Instances/MI_Color_Canvas.uexp" 4226
"D:/GitHub/CutyKiller/GAME FOLDER/Content/DONT_USE/LPSDeluxe2TropicalEnvironment/LPSD2_Materials/SpecialMaterials/2SidedMaterials/MI_2Side_Brown.uasset" 4227
"D:/GitHub/CutyKiller/GAME FOLDER/Content/DONT_USE/LPSDeluxe2TropicalEnvironment/LPSD2_Materials/SpecialMaterials/2SidedMaterials/MI_2Side_Brown.uexp" 4228
"D:/GitHub/CutyKiller/GAME FOLDER/Content/DONT_USE/LPSDeluxe2TropicalEnvironment/LPSD2_Meshes/Pirate/SM_PirateCompass_1.ubulk" 4229
"D:/GitHub/CutyKiller/GAME FOLDER/Content/DONT_USE/LPSDeluxe2TropicalEnvironment/LPSD2_Meshes/Pirate/SM_PirateCompass_1.uasset" 4230
"D:/GitHub/CutyKiller/GAME FOLDER/Content/DONT_USE/LPSDeluxe2TropicalEnvironment/LPSD2_Meshes/Pirate/SM_PirateCompass_1.uexp" 4231
"D:/GitHub/CutyKiller/GAME FOLDER/Content/DONT_USE/LPSDeluxe2TropicalEnvironment/LPSD2_Meshes/Pirate/SM_PirateCompass_2.ubulk" 4232
"D:/GitHub/CutyKiller/GAME FOLDER/Content/DONT_USE/LPSDeluxe2TropicalEnvironment/LPSD2_Meshes/Pirate/SM_PirateCompass_2.uasset" 4233
"D:/GitHub/CutyKiller/GAME FOLDER/Content/DONT_USE/LPSDeluxe2TropicalEnvironment/LPSD2_Meshes/Pirate/SM_PirateCompass_2.uexp" 4234
"D:/GitHub/CutyKiller/GAME FOLDER/Content/DONT_USE/LPSDeluxe2TropicalEnvironment/LPSD2_Meshes/Pirate/SM_ShipBarrel_1.ubulk" 4235
"D:/GitHub/CutyKiller/GAME FOLDER/Content/DONT_USE/LPSDeluxe2TropicalEnvironment/LPSD2_Meshes/Pirate/SM_ShipBarrel_1.uasset" 4236
"D:/GitHub/CutyKiller/GAME FOLDER/Content/DONT_USE/LPSDeluxe2TropicalEnvironment/LPSD2_Meshes/Pirate/SM_ShipBarrel_1.uexp" 4237
"D:/GitHub/CutyKiller/GAME FOLDER/Content/DONT_USE/LPSDeluxe2TropicalEnvironment/LPSD2_Meshes/Pirate/SM_ShipBarrel_2.ubulk" 4238
"D:/GitHub/CutyKiller/GAME FOLDER/Content/DONT_USE/LPSDeluxe2TropicalEnvironment/LPSD2_Meshes/Pirate/SM_ShipBarrel_2.uasset" 4239
"D:/GitHub/CutyKiller/GAME FOLDER/Content/DONT_USE/LPSDeluxe2TropicalEnvironment/LPSD2_Meshes/Pirate/SM_ShipBarrel_2.uexp" 4240
"D:/GitHub/CutyKiller/GAME FOLDER/Content/DONT_USE/LPSDeluxe2TropicalEnvironment/LPSD2_Materials/SpecialMaterials/2SidedMaterials/MI_2Side_TropicBlue.uasset" 4241
"D:/GitHub/CutyKiller/GAME FOLDER/Content/DONT_USE/LPSDeluxe2TropicalEnvironment/LPSD2_Materials/SpecialMaterials/2SidedMaterials/MI_2Side_TropicBlue.uexp" 4242
"D:/GitHub/CutyKiller/GAME FOLDER/Content/DONT_USE/LPSDeluxe2TropicalEnvironment/LPSD2_Materials/SpecialMaterials/2SidedMaterials/MI_2Side_LightBrown.uasset" 4243
"D:/GitHub/CutyKiller/GAME FOLDER/Content/DONT_USE/LPSDeluxe2TropicalEnvironment/LPSD2_Materials/SpecialMaterials/2SidedMaterials/MI_2Side_LightBrown.uexp" 4244
"D:/GitHub/CutyKiller/GAME FOLDER/Content/DONT_USE/LPSDeluxe2TropicalEnvironment/LPSD2_Meshes/Beach/SM_BeachChair_1.ubulk" 4245
"D:/GitHub/CutyKiller/GAME FOLDER/Content/DONT_USE/LPSDeluxe2TropicalEnvironment/LPSD2_Meshes/Beach/SM_BeachChair_1.uasset" 4246
"D:/GitHub/CutyKiller/GAME FOLDER/Content/DONT_USE/LPSDeluxe2TropicalEnvironment/LPSD2_Meshes/Beach/SM_BeachChair_1.uexp" 4247
"D:/GitHub/CutyKiller/GAME FOLDER/Content/DONT_USE/LPSDeluxe2TropicalEnvironment/LPSD2_Materials/SpecialMaterials/MiscMaterials/M_LavaFlow_1.uasset" 4248
"D:/GitHub/CutyKiller/GAME FOLDER/Content/DONT_USE/LPSDeluxe2TropicalEnvironment/LPSD2_Materials/SpecialMaterials/MiscMaterials/M_LavaFlow_1.uexp" 4249
"D:/GitHub/CutyKiller/GAME FOLDER/Content/DONT_USE/LPSDeluxe2TropicalEnvironment/LPSD2_Meshes/Volcano/SM_LavaFlow_1.ubulk" 4250
"D:/GitHub/CutyKiller/GAME FOLDER/Content/DONT_USE/LPSDeluxe2TropicalEnvironment/LPSD2_Meshes/Volcano/SM_LavaFlow_1.uasset" 4251
"D:/GitHub/CutyKiller/GAME FOLDER/Content/DONT_USE/LPSDeluxe2TropicalEnvironment/LPSD2_Meshes/Volcano/SM_LavaFlow_1.uexp" 4252
"D:/GitHub/CutyKiller/GAME FOLDER/Content/DONT_USE/LPSDeluxe2TropicalEnvironment/LPSD2_Meshes/Volcano/SM_LavaFlow_2.ubulk" 4253
"D:/GitHub/CutyKiller/GAME FOLDER/Content/DONT_USE/LPSDeluxe2TropicalEnvironment/LPSD2_Meshes/Volcano/SM_LavaFlow_2.uasset" 4254
"D:/GitHub/CutyKiller/GAME FOLDER/Content/DONT_USE/LPSDeluxe2TropicalEnvironment/LPSD2_Meshes/Volcano/SM_LavaFlow_2.uexp" 4255
"D:/GitHub/CutyKiller/GAME FOLDER/Content/DONT_USE/LPSDeluxe2TropicalEnvironment/LPSD2_Materials/SpecialMaterials/WindMaterials/MI_Wind_10.uasset" 4256
"D:/GitHub/CutyKiller/GAME FOLDER/Content/DONT_USE/LPSDeluxe2TropicalEnvironment/LPSD2_Materials/SpecialMaterials/WindMaterials/MI_Wind_10.uexp" 4257
"D:/GitHub/CutyKiller/GAME FOLDER/Content/DONT_USE/LPSDeluxe2TropicalEnvironment/LPSD2_Materials/SpecialMaterials/WindMaterials/MI_Wind_11.uasset" 4258
"D:/GitHub/CutyKiller/GAME FOLDER/Content/DONT_USE/LPSDeluxe2TropicalEnvironment/LPSD2_Materials/SpecialMaterials/WindMaterials/MI_Wind_11.uexp" 4259
"D:/GitHub/CutyKiller/GAME FOLDER/Content/DONT_USE/LPSDeluxe2TropicalEnvironment/LPSD2_Meshes/Flora/SM_LushPatch_1.ubulk" 4260
"D:/GitHub/CutyKiller/GAME FOLDER/Content/DONT_USE/LPSDeluxe2TropicalEnvironment/LPSD2_Meshes/Flora/SM_LushPatch_1.uasset" 4261
"D:/GitHub/CutyKiller/GAME FOLDER/Content/DONT_USE/LPSDeluxe2TropicalEnvironment/LPSD2_Meshes/Flora/SM_LushPatch_1.uexp" 4262
"D:/GitHub/CutyKiller/GAME FOLDER/Content/DONT_USE/LPSDeluxe2TropicalEnvironment/LPSD2_Meshes/Treasure/SM_PirateChest_3.ubulk" 4263
"D:/GitHub/CutyKiller/GAME FOLDER/Content/DONT_USE/LPSDeluxe2TropicalEnvironment/LPSD2_Meshes/Treasure/SM_PirateChest_3.uasset" 4264
"D:/GitHub/CutyKiller/GAME FOLDER/Content/DONT_USE/LPSDeluxe2TropicalEnvironment/LPSD2_Meshes/Treasure/SM_PirateChest_3.uexp" 4265
"D:/GitHub/CutyKiller/GAME FOLDER/Content/DONT_USE/LPSDeluxe2TropicalEnvironment/LPSD2_Meshes/Beach/SM_Longboard_1.ubulk" 4266
"D:/GitHub/CutyKiller/GAME FOLDER/Content/DONT_USE/LPSDeluxe2TropicalEnvironment/LPSD2_Meshes/Beach/SM_Longboard_1.uasset" 4267
"D:/GitHub/CutyKiller/GAME FOLDER/Content/DONT_USE/LPSDeluxe2TropicalEnvironment/LPSD2_Meshes/Beach/SM_Longboard_1.uexp" 4268
"D:/GitHub/CutyKiller/GAME FOLDER/Content/DONT_USE/LPSDeluxe2TropicalEnvironment/LPSD2_Textures/T_WoodPlank_N.ubulk" 4269
"D:/GitHub/CutyKiller/GAME FOLDER/Content/DONT_USE/LPSDeluxe2TropicalEnvironment/LPSD2_Textures/T_WoodPlank_N.uasset" 4270
"D:/GitHub/CutyKiller/GAME FOLDER/Content/DONT_USE/LPSDeluxe2TropicalEnvironment/LPSD2_Textures/T_WoodPlank_N.uexp" 4271
"D:/GitHub/CutyKiller/GAME FOLDER/Content/DONT_USE/LPSDeluxe2TropicalEnvironment/LPSD2_Textures/T_WoodPlank.ubulk" 4272
"D:/GitHub/CutyKiller/GAME FOLDER/Content/DONT_USE/LPSDeluxe2TropicalEnvironment/LPSD2_Textures/T_WoodPlank.uasset" 4273
"D:/GitHub/CutyKiller/GAME FOLDER/Content/DONT_USE/LPSDeluxe2TropicalEnvironment/LPSD2_Textures/T_WoodPlank.uexp" 4274
"D:/GitHub/CutyKiller/GAME FOLDER/Content/DONT_USE/LPSDeluxe2TropicalEnvironment/LPSD2_Materials/SpecialMaterials/MiscMaterials/M_WoodPlank.uasset" 4275
"D:/GitHub/CutyKiller/GAME FOLDER/Content/DONT_USE/LPSDeluxe2TropicalEnvironment/LPSD2_Materials/SpecialMaterials/MiscMaterials/M_WoodPlank.uexp" 4276
"D:/GitHub/CutyKiller/GAME FOLDER/Content/DONT_USE/LPSDeluxe2TropicalEnvironment/LPSD2_Materials/SpecialMaterials/MiscMaterials/M_Glass_Window.uasset" 4277
"D:/GitHub/CutyKiller/GAME FOLDER/Content/DONT_USE/LPSDeluxe2TropicalEnvironment/LPSD2_Materials/SpecialMaterials/MiscMaterials/M_Glass_Window.uexp" 4278
"D:/GitHub/CutyKiller/GAME FOLDER/Content/DONT_USE/LPSDeluxe2TropicalEnvironment/LPSD2_Materials/SpecialMaterials/MiscMaterials/M_WindSails.uasset" 4279
"D:/GitHub/CutyKiller/GAME FOLDER/Content/DONT_USE/LPSDeluxe2TropicalEnvironment/LPSD2_Materials/SpecialMaterials/MiscMaterials/M_WindSails.uexp" 4280
"D:/GitHub/CutyKiller/GAME FOLDER/Content/DONT_USE/LPSDeluxe2TropicalEnvironment/LPSD2_Textures/T_JollyRoger.ubulk" 4281
"D:/GitHub/CutyKiller/GAME FOLDER/Content/DONT_USE/LPSDeluxe2TropicalEnvironment/LPSD2_Textures/T_JollyRoger.uasset" 4282
"D:/GitHub/CutyKiller/GAME FOLDER/Content/DONT_USE/LPSDeluxe2TropicalEnvironment/LPSD2_Textures/T_JollyRoger.uexp" 4283
"D:/GitHub/CutyKiller/GAME FOLDER/Content/DONT_USE/LPSDeluxe2TropicalEnvironment/LPSD2_Materials/SpecialMaterials/MiscMaterials/M_JollyRoger.uasset" 4284
"D:/GitHub/CutyKiller/GAME FOLDER/Content/DONT_USE/LPSDeluxe2TropicalEnvironment/LPSD2_Materials/SpecialMaterials/MiscMaterials/M_JollyRoger.uexp" 4285
"D:/GitHub/CutyKiller/GAME FOLDER/Content/DONT_USE/LPSDeluxe2TropicalEnvironment/LPSD2_Materials/Materials/Master_Color_Instances/MI_Glow_Orange.uasset" 4286
"D:/GitHub/CutyKiller/GAME FOLDER/Content/DONT_USE/LPSDeluxe2TropicalEnvironment/LPSD2_Materials/Materials/Master_Color_Instances/MI_Glow_Orange.uexp" 4287
"D:/GitHub/CutyKiller/GAME FOLDER/Content/DONT_USE/LPSDeluxe2TropicalEnvironment/LPSD2_Meshes/Pirate/SM_PirateShip_1.ubulk" 4288
"D:/GitHub/CutyKiller/GAME FOLDER/Content/DONT_USE/LPSDeluxe2TropicalEnvironment/LPSD2_Meshes/Pirate/SM_PirateShip_1.uasset" 4289
"D:/GitHub/CutyKiller/GAME FOLDER/Content/DONT_USE/LPSDeluxe2TropicalEnvironment/LPSD2_Meshes/Pirate/SM_PirateShip_1.uexp" 4290
"D:/GitHub/CutyKiller/GAME FOLDER/Content/DONT_USE/LPSDeluxe2TropicalEnvironment/LPSD2_Materials/SpecialMaterials/WindMaterials/MI_Wind_8.uasset" 4291
"D:/GitHub/CutyKiller/GAME FOLDER/Content/DONT_USE/LPSDeluxe2TropicalEnvironment/LPSD2_Materials/SpecialMaterials/WindMaterials/MI_Wind_8.uexp" 4292
"D:/GitHub/CutyKiller/GAME FOLDER/Content/DONT_USE/LPSDeluxe2TropicalEnvironment/LPSD2_Materials/SpecialMaterials/WindMaterials/MI_Wind_9.uasset" 4293
"D:/GitHub/CutyKiller/GAME FOLDER/Content/DONT_USE/LPSDeluxe2TropicalEnvironment/LPSD2_Materials/SpecialMaterials/WindMaterials/MI_Wind_9.uexp" 4294
"D:/GitHub/CutyKiller/GAME FOLDER/Content/DONT_USE/LPSDeluxe2TropicalEnvironment/LPSD2_Meshes/Flora/SM_SmallPalm_1.ubulk" 4295
"D:/GitHub/CutyKiller/GAME FOLDER/Content/DONT_USE/LPSDeluxe2TropicalEnvironment/LPSD2_Meshes/Flora/SM_SmallPalm_1.uasset" 4296
"D:/GitHub/CutyKiller/GAME FOLDER/Content/DONT_USE/LPSDeluxe2TropicalEnvironment/LPSD2_Meshes/Flora/SM_SmallPalm_1.uexp" 4297
"D:/GitHub/CutyKiller/GAME FOLDER/Content/DONT_USE/LPSDeluxe2TropicalEnvironment/LPSD2_Meshes/Volcano/SM_LavaField_1.ubulk" 4298
"D:/GitHub/CutyKiller/GAME FOLDER/Content/DONT_USE/LPSDeluxe2TropicalEnvironment/LPSD2_Meshes/Volcano/SM_LavaField_1.uasset" 4299
"D:/GitHub/CutyKiller/GAME FOLDER/Content/DONT_USE/LPSDeluxe2TropicalEnvironment/LPSD2_Meshes/Volcano/SM_LavaField_1.uexp" 4300
"D:/GitHub/CutyKiller/GAME FOLDER/Content/DONT_USE/LPSDeluxe2TropicalEnvironment/LPSD2_Materials/Materials/Master_Color_Instances/MI_Color_Navy.uasset" 4301
"D:/GitHub/CutyKiller/GAME FOLDER/Content/DONT_USE/LPSDeluxe2TropicalEnvironment/LPSD2_Materials/Materials/Master_Color_Instances/MI_Color_Navy.uexp" 4302
"D:/GitHub/CutyKiller/GAME FOLDER/Content/DONT_USE/LPSDeluxe2TropicalEnvironment/LPSD2_Materials/Materials/Master_Color_Instances/MI_Color_White.uasset" 4303
"D:/GitHub/CutyKiller/GAME FOLDER/Content/DONT_USE/LPSDeluxe2TropicalEnvironment/LPSD2_Materials/Materials/Master_Color_Instances/MI_Color_White.uexp" 4304
"D:/GitHub/CutyKiller/GAME FOLDER/Content/DONT_USE/LPSDeluxe2TropicalEnvironment/LPSD2_Meshes/Beach/SM_BeachTowel_1.ubulk" 4305
"D:/GitHub/CutyKiller/GAME FOLDER/Content/DONT_USE/LPSDeluxe2TropicalEnvironment/LPSD2_Meshes/Beach/SM_BeachTowel_1.uasset" 4306
"D:/GitHub/CutyKiller/GAME FOLDER/Content/DONT_USE/LPSDeluxe2TropicalEnvironment/LPSD2_Meshes/Beach/SM_BeachTowel_1.uexp" 4307
"D:/GitHub/CutyKiller/GAME FOLDER/Content/DONT_USE/LPSDeluxe2TropicalEnvironment/LPSD2_Materials/Materials/Master_Color_Instances/MI_Gem_Quartz.uasset" 4308
"D:/GitHub/CutyKiller/GAME FOLDER/Content/DONT_USE/LPSDeluxe2TropicalEnvironment/LPSD2_Materials/Materials/Master_Color_Instances/MI_Gem_Quartz.uexp" 4309
"D:/GitHub/CutyKiller/GAME FOLDER/Content/DONT_USE/LPSDeluxe2TropicalEnvironment/LPSD2_Meshes/Treasure/SM_TreasurePearls_1.ubulk" 4310
"D:/GitHub/CutyKiller/GAME FOLDER/Content/DONT_USE/LPSDeluxe2TropicalEnvironment/LPSD2_Meshes/Treasure/SM_TreasurePearls_1.uasset" 4311
"D:/GitHub/CutyKiller/GAME FOLDER/Content/DONT_USE/LPSDeluxe2TropicalEnvironment/LPSD2_Meshes/Treasure/SM_TreasurePearls_1.uexp" 4312
"D:/GitHub/CutyKiller/GAME FOLDER/Content/DONT_USE/LPSDeluxe2TropicalEnvironment/LPSD2_Materials/Materials/Master_Color_Instances/MI_Glow_Cloud.uasset" 4313
"D:/GitHub/CutyKiller/GAME FOLDER/Content/DONT_USE/LPSDeluxe2TropicalEnvironment/LPSD2_Materials/Materials/Master_Color_Instances/MI_Glow_Cloud.uexp" 4314
"D:/GitHub/CutyKiller/GAME FOLDER/Content/DONT_USE/LPSDeluxe2TropicalEnvironment/LPSD2_Meshes/Water/SM_TropicalCloud_3.ubulk" 4315
"D:/GitHub/CutyKiller/GAME FOLDER/Content/DONT_USE/LPSDeluxe2TropicalEnvironment/LPSD2_Meshes/Water/SM_TropicalCloud_3.uasset" 4316
"D:/GitHub/CutyKiller/GAME FOLDER/Content/DONT_USE/LPSDeluxe2TropicalEnvironment/LPSD2_Meshes/Water/SM_TropicalCloud_3.uexp" 4317
"D:/GitHub/CutyKiller/GAME FOLDER/Content/DONT_USE/LPSDeluxe2TropicalEnvironment/LPSD2_Materials/SpecialMaterials/WaterMaterials/M_WaterSplash.uasset" 4318
"D:/GitHub/CutyKiller/GAME FOLDER/Content/DONT_USE/LPSDeluxe2TropicalEnvironment/LPSD2_Materials/SpecialMaterials/WaterMaterials/M_WaterSplash.uexp" 4319
"D:/GitHub/CutyKiller/GAME FOLDER/Content/DONT_USE/LPSDeluxe2TropicalEnvironment/LPSD2_Meshes/Water/SM_WaterFallSplash_1.ubulk" 4320
"D:/GitHub/CutyKiller/GAME FOLDER/Content/DONT_USE/LPSDeluxe2TropicalEnvironment/LPSD2_Meshes/Water/SM_WaterFallSplash_1.uasset" 4321
"D:/GitHub/CutyKiller/GAME FOLDER/Content/DONT_USE/LPSDeluxe2TropicalEnvironment/LPSD2_Meshes/Water/SM_WaterFallSplash_1.uexp" 4322
"D:/GitHub/CutyKiller/GAME FOLDER/Content/DONT_USE/LPSDeluxe2TropicalEnvironment/LPSD2_Meshes/Water/SM_WaterFallSplash_2.ubulk" 4323
"D:/GitHub/CutyKiller/GAME FOLDER/Content/DONT_USE/LPSDeluxe2TropicalEnvironment/LPSD2_Meshes/Water/SM_WaterFallSplash_2.uasset" 4324
"D:/GitHub/CutyKiller/GAME FOLDER/Content/DONT_USE/LPSDeluxe2TropicalEnvironment/LPSD2_Meshes/Water/SM_WaterFallSplash_2.uexp" 4325
"D:/GitHub/CutyKiller/GAME FOLDER/Content/DONT_USE/LPSDeluxe2TropicalEnvironment/LPSD2_Meshes/Treasure/SM_TreasureGlowStone_1.ubulk" 4326
"D:/GitHub/CutyKiller/GAME FOLDER/Content/DONT_USE/LPSDeluxe2TropicalEnvironment/LPSD2_Meshes/Treasure/SM_TreasureGlowStone_1.uasset" 4327
"D:/GitHub/CutyKiller/GAME FOLDER/Content/DONT_USE/LPSDeluxe2TropicalEnvironment/LPSD2_Meshes/Treasure/SM_TreasureGlowStone_1.uexp" 4328
"D:/GitHub/CutyKiller/GAME FOLDER/Content/DONT_USE/LPSDeluxe2TropicalEnvironment/LPSD2_Materials/SpecialMaterials/2ToneMaterials/MI_Mount_Volcano.uasset" 4329
"D:/GitHub/CutyKiller/GAME FOLDER/Content/DONT_USE/LPSDeluxe2TropicalEnvironment/LPSD2_Materials/SpecialMaterials/2ToneMaterials/MI_Mount_Volcano.uexp" 4330
"D:/GitHub/CutyKiller/GAME FOLDER/Content/DONT_USE/LPSDeluxe2TropicalEnvironment/LPSD2_Materials/Materials/Master_Color_Instances/MI_Glow_Lava.uasset" 4331
"D:/GitHub/CutyKiller/GAME FOLDER/Content/DONT_USE/LPSDeluxe2TropicalEnvironment/LPSD2_Materials/Materials/Master_Color_Instances/MI_Glow_Lava.uexp" 4332
"D:/GitHub/CutyKiller/GAME FOLDER/Content/DONT_USE/LPSDeluxe2TropicalEnvironment/LPSD2_Meshes/Volcano/SM_LargeVolcano_1.ubulk" 4333
"D:/GitHub/CutyKiller/GAME FOLDER/Content/DONT_USE/LPSDeluxe2TropicalEnvironment/LPSD2_Meshes/Volcano/SM_LargeVolcano_1.uasset" 4334
"D:/GitHub/CutyKiller/GAME FOLDER/Content/DONT_USE/LPSDeluxe2TropicalEnvironment/LPSD2_Meshes/Volcano/SM_LargeVolcano_1.uexp" 4335
"D:/GitHub/CutyKiller/GAME FOLDER/Content/DONT_USE/LPSDeluxe2TropicalEnvironment/LPSD2_Materials/Materials/Master_Color_Instances/MI_Color_Caramel_3.uasset" 4336
"D:/GitHub/CutyKiller/GAME FOLDER/Content/DONT_USE/LPSDeluxe2TropicalEnvironment/LPSD2_Materials/Materials/Master_Color_Instances/MI_Color_Caramel_3.uexp" 4337
"D:/GitHub/CutyKiller/GAME FOLDER/Content/DONT_USE/LPSDeluxe2TropicalEnvironment/LPSD2_Materials/SpecialMaterials/MiscMaterials/M_TreeBreeze.uasset" 4338
"D:/GitHub/CutyKiller/GAME FOLDER/Content/DONT_USE/LPSDeluxe2TropicalEnvironment/LPSD2_Materials/SpecialMaterials/MiscMaterials/M_TreeBreeze.uexp" 4339
"D:/GitHub/CutyKiller/GAME FOLDER/Content/DONT_USE/LPSDeluxe2TropicalEnvironment/LPSD2_Meshes/Flora/SM_IslandTree_1.ubulk" 4340
"D:/GitHub/CutyKiller/GAME FOLDER/Content/DONT_USE/LPSDeluxe2TropicalEnvironment/LPSD2_Meshes/Flora/SM_IslandTree_1.uasset" 4341
"D:/GitHub/CutyKiller/GAME FOLDER/Content/DONT_USE/LPSDeluxe2TropicalEnvironment/LPSD2_Meshes/Flora/SM_IslandTree_1.uexp" 4342
"D:/GitHub/CutyKiller/GAME FOLDER/Content/DONT_USE/LPSDeluxe2TropicalEnvironment/LPSD2_Materials/SpecialMaterials/MiscMaterials/M_LightShaft.uasset" 4343
"D:/GitHub/CutyKiller/GAME FOLDER/Content/DONT_USE/LPSDeluxe2TropicalEnvironment/LPSD2_Materials/SpecialMaterials/MiscMaterials/M_LightShaft.uexp" 4344
"D:/GitHub/CutyKiller/GAME FOLDER/Content/DONT_USE/LPSDeluxe2TropicalEnvironment/LPSD2_Meshes/Misc/SM_LightShaft_1.ubulk" 4345
"D:/GitHub/CutyKiller/GAME FOLDER/Content/DONT_USE/LPSDeluxe2TropicalEnvironment/LPSD2_Meshes/Misc/SM_LightShaft_1.uasset" 4346
"D:/GitHub/CutyKiller/GAME FOLDER/Content/DONT_USE/LPSDeluxe2TropicalEnvironment/LPSD2_Meshes/Misc/SM_LightShaft_1.uexp" 4347
"D:/GitHub/CutyKiller/GAME FOLDER/Content/DONT_USE/LPSDeluxe2TropicalEnvironment/LPSD2_Materials/SpecialMaterials/WindMaterials/MI_Wind_7.uasset" 4348
"D:/GitHub/CutyKiller/GAME FOLDER/Content/DONT_USE/LPSDeluxe2TropicalEnvironment/LPSD2_Materials/SpecialMaterials/WindMaterials/MI_Wind_7.uexp" 4349
"D:/GitHub/CutyKiller/GAME FOLDER/Content/DONT_USE/LPSDeluxe2TropicalEnvironment/LPSD2_Meshes/Flora/SM_BananaTree_1.ubulk" 4350
"D:/GitHub/CutyKiller/GAME FOLDER/Content/DONT_USE/LPSDeluxe2TropicalEnvironment/LPSD2_Meshes/Flora/SM_BananaTree_1.uasset" 4351
"D:/GitHub/CutyKiller/GAME FOLDER/Content/DONT_USE/LPSDeluxe2TropicalEnvironment/LPSD2_Meshes/Flora/SM_BananaTree_1.uexp" 4352
"D:/GitHub/CutyKiller/GAME FOLDER/Content/DONT_USE/LPSDeluxe2TropicalEnvironment/LPSD2_Meshes/Pirate/SM_Crate_1.ubulk" 4353
"D:/GitHub/CutyKiller/GAME FOLDER/Content/DONT_USE/LPSDeluxe2TropicalEnvironment/LPSD2_Meshes/Pirate/SM_Crate_1.uasset" 4354
"D:/GitHub/CutyKiller/GAME FOLDER/Content/DONT_USE/LPSDeluxe2TropicalEnvironment/LPSD2_Meshes/Pirate/SM_Crate_1.uexp" 4355
"D:/GitHub/CutyKiller/GAME FOLDER/Content/DONT_USE/LPSDeluxe2TropicalEnvironment/LPSD2_Materials/Materials/Master_Color_Instances/MI_Color_Bamboo.uasset" 4356
"D:/GitHub/CutyKiller/GAME FOLDER/Content/DONT_USE/LPSDeluxe2TropicalEnvironment/LPSD2_Materials/Materials/Master_Color_Instances/MI_Color_Bamboo.uexp" 4357
"D:/GitHub/CutyKiller/GAME FOLDER/Content/DONT_USE/LPSDeluxe2TropicalEnvironment/LPSD2_Materials/SpecialMaterials/MiscMaterials/M_Torch.uasset" 4358
"D:/GitHub/CutyKiller/GAME FOLDER/Content/DONT_USE/LPSDeluxe2TropicalEnvironment/LPSD2_Materials/SpecialMaterials/MiscMaterials/M_Torch.uexp" 4359
"D:/GitHub/CutyKiller/GAME FOLDER/Content/DONT_USE/LPSDeluxe2TropicalEnvironment/LPSD2_Materials/Materials/Master_Color_Instances/MI_Color_Clay.uasset" 4360
"D:/GitHub/CutyKiller/GAME FOLDER/Content/DONT_USE/LPSDeluxe2TropicalEnvironment/LPSD2_Materials/Materials/Master_Color_Instances/MI_Color_Clay.uexp" 4361
"D:/GitHub/CutyKiller/GAME FOLDER/Content/DONT_USE/LPSDeluxe2TropicalEnvironment/LPSD2_Meshes/Tiki/SM_TikiTorch_1.ubulk" 4362
"D:/GitHub/CutyKiller/GAME FOLDER/Content/DONT_USE/LPSDeluxe2TropicalEnvironment/LPSD2_Meshes/Tiki/SM_TikiTorch_1.uasset" 4363
"D:/GitHub/CutyKiller/GAME FOLDER/Content/DONT_USE/LPSDeluxe2TropicalEnvironment/LPSD2_Meshes/Tiki/SM_TikiTorch_1.uexp" 4364
"D:/GitHub/CutyKiller/GAME FOLDER/Content/DONT_USE/LPSDeluxe2TropicalEnvironment/LPSD2_Materials/Materials/Master_Color_Instances/MI_Color_CreamOrange.uasset" 4365
"D:/GitHub/CutyKiller/GAME FOLDER/Content/DONT_USE/LPSDeluxe2TropicalEnvironment/LPSD2_Materials/Materials/Master_Color_Instances/MI_Color_CreamOrange.uexp" 4366
"D:/GitHub/CutyKiller/GAME FOLDER/Content/DONT_USE/LPSDeluxe2TropicalEnvironment/LPSD2_Materials/Materials/Master_Color_Instances/MI_Color_Shamrock.uasset" 4367
"D:/GitHub/CutyKiller/GAME FOLDER/Content/DONT_USE/LPSDeluxe2TropicalEnvironment/LPSD2_Materials/Materials/Master_Color_Instances/MI_Color_Shamrock.uexp" 4368
"D:/GitHub/CutyKiller/GAME FOLDER/Content/DONT_USE/LPSDeluxe2TropicalEnvironment/LPSD2_Meshes/Tiki/SM_TikiPole_1.ubulk" 4369
"D:/GitHub/CutyKiller/GAME FOLDER/Content/DONT_USE/LPSDeluxe2TropicalEnvironment/LPSD2_Meshes/Tiki/SM_TikiPole_1.uasset" 4370
"D:/GitHub/CutyKiller/GAME FOLDER/Content/DONT_USE/LPSDeluxe2TropicalEnvironment/LPSD2_Meshes/Tiki/SM_TikiPole_1.uexp" 4371
"D:/GitHub/CutyKiller/GAME FOLDER/Content/DONT_USE/LPSDeluxe2TropicalEnvironment/LPSD2_Meshes/Mountain/SM_TRock_1.ubulk" 4372
"D:/GitHub/CutyKiller/GAME FOLDER/Content/DONT_USE/LPSDeluxe2TropicalEnvironment/LPSD2_Meshes/Mountain/SM_TRock_1.uasset" 4373
"D:/GitHub/CutyKiller/GAME FOLDER/Content/DONT_USE/LPSDeluxe2TropicalEnvironment/LPSD2_Meshes/Mountain/SM_TRock_1.uexp" 4374
"D:/GitHub/CutyKiller/GAME FOLDER/Content/DONT_USE/LPSDeluxe2TropicalEnvironment/LPSD2_Meshes/Mountain/SM_TRock_2.ubulk" 4375
"D:/GitHub/CutyKiller/GAME FOLDER/Content/DONT_USE/LPSDeluxe2TropicalEnvironment/LPSD2_Meshes/Mountain/SM_TRock_2.uasset" 4376
"D:/GitHub/CutyKiller/GAME FOLDER/Content/DONT_USE/LPSDeluxe2TropicalEnvironment/LPSD2_Meshes/Mountain/SM_TRock_2.uexp" 4377
"D:/GitHub/CutyKiller/GAME FOLDER/Content/DONT_USE/LPSDeluxe2TropicalEnvironment/LPSD2_Meshes/Mountain/SM_TRock_3.ubulk" 4378
"D:/GitHub/CutyKiller/GAME FOLDER/Content/DONT_USE/LPSDeluxe2TropicalEnvironment/LPSD2_Meshes/Mountain/SM_TRock_3.uasset" 4379
"D:/GitHub/CutyKiller/GAME FOLDER/Content/DONT_USE/LPSDeluxe2TropicalEnvironment/LPSD2_Meshes/Mountain/SM_TRock_3.uexp" 4380
"D:/GitHub/CutyKiller/GAME FOLDER/Content/DONT_USE/LPSDeluxe2TropicalEnvironment/LPSD2_Meshes/Water/SM_Water_CircleSmall.ubulk" 4381
"D:/GitHub/CutyKiller/GAME FOLDER/Content/DONT_USE/LPSDeluxe2TropicalEnvironment/LPSD2_Meshes/Water/SM_Water_CircleSmall.uasset" 4382
"D:/GitHub/CutyKiller/GAME FOLDER/Content/DONT_USE/LPSDeluxe2TropicalEnvironment/LPSD2_Meshes/Water/SM_Water_CircleSmall.uexp" 4383
"D:/GitHub/CutyKiller/GAME FOLDER/Content/DONT_USE/LPSDeluxe2TropicalEnvironment/LPSD2_Meshes/Platform/SM_LavaPlatform_1.ubulk" 4384
"D:/GitHub/CutyKiller/GAME FOLDER/Content/DONT_USE/LPSDeluxe2TropicalEnvironment/LPSD2_Meshes/Platform/SM_LavaPlatform_1.uasset" 4385
"D:/GitHub/CutyKiller/GAME FOLDER/Content/DONT_USE/LPSDeluxe2TropicalEnvironment/LPSD2_Meshes/Platform/SM_LavaPlatform_1.uexp" 4386
"D:/GitHub/CutyKiller/GAME FOLDER/Content/DONT_USE/LPSDeluxe2TropicalEnvironment/LPSD2_Meshes/Mountain/SM_FlatRockClust_1.ubulk" 4387
"D:/GitHub/CutyKiller/GAME FOLDER/Content/DONT_USE/LPSDeluxe2TropicalEnvironment/LPSD2_Meshes/Mountain/SM_FlatRockClust_1.uasset" 4388
"D:/GitHub/CutyKiller/GAME FOLDER/Content/DONT_USE/LPSDeluxe2TropicalEnvironment/LPSD2_Meshes/Mountain/SM_FlatRockClust_1.uexp" 4389
"D:/GitHub/CutyKiller/GAME FOLDER/Content/DONT_USE/LPSDeluxe2TropicalEnvironment/LPSD2_Meshes/Beach/SM_TropicalLighthouse_1.ubulk" 4390
"D:/GitHub/CutyKiller/GAME FOLDER/Content/DONT_USE/LPSDeluxe2TropicalEnvironment/LPSD2_Meshes/Beach/SM_TropicalLighthouse_1.uasset" 4391
"D:/GitHub/CutyKiller/GAME FOLDER/Content/DONT_USE/LPSDeluxe2TropicalEnvironment/LPSD2_Meshes/Beach/SM_TropicalLighthouse_1.uexp" 4392
"D:/GitHub/CutyKiller/GAME FOLDER/Content/DONT_USE/LPSDeluxe2TropicalEnvironment/LPSD2_Materials/SpecialMaterials/2SidedMaterials/MI_2Side_DarkPurple.uasset" 4393
"D:/GitHub/CutyKiller/GAME FOLDER/Content/DONT_USE/LPSDeluxe2TropicalEnvironment/LPSD2_Materials/SpecialMaterials/2SidedMaterials/MI_2Side_DarkPurple.uexp" 4394
"D:/GitHub/CutyKiller/GAME FOLDER/Content/DONT_USE/LPSDeluxe2TropicalEnvironment/LPSD2_Meshes/Pirate/SM_PRug_1.ubulk" 4395
"D:/GitHub/CutyKiller/GAME FOLDER/Content/DONT_USE/LPSDeluxe2TropicalEnvironment/LPSD2_Meshes/Pirate/SM_PRug_1.uasset" 4396
"D:/GitHub/CutyKiller/GAME FOLDER/Content/DONT_USE/LPSDeluxe2TropicalEnvironment/LPSD2_Meshes/Pirate/SM_PRug_1.uexp" 4397
"D:/GitHub/CutyKiller/GAME FOLDER/Content/DONT_USE/LPSDeluxe2TropicalEnvironment/LPSD2_Meshes/Volcano/SM_LavaCave_1.ubulk" 4398
"D:/GitHub/CutyKiller/GAME FOLDER/Content/DONT_USE/LPSDeluxe2TropicalEnvironment/LPSD2_Meshes/Volcano/SM_LavaCave_1.uasset" 4399
"D:/GitHub/CutyKiller/GAME FOLDER/Content/DONT_USE/LPSDeluxe2TropicalEnvironment/LPSD2_Meshes/Volcano/SM_LavaCave_1.uexp" 4400
"D:/GitHub/CutyKiller/GAME FOLDER/Content/DONT_USE/LPSDeluxe2TropicalEnvironment/LPSD2_Meshes/Volcano/SM_LavaCave_2.ubulk" 4401
"D:/GitHub/CutyKiller/GAME FOLDER/Content/DONT_USE/LPSDeluxe2TropicalEnvironment/LPSD2_Meshes/Volcano/SM_LavaCave_2.uasset" 4402
"D:/GitHub/CutyKiller/GAME FOLDER/Content/DONT_USE/LPSDeluxe2TropicalEnvironment/LPSD2_Meshes/Volcano/SM_LavaCave_2.uexp" 4403
"D:/GitHub/CutyKiller/GAME FOLDER/Content/DONT_USE/LPSDeluxe2TropicalEnvironment/LPSD2_Meshes/Volcano/SM_LavaCave_3.ubulk" 4404
"D:/GitHub/CutyKiller/GAME FOLDER/Content/DONT_USE/LPSDeluxe2TropicalEnvironment/LPSD2_Meshes/Volcano/SM_LavaCave_3.uasset" 4405
"D:/GitHub/CutyKiller/GAME FOLDER/Content/DONT_USE/LPSDeluxe2TropicalEnvironment/LPSD2_Meshes/Volcano/SM_LavaCave_3.uexp" 4406
"D:/GitHub/CutyKiller/GAME FOLDER/Content/DONT_USE/LPSDeluxe2TropicalEnvironment/LPSD2_Meshes/Mountain/SM_CliffSide_1_.ubulk" 4407
"D:/GitHub/CutyKiller/GAME FOLDER/Content/DONT_USE/LPSDeluxe2TropicalEnvironment/LPSD2_Meshes/Mountain/SM_CliffSide_1_.uasset" 4408
"D:/GitHub/CutyKiller/GAME FOLDER/Content/DONT_USE/LPSDeluxe2TropicalEnvironment/LPSD2_Meshes/Mountain/SM_CliffSide_1_.uexp" 4409
"D:/GitHub/CutyKiller/GAME FOLDER/Content/DONT_USE/LPSDeluxe2TropicalEnvironment/LPSD2_Materials/SpecialMaterials/2SidedMaterials/MI_2Side_Lime.uasset" 4410
"D:/GitHub/CutyKiller/GAME FOLDER/Content/DONT_USE/LPSDeluxe2TropicalEnvironment/LPSD2_Materials/SpecialMaterials/2SidedMaterials/MI_2Side_Lime.uexp" 4411
"D:/GitHub/CutyKiller/GAME FOLDER/Content/DONT_USE/LPSDeluxe2TropicalEnvironment/LPSD2_Materials/SpecialMaterials/2SidedMaterials/MI_2Side_HotPink.uasset" 4412
"D:/GitHub/CutyKiller/GAME FOLDER/Content/DONT_USE/LPSDeluxe2TropicalEnvironment/LPSD2_Materials/SpecialMaterials/2SidedMaterials/MI_2Side_HotPink.uexp" 4413
"D:/GitHub/CutyKiller/GAME FOLDER/Content/DONT_USE/LPSDeluxe2TropicalEnvironment/LPSD2_Meshes/Tiki/SM_CoconutDrink_1.ubulk" 4414
"D:/GitHub/CutyKiller/GAME FOLDER/Content/DONT_USE/LPSDeluxe2TropicalEnvironment/LPSD2_Meshes/Tiki/SM_CoconutDrink_1.uasset" 4415
"D:/GitHub/CutyKiller/GAME FOLDER/Content/DONT_USE/LPSDeluxe2TropicalEnvironment/LPSD2_Meshes/Tiki/SM_CoconutDrink_1.uexp" 4416
"D:/GitHub/CutyKiller/GAME FOLDER/Content/DONT_USE/LPSDeluxe2TropicalEnvironment/LPSD2_Meshes/Pirate/SM_JailKeys_1.ubulk" 4417
"D:/GitHub/CutyKiller/GAME FOLDER/Content/DONT_USE/LPSDeluxe2TropicalEnvironment/LPSD2_Meshes/Pirate/SM_JailKeys_1.uasset" 4418
"D:/GitHub/CutyKiller/GAME FOLDER/Content/DONT_USE/LPSDeluxe2TropicalEnvironment/LPSD2_Meshes/Pirate/SM_JailKeys_1.uexp" 4419
"D:/GitHub/CutyKiller/GAME FOLDER/Content/DONT_USE/LPSDeluxe2TropicalEnvironment/LPSD2_Materials/Materials/Master_Color_Instances/MI_Color_Bamboo_2.uasset" 4420
"D:/GitHub/CutyKiller/GAME FOLDER/Content/DONT_USE/LPSDeluxe2TropicalEnvironment/LPSD2_Materials/Materials/Master_Color_Instances/MI_Color_Bamboo_2.uexp" 4421
"D:/GitHub/CutyKiller/GAME FOLDER/Content/DONT_USE/LPSDeluxe2TropicalEnvironment/LPSD2_Materials/Materials/Master_Color_Instances/MI_Color_BrownGlass.uasset" 4422
"D:/GitHub/CutyKiller/GAME FOLDER/Content/DONT_USE/LPSDeluxe2TropicalEnvironment/LPSD2_Materials/Materials/Master_Color_Instances/MI_Color_BrownGlass.uexp" 4423
"D:/GitHub/CutyKiller/GAME FOLDER/Content/DONT_USE/LPSDeluxe2TropicalEnvironment/LPSD2_Meshes/Pirate/SM_RumBottle_1.ubulk" 4424
"D:/GitHub/CutyKiller/GAME FOLDER/Content/DONT_USE/LPSDeluxe2TropicalEnvironment/LPSD2_Meshes/Pirate/SM_RumBottle_1.uasset" 4425
"D:/GitHub/CutyKiller/GAME FOLDER/Content/DONT_USE/LPSDeluxe2TropicalEnvironment/LPSD2_Meshes/Pirate/SM_RumBottle_1.uexp" 4426
"D:/GitHub/CutyKiller/GAME FOLDER/Content/DONT_USE/LPSDeluxe2TropicalEnvironment/LPSD2_Meshes/Platform/SM_LStoneBlock_1.ubulk" 4427
"D:/GitHub/CutyKiller/GAME FOLDER/Content/DONT_USE/LPSDeluxe2TropicalEnvironment/LPSD2_Meshes/Platform/SM_LStoneBlock_1.uasset" 4428
"D:/GitHub/CutyKiller/GAME FOLDER/Content/DONT_USE/LPSDeluxe2TropicalEnvironment/LPSD2_Meshes/Platform/SM_LStoneBlock_1.uexp" 4429
"D:/GitHub/CutyKiller/GAME FOLDER/Content/DONT_USE/LPSDeluxe2TropicalEnvironment/LPSD2_Meshes/Pirate/SM_CaptainsChair_1.ubulk" 4430
"D:/GitHub/CutyKiller/GAME FOLDER/Content/DONT_USE/LPSDeluxe2TropicalEnvironment/LPSD2_Meshes/Pirate/SM_CaptainsChair_1.uasset" 4431
"D:/GitHub/CutyKiller/GAME FOLDER/Content/DONT_USE/LPSDeluxe2TropicalEnvironment/LPSD2_Meshes/Pirate/SM_CaptainsChair_1.uexp" 4432
"D:/GitHub/CutyKiller/GAME FOLDER/Content/DONT_USE/LPSDeluxe2TropicalEnvironment/LPSD2_Materials/Materials/Master_Color_Instances/MI_Metal_Copper.uasset" 4433
"D:/GitHub/CutyKiller/GAME FOLDER/Content/DONT_USE/LPSDeluxe2TropicalEnvironment/LPSD2_Materials/Materials/Master_Color_Instances/MI_Metal_Copper.uexp" 4434
"D:/GitHub/CutyKiller/GAME FOLDER/Content/DONT_USE/LPSDeluxe2TropicalEnvironment/LPSD2_Meshes/Pirate/SM_PirateChest_2.ubulk" 4435
"D:/GitHub/CutyKiller/GAME FOLDER/Content/DONT_USE/LPSDeluxe2TropicalEnvironment/LPSD2_Meshes/Pirate/SM_PirateChest_2.uasset" 4436
"D:/GitHub/CutyKiller/GAME FOLDER/Content/DONT_USE/LPSDeluxe2TropicalEnvironment/LPSD2_Meshes/Pirate/SM_PirateChest_2.uexp" 4437
"D:/GitHub/CutyKiller/GAME FOLDER/Content/DONT_USE/LPSDeluxe2TropicalEnvironment/LPSD2_Materials/SpecialMaterials/2SidedMaterials/MI_2Side_Black.uasset" 4438
"D:/GitHub/CutyKiller/GAME FOLDER/Content/DONT_USE/LPSDeluxe2TropicalEnvironment/LPSD2_Materials/SpecialMaterials/2SidedMaterials/MI_2Side_Black.uexp" 4439
"D:/GitHub/CutyKiller/GAME FOLDER/Content/DONT_USE/LPSDeluxe2TropicalEnvironment/LPSD2_Meshes/Tiki/SM_Ukulele_1.ubulk" 4440
"D:/GitHub/CutyKiller/GAME FOLDER/Content/DONT_USE/LPSDeluxe2TropicalEnvironment/LPSD2_Meshes/Tiki/SM_Ukulele_1.uasset" 4441
"D:/GitHub/CutyKiller/GAME FOLDER/Content/DONT_USE/LPSDeluxe2TropicalEnvironment/LPSD2_Meshes/Tiki/SM_Ukulele_1.uexp" 4442
"D:/GitHub/CutyKiller/GAME FOLDER/Content/DONT_USE/LPSDeluxe2TropicalEnvironment/LPSD2_Materials/Materials/Master_Color_Instances/MI_Glow_White.uasset" 4443
"D:/GitHub/CutyKiller/GAME FOLDER/Content/DONT_USE/LPSDeluxe2TropicalEnvironment/LPSD2_Materials/Materials/Master_Color_Instances/MI_Glow_White.uexp" 4444
"D:/GitHub/CutyKiller/GAME FOLDER/Content/DONT_USE/LPSDeluxe2TropicalEnvironment/LPSD2_Meshes/Beach/SM_Buoy_1.ubulk" 4445
"D:/GitHub/CutyKiller/GAME FOLDER/Content/DONT_USE/LPSDeluxe2TropicalEnvironment/LPSD2_Meshes/Beach/SM_Buoy_1.uasset" 4446
"D:/GitHub/CutyKiller/GAME FOLDER/Content/DONT_USE/LPSDeluxe2TropicalEnvironment/LPSD2_Meshes/Beach/SM_Buoy_1.uexp" 4447
"D:/GitHub/CutyKiller/GAME FOLDER/Content/DONT_USE/LPSDeluxe2TropicalEnvironment/LPSD2_Meshes/Platform/SM_XLPlatform_1.ubulk" 4448
"D:/GitHub/CutyKiller/GAME FOLDER/Content/DONT_USE/LPSDeluxe2TropicalEnvironment/LPSD2_Meshes/Platform/SM_XLPlatform_1.uasset" 4449
"D:/GitHub/CutyKiller/GAME FOLDER/Content/DONT_USE/LPSDeluxe2TropicalEnvironment/LPSD2_Meshes/Platform/SM_XLPlatform_1.uexp" 4450
"D:/GitHub/CutyKiller/GAME FOLDER/Content/DONT_USE/LPSDeluxe2TropicalEnvironment/LPSD2_Meshes/Mountain/SM_TropicMountain_1.ubulk" 4451
"D:/GitHub/CutyKiller/GAME FOLDER/Content/DONT_USE/LPSDeluxe2TropicalEnvironment/LPSD2_Meshes/Mountain/SM_TropicMountain_1.uasset" 4452
"D:/GitHub/CutyKiller/GAME FOLDER/Content/DONT_USE/LPSDeluxe2TropicalEnvironment/LPSD2_Meshes/Mountain/SM_TropicMountain_1.uexp" 4453
"D:/GitHub/CutyKiller/GAME FOLDER/Content/DONT_USE/LPSDeluxe2TropicalEnvironment/LPSD2_Meshes/Mountain/SM_TropicMountain_2.ubulk" 4454
"D:/GitHub/CutyKiller/GAME FOLDER/Content/DONT_USE/LPSDeluxe2TropicalEnvironment/LPSD2_Meshes/Mountain/SM_TropicMountain_2.uasset" 4455
"D:/GitHub/CutyKiller/GAME FOLDER/Content/DONT_USE/LPSDeluxe2TropicalEnvironment/LPSD2_Meshes/Mountain/SM_TropicMountain_2.uexp" 4456
"D:/GitHub/CutyKiller/GAME FOLDER/Content/DONT_USE/LPSDeluxe2TropicalEnvironment/LPSD2_Meshes/Mountain/SM_TropicMountain_3.ubulk" 4457
"D:/GitHub/CutyKiller/GAME FOLDER/Content/DONT_USE/LPSDeluxe2TropicalEnvironment/LPSD2_Meshes/Mountain/SM_TropicMountain_3.uasset" 4458
"D:/GitHub/CutyKiller/GAME FOLDER/Content/DONT_USE/LPSDeluxe2TropicalEnvironment/LPSD2_Meshes/Mountain/SM_TropicMountain_3.uexp" 4459
"D:/GitHub/CutyKiller/GAME FOLDER/Content/DONT_USE/LPSDeluxe2TropicalEnvironment/LPSD2_Meshes/Mountain/SM_TropicMountain_4.ubulk" 4460
"D:/GitHub/CutyKiller/GAME FOLDER/Content/DONT_USE/LPSDeluxe2TropicalEnvironment/LPSD2_Meshes/Mountain/SM_TropicMountain_4.uasset" 4461
"D:/GitHub/CutyKiller/GAME FOLDER/Content/DONT_USE/LPSDeluxe2TropicalEnvironment/LPSD2_Meshes/Mountain/SM_TropicMountain_4.uexp" 4462
"D:/GitHub/CutyKiller/GAME FOLDER/Content/DONT_USE/LPSDeluxe2TropicalEnvironment/LPSD2_Meshes/Mountain/SM_TropicMountain_5.ubulk" 4463
"D:/GitHub/CutyKiller/GAME FOLDER/Content/DONT_USE/LPSDeluxe2TropicalEnvironment/LPSD2_Meshes/Mountain/SM_TropicMountain_5.uasset" 4464
"D:/GitHub/CutyKiller/GAME FOLDER/Content/DONT_USE/LPSDeluxe2TropicalEnvironment/LPSD2_Meshes/Mountain/SM_TropicMountain_5.uexp" 4465
"D:/GitHub/CutyKiller/GAME FOLDER/Content/DONT_USE/LPSDeluxe2TropicalEnvironment/LPSD2_Textures/T_CoinPile.ubulk" 4466
"D:/GitHub/CutyKiller/GAME FOLDER/Content/DONT_USE/LPSDeluxe2TropicalEnvironment/LPSD2_Textures/T_CoinPile.uasset" 4467
"D:/GitHub/CutyKiller/GAME FOLDER/Content/DONT_USE/LPSDeluxe2TropicalEnvironment/LPSD2_Textures/T_CoinPile.uexp" 4468
"D:/GitHub/CutyKiller/GAME FOLDER/Content/DONT_USE/LPSDeluxe2TropicalEnvironment/LPSD2_Textures/T_CoinPile_N.ubulk" 4469
"D:/GitHub/CutyKiller/GAME FOLDER/Content/DONT_USE/LPSDeluxe2TropicalEnvironment/LPSD2_Textures/T_CoinPile_N.uasset" 4470
"D:/GitHub/CutyKiller/GAME FOLDER/Content/DONT_USE/LPSDeluxe2TropicalEnvironment/LPSD2_Textures/T_CoinPile_N.uexp" 4471
"D:/GitHub/CutyKiller/GAME FOLDER/Content/DONT_USE/LPSDeluxe2TropicalEnvironment/LPSD2_Materials/SpecialMaterials/MiscMaterials/M_GoldCoin_Base_1.uasset" 4472
"D:/GitHub/CutyKiller/GAME FOLDER/Content/DONT_USE/LPSDeluxe2TropicalEnvironment/LPSD2_Materials/SpecialMaterials/MiscMaterials/M_GoldCoin_Base_1.uexp" 4473
"D:/GitHub/CutyKiller/GAME FOLDER/Content/DONT_USE/LPSDeluxe2TropicalEnvironment/LPSD2_Materials/SpecialMaterials/MiscMaterials/M_GoldCoin_Top_1.uasset" 4474
"D:/GitHub/CutyKiller/GAME FOLDER/Content/DONT_USE/LPSDeluxe2TropicalEnvironment/LPSD2_Materials/SpecialMaterials/MiscMaterials/M_GoldCoin_Top_1.uexp" 4475
"D:/GitHub/CutyKiller/GAME FOLDER/Content/DONT_USE/LPSDeluxe2TropicalEnvironment/LPSD2_Meshes/Treasure/SM_Pile_1.ubulk" 4476
"D:/GitHub/CutyKiller/GAME FOLDER/Content/DONT_USE/LPSDeluxe2TropicalEnvironment/LPSD2_Meshes/Treasure/SM_Pile_1.uasset" 4477
"D:/GitHub/CutyKiller/GAME FOLDER/Content/DONT_USE/LPSDeluxe2TropicalEnvironment/LPSD2_Meshes/Treasure/SM_Pile_1.uexp" 4478
"D:/GitHub/CutyKiller/GAME FOLDER/Content/DONT_USE/LPSDeluxe2TropicalEnvironment/LPSD2_Materials/SpecialMaterials/MiscMaterials/M_GoldCoin_Base2.uasset" 4479
"D:/GitHub/CutyKiller/GAME FOLDER/Content/DONT_USE/LPSDeluxe2TropicalEnvironment/LPSD2_Materials/SpecialMaterials/MiscMaterials/M_GoldCoin_Base2.uexp" 4480
"D:/GitHub/CutyKiller/GAME FOLDER/Content/DONT_USE/LPSDeluxe2TropicalEnvironment/LPSD2_Materials/SpecialMaterials/MiscMaterials/M_GoldCoin_Top_2.uasset" 4481
"D:/GitHub/CutyKiller/GAME FOLDER/Content/DONT_USE/LPSDeluxe2TropicalEnvironment/LPSD2_Materials/SpecialMaterials/MiscMaterials/M_GoldCoin_Top_2.uexp" 4482
"D:/GitHub/CutyKiller/GAME FOLDER/Content/DONT_USE/LPSDeluxe2TropicalEnvironment/LPSD2_Meshes/Treasure/SM_Pile_2.ubulk" 4483
"D:/GitHub/CutyKiller/GAME FOLDER/Content/DONT_USE/LPSDeluxe2TropicalEnvironment/LPSD2_Meshes/Treasure/SM_Pile_2.uasset" 4484
"D:/GitHub/CutyKiller/GAME FOLDER/Content/DONT_USE/LPSDeluxe2TropicalEnvironment/LPSD2_Meshes/Treasure/SM_Pile_2.uexp" 4485
"D:/GitHub/CutyKiller/GAME FOLDER/Content/DONT_USE/LPSDeluxe2TropicalEnvironment/LPSD2_Meshes/Mountain/SM_CliffTop_1.ubulk" 4486
"D:/GitHub/CutyKiller/GAME FOLDER/Content/DONT_USE/LPSDeluxe2TropicalEnvironment/LPSD2_Meshes/Mountain/SM_CliffTop_1.uasset" 4487
"D:/GitHub/CutyKiller/GAME FOLDER/Content/DONT_USE/LPSDeluxe2TropicalEnvironment/LPSD2_Meshes/Mountain/SM_CliffTop_1.uexp" 4488
"D:/GitHub/CutyKiller/GAME FOLDER/Content/DONT_USE/LPSDeluxe2TropicalEnvironment/LPSD2_Meshes/Mountain/SM_CliffTop_2.ubulk" 4489
"D:/GitHub/CutyKiller/GAME FOLDER/Content/DONT_USE/LPSDeluxe2TropicalEnvironment/LPSD2_Meshes/Mountain/SM_CliffTop_2.uasset" 4490
"D:/GitHub/CutyKiller/GAME FOLDER/Content/DONT_USE/LPSDeluxe2TropicalEnvironment/LPSD2_Meshes/Mountain/SM_CliffTop_2.uexp" 4491
"D:/GitHub/CutyKiller/GAME FOLDER/Content/DONT_USE/LPSDeluxe2TropicalEnvironment/LPSD2_Meshes/Pirate/SM_Chalice_1.ubulk" 4492
"D:/GitHub/CutyKiller/GAME FOLDER/Content/DONT_USE/LPSDeluxe2TropicalEnvironment/LPSD2_Meshes/Pirate/SM_Chalice_1.uasset" 4493
"D:/GitHub/CutyKiller/GAME FOLDER/Content/DONT_USE/LPSDeluxe2TropicalEnvironment/LPSD2_Meshes/Pirate/SM_Chalice_1.uexp" 4494
"D:/GitHub/CutyKiller/GAME FOLDER/Content/DONT_USE/LPSDeluxe2TropicalEnvironment/LPSD2_Meshes/Mountain/SM_CliffSide_2.ubulk" 4495
"D:/GitHub/CutyKiller/GAME FOLDER/Content/DONT_USE/LPSDeluxe2TropicalEnvironment/LPSD2_Meshes/Mountain/SM_CliffSide_2.uasset" 4496
"D:/GitHub/CutyKiller/GAME FOLDER/Content/DONT_USE/LPSDeluxe2TropicalEnvironment/LPSD2_Meshes/Mountain/SM_CliffSide_2.uexp" 4497
"D:/GitHub/CutyKiller/GAME FOLDER/Content/DONT_USE/LPSDeluxe2TropicalEnvironment/LPSD2_Meshes/Mountain/SM_CliffSide_3.ubulk" 4498
"D:/GitHub/CutyKiller/GAME FOLDER/Content/DONT_USE/LPSDeluxe2TropicalEnvironment/LPSD2_Meshes/Mountain/SM_CliffSide_3.uasset" 4499
"D:/GitHub/CutyKiller/GAME FOLDER/Content/DONT_USE/LPSDeluxe2TropicalEnvironment/LPSD2_Meshes/Mountain/SM_CliffSide_3.uexp" 4500
"D:/GitHub/CutyKiller/GAME FOLDER/Content/DONT_USE/LPSDeluxe2TropicalEnvironment/LPSD2_Meshes/Mountain/SM_CliffSide_4.ubulk" 4501
"D:/GitHub/CutyKiller/GAME FOLDER/Content/DONT_USE/LPSDeluxe2TropicalEnvironment/LPSD2_Meshes/Mountain/SM_CliffSide_4.uasset" 4502
"D:/GitHub/CutyKiller/GAME FOLDER/Content/DONT_USE/LPSDeluxe2TropicalEnvironment/LPSD2_Meshes/Mountain/SM_CliffSide_4.uexp" 4503
"D:/GitHub/CutyKiller/GAME FOLDER/Content/DONT_USE/LPSDeluxe2TropicalEnvironment/LPSD2_Meshes/Mountain/SM_CliffSide_5.ubulk" 4504
"D:/GitHub/CutyKiller/GAME FOLDER/Content/DONT_USE/LPSDeluxe2TropicalEnvironment/LPSD2_Meshes/Mountain/SM_CliffSide_5.uasset" 4505
"D:/GitHub/CutyKiller/GAME FOLDER/Content/DONT_USE/LPSDeluxe2TropicalEnvironment/LPSD2_Meshes/Mountain/SM_CliffSide_5.uexp" 4506
"D:/GitHub/CutyKiller/GAME FOLDER/Content/DONT_USE/LPSDeluxe2TropicalEnvironment/LPSD2_Materials/SpecialMaterials/WindMaterials/MI_Wind_1.uasset" 4507
"D:/GitHub/CutyKiller/GAME FOLDER/Content/DONT_USE/LPSDeluxe2TropicalEnvironment/LPSD2_Materials/SpecialMaterials/WindMaterials/MI_Wind_1.uexp" 4508
"D:/GitHub/CutyKiller/GAME FOLDER/Content/DONT_USE/LPSDeluxe2TropicalEnvironment/LPSD2_Materials/SpecialMaterials/WindMaterials/MI_Wind_18.uasset" 4509
"D:/GitHub/CutyKiller/GAME FOLDER/Content/DONT_USE/LPSDeluxe2TropicalEnvironment/LPSD2_Materials/SpecialMaterials/WindMaterials/MI_Wind_18.uexp" 4510
"D:/GitHub/CutyKiller/GAME FOLDER/Content/DONT_USE/LPSDeluxe2TropicalEnvironment/LPSD2_Meshes/Flora/SM_PalmTree_1.ubulk" 4511
"D:/GitHub/CutyKiller/GAME FOLDER/Content/DONT_USE/LPSDeluxe2TropicalEnvironment/LPSD2_Meshes/Flora/SM_PalmTree_1.uasset" 4512
"D:/GitHub/CutyKiller/GAME FOLDER/Content/DONT_USE/LPSDeluxe2TropicalEnvironment/LPSD2_Meshes/Flora/SM_PalmTree_1.uexp" 4513
"D:/GitHub/CutyKiller/GAME FOLDER/Content/DONT_USE/LPSDeluxe2TropicalEnvironment/LPSD2_Meshes/Water/SM_Water_CircleLarge.ubulk" 4514
"D:/GitHub/CutyKiller/GAME FOLDER/Content/DONT_USE/LPSDeluxe2TropicalEnvironment/LPSD2_Meshes/Water/SM_Water_CircleLarge.uasset" 4515
"D:/GitHub/CutyKiller/GAME FOLDER/Content/DONT_USE/LPSDeluxe2TropicalEnvironment/LPSD2_Meshes/Water/SM_Water_CircleLarge.uexp" 4516
"D:/GitHub/CutyKiller/GAME FOLDER/Content/DONT_USE/LPSDeluxe2TropicalEnvironment/LPSD2_Materials/SpecialMaterials/2SidedMaterials/MI_2Side_BrightOrange.uasset" 4517
"D:/GitHub/CutyKiller/GAME FOLDER/Content/DONT_USE/LPSDeluxe2TropicalEnvironment/LPSD2_Materials/SpecialMaterials/2SidedMaterials/MI_2Side_BrightOrange.uexp" 4518
"D:/GitHub/CutyKiller/GAME FOLDER/Content/DONT_USE/LPSDeluxe2TropicalEnvironment/LPSD2_Meshes/Tiki/SM_TikiSpear_1.ubulk" 4519
"D:/GitHub/CutyKiller/GAME FOLDER/Content/DONT_USE/LPSDeluxe2TropicalEnvironment/LPSD2_Meshes/Tiki/SM_TikiSpear_1.uasset" 4520
"D:/GitHub/CutyKiller/GAME FOLDER/Content/DONT_USE/LPSDeluxe2TropicalEnvironment/LPSD2_Meshes/Tiki/SM_TikiSpear_1.uexp" 4521
"D:/GitHub/CutyKiller/GAME FOLDER/Content/DONT_USE/LPSDeluxe2TropicalEnvironment/LPSD2_Materials/SpecialMaterials/MiscMaterials/M_VolcanoSmoke.uasset" 4522
"D:/GitHub/CutyKiller/GAME FOLDER/Content/DONT_USE/LPSDeluxe2TropicalEnvironment/LPSD2_Materials/SpecialMaterials/MiscMaterials/M_VolcanoSmoke.uexp" 4523
"D:/GitHub/CutyKiller/GAME FOLDER/Content/DONT_USE/LPSDeluxe2TropicalEnvironment/LPSD2_Meshes/Volcano/SM_VolcanoSmoke_1.ubulk" 4524
"D:/GitHub/CutyKiller/GAME FOLDER/Content/DONT_USE/LPSDeluxe2TropicalEnvironment/LPSD2_Meshes/Volcano/SM_VolcanoSmoke_1.uasset" 4525
"D:/GitHub/CutyKiller/GAME FOLDER/Content/DONT_USE/LPSDeluxe2TropicalEnvironment/LPSD2_Meshes/Volcano/SM_VolcanoSmoke_1.uexp" 4526
"D:/GitHub/CutyKiller/GAME FOLDER/Content/DONT_USE/LPSDeluxe2TropicalEnvironment/LPSD2_Meshes/Water/SM_TropicCloud_1.ubulk" 4527
"D:/GitHub/CutyKiller/GAME FOLDER/Content/DONT_USE/LPSDeluxe2TropicalEnvironment/LPSD2_Meshes/Water/SM_TropicCloud_1.uasset" 4528
"D:/GitHub/CutyKiller/GAME FOLDER/Content/DONT_USE/LPSDeluxe2TropicalEnvironment/LPSD2_Meshes/Water/SM_TropicCloud_1.uexp" 4529
"D:/GitHub/CutyKiller/GAME FOLDER/Content/DONT_USE/LPSDeluxe2TropicalEnvironment/LPSD2_Meshes/Water/SM_TropicCloud_2.ubulk" 4530
"D:/GitHub/CutyKiller/GAME FOLDER/Content/DONT_USE/LPSDeluxe2TropicalEnvironment/LPSD2_Meshes/Water/SM_TropicCloud_2.uasset" 4531
"D:/GitHub/CutyKiller/GAME FOLDER/Content/DONT_USE/LPSDeluxe2TropicalEnvironment/LPSD2_Meshes/Water/SM_TropicCloud_2.uexp" 4532
"D:/GitHub/CutyKiller/GAME FOLDER/Content/DONT_USE/LPSDeluxe2TropicalEnvironment/LPSD2_Meshes/Flora/SM_Bamboo_1.ubulk" 4533
"D:/GitHub/CutyKiller/GAME FOLDER/Content/DONT_USE/LPSDeluxe2TropicalEnvironment/LPSD2_Meshes/Flora/SM_Bamboo_1.uasset" 4534
"D:/GitHub/CutyKiller/GAME FOLDER/Content/DONT_USE/LPSDeluxe2TropicalEnvironment/LPSD2_Meshes/Flora/SM_Bamboo_1.uexp" 4535
"D:/GitHub/CutyKiller/GAME FOLDER/Content/DONT_USE/LPSDeluxe2TropicalEnvironment/LPSD2_Meshes/Beach/SM_SmallBoat_1.ubulk" 4536
"D:/GitHub/CutyKiller/GAME FOLDER/Content/DONT_USE/LPSDeluxe2TropicalEnvironment/LPSD2_Meshes/Beach/SM_SmallBoat_1.uasset" 4537
"D:/GitHub/CutyKiller/GAME FOLDER/Content/DONT_USE/LPSDeluxe2TropicalEnvironment/LPSD2_Meshes/Beach/SM_SmallBoat_1.uexp" 4538
"D:/GitHub/CutyKiller/GAME FOLDER/Content/DONT_USE/LPSDeluxe2TropicalEnvironment/LPSD2_Materials/Materials/Master_Color_Instances/MI_Color_2S_Pine.uasset" 4539
"D:/GitHub/CutyKiller/GAME FOLDER/Content/DONT_USE/LPSDeluxe2TropicalEnvironment/LPSD2_Materials/Materials/Master_Color_Instances/MI_Color_2S_Pine.uexp" 4540
"D:/GitHub/CutyKiller/GAME FOLDER/Content/DONT_USE/LPSDeluxe2TropicalEnvironment/LPSD2_Meshes/Pirate/SM_MapRoll_1.ubulk" 4541
"D:/GitHub/CutyKiller/GAME FOLDER/Content/DONT_USE/LPSDeluxe2TropicalEnvironment/LPSD2_Meshes/Pirate/SM_MapRoll_1.uasset" 4542
"D:/GitHub/CutyKiller/GAME FOLDER/Content/DONT_USE/LPSDeluxe2TropicalEnvironment/LPSD2_Meshes/Pirate/SM_MapRoll_1.uexp" 4543
"D:/GitHub/CutyKiller/GAME FOLDER/Content/DONT_USE/LPSDeluxe2TropicalEnvironment/LPSD2_Meshes/Pirate/SM_MapRoll_2.ubulk" 4544
"D:/GitHub/CutyKiller/GAME FOLDER/Content/DONT_USE/LPSDeluxe2TropicalEnvironment/LPSD2_Meshes/Pirate/SM_MapRoll_2.uasset" 4545
"D:/GitHub/CutyKiller/GAME FOLDER/Content/DONT_USE/LPSDeluxe2TropicalEnvironment/LPSD2_Meshes/Pirate/SM_MapRoll_2.uexp" 4546
"D:/GitHub/CutyKiller/GAME FOLDER/Content/DONT_USE/LPSDeluxe2TropicalEnvironment/LPSD2_Meshes/Pirate/SM_Book_1.ubulk" 4547
"D:/GitHub/CutyKiller/GAME FOLDER/Content/DONT_USE/LPSDeluxe2TropicalEnvironment/LPSD2_Meshes/Pirate/SM_Book_1.uasset" 4548
"D:/GitHub/CutyKiller/GAME FOLDER/Content/DONT_USE/LPSDeluxe2TropicalEnvironment/LPSD2_Meshes/Pirate/SM_Book_1.uexp" 4549
"D:/GitHub/CutyKiller/GAME FOLDER/Content/DONT_USE/LPSDeluxe2TropicalEnvironment/LPSD2_Materials/Materials/Master_Color_Instances/MI_Glow_Sky.uasset" 4550
"D:/GitHub/CutyKiller/GAME FOLDER/Content/DONT_USE/LPSDeluxe2TropicalEnvironment/LPSD2_Materials/Materials/Master_Color_Instances/MI_Glow_Sky.uexp" 4551
"D:/GitHub/CutyKiller/GAME FOLDER/Content/DONT_USE/LPSDeluxe2TropicalEnvironment/LPSD2_Meshes/Misc/SM_SkyDome_1.ubulk" 4552
"D:/GitHub/CutyKiller/GAME FOLDER/Content/DONT_USE/LPSDeluxe2TropicalEnvironment/LPSD2_Meshes/Misc/SM_SkyDome_1.uasset" 4553
"D:/GitHub/CutyKiller/GAME FOLDER/Content/DONT_USE/LPSDeluxe2TropicalEnvironment/LPSD2_Meshes/Misc/SM_SkyDome_1.uexp" 4554
"D:/GitHub/CutyKiller/GAME FOLDER/Content/DONT_USE/LPSDeluxe2TropicalEnvironment/LPSD2_Materials/SpecialMaterials/WaterMaterials/M_WaterFall.uasset" 4555
"D:/GitHub/CutyKiller/GAME FOLDER/Content/DONT_USE/LPSDeluxe2TropicalEnvironment/LPSD2_Materials/SpecialMaterials/WaterMaterials/M_WaterFall.uexp" 4556
"D:/GitHub/CutyKiller/GAME FOLDER/Content/DONT_USE/LPSDeluxe2TropicalEnvironment/LPSD2_Meshes/Water/SM_TropicWaterFall_1.ubulk" 4557
"D:/GitHub/CutyKiller/GAME FOLDER/Content/DONT_USE/LPSDeluxe2TropicalEnvironment/LPSD2_Meshes/Water/SM_TropicWaterFall_1.uasset" 4558
"D:/GitHub/CutyKiller/GAME FOLDER/Content/DONT_USE/LPSDeluxe2TropicalEnvironment/LPSD2_Meshes/Water/SM_TropicWaterFall_1.uexp" 4559
"D:/GitHub/CutyKiller/GAME FOLDER/Content/DONT_USE/LPSDeluxe2TropicalEnvironment/LPSD2_Meshes/Flora/SM_LeafyCover_1.ubulk" 4560
"D:/GitHub/CutyKiller/GAME FOLDER/Content/DONT_USE/LPSDeluxe2TropicalEnvironment/LPSD2_Meshes/Flora/SM_LeafyCover_1.uasset" 4561
"D:/GitHub/CutyKiller/GAME FOLDER/Content/DONT_USE/LPSDeluxe2TropicalEnvironment/LPSD2_Meshes/Flora/SM_LeafyCover_1.uexp" 4562
"D:/GitHub/CutyKiller/GAME FOLDER/Content/DONT_USE/LPSDeluxe2TropicalEnvironment/LPSD2_Meshes/Flora/SM_Underbrush_1.ubulk" 4563
"D:/GitHub/CutyKiller/GAME FOLDER/Content/DONT_USE/LPSDeluxe2TropicalEnvironment/LPSD2_Meshes/Flora/SM_Underbrush_1.uasset" 4564
"D:/GitHub/CutyKiller/GAME FOLDER/Content/DONT_USE/LPSDeluxe2TropicalEnvironment/LPSD2_Meshes/Flora/SM_Underbrush_1.uexp" 4565
"D:/GitHub/CutyKiller/GAME FOLDER/Content/DONT_USE/LPSDeluxe2TropicalEnvironment/LPSD2_Meshes/Pirate/SM_CaptainTable_1.ubulk" 4566
"D:/GitHub/CutyKiller/GAME FOLDER/Content/DONT_USE/LPSDeluxe2TropicalEnvironment/LPSD2_Meshes/Pirate/SM_CaptainTable_1.uasset" 4567
"D:/GitHub/CutyKiller/GAME FOLDER/Content/DONT_USE/LPSDeluxe2TropicalEnvironment/LPSD2_Meshes/Pirate/SM_CaptainTable_1.uexp" 4568
"D:/GitHub/CutyKiller/GAME FOLDER/Content/DONT_USE/LPSDeluxe2TropicalEnvironment/LPSD2_Meshes/Treasure/SM_TreasureBar_1.ubulk" 4569
"D:/GitHub/CutyKiller/GAME FOLDER/Content/DONT_USE/LPSDeluxe2TropicalEnvironment/LPSD2_Meshes/Treasure/SM_TreasureBar_1.uasset" 4570
"D:/GitHub/CutyKiller/GAME FOLDER/Content/DONT_USE/LPSDeluxe2TropicalEnvironment/LPSD2_Meshes/Treasure/SM_TreasureBar_1.uexp" 4571
"D:/GitHub/CutyKiller/GAME FOLDER/Content/DONT_USE/LPSDeluxe2TropicalEnvironment/LPSD2_Meshes/Beach/SM_BeachDock_1.ubulk" 4572
"D:/GitHub/CutyKiller/GAME FOLDER/Content/DONT_USE/LPSDeluxe2TropicalEnvironment/LPSD2_Meshes/Beach/SM_BeachDock_1.uasset" 4573
"D:/GitHub/CutyKiller/GAME FOLDER/Content/DONT_USE/LPSDeluxe2TropicalEnvironment/LPSD2_Meshes/Beach/SM_BeachDock_1.uexp" 4574
"D:/GitHub/CutyKiller/GAME FOLDER/Content/DONT_USE/LPSDeluxe2TropicalEnvironment/LPSD2_Meshes/Pirate/SM_MessageBottle_1.ubulk" 4575
"D:/GitHub/CutyKiller/GAME FOLDER/Content/DONT_USE/LPSDeluxe2TropicalEnvironment/LPSD2_Meshes/Pirate/SM_MessageBottle_1.uasset" 4576
"D:/GitHub/CutyKiller/GAME FOLDER/Content/DONT_USE/LPSDeluxe2TropicalEnvironment/LPSD2_Meshes/Pirate/SM_MessageBottle_1.uexp" 4577
"D:/GitHub/CutyKiller/GAME FOLDER/Content/DONT_USE/LPSDeluxe2TropicalEnvironment/LPSD2_Meshes/Flora/SM_CoconutPalm_1.ubulk" 4578
"D:/GitHub/CutyKiller/GAME FOLDER/Content/DONT_USE/LPSDeluxe2TropicalEnvironment/LPSD2_Meshes/Flora/SM_CoconutPalm_1.uasset" 4579
"D:/GitHub/CutyKiller/GAME FOLDER/Content/DONT_USE/LPSDeluxe2TropicalEnvironment/LPSD2_Meshes/Flora/SM_CoconutPalm_1.uexp" 4580
"D:/GitHub/CutyKiller/GAME FOLDER/Content/DONT_USE/LPSDeluxe2TropicalEnvironment/LPSD2_Meshes/Beach/SM_Boombox_1.ubulk" 4581
"D:/GitHub/CutyKiller/GAME FOLDER/Content/DONT_USE/LPSDeluxe2TropicalEnvironment/LPSD2_Meshes/Beach/SM_Boombox_1.uasset" 4582
"D:/GitHub/CutyKiller/GAME FOLDER/Content/DONT_USE/LPSDeluxe2TropicalEnvironment/LPSD2_Meshes/Beach/SM_Boombox_1.uexp" 4583
"D:/GitHub/CutyKiller/GAME FOLDER/Content/DONT_USE/LPSDeluxe2TropicalEnvironment/ExampleMaps/OverviewMap.uexp" 4584
"D:/GitHub/CutyKiller/GAME FOLDER/Content/DONT_USE/LPSDeluxe2TropicalEnvironment/ExampleMaps/OverviewMap.ubulk" 4585
"D:/GitHub/CutyKiller/GAME FOLDER/Content/DONT_USE/LPSDeluxe2TropicalEnvironment/ExampleMaps/OverviewMap.umap" 4586
"D:/GitHub/CutyKiller/GAME FOLDER/Content/DONT_USE/LPSDeluxe2TropicalEnvironment/ExampleMaps/DemoMap1_sharedassets/Rock_LayerInfo.uasset" 4587
"D:/GitHub/CutyKiller/GAME FOLDER/Content/DONT_USE/LPSDeluxe2TropicalEnvironment/ExampleMaps/DemoMap1_sharedassets/Rock_LayerInfo.uexp" 4588
"D:/GitHub/CutyKiller/GAME FOLDER/Content/DONT_USE/LPSDeluxe2TropicalEnvironment/LPSD2_Materials/Materials/Master_Color_Instances/MI_Color_Forest.uasset" 4589
"D:/GitHub/CutyKiller/GAME FOLDER/Content/DONT_USE/LPSDeluxe2TropicalEnvironment/LPSD2_Materials/Materials/Master_Color_Instances/MI_Color_Forest.uexp" 4590
"D:/GitHub/CutyKiller/GAME FOLDER/Content/DONT_USE/LPSDeluxe2TropicalEnvironment/LPSD2_Materials/SpecialMaterials/MiscMaterials/M_TreeBreeze_Display.uasset" 4591
"D:/GitHub/CutyKiller/GAME FOLDER/Content/DONT_USE/LPSDeluxe2TropicalEnvironment/LPSD2_Materials/SpecialMaterials/MiscMaterials/M_TreeBreeze_Display.uexp" 4592
"D:/GitHub/CutyKiller/GAME FOLDER/Content/DONT_USE/LPSDeluxe2TropicalEnvironment/LPSD2_Materials/SpecialMaterials/2ToneMaterials/M_Mount_Master.uasset" 4593
"D:/GitHub/CutyKiller/GAME FOLDER/Content/DONT_USE/LPSDeluxe2TropicalEnvironment/LPSD2_Materials/SpecialMaterials/2ToneMaterials/M_Mount_Master.uexp" 4594
"D:/GitHub/CutyKiller/GAME FOLDER/Content/DONT_USE/LPSDeluxe2TropicalEnvironment/LPSD2_Materials/SpecialMaterials/2ToneMaterials/MI_Mount_TropicBlue.uasset" 4595
"D:/GitHub/CutyKiller/GAME FOLDER/Content/DONT_USE/LPSDeluxe2TropicalEnvironment/LPSD2_Materials/SpecialMaterials/2ToneMaterials/MI_Mount_TropicBlue.uexp" 4596
"D:/GitHub/CutyKiller/GAME FOLDER/Content/DONT_USE/LPSDeluxe2TropicalEnvironment/LPSD2_Materials/SpecialMaterials/2ToneMaterials/MI_Mount_Purple.uasset" 4597
"D:/GitHub/CutyKiller/GAME FOLDER/Content/DONT_USE/LPSDeluxe2TropicalEnvironment/LPSD2_Materials/SpecialMaterials/2ToneMaterials/MI_Mount_Purple.uexp" 4598
"D:/GitHub/CutyKiller/GAME FOLDER/Content/DONT_USE/LPSDeluxe2TropicalEnvironment/ExampleMaps/DemoMap1_sharedassets/LavaRock_LayerInfo.uasset" 4599
"D:/GitHub/CutyKiller/GAME FOLDER/Content/DONT_USE/LPSDeluxe2TropicalEnvironment/ExampleMaps/DemoMap1_sharedassets/LavaRock_LayerInfo.uexp" 4600
"D:/GitHub/CutyKiller/GAME FOLDER/Content/DONT_USE/LPSDeluxe2TropicalEnvironment/LPSD2_Materials/SpecialMaterials/2ToneMaterials/MI_Mount_Red.uasset" 4601
"D:/GitHub/CutyKiller/GAME FOLDER/Content/DONT_USE/LPSDeluxe2TropicalEnvironment/LPSD2_Materials/SpecialMaterials/2ToneMaterials/MI_Mount_Red.uexp" 4602
"D:/GitHub/CutyKiller/GAME FOLDER/Content/DONT_USE/LPSDeluxe2TropicalEnvironment/LPSD2_Materials/SpecialMaterials/2ToneMaterials/MI_Mount_Slate.uasset" 4603
"D:/GitHub/CutyKiller/GAME FOLDER/Content/DONT_USE/LPSDeluxe2TropicalEnvironment/LPSD2_Materials/SpecialMaterials/2ToneMaterials/MI_Mount_Slate.uexp" 4604
"D:/GitHub/CutyKiller/GAME FOLDER/Content/DONT_USE/LPSDeluxe2TropicalEnvironment/LPSD2_Materials/Materials/Master_Color_Instances/MI_Gem_LightAmethyst.uasset" 4605
"D:/GitHub/CutyKiller/GAME FOLDER/Content/DONT_USE/LPSDeluxe2TropicalEnvironment/LPSD2_Materials/Materials/Master_Color_Instances/MI_Gem_LightAmethyst.uexp" 4606
"D:/GitHub/CutyKiller/GAME FOLDER/Content/DONT_USE/LPSDeluxe2TropicalEnvironment/LPSD2_Meshes/Pirate/SM_ShipBarrel_3.ubulk" 4607
"D:/GitHub/CutyKiller/GAME FOLDER/Content/DONT_USE/LPSDeluxe2TropicalEnvironment/LPSD2_Meshes/Pirate/SM_ShipBarrel_3.uasset" 4608
"D:/GitHub/CutyKiller/GAME FOLDER/Content/DONT_USE/LPSDeluxe2TropicalEnvironment/LPSD2_Meshes/Pirate/SM_ShipBarrel_3.uexp" 4609
"D:/GitHub/CutyKiller/GAME FOLDER/Content/DONT_USE/LPSDeluxe2TropicalEnvironment/ExampleMaps/DemoMap1_sharedassets/Wet_Sand_LayerInfo.uasset" 4610
"D:/GitHub/CutyKiller/GAME FOLDER/Content/DONT_USE/LPSDeluxe2TropicalEnvironment/ExampleMaps/DemoMap1_sharedassets/Wet_Sand_LayerInfo.uexp" 4611
"D:/GitHub/CutyKiller/GAME FOLDER/Content/DONT_USE/LPSDeluxe2TropicalEnvironment/LPSD2_Materials/SpecialMaterials/2ToneMaterials/MI_Mount_CreamOrange.uasset" 4612
"D:/GitHub/CutyKiller/GAME FOLDER/Content/DONT_USE/LPSDeluxe2TropicalEnvironment/LPSD2_Materials/SpecialMaterials/2ToneMaterials/MI_Mount_CreamOrange.uexp" 4613
"D:/GitHub/CutyKiller/GAME FOLDER/Content/DONT_USE/LPSDeluxe2TropicalEnvironment/LPSD2_Materials/SpecialMaterials/MiscMaterials/M_JollyRogerDisplay.uasset" 4614
"D:/GitHub/CutyKiller/GAME FOLDER/Content/DONT_USE/LPSDeluxe2TropicalEnvironment/LPSD2_Materials/SpecialMaterials/MiscMaterials/M_JollyRogerDisplay.uexp" 4615
"D:/GitHub/CutyKiller/GAME FOLDER/Content/DONT_USE/LPSDeluxe2TropicalEnvironment/LPSD2_Materials/Materials/Master_Color_Instances/MI_Color_Lime.uasset" 4616
"D:/GitHub/CutyKiller/GAME FOLDER/Content/DONT_USE/LPSDeluxe2TropicalEnvironment/LPSD2_Materials/Materials/Master_Color_Instances/MI_Color_Lime.uexp" 4617
"D:/GitHub/CutyKiller/GAME FOLDER/Content/DONT_USE/LPSDeluxe2TropicalEnvironment/LPSD2_Materials/SpecialMaterials/MiscMaterials/M_LavaFlow_2.uasset" 4618
"D:/GitHub/CutyKiller/GAME FOLDER/Content/DONT_USE/LPSDeluxe2TropicalEnvironment/LPSD2_Materials/SpecialMaterials/MiscMaterials/M_LavaFlow_2.uexp" 4619
"D:/GitHub/CutyKiller/GAME FOLDER/Content/DONT_USE/LPSDeluxe2TropicalEnvironment/LPSD2_Materials/SpecialMaterials/MiscMaterials/M_LavaFlow_3.uasset" 4620
"D:/GitHub/CutyKiller/GAME FOLDER/Content/DONT_USE/LPSDeluxe2TropicalEnvironment/LPSD2_Materials/SpecialMaterials/MiscMaterials/M_LavaFlow_3.uexp" 4621
"D:/GitHub/CutyKiller/GAME FOLDER/Content/DONT_USE/LPSDeluxe2TropicalEnvironment/LPSD2_Materials/SpecialMaterials/2SidedMaterials/MI_2Side_Green.uasset" 4622
"D:/GitHub/CutyKiller/GAME FOLDER/Content/DONT_USE/LPSDeluxe2TropicalEnvironment/LPSD2_Materials/SpecialMaterials/2SidedMaterials/MI_2Side_Green.uexp" 4623
"D:/GitHub/CutyKiller/GAME FOLDER/Content/DONT_USE/LPSDeluxe2TropicalEnvironment/LPSD2_Materials/SpecialMaterials/2SidedMaterials/MI_2Side_Green_2.uasset" 4624
"D:/GitHub/CutyKiller/GAME FOLDER/Content/DONT_USE/LPSDeluxe2TropicalEnvironment/LPSD2_Materials/SpecialMaterials/2SidedMaterials/MI_2Side_Green_2.uexp" 4625
"D:/GitHub/CutyKiller/GAME FOLDER/Content/DONT_USE/LPSDeluxe2TropicalEnvironment/LPSD2_Materials/SpecialMaterials/2SidedMaterials/MI_2Side_Green_3.uasset" 4626
"D:/GitHub/CutyKiller/GAME FOLDER/Content/DONT_USE/LPSDeluxe2TropicalEnvironment/LPSD2_Materials/SpecialMaterials/2SidedMaterials/MI_2Side_Green_3.uexp" 4627
"D:/GitHub/CutyKiller/GAME FOLDER/Content/DONT_USE/LPSDeluxe2TropicalEnvironment/ExampleMaps/DemoMap1_sharedassets/Grass_LayerInfo.uasset" 4628
"D:/GitHub/CutyKiller/GAME FOLDER/Content/DONT_USE/LPSDeluxe2TropicalEnvironment/ExampleMaps/DemoMap1_sharedassets/Grass_LayerInfo.uexp" 4629
"D:/GitHub/CutyKiller/GAME FOLDER/Content/DONT_USE/LPSDeluxe2TropicalEnvironment/LPSD2_Meshes/Flora/SM_TropicCover_1.ubulk" 4630
"D:/GitHub/CutyKiller/GAME FOLDER/Content/DONT_USE/LPSDeluxe2TropicalEnvironment/LPSD2_Meshes/Flora/SM_TropicCover_1.uasset" 4631
"D:/GitHub/CutyKiller/GAME FOLDER/Content/DONT_USE/LPSDeluxe2TropicalEnvironment/LPSD2_Meshes/Flora/SM_TropicCover_1.uexp" 4632
"D:/GitHub/CutyKiller/GAME FOLDER/Content/DONT_USE/LPSDeluxe2TropicalEnvironment/LPSD2_Materials/Materials/Master_Color_Instances/MI_Color_Pink.uasset" 4633
"D:/GitHub/CutyKiller/GAME FOLDER/Content/DONT_USE/LPSDeluxe2TropicalEnvironment/LPSD2_Materials/Materials/Master_Color_Instances/MI_Color_Pink.uexp" 4634
"D:/GitHub/CutyKiller/GAME FOLDER/Content/DONT_USE/LPSDeluxe2TropicalEnvironment/ExampleMaps/DemoMap_BuiltData.uasset" 4635
"D:/GitHub/CutyKiller/GAME FOLDER/Content/DONT_USE/LPSDeluxe2TropicalEnvironment/ExampleMaps/DemoMap_BuiltData.uexp" 4636
"D:/GitHub/CutyKiller/GAME FOLDER/Content/DONT_USE/LPSDeluxe2TropicalEnvironment/LPSD2_Materials/Materials/Master_Color_Instances/MI_Color_Green.uasset" 4637
"D:/GitHub/CutyKiller/GAME FOLDER/Content/DONT_USE/LPSDeluxe2TropicalEnvironment/LPSD2_Materials/Materials/Master_Color_Instances/MI_Color_Green.uexp" 4638
"D:/GitHub/CutyKiller/GAME FOLDER/Content/DONT_USE/LPSDeluxe2TropicalEnvironment/LPSD2_Materials/Materials/Master_Color_Instances/MI_Glow_Blue.uasset" 4639
"D:/GitHub/CutyKiller/GAME FOLDER/Content/DONT_USE/LPSDeluxe2TropicalEnvironment/LPSD2_Materials/Materials/Master_Color_Instances/MI_Glow_Blue.uexp" 4640
"D:/GitHub/CutyKiller/GAME FOLDER/Content/DONT_USE/LPSDeluxe2TropicalEnvironment/LPSD2_Materials/SpecialMaterials/WaterMaterials/M_Water_Calm.uasset" 4641
"D:/GitHub/CutyKiller/GAME FOLDER/Content/DONT_USE/LPSDeluxe2TropicalEnvironment/LPSD2_Materials/SpecialMaterials/WaterMaterials/M_Water_Calm.uexp" 4642
"D:/GitHub/CutyKiller/GAME FOLDER/Content/DONT_USE/LPSDeluxe2TropicalEnvironment/LPSD2_Materials/SpecialMaterials/2ToneMaterials/MI_Mount_Tan.uasset" 4643
"D:/GitHub/CutyKiller/GAME FOLDER/Content/DONT_USE/LPSDeluxe2TropicalEnvironment/LPSD2_Materials/SpecialMaterials/2ToneMaterials/MI_Mount_Tan.uexp" 4644
"D:/GitHub/CutyKiller/GAME FOLDER/Content/DONT_USE/LPSDeluxe2TropicalEnvironment/ExampleMaps/DemoMap1_sharedassets/Dirt_LayerInfo.uasset" 4645
"D:/GitHub/CutyKiller/GAME FOLDER/Content/DONT_USE/LPSDeluxe2TropicalEnvironment/ExampleMaps/DemoMap1_sharedassets/Dirt_LayerInfo.uexp" 4646
"D:/GitHub/CutyKiller/GAME FOLDER/Content/DONT_USE/LPSDeluxe2TropicalEnvironment/ExampleMaps/DemoMap1_sharedassets/Sand_LayerInfo.uasset" 4647
"D:/GitHub/CutyKiller/GAME FOLDER/Content/DONT_USE/LPSDeluxe2TropicalEnvironment/ExampleMaps/DemoMap1_sharedassets/Sand_LayerInfo.uexp" 4648
"D:/GitHub/CutyKiller/GAME FOLDER/Content/DONT_USE/LPSDeluxe2TropicalEnvironment/LPSD2_Materials/Materials/Master_Color_Instances/MI_Color_Purple.uasset" 4649
"D:/GitHub/CutyKiller/GAME FOLDER/Content/DONT_USE/LPSDeluxe2TropicalEnvironment/LPSD2_Materials/Materials/Master_Color_Instances/MI_Color_Purple.uexp" 4650
"D:/GitHub/CutyKiller/GAME FOLDER/Content/DONT_USE/LPSDeluxe2TropicalEnvironment/LPSD2_Materials/SpecialMaterials/2ToneMaterials/MI_Mount_Gray.uasset" 4651
"D:/GitHub/CutyKiller/GAME FOLDER/Content/DONT_USE/LPSDeluxe2TropicalEnvironment/LPSD2_Materials/SpecialMaterials/2ToneMaterials/MI_Mount_Gray.uexp" 4652
"D:/GitHub/CutyKiller/GAME FOLDER/Content/DONT_USE/LPSDeluxe2TropicalEnvironment/LPSD2_Materials/Materials/Master_Color_Instances/MI_Color_BabyBlue.uasset" 4653
"D:/GitHub/CutyKiller/GAME FOLDER/Content/DONT_USE/LPSDeluxe2TropicalEnvironment/LPSD2_Materials/Materials/Master_Color_Instances/MI_Color_BabyBlue.uexp" 4654
"D:/GitHub/CutyKiller/GAME FOLDER/Content/DONT_USE/LPSDeluxe2TropicalEnvironment/LPSD2_Textures/T_LPSD2_Logo.uasset" 4655
"D:/GitHub/CutyKiller/GAME FOLDER/Content/DONT_USE/LPSDeluxe2TropicalEnvironment/LPSD2_Textures/T_LPSD2_Logo.uexp" 4656
"D:/GitHub/CutyKiller/GAME FOLDER/Content/DONT_USE/LPSDeluxe2TropicalEnvironment/LPSD2_Materials/SpecialMaterials/MiscMaterials/M_LPSD2_Logo.uasset" 4657
"D:/GitHub/CutyKiller/GAME FOLDER/Content/DONT_USE/LPSDeluxe2TropicalEnvironment/LPSD2_Materials/SpecialMaterials/MiscMaterials/M_LPSD2_Logo.uexp" 4658
"D:/GitHub/CutyKiller/GAME FOLDER/Content/DONT_USE/LPSDeluxe2TropicalEnvironment/LPSD2_Meshes/Misc/SM_SPlane_1.ubulk" 4659
"D:/GitHub/CutyKiller/GAME FOLDER/Content/DONT_USE/LPSDeluxe2TropicalEnvironment/LPSD2_Meshes/Misc/SM_SPlane_1.uasset" 4660
"D:/GitHub/CutyKiller/GAME FOLDER/Content/DONT_USE/LPSDeluxe2TropicalEnvironment/LPSD2_Meshes/Misc/SM_SPlane_1.uexp" 4661
"D:/GitHub/CutyKiller/GAME FOLDER/Content/DONT_USE/LPSDeluxe2TropicalEnvironment/LPSD2_Materials/Materials/Master_Color_Instances/MI_Color_Pine.uasset" 4662
"D:/GitHub/CutyKiller/GAME FOLDER/Content/DONT_USE/LPSDeluxe2TropicalEnvironment/LPSD2_Materials/Materials/Master_Color_Instances/MI_Color_Pine.uexp" 4663
"D:/GitHub/CutyKiller/GAME FOLDER/Content/DONT_USE/LPSDeluxe2TropicalEnvironment/LPSD2_Materials/Materials/Master_Color_Instances/MI_Color_Ocean.uasset" 4664
"D:/GitHub/CutyKiller/GAME FOLDER/Content/DONT_USE/LPSDeluxe2TropicalEnvironment/LPSD2_Materials/Materials/Master_Color_Instances/MI_Color_Ocean.uexp" 4665
"D:/GitHub/CutyKiller/GAME FOLDER/Content/DONT_USE/LPSDeluxe2TropicalEnvironment/LPSD2_Materials/Materials/Master_Color_Instances/MI_Glow_Lava_2.uasset" 4666
"D:/GitHub/CutyKiller/GAME FOLDER/Content/DONT_USE/LPSDeluxe2TropicalEnvironment/LPSD2_Materials/Materials/Master_Color_Instances/MI_Glow_Lava_2.uexp" 4667
"D:/GitHub/CutyKiller/GAME FOLDER/Content/DONT_USE/LPSDeluxe2TropicalEnvironment/LPSD2_Materials/SpecialMaterials/2ToneMaterials/MI_Mount_Green.uasset" 4668
"D:/GitHub/CutyKiller/GAME FOLDER/Content/DONT_USE/LPSDeluxe2TropicalEnvironment/LPSD2_Materials/SpecialMaterials/2ToneMaterials/MI_Mount_Green.uexp" 4669
"D:/GitHub/CutyKiller/GAME FOLDER/Content/DONT_USE/LPSDeluxe2TropicalEnvironment/LPSD2_Materials/SpecialMaterials/2SidedMaterials/MI_2Side_LightBrown_2.uasset" 4670
"D:/GitHub/CutyKiller/GAME FOLDER/Content/DONT_USE/LPSDeluxe2TropicalEnvironment/LPSD2_Materials/SpecialMaterials/2SidedMaterials/MI_2Side_LightBrown_2.uexp" 4671
"D:/GitHub/CutyKiller/GAME FOLDER/Content/DONT_USE/LPSDeluxe2TropicalEnvironment/ExampleMaps/DemoMap.uexp" 4672
"D:/GitHub/CutyKiller/GAME FOLDER/Content/DONT_USE/LPSDeluxe2TropicalEnvironment/ExampleMaps/DemoMap.ubulk" 4673
"D:/GitHub/CutyKiller/GAME FOLDER/Content/DONT_USE/LPSDeluxe2TropicalEnvironment/ExampleMaps/DemoMap.umap" 4674
