"D:/GitHub/CutyKiller/GAME FOLDER/CutyKiller.uproject" 1
"../../../../../../GitHub/CutyKiller/GAME FOLDER/Binaries/Win64/UnrealEditor.modules" 2
"../../../Engine/Plugins/Bridge/Bridge.uplugin" 3
"../../../Engine/Plugins/AudioGameplayVolume/AudioGameplayVolume.uplugin" 4
"../../../Engine/Plugins/BlueprintFileUtils/BlueprintFileUtils.uplugin" 5
"../../../Engine/Plugins/ScriptPlugin/ScriptPlugin.uplugin" 6
"../../../Engine/Plugins/FastBuildController/FastBuildController.uplugin" 7
"../../../Engine/Plugins/RenderGraphInsights/RenderGraphInsights.uplugin" 8
"../../../Engine/Plugins/MeshPainting/MeshPainting.uplugin" 9
"../../../Engine/Plugins/LightWeightInstancesEditor/LightWeightInstancesEditor.uplugin" 10
"../../../Engine/Plugins/XGEController/XGEController.uplugin" 11
"../../../Engine/Plugins/AudioGameplay/AudioGameplay.uplugin" 12
"../../../Engine/Plugins/JsonBlueprintUtilities/JsonBlueprintUtilities.uplugin" 13
"../../../Engine/Plugins/AI/AISupport/AISupport.uplugin" 14
"../../../Engine/Plugins/AI/HTNPlanner/HTNPlanner.uplugin" 15
"../../../Engine/Plugins/2D/Paper2D/Paper2D.uplugin" 16
"../../../Engine/Plugins/AI/MassCrowd/MassCrowd.uplugin" 17
"../../../Engine/Plugins/AI/EnvironmentQueryEditor/EnvironmentQueryEditor.uplugin" 18
"../../../Engine/Plugins/AI/MLAdapter/MLAdapter.uplugin" 19
"../../../Engine/Plugins/AI/MassAI/MassAI.uplugin" 20
"../../../Engine/Plugins/Animation/AnimationLocomotionLibrary/AnimationLocomotionLibrary.uplugin" 21
"../../../Engine/Plugins/Animation/AnimationWarping/AnimationWarping.uplugin" 22
"../../../Engine/Plugins/Animation/AnimationModifierLibrary/AnimationModifierLibrary.uplugin" 23
"../../../Engine/Plugins/Animation/BlendSpaceMotionAnalysis/BlendSpaceMotionAnalysis.uplugin" 24
"../../../Engine/Plugins/Animation/ControlRig/ControlRig.uplugin" 25
"../../../Engine/Plugins/Animation/ControlRigSpline/ControlRigSpline.uplugin" 26
"../../../Engine/Plugins/Animation/GameplayInsights/GameplayInsights.uplugin" 27
"../../../Engine/Plugins/Animation/IKRig/IKRig.uplugin" 28
"../../../Engine/Plugins/Animation/LiveLink/LiveLink.uplugin" 29
"../../../Engine/Plugins/Animation/LiveLinkCurveDebugUI/LiveLinkCurveDebugUI.uplugin" 30
"../../../Engine/Plugins/Animation/RigLogic/RigLogic.uplugin" 31
"../../../Engine/Plugins/Cameras/GameplayCameras/GameplayCameras.uplugin" 32
"../../../Engine/Plugins/Cameras/CameraShakePreviewer/CameraShakePreviewer.uplugin" 33
"../../../Engine/Plugins/Compositing/Composure/Composure.uplugin" 34
"../../../Engine/Plugins/Compression/OodleNetwork/OodleNetwork.uplugin" 35
"../../../Engine/Plugins/Compositing/OpenColorIO/OpenColorIO.uplugin" 36
"../../../Engine/Plugins/Compositing/LensDistortion/LensDistortion.uplugin" 37
"../../../Engine/Plugins/Developer/BlankPlugin/BlankPlugin.uplugin" 38
"../../../Engine/Plugins/Compositing/OpenCVLensDistortion/OpenCVLensDistortion.uplugin" 39
"../../../Engine/Plugins/Developer/CLionSourceCodeAccess/CLionSourceCodeAccess.uplugin" 40
"../../../Engine/Plugins/Developer/CodeLiteSourceCodeAccess/CodeLiteSourceCodeAccess.uplugin" 41
"../../../Engine/Plugins/Enterprise/AxFImporter/AxFImporter.uplugin" 42
"../../../Engine/Plugins/Enterprise/DataprepEditor/DataprepEditor.uplugin" 43
"../../../Engine/Plugins/Enterprise/DatasmithC4DImporter/DatasmithC4DImporter.uplugin" 44
"../../../Engine/Plugins/Developer/KDevelopSourceCodeAccess/KDevelopSourceCodeAccess.uplugin" 45
"../../../Engine/Plugins/Enterprise/DatasmithCADImporter/DatasmithCADImporter.uplugin" 46
"../../../Engine/Plugins/Enterprise/DatasmithContent/DatasmithContent.uplugin" 47
"../../../Engine/Plugins/Developer/NullSourceCodeAccess/NullSourceCodeAccess.uplugin" 48
"../../../Engine/Plugins/Developer/GitSourceControl/GitSourceControl.uplugin" 49
"../../../Engine/Plugins/Developer/AnimationSharing/AnimationSharing.uplugin" 50
"../../../Engine/Plugins/Editor/AssetManagerEditor/AssetManagerEditor.uplugin" 51
"../../../Engine/Plugins/Developer/OneSkyLocalizationService/OneSkyLocalizationService.uplugin" 52
"../../../Engine/Plugins/Editor/AssetReferenceRestrictions/AssetReferenceRestrictions.uplugin" 53
"../../../Engine/Plugins/Developer/PluginUtils/PluginUtils.uplugin" 54
"../../../Engine/Plugins/Importers/AlembicImporter/AlembicImporter.uplugin" 55
"../../../Engine/Plugins/Developer/PlasticSourceControl/PlasticSourceControl.uplugin" 56
"../../../Engine/Plugins/Importers/AlembicHairImporter/AlembicHairImporter.uplugin" 57
"../../../Engine/Plugins/Developer/PropertyAccessNode/PropertyAccessNode.uplugin" 58
"../../../Engine/Plugins/Developer/RenderDocPlugin/RenderDocPlugin.uplugin" 59
"../../../Engine/Plugins/Importers/USDImporter/USDImporter.uplugin" 60
"../../../Engine/Plugins/Importers/USDMultiUser/USDMultiUser.uplugin" 61
"../../../Engine/Plugins/Developer/SubversionSourceControl/SubversionSourceControl.uplugin" 62
"../../../Engine/Plugins/Developer/PixWinPlugin/PixWinPlugin.uplugin" 63
"../../../Engine/Plugins/Developer/PerforceSourceControl/PerforceSourceControl.uplugin" 64
"../../../Engine/Plugins/Enterprise/DatasmithIFCImporter/DatasmithIFCImporter.uplugin" 65
"../../../Engine/Plugins/Enterprise/DatasmithImporter/DatasmithImporter.uplugin" 66
"../../../Engine/Plugins/Enterprise/LidarPointCloud/LidarPointCloud.uplugin" 67
"../../../Engine/Plugins/Enterprise/DatasmithGLTFImporter/DatasmithGLTFImporter.uplugin" 68
"../../../Engine/Plugins/Developer/RiderSourceCodeAccess/RiderSourceCodeAccess.uplugin" 69
"../../../Engine/Plugins/Enterprise/VariantManager/VariantManager.uplugin" 70
"../../../Engine/Plugins/Developer/TraceDataFiltering/TraceDataFilters.uplugin" 71
"../../../Engine/Plugins/Enterprise/VariantManagerContent/VariantManagerContent.uplugin" 72
"../../../Engine/Plugins/Developer/TextureFormatOodle/TextureFormatOodle.uplugin" 73
"../../../Engine/Plugins/Enterprise/MDLImporter/MDLImporter.uplugin" 74
"../../../Engine/Plugins/Developer/TraceSourceFiltering/TraceSourceFilters.uplugin" 75
"../../../Engine/Plugins/Experimental/AppleVision/AppleVision.uplugin" 76
"../../../Engine/Plugins/Experimental/AutomationUtils/AutomationUtils.uplugin" 77
"../../../Engine/Plugins/FX/Niagara/Niagara.uplugin" 78
"../../../Engine/Plugins/Experimental/AssetPlacementEdMode/AssetPlacementEdMode.uplugin" 79
"../../../Engine/Plugins/FX/CascadeToNiagaraConverter/CascadeToNiagaraConverter.uplugin" 80
"../../../Engine/Plugins/Experimental/BackChannel/BackChannel.uplugin" 81
"../../../Engine/Plugins/FX/ExampleCustomDataInterface/ExampleCustomDataInterface.uplugin" 82
"../../../Engine/Plugins/Experimental/BlueprintStats/BlueprintStats.uplugin" 83
"../../../Engine/Plugins/Editor/AssetSearch/AssetSearch.uplugin" 84
"../../../Engine/Plugins/Developer/UObjectPlugin/UObjectPlugin.uplugin" 85
"../../../Engine/Plugins/Experimental/ActorPalette/ActorPalette.uplugin" 86
"../../../Engine/Plugins/Editor/BlueprintMaterialTextureNodes/BlueprintMaterialTextureNodes.uplugin" 87
"../../../Engine/Plugins/Enterprise/DatasmithFBXImporter/DatasmithFBXImporter.uplugin" 88
"../../../Engine/Plugins/Editor/CryptoKeys/CryptoKeys.uplugin" 89
"../../../Engine/Plugins/Editor/ConsoleVariablesEditor/ConsoleVariables.uplugin" 90
"../../../Engine/Plugins/FX/NiagaraFluids/NiagaraFluids.uplugin" 91
"../../../Engine/Plugins/Experimental/ChaosCloth/ChaosCloth.uplugin" 92
"../../../Engine/Plugins/Experimental/ChaosClothEditor/ChaosClothEditor.uplugin" 93
"../../../Engine/Plugins/Experimental/ChaosSolverPlugin/ChaosSolverPlugin.uplugin" 94
"../../../Engine/Plugins/Experimental/ChaosEditor/ChaosEditor.uplugin" 95
"../../../Engine/Plugins/Experimental/ChaosNiagara/ChaosNiagara.uplugin" 96
"../../../Engine/Plugins/Experimental/ChaosVehiclesPlugin/ChaosVehiclesPlugin.uplugin" 97
"../../../Engine/Plugins/Experimental/CharacterAI/CharacterAI.uplugin" 98
"../../../Engine/Plugins/Developer/VisualStudioCodeSourceCodeAccess/VisualStudioCodeSourceCodeAccess.uplugin" 99
"../../../Engine/Plugins/Developer/VisualStudioSourceCodeAccess/VisualStudioSourceCodeAccess.uplugin" 100
"../../../Engine/Plugins/Experimental/ChaosCaching/ChaosCaching.uplugin" 101
"../../../Engine/Plugins/Developer/XCodeSourceCodeAccess/XCodeSourceCodeAccess.uplugin" 102
"../../../Engine/Plugins/Editor/EditorDebugTools/EditorDebugTools.uplugin" 103
"../../../Engine/Plugins/Experimental/CodeView/CodeView.uplugin" 104
"../../../Engine/Plugins/Editor/DataValidation/DataValidation.uplugin" 105
"../../../Engine/Plugins/Experimental/AbilitySystemGameFeatureActions/AbilitySystemGameFeatureActions.uplugin" 106
"../../../Engine/Plugins/Experimental/ColorCorrectRegions/ColorCorrectRegions.uplugin" 107
"../../../Engine/Plugins/Experimental/CodeEditor/CodeEditor.uplugin" 108
"../../../Engine/Plugins/Experimental/CommonConversation/CommonConversation.uplugin" 109
"../../../Engine/Plugins/Editor/EditorScriptingUtilities/EditorScriptingUtilities.uplugin" 110
"../../../Engine/Plugins/Experimental/CommonUI/CommonUI.uplugin" 111
"../../../Engine/Plugins/Editor/FacialAnimation/FacialAnimation.uplugin" 112
"../../../Engine/Plugins/Editor/GameplayTagsEditor/GameplayTagsEditor.uplugin" 113
"../../../Engine/Plugins/Experimental/ComputeFramework/ComputeFramework.uplugin" 114
"../../../Engine/Plugins/Editor/GeometryMode/GeometryMode.uplugin" 115
"../../../Engine/Plugins/Media/AjaMedia/AjaMedia.uplugin" 116
"../../../Engine/Plugins/Editor/MacGraphicsSwitching/MacGraphicsSwitching.uplugin" 117
"../../../Engine/Plugins/Editor/MaterialAnalyzer/MaterialAnalyzer.uplugin" 118
"../../../Engine/Plugins/Editor/MobileLauncherProfileWizard/MobileLauncherProfileWizard.uplugin" 119
"../../../Engine/Plugins/Experimental/ControlFlows/ControlFlows.uplugin" 120
"../../../Engine/Plugins/Editor/MakeCookedEditorAsDLC/MakeCookedEditorAsDLC.uplugin" 121
"../../../Engine/Plugins/Editor/GLTFImporter/GLTFImporter.uplugin" 122
"../../../Engine/Plugins/Editor/PluginBrowser/PluginBrowser.uplugin" 123
"../../../Engine/Plugins/Editor/ModelingToolsEditorMode/ModelingToolsEditorMode.uplugin" 124
"../../../Engine/Plugins/Editor/SequencerAnimTools/SequencerAnimTools.uplugin" 125
"../../../Engine/Plugins/Editor/StylusInput/StylusInput.uplugin" 126
"../../../Engine/Plugins/Editor/SpeedTreeImporter/SpeedTreeImporter.uplugin" 127
"../../../Engine/Plugins/Editor/CurveEditorTools/CurveEditorTools.uplugin" 128
"../../../Engine/Plugins/Experimental/EnhancedInput/EnhancedInput.uplugin" 129
"../../../Engine/Plugins/Editor/WorldPartitionHLODUtilities/WorldPartitionHLODUtilities.uplugin" 130
"../../../Engine/Plugins/Media/AndroidMedia/AndroidMedia.uplugin" 131
"../../../Engine/Plugins/Media/AppleProResMedia/AppleProResMedia.uplugin" 132
"../../../Engine/Plugins/Experimental/FieldSystemPlugin/FieldSystemPlugin.uplugin" 133
"../../../Engine/Plugins/Experimental/ExampleAssetEditor/ExampleAssetEditor.uplugin" 134
"../../../Engine/Plugins/Media/AudioCaptureTimecodeProvider/AudioCaptureTimecodeProvider.uplugin" 135
"../../../Engine/Plugins/Media/AvfMedia/AvfMedia.uplugin" 136
"../../../Engine/Plugins/Experimental/FullBodyIK/FullBodyIK.uplugin" 137
"../../../Engine/Plugins/Experimental/GameFeatures/GameFeatures.uplugin" 138
"../../../Engine/Plugins/Media/AvidDNxMedia/AvidDNxMedia.uplugin" 139
"../../../Engine/Plugins/Experimental/GameplayBehaviors/GameplayBehaviors.uplugin" 140
"../../../Engine/Plugins/Media/BinkMedia/BinkMedia.uplugin" 141
"../../../Engine/Plugins/Experimental/Gauntlet/Gauntlet.uplugin" 142
"../../../Engine/Plugins/Media/ElectraPlayer/ElectraPlayer.uplugin" 143
"../../../Engine/Plugins/Media/BlackmagicMedia/BlackmagicMedia.uplugin" 144
"../../../Engine/Plugins/Media/ElectraSubtitles/ElectraSubtitles.uplugin" 145
"../../../Engine/Plugins/Media/ElectraUtil/ElectraUtil.uplugin" 146
"../../../Engine/Plugins/Media/ElectraCDM/ElectraCDM.uplugin" 147
"../../../Engine/Plugins/Media/HAPMedia/HAPMedia.uplugin" 148
"../../../Engine/Plugins/Media/HardwareEncoders/HardwareEncoders.uplugin" 149
"../../../Engine/Plugins/Media/HLMedia/HLMedia.uplugin" 150
"../../../Engine/Plugins/Media/LinearTimecode/LinearTimecode.uplugin" 151
"../../../Engine/Plugins/Media/ImgMedia/ImgMedia.uplugin" 152
"../../../Engine/Plugins/Media/MediaCompositing/MediaCompositing.uplugin" 153
"../../../Engine/Plugins/Media/MediaFrameworkUtilities/MediaFrameworkUtilities.uplugin" 154
"../../../Engine/Plugins/Media/MediaIOFramework/MediaIOFramework.uplugin" 155
"../../../Engine/Plugins/Media/MfMedia/MfMedia.uplugin" 156
"../../../Engine/Plugins/Developer/XcodeGPUDebuggerPlugin/XcodeGPUDebuggerPlugin.uplugin" 157
"../../../Engine/Plugins/Media/WebMMedia/WebMMedia.uplugin" 158
"../../../Engine/Plugins/Media/MediaMovieStreamer/MediaMovieStreamer.uplugin" 159
"../../../Engine/Plugins/Media/TimecodeSynchronizer/TimecodeSynchronizer.uplugin" 160
"../../../Engine/Plugins/Media/PixelStreaming/PixelStreaming.uplugin" 161
"../../../Engine/Plugins/Media/WmfMedia/WmfMedia.uplugin" 162
"../../../Engine/Plugins/Experimental/GeometryCacheAbcFile/GeometryCacheAbcFile.uplugin" 163
"../../../Engine/Plugins/Experimental/GeometryCollectionPlugin/GeometryCollectionPlugin.uplugin" 164
"../../../Engine/Plugins/Experimental/GeometryScripting/GeometryScripting.uplugin" 165
"../../../Engine/Plugins/Experimental/GizmoFramework/GizmoFramework.uplugin" 166
"../../../Engine/Plugins/Media/AndroidCamera/AndroidCamera.uplugin" 167
"../../../Engine/Plugins/Experimental/GizmoEdMode/GizmoEdMode.uplugin" 168
"../../../Engine/Plugins/Media/MediaPlayerEditor/MediaPlayerEditor.uplugin" 169
"../../../Engine/Plugins/Experimental/GeometryFlow/GeometryFlow.uplugin" 170
"../../../Engine/Plugins/Experimental/HairModelingToolset/HairModelingToolset.uplugin" 171
"../../../Engine/Plugins/Experimental/ImagePlate/ImagePlate.uplugin" 172
"../../../Engine/Plugins/Experimental/GPULightmass/GPULightmass.uplugin" 173
"../../../Engine/Plugins/Experimental/ImpostorBaker/ImpostorBaker.uplugin" 174
"../../../Engine/Plugins/Experimental/Landmass/Landmass.uplugin" 175
"../../../Engine/Plugins/Experimental/MeshLODToolset/MeshLODToolset.uplugin" 176
"../../../Engine/Plugins/Experimental/MLDeformer/MLDeformer.uplugin" 177
"../../../Engine/Plugins/Experimental/ModularGameplay/ModularGameplay.uplugin" 178
"../../../Engine/Plugins/Experimental/MotoSynth/MotoSynth.uplugin" 179
"../../../Engine/Plugins/Experimental/OpenImageDenoise/OpenImageDenoise.uplugin" 180
"../../../Engine/Plugins/Experimental/Optimus/Optimus.uplugin" 181
"../../../Engine/Plugins/Experimental/NNI/NeuralNetworkInference.uplugin" 182
"../../../Engine/Plugins/Experimental/PanoramicCapture/PanoramicCapture.uplugin" 183
"../../../Engine/Plugins/Experimental/PlanarCutPlugin/PlanarCut.uplugin" 184
"../../../Engine/Plugins/Experimental/PlatformCrypto/PlatformCrypto.uplugin" 185
"../../../Engine/Plugins/MovieScene/ActorSequence/ActorSequence.uplugin" 186
"../../../Engine/Plugins/Experimental/ProxyLODPlugin/ProxyLODPlugin.uplugin" 187
"../../../Engine/Plugins/Experimental/PythonFoundationPackages/PythonFoundationPackages.uplugin" 188
"../../../Engine/Plugins/MovieScene/CustomizableSequencerTracks/CustomizableSequencerTracks.uplugin" 189
"../../../Engine/Plugins/MovieScene/MatineeToLevelSequence/MatineeToLevelSequence.uplugin" 190
"../../../Engine/Plugins/MovieScene/LevelSequenceEditor/LevelSequenceEditor.uplugin" 191
"../../../Engine/Plugins/MovieScene/MovieRenderPipeline/MovieRenderPipeline.uplugin" 192
"../../../Engine/Plugins/MovieScene/MoviePipelineMaskRenderPass/MoviePipelineMaskRenderPass.uplugin" 193
"../../../Engine/Plugins/MovieScene/TemplateSequence/TemplateSequence.uplugin" 194
"../../../Engine/Plugins/Experimental/RawInput/RawInput.uplugin" 195
"../../../Engine/Plugins/Experimental/PythonScriptPlugin/PythonScriptPlugin.uplugin" 196
"../../../Engine/Plugins/MovieScene/SequencerScripting/SequencerScripting.uplugin" 197
"../../../Engine/Plugins/Experimental/RemoteSession/RemoteSession.uplugin" 198
"../../../Engine/Plugins/Messaging/TcpMessaging/TcpMessaging.uplugin" 199
"../../../Engine/Plugins/Messaging/UdpMessaging/UdpMessaging.uplugin" 200
"../../../Engine/Plugins/Messaging/MessagingDebugger/MessagingDebugger.uplugin" 201
"../../../Engine/Plugins/Experimental/SampleToolsEditorMode/SampleToolsEditorMode.uplugin" 202
"../../../Engine/Plugins/Experimental/LiveLinkControlRig/LiveLinkControlRig.uplugin" 203
"../../../Engine/Plugins/NetcodeUnitTest/NUTUnrealEngine/NUTUnrealEngine.uplugin" 204
"../../../Engine/Plugins/NetcodeUnitTest/NetcodeUnitTest/NetcodeUnitTest.uplugin" 205
"../../../Engine/Plugins/Experimental/SkeletalReduction/SkeletalReduction.uplugin" 206
"../../../Engine/Plugins/Experimental/Shotgrid/Shotgrid.uplugin" 207
"../../../Engine/Plugins/Online/OnlineBase/OnlineBase.uplugin" 208
"../../../Engine/Plugins/MovieScene/ReplayTracks/ReplayTracks.uplugin" 209
"../../../Engine/Plugins/Portal/LauncherChunkInstaller/LauncherChunkInstaller.uplugin" 210
"../../../Engine/Plugins/Experimental/SimpleHMD/SimpleHMD.uplugin" 211
"../../../Engine/Plugins/Online/EOSShared/EOSShared.uplugin" 212
"../../../Engine/Plugins/Experimental/MeshModelingToolsetExp/MeshModelingToolsetExp.uplugin" 213
"../../../Engine/Plugins/Experimental/StaticMeshEditorModeling/StaticMeshEditorModeling.uplugin" 214
"../../../Engine/Plugins/Experimental/StructUtils/StructUtils.uplugin" 215
"../../../Engine/Plugins/Online/OnlineFramework/OnlineFramework.uplugin" 216
"../../../Engine/Plugins/Online/OnlineSubsystemAmazon/OnlineSubsystemAmazon.uplugin" 217
"../../../Engine/Plugins/Online/OnlineSubsystem/OnlineSubsystem.uplugin" 218
"../../../Engine/Plugins/Online/OnlineSubsystemApple/OnlineSubsystemApple.uplugin" 219
"../../../Engine/Plugins/Experimental/ScreenReader/ScreenReader.uplugin" 220
"../../../Engine/Plugins/Online/OnlineSubsystemEOS/OnlineSubsystemEOS.uplugin" 221
"../../../Engine/Plugins/Online/OnlineSubsystemFacebook/OnlineSubsystemFacebook.uplugin" 222
"../../../Engine/Plugins/Experimental/TextToSpeech/TextToSpeech.uplugin" 223
"../../../Engine/Plugins/Performance/PerformanceMonitor/PerformanceMonitor.uplugin" 224
"../../../Engine/Plugins/Experimental/UVEditor/UVEditor.uplugin" 225
"../../../Engine/Plugins/Experimental/VirtualCamera/VirtualCamera.uplugin" 226
"../../../Engine/Plugins/Online/OnlineSubsystemGoogle/OnlineSubsystemGoogle.uplugin" 227
"../../../Engine/Plugins/Experimental/VirtualHeightfieldMesh/VirtualHeightfieldMesh.uplugin" 228
"../../../Engine/Plugins/Online/OnlineSubsystemNull/OnlineSubsystemNull.uplugin" 229
"../../../Engine/Plugins/Experimental/VirtualProductionUtilities/VirtualProductionUtilities.uplugin" 230
"../../../Engine/Plugins/Experimental/Text3D/Text3D.uplugin" 231
"../../../Engine/Plugins/Experimental/Volumetrics/Volumetrics.uplugin" 232
"../../../Engine/Plugins/Online/OnlineSubsystemSteam/OnlineSubsystemSteam.uplugin" 233
"../../../Engine/Plugins/Online/OnlineSubsystemTencent/OnlineSubsystemTencent.uplugin" 234
"../../../Engine/Plugins/Online/OnlineSubsystemOculus/OnlineSubsystemOculus.uplugin" 235
"../../../Engine/Plugins/Experimental/WaterExtras/WaterExtras.uplugin" 236
"../../../Engine/Plugins/Online/OnlineSubsystemUtils/OnlineSubsystemUtils.uplugin" 237
"../../../Engine/Plugins/Experimental/Water/Water.uplugin" 238
"../../../Engine/Plugins/Experimental/SlateScreenReader/SlateScreenReader.uplugin" 239
"../../../Engine/Plugins/Online/OnlineSubsystemTwitch/OnlineSubsystemTwitch.uplugin" 240
"../../../Engine/Plugins/Online/WebAuth/WebAuth.uplugin" 241
"../../../Engine/Plugins/Runtime/ActorLayerUtilities/ActorLayerUtilities.uplugin" 242
"../../../Engine/Plugins/Runtime/AndroidDeviceProfileSelector/AndroidDeviceProfileSelector.uplugin" 243
"../../../Engine/Plugins/Runtime/AndroidFileServer/AndroidFileServer.uplugin" 244
"../../../Engine/Plugins/Slate/SlateScripting/SlateScripting.uplugin" 245
"../../../Engine/Plugins/Runtime/AndroidMoviePlayer/AndroidMoviePlayer.uplugin" 246
"../../../Engine/Plugins/Online/SocketSubsystemEOS/SocketSubsystemEOS.uplugin" 247
"../../../Engine/Plugins/Experimental/WebSocketNetworking/WebSocketNetworking.uplugin" 248
"../../../Engine/Plugins/Runtime/AndroidPermission/AndroidPermission.uplugin" 249
"../../../Engine/Plugins/Runtime/AppleMoviePlayer/AppleMoviePlayer.uplugin" 250
"../../../Engine/Plugins/Experimental/WaveFunctionCollapse/WaveFunctionCollapse.uplugin" 251
"../../../Engine/Plugins/Runtime/ArchVisCharacter/ArchVisCharacter.uplugin" 252
"../../../Engine/Plugins/Runtime/AudioModulation/AudioModulation.uplugin" 253
"../../../Engine/Plugins/Runtime/ApexDestruction/ApexDestruction.uplugin" 254
"../../../Engine/Plugins/Runtime/AnimationBudgetAllocator/AnimationBudgetAllocator.uplugin" 255
"../../../Engine/Plugins/Runtime/AssetTags/AssetTags.uplugin" 256
"../../../Engine/Plugins/Runtime/AudioSynesthesia/AudioSynesthesia.uplugin" 257
"../../../Engine/Plugins/Runtime/AudioWidgets/AudioWidgets.uplugin" 258
"../../../Engine/Plugins/Runtime/CableComponent/CableComponent.uplugin" 259
"../../../Engine/Plugins/Runtime/ChunkDownloader/ChunkDownloader.uplugin" 260
"../../../Engine/Plugins/Runtime/CustomMeshComponent/CustomMeshComponent.uplugin" 261
"../../../Engine/Plugins/Runtime/AndroidBackgroundService/AndroidBackgroundService.uplugin" 262
"../../../Engine/Plugins/Runtime/AudioCapture/AudioCapture.uplugin" 263
"../../../Engine/Plugins/Runtime/AppleImageUtils/AppleImageUtils.uplugin" 264
"../../../Engine/Plugins/Runtime/ExampleDeviceProfileSelector/ExampleDeviceProfileSelector.uplugin" 265
"../../../Engine/Plugins/Runtime/GameplayAbilities/GameplayAbilities.uplugin" 266
"../../../Engine/Plugins/Runtime/GeometryCache/GeometryCache.uplugin" 267
"../../../Engine/Plugins/Slate/SlateInsights/SlateInsights.uplugin" 268
"../../../Engine/Plugins/Runtime/GeoReferencing/GeoReferencing.uplugin" 269
"../../../Engine/Plugins/Runtime/GeometryProcessing/GeometryProcessing.uplugin" 270
"../../../Engine/Plugins/Tests/AutomationDriverTests/AutomationDriverTests.uplugin" 271
"../../../Engine/Plugins/Tests/EditorTests/EditorTests.uplugin" 272
"../../../Engine/Plugins/Tests/FbxAutomationTestBuilder/FbxAutomationTestBuilder.uplugin" 273
"../../../Engine/Plugins/Tests/FunctionalTestingEditor/FunctionalTestingEditor.uplugin" 274
"../../../Engine/Plugins/Tests/RHITests/RHITests.uplugin" 275
"../../../Engine/Plugins/Tests/PythonAutomationTest/PythonAutomationTest.uplugin" 276
"../../../Engine/Plugins/Tests/RuntimeTests/RuntimeTests.uplugin" 277
"../../../Engine/Plugins/Tests/TestSamples/TestSamples.uplugin" 278
"../../../Engine/Plugins/Runtime/GoogleCloudMessaging/GoogleCloudMessaging.uplugin" 279
"../../../Engine/Plugins/Runtime/HairStrands/HairStrands.uplugin" 280
"../../../Engine/Plugins/Runtime/HPMotionController/HPMotionController.uplugin" 281
"../../../Engine/Plugins/Runtime/GooglePAD/GooglePAD.uplugin" 282
"../../../Engine/Plugins/Runtime/DataRegistry/DataRegistry.uplugin" 283
"../../../Engine/Plugins/Runtime/HDRIBackdrop/HDRIBackdrop.uplugin" 284
"../../../Engine/Plugins/Runtime/HTTPChunkInstaller/HTTPChunkInstaller.uplugin" 285
"../../../Engine/Plugins/Runtime/IOSDeviceProfileSelector/IOSDeviceProfileSelector.uplugin" 286
"../../../Engine/Plugins/Runtime/IOSReplayKit/IOSReplayKit.uplugin" 287
"../../../Engine/Plugins/Runtime/LocationServicesAndroidImpl/LocationServicesAndroidImpl.uplugin" 288
"../../../Engine/Plugins/Runtime/Firebase/Firebase.uplugin" 289
"../../../Engine/Plugins/Runtime/LocationServicesIOSImpl/LocationServicesIOSImpl.uplugin" 290
"../../../Engine/Plugins/Runtime/MassEntity/MassEntity.uplugin" 291
"../../../Engine/Plugins/Runtime/LiveLinkOvernDisplay/LiveLinkOverNDisplay.uplugin" 292
"../../../Engine/Plugins/Runtime/LocationServicesBPLibrary/LocationServicesBPLibrary.uplugin" 293
"../../../Engine/Plugins/Runtime/MassGameplay/MassGameplay.uplugin" 294
"../../../Engine/Plugins/Runtime/MeshModelingToolset/MeshModelingToolset.uplugin" 295
"../../../Engine/Plugins/Runtime/Metasound/Metasound.uplugin" 296
"../../../Engine/Plugins/Runtime/MIDIDevice/MIDIDevice.uplugin" 297
"../../../Engine/Plugins/Runtime/NetworkPrediction/NetworkPrediction.uplugin" 298
"../../../Engine/Plugins/Runtime/MixedRealityCaptureFramework/MixedRealityCaptureFramework.uplugin" 299
"../../../Engine/Plugins/Runtime/nDisplay/nDisplay.uplugin" 300
"../../../Engine/Plugins/Runtime/NetworkPredictionExtras/NetworkPredictionExtras.uplugin" 301
"../../../Engine/Plugins/Runtime/MicrosoftSpatialAudio/MicroSoftSpatialSound.uplugin" 302
"../../../Engine/Plugins/Runtime/MobilePatchingUtils/MobilePatchingUtils.uplugin" 303
"../../../Engine/Plugins/Runtime/NetworkPredictionInsights/NetworkPredictionInsights.uplugin" 304
"../../../Engine/Plugins/Runtime/OpenCV/OpenCV.uplugin" 305
"../../../Engine/Plugins/Runtime/OpenXR/OpenXR.uplugin" 306
"../../../Engine/Plugins/VirtualProduction/CameraCalibration/CameraCalibration.uplugin" 307
"../../../Engine/Plugins/Runtime/OpenXREyeTracker/OpenXREyeTracker.uplugin" 308
"../../../Engine/Plugins/VirtualProduction/CompositePlane/CompositePlane.uplugin" 309
"../../../Engine/Plugins/VirtualProduction/DataCharts/DataCharts.uplugin" 310
"../../../Engine/Plugins/VirtualProduction/CameraCalibrationCore/CameraCalibrationCore.uplugin" 311
"../../../Engine/Plugins/Runtime/OpenXRHandTracking/OpenXRHandTracking.uplugin" 312
"../../../Engine/Plugins/Runtime/OpenXRMsftHandInteraction/OpenXRMsftHandInteraction.uplugin" 313
"../../../Engine/Plugins/VirtualProduction/ICVFX/ICVFX.uplugin" 314
"../../../Engine/Plugins/Runtime/LinuxDeviceProfileSelector/LinuxDeviceProfileSelector.uplugin" 315
"../../../Engine/Plugins/Runtime/OSC/OSC.uplugin" 316
"../../../Engine/Plugins/Runtime/OptionalMobileFeaturesBPLibrary/OptionalMobileFeaturesBPLibrary.uplugin" 317
"../../../Engine/Plugins/Runtime/OSCModulationMixing/OSCModulationMixing.uplugin" 318
"../../../Engine/Plugins/VirtualProduction/LevelSnapshots/LevelSnapshots.uplugin" 319
"../../../Engine/Plugins/VirtualProduction/LiveLinkCamera/LiveLinkCamera.uplugin" 320
"../../../Engine/Plugins/VirtualProduction/LiveLinkFreeD/LiveLinkFreeD.uplugin" 321
"../../../Engine/Plugins/VirtualProduction/LiveLinkLens/LiveLinkLens.uplugin" 322
"../../../Engine/Plugins/Runtime/PhysXVehicles/PhysXVehicles.uplugin" 323
"../../../Engine/Plugins/VirtualProduction/LiveLinkMasterLockit/LiveLinkMasterLockit.uplugin" 324
"../../../Engine/Plugins/Runtime/PreLoadScreenMoviePlayer/PreLoadScreenMoviePlayer.uplugin" 325
"../../../Engine/Plugins/Runtime/ProceduralMeshComponent/ProceduralMeshComponent.uplugin" 326
"../../../Engine/Plugins/VirtualProduction/LiveLinkPrestonMDR/LiveLinkPrestonMDR.uplugin" 327
"../../../Engine/Plugins/VirtualProduction/LiveLinkVRPN/LiveLinkVRPN.uplugin" 328
"../../../Engine/Plugins/Runtime/PropertyAccess/PropertyAccessEditor.uplugin" 329
"../../../Engine/Plugins/Runtime/ReplicationGraph/ReplicationGraph.uplugin" 330
"../../../Engine/Plugins/VirtualProduction/LiveLinkXR/LiveLinkXR.uplugin" 331
"../../../Engine/Plugins/Runtime/RuntimePhysXCooking/RuntimePhysXCooking.uplugin" 332
"../../../Engine/Plugins/Runtime/ResonanceAudio/ResonanceAudio.uplugin" 333
"../../../Engine/Plugins/VirtualProduction/RemoteControl/RemoteControl.uplugin" 334
"../../../Engine/Plugins/VirtualProduction/MultiUserTakes/MultiUserTakes.uplugin" 335
"../../../Engine/Plugins/Runtime/SignificanceManager/SignificanceManager.uplugin" 336
"../../../Engine/Plugins/Runtime/SkeletalMerging/SkeletalMerging.uplugin" 337
"../../../Engine/Plugins/VirtualProduction/RemoteControlInterception/RemoteControlInterception.uplugin" 338
"../../../Engine/Plugins/Runtime/SmartObjects/SmartObjects.uplugin" 339
"../../../Engine/Plugins/VirtualProduction/RemoteControlProtocolDMX/RemoteControlProtocolDMX.uplugin" 340
"../../../Engine/Plugins/Runtime/SoundCueTemplates/SoundCueTemplates.uplugin" 341
"../../../Engine/Plugins/VirtualProduction/RemoteControlProtocolMIDI/RemoteControlProtocolMIDI.uplugin" 342
"../../../Engine/Plugins/Runtime/SoundFields/SoundFields.uplugin" 343
"../../../Engine/Plugins/VirtualProduction/RemoteControlProtocolOSC/RemoteControlProtocolOSC.uplugin" 344
"../../../Engine/Plugins/VirtualProduction/SequencerPlaylists/SequencerPlaylists.uplugin" 345
"../../../Engine/Plugins/VirtualProduction/RemoteControlWebInterface/RemoteControlWebInterface.uplugin" 346
"../../../Engine/Plugins/VirtualProduction/StageMonitoring/StageMonitoring.uplugin" 347
"../../../Engine/Plugins/VirtualProduction/Switchboard/Switchboard.uplugin" 348
"../../../Engine/Plugins/Runtime/SoundMod/SoundMod.uplugin" 349
"../../../Engine/Plugins/Runtime/SoundUtilities/SoundUtilities.uplugin" 350
"../../../Engine/Plugins/VirtualProduction/Takes/Takes.uplugin" 351
"../../../Engine/Plugins/VirtualProduction/TimedDataMonitor/TimedDataMonitor.uplugin" 352
"../../../Engine/Plugins/Runtime/StateTree/StateTree.uplugin" 353
"../../../Engine/Plugins/Runtime/Spatialization/Spatialization.uplugin" 354
"../../../Engine/Plugins/Runtime/SunPosition/SunPosition.uplugin" 355
"../../../Engine/Plugins/Runtime/Synthesis/Synthesis.uplugin" 356
"../../../Engine/Plugins/Runtime/TextureShare/TextureShare.uplugin" 357
"../../../Engine/Plugins/Runtime/WarpUtils/WarpUtils.uplugin" 358
"../../../Engine/Plugins/Runtime/WebMMoviePlayer/WebMMoviePlayer.uplugin" 359
"../../../Engine/Plugins/Runtime/WebBrowserWidget/WebBrowserWidget.uplugin" 360
"../../../Engine/Plugins/Runtime/WebBrowserNativeProxy/WebBrowserNativeProxy.uplugin" 361
"../../../Engine/Plugins/Runtime/WindowsDeviceProfileSelector/WindowsDeviceProfileSelector.uplugin" 362
"../../../Engine/Plugins/Runtime/WindowsMixedReality/WindowsMixedReality.uplugin" 363
"../../../Engine/Plugins/Runtime/WindowsMoviePlayer/WindowsMoviePlayer.uplugin" 364
"../../../Engine/Plugins/Runtime/ZoneGraph/ZoneGraph.uplugin" 365
"../../../Engine/Plugins/Runtime/ZoneGraphAnnotations/ZoneGraphAnnotations.uplugin" 366
"../../../Engine/Plugins/Developer/Concert/ConcertMain/ConcertMain.uplugin" 367
"../../../Engine/Plugins/Developer/Concert/DisasterRecoveryClient/DisasterRecoveryClient.uplugin" 368
"../../../Engine/Plugins/Developer/Concert/MultiUserClient/MultiUserClient.uplugin" 369
"../../../Engine/Plugins/Experimental/AR/PointCloud/PointCloud.uplugin" 370
"../../../Engine/Plugins/Experimental/Animation/ContextualAnimation/ContextualAnimation.uplugin" 371
"../../../Engine/Plugins/Experimental/Animation/MotionWarping/MotionWarping.uplugin" 372
"../../../Engine/Plugins/Experimental/Animation/MotionTrajectory/MotionTrajectory.uplugin" 373
"../../../Engine/Plugins/Experimental/Animation/PoseSearch/PoseSearch.uplugin" 374
"../../../Engine/Plugins/Editor/ContentBrowser/ContentBrowserAliasDataSoure/ContentBrowserAliasDataSource.uplugin" 375
"../../../Engine/Plugins/Editor/ContentBrowser/ContentBrowserFileDataSource/ContentBrowserFileDataSource.uplugin" 376
"../../../Engine/Plugins/Editor/ContentBrowser/ContentBrowserClassDataSource/ContentBrowserClassDataSource.uplugin" 377
"../../../Engine/Plugins/Editor/ContentBrowser/ContentBrowserAssetDataSource/ContentBrowserAssetDataSource.uplugin" 378
"../../../Engine/Plugins/Experimental/Enterprise/DataprepGeometryOperations/DataprepGeometryOperations.uplugin" 379
"../../../Engine/Plugins/Experimental/Enterprise/DatasmithRuntime/DatasmithRuntime.uplugin" 380
"../../../Engine/Plugins/Experimental/Interchange/Runtime/Interchange.uplugin" 381
"../../../Engine/Plugins/Experimental/Interchange/Editor/InterchangeEditor.uplugin" 382
"../../../Engine/Plugins/Online/Android/AndroidFetchBackgroundDownload/AndroidFetchBackgroundDownload.uplugin" 383
"../../../Engine/Plugins/Online/Android/OnlineSubsystemGooglePlay/OnlineSubsystemGooglePlay.uplugin" 384
"../../../Engine/Plugins/Online/Experimental/OnlineServices/OnlineServices.uplugin" 385
"../../../Engine/Plugins/Online/Android/OnlineSubsystemGameCircle/OnlineSubsystemGameCircle.uplugin" 386
"../../../Engine/Plugins/Online/Experimental/OnlineServicesEOS/OnlineServicesEOS.uplugin" 387
"../../../Engine/Plugins/Online/Experimental/OnlineServicesNull/OnlineServicesNull.uplugin" 388
"../../../Engine/Plugins/Online/Experimental/OnlineServicesOSSAdapter/OnlineServicesOSSAdapter.uplugin" 389
"../../../Engine/Plugins/Online/IOS/OnlineSubsystemIOS/OnlineSubsystemIOS.uplugin" 390
"../../../Engine/Plugins/Experimental/VirtualProduction/LedWallCalibration/LedWallCalibration.uplugin" 391
"../../../Engine/Plugins/Online/VoiceChat/VoiceChat/VoiceChat.uplugin" 392
"../../../Engine/Plugins/Online/VoiceChat/EOSVoiceChat/EOSVoiceChat.uplugin" 393
"../../../Engine/Plugins/Runtime/Advertising/IOSTapJoy/IOSTapJoy.uplugin" 394
"../../../Engine/Plugins/Runtime/Analytics/Adjust/Adjust.uplugin" 395
"../../../Engine/Plugins/Runtime/Analytics/AnalyticsBlueprintLibrary/AnalyticsBlueprintLibrary.uplugin" 396
"../../../Engine/Plugins/Runtime/Analytics/Flurry/Flurry.uplugin" 397
"../../../Engine/Plugins/Runtime/Analytics/FileLogging/FileLogging.uplugin" 398
"../../../Engine/Plugins/Runtime/AR/ARUtilities/ARUtilities.uplugin" 399
"../../../Engine/Plugins/Runtime/Database/ADOSupport/ADOSupport.uplugin" 400
"../../../Engine/Plugins/Runtime/AR/AzureSpatialAnchorsForARKit/AzureSpatialAnchorsForARKit.uplugin" 401
"../../../Engine/Plugins/Runtime/Database/DatabaseSupport/DatabaseSupport.uplugin" 402
"../../../Engine/Plugins/Runtime/Analytics/AnalyticsMulticast/AnalyticsMulticast.uplugin" 403
"../../../Engine/Plugins/Runtime/Database/SQLiteCore/SQLiteCore.uplugin" 404
"../../../Engine/Plugins/Runtime/AR/AzureSpatialAnchorsForARCore/AzureSpatialAnchorsForARCore.uplugin" 405
"../../../Engine/Plugins/Runtime/AR/AzureSpatialAnchorsForWMR/AzureSpatialAnchorsForWMR.uplugin" 406
"../../../Engine/Plugins/Runtime/Database/RemoteDatabaseSupport/RemoteDatabaseSupport.uplugin" 407
"../../../Engine/Plugins/Runtime/AR/AzureSpatialAnchors/AzureSpatialAnchors.uplugin" 408
"../../../Engine/Plugins/Runtime/Database/SQLiteSupport/SQLiteSupport.uplugin" 409
"../../../Engine/Plugins/Runtime/MeshReconstruction/DummyMeshReconstructor/DummyMeshReconstructor.uplugin" 410
"../../../Engine/Plugins/Runtime/Nvidia/Reflex/Reflex.uplugin" 411
"../../../Engine/Plugins/Runtime/Oculus/OculusAudio/OculusAudio.uplugin" 412
"../../../Engine/Plugins/Runtime/Oculus/OculusVR/OculusVR.uplugin" 413
"../../../Engine/Plugins/VirtualProduction/DMX/DMXEngine/DMXEngine.uplugin" 414
"../../../Engine/Plugins/VirtualProduction/DMX/DMXDisplayCluster/DMXDisplayCluster.uplugin" 415
"../../../Engine/Plugins/VirtualProduction/DMX/DMXFixtures/DMXFixtures.uplugin" 416
"../../../Engine/Plugins/VirtualProduction/DMX/DMXPixelMapping/DMXPixelMapping.uplugin" 417
"../../../Engine/Plugins/VirtualProduction/DMX/DMXProtocol/DMXProtocol.uplugin" 418
"../../../Engine/Plugins/Runtime/PacketHandlers/AESHandlerComponent/AESHandlerComponent.uplugin" 419
"../../../Engine/Plugins/Runtime/PacketHandlers/AESGCMHandlerComponent/AESGCMHandlerComponent.uplugin" 420
"../../../Engine/Plugins/Runtime/PacketHandlers/DTLSHandlerComponent/DTLSHandlerComponent.uplugin" 421
"../../../Engine/Plugins/Runtime/Steam/SteamAudio/SteamAudio.uplugin" 422
"../../../Engine/Plugins/Runtime/Steam/SteamController/SteamController.uplugin" 423
"../../../Engine/Plugins/Runtime/Steam/SteamShared/SteamShared.uplugin" 424
"../../../Engine/Plugins/Runtime/Steam/SteamVR/SteamVR.uplugin" 425
"../../../Engine/Plugins/Runtime/Steam/SteamSockets/SteamSockets.uplugin" 426
"../../../Engine/Plugins/Runtime/Windows/WinDualShock/WinDualShock.uplugin" 427
"../../../Engine/Plugins/Runtime/XR/XRVisualization/XRVisualization.uplugin" 428
"../../../Engine/Plugins/Developer/Concert/ConcertSync/ConcertSyncServer/ConcertSyncServer.uplugin" 429
"../../../Engine/Plugins/Developer/Concert/ConcertSync/ConcertSyncTest/ConcertSyncTest.uplugin" 430
"../../../Engine/Plugins/Runtime/AR/AppleAR/AppleARKit/AppleARKit.uplugin" 431
"../../../Engine/Plugins/Developer/Concert/ConcertSync/ConcertSyncClient/ConcertSyncClient.uplugin" 432
"../../../Engine/Plugins/Developer/Concert/ConcertSync/ConcertSyncCore/ConcertSyncCore.uplugin" 433
"../../../Engine/Plugins/Runtime/AR/AppleAR/AppleARKitFaceSupport/AppleARKitFaceSupport.uplugin" 434
"../../../Engine/Plugins/Runtime/AR/Google/GoogleARCore/GoogleARCore.uplugin" 435
"../../../Engine/Plugins/Runtime/AR/Google/GoogleARCoreServices/GoogleARCoreServices.uplugin" 436
"D:/GitHub/CutyKiller/GAME FOLDER/Plugins/AdvancedSessions/AdvancedSteamSessions/AdvancedSteamSessions.uplugin" 437
"D:/GitHub/CutyKiller/GAME FOLDER/Plugins/AdvancedSessions/AdvancedSessions/AdvancedSessions.uplugin" 438
"../../../Engine/Content/Internationalization/icudt64l/cnvalias.icu" 439
"../../../Engine/Content/Internationalization/icudt64l/res_index.res" 440
"../../../Engine/Content/Internationalization/icudt64l/plurals.res" 441
"../../../Engine/Content/Internationalization/icudt64l/lang/fr.res" 442
"../../../Engine/Content/Internationalization/icudt64l/lang/pool.res" 443
"../../../Engine/Content/Internationalization/icudt64l/lang/root.res" 444
"../../../Engine/Content/Internationalization/icudt64l/region/fr.res" 445
"../../../Engine/Content/Internationalization/icudt64l/region/pool.res" 446
"../../../Engine/Content/Internationalization/icudt64l/region/root.res" 447
"../../../Engine/Content/Internationalization/icudt64l/lang/en.res" 448
"../../../Engine/Content/Internationalization/icudt64l/region/en.res" 449
"../../../Engine/Content/Internationalization/icudt64l/lang/en_GB.res" 450
"../../../Engine/Content/Internationalization/icudt64l/lang/en_001.res" 451
"../../../Engine/Content/Internationalization/icudt64l/region/en_GB.res" 452
"../../../Engine/Content/Internationalization/icudt64l/windowsZones.res" 453
"../../../Engine/Content/Internationalization/icudt64l/zoneinfo64.res" 454
"../../../Engine/Content/Internationalization/icudt64l/keyTypeData.res" 455
"../../../Engine/Content/Internationalization/icudt64l/timezoneTypes.res" 456
"../../../Engine/Content/Internationalization/icudt64l/likelySubtags.res" 457
"../../../Engine/Content/Internationalization/icudt64l/en_GB.res" 458
"../../../Engine/Content/Internationalization/icudt64l/pool.res" 459
"../../../Engine/Content/Internationalization/icudt64l/en_001.res" 460
"../../../Engine/Content/Internationalization/icudt64l/en.res" 461
"../../../Engine/Content/Internationalization/icudt64l/root.res" 462
"../../../Engine/Content/Internationalization/icudt64l/supplementalData.res" 463
"C:/Users/b.lapeze/AppData/Local/UnrealEngine/5.0/Saved/Config/WindowsEditor/Manifest.ini" 464
"../../../Engine/Config/Base.ini" 465
"../../../Engine/Config/BaseEngine.ini" 466
"../../../Engine/Config/Windows/BaseWindowsEngine.ini" 467
"../../../../../../GitHub/CutyKiller/GAME FOLDER/Config/DefaultEngine.ini" 468
"../../../Engine/Config/Windows/WindowsEngine.ini" 469
"D:/GitHub/CutyKiller/GAME FOLDER/Saved/Config/WindowsEditor/Engine.ini" 470
"../../../Engine/Config/BaseGame.ini" 471
"../../../../../../GitHub/CutyKiller/GAME FOLDER/Config/DefaultGame.ini" 472
"../../../Engine/Config/Windows/WindowsGame.ini" 473
"D:/GitHub/CutyKiller/GAME FOLDER/Saved/Config/WindowsEditor/Game.ini" 474
"../../../Engine/Config/BaseInput.ini" 475
"../../../../../../GitHub/CutyKiller/GAME FOLDER/Config/DefaultInput.ini" 476
"D:/GitHub/CutyKiller/GAME FOLDER/Saved/Config/WindowsEditor/Input.ini" 477
"../../../Engine/Config/BaseDeviceProfiles.ini" 478
"D:/GitHub/CutyKiller/GAME FOLDER/Saved/Config/WindowsEditor/DeviceProfiles.ini" 479
"../../../Engine/Config/BaseGameUserSettings.ini" 480
"D:/GitHub/CutyKiller/GAME FOLDER/Saved/Config/WindowsEditor/GameUserSettings.ini" 481
"../../../Engine/Config/BaseScalability.ini" 482
"D:/GitHub/CutyKiller/GAME FOLDER/Saved/Config/WindowsEditor/Scalability.ini" 483
"../../../Engine/Config/BaseRuntimeOptions.ini" 484
"D:/GitHub/CutyKiller/GAME FOLDER/Saved/Config/WindowsEditor/RuntimeOptions.ini" 485
"../../../Engine/Config/BaseInstallBundle.ini" 486
"../../../Engine/Config/BaseHardware.ini" 487
"D:/GitHub/CutyKiller/GAME FOLDER/Saved/Config/WindowsEditor/Hardware.ini" 488
"../../../Engine/Config/BaseEditor.ini" 489
"../../../../../../GitHub/CutyKiller/GAME FOLDER/Config/DefaultEditor.ini" 490
"D:/GitHub/CutyKiller/GAME FOLDER/Saved/Config/WindowsEditor/Editor.ini" 491
"../../../Engine/Config/BaseEditorPerProjectUserSettings.ini" 492
"../../../../../../GitHub/CutyKiller/GAME FOLDER/Config/DefaultEditorPerProjectUserSettings.ini" 493
"../../../Engine/Config/Windows/WindowsEditorPerProjectUserSettings.ini" 494
"D:/GitHub/CutyKiller/GAME FOLDER/Saved/Config/WindowsEditor/EditorPerProjectUserSettings.ini" 495
"../../../Engine/Config/BaseEditorSettings.ini" 496
"C:/Users/b.lapeze/AppData/Local/UnrealEngine/5.0/Saved/Config/WindowsEditor/EditorSettings.ini" 497
"../../../Engine/Config/BaseEditorKeyBindings.ini" 498
"C:/Users/b.lapeze/AppData/Local/UnrealEngine/5.0/Saved/Config/WindowsEditor/EditorKeyBindings.ini" 499
"C:/Users/b.lapeze/AppData/Local/UnrealEngine/5.0/Saved/Config/WindowsEditor/EditorLayout.ini" 500
"../../../Engine/Config/BaseCompat.ini" 501
"D:/GitHub/CutyKiller/GAME FOLDER/Saved/Config/WindowsEditor/Compat.ini" 502
"../../../Engine/Config/BaseLightmass.ini" 503
"D:/GitHub/CutyKiller/GAME FOLDER/Saved/Config/WindowsEditor/Lightmass.ini" 504
"../../../Engine/Config/IOS/BaseIOSEngine.ini" 505
"../../../../../../GitHub/CutyKiller/GAME FOLDER/Binaries/Win64/CutyKiller.target" 506
"../../../Engine/Config/HoloLens/HoloLensEngine.ini" 507
"../../../Engine/Config/Android/BaseAndroidEngine.ini" 508
"../../../../../../GitHub/CutyKiller/GAME FOLDER/Config/HoloLens/HoloLensEngine.ini" 509
"../../../Engine/Config/IOS/IOSEngine.ini" 510
"../../../Engine/Config/Linux/BaseLinuxEngine.ini" 511
"../../../Engine/Config/Unix/UnixEngine.ini" 512
"../../../Engine/Config/Mac/BaseMacEngine.ini" 513
"../../../Engine/Config/LinuxArm64/LinuxArm64Engine.ini" 514
"../../../Engine/Config/Android/AndroidEngine.ini" 515
"../../../Engine/Config/Linux/LinuxEngine.ini" 516
"../../../Engine/Config/TVOS/TVOSEngine.ini" 517
"../../../Engine/Config/Mac/MacEngine.ini" 518
"../../../../../../GitHub/CutyKiller/GAME FOLDER/Binaries/Win64/CutyKillerEditor.target" 519
"../../../Engine/Config/IOS/BaseIOSGame.ini" 520
"../../../Engine/Config/HoloLens/HoloLensGame.ini" 521
"../../../Engine/Config/Android/BaseAndroidGame.ini" 522
"../../../Engine/Config/IOS/IOSGame.ini" 523
"../../../Engine/Config/Mac/MacGame.ini" 524
"../../../Engine/Config/Linux/LinuxGame.ini" 525
"../../../Engine/Config/Android/AndroidScalability.ini" 526
"../../../Engine/Config/IOS/IOSScalability.ini" 527
"../../../Engine/Plugins/2D/Paper2D/Config/BasePaper2D.ini" 528
"D:/GitHub/CutyKiller/GAME FOLDER/Saved/Config/WindowsEditor/Paper2D.ini" 529
"../../../Engine/Plugins/Animation/ControlRig/Config/BaseControlRig.ini" 530
"D:/GitHub/CutyKiller/GAME FOLDER/Saved/Config/WindowsEditor/ControlRig.ini" 531
"../../../Engine/Plugins/Animation/IKRig/Config/BaseIKRig.ini" 532
"../../../Engine/Plugins/Developer/TraceDataFiltering/Config/BaseTraceDataFilters.ini" 533
"D:/GitHub/CutyKiller/GAME FOLDER/Saved/Config/WindowsEditor/TraceDataFilters.ini" 534
"../../../Engine/Plugins/Enterprise/VariantManagerContent/Config/BaseVariantManagerContent.ini" 535
"D:/GitHub/CutyKiller/GAME FOLDER/Saved/Config/WindowsEditor/VariantManagerContent.ini" 536
"../../../Engine/Plugins/FX/Niagara/Config/BaseNiagara.ini" 537
"D:/GitHub/CutyKiller/GAME FOLDER/Saved/Config/WindowsEditor/Niagara.ini" 538
"../../../Engine/Plugins/Editor/EditorScriptingUtilities/Config/BaseEditorScriptingUtilities.ini" 539
"D:/GitHub/CutyKiller/GAME FOLDER/Saved/Config/WindowsEditor/EditorScriptingUtilities.ini" 540
"../../../Engine/Plugins/Experimental/FullBodyIK/Config/BaseFullBodyIK.ini" 541
"D:/GitHub/CutyKiller/GAME FOLDER/Saved/Config/WindowsEditor/FullBodyIK.ini" 542
"../../../Engine/Plugins/Runtime/HairStrands/Config/BaseHairStrands.ini" 543
"D:/GitHub/CutyKiller/GAME FOLDER/Saved/Config/WindowsEditor/HairStrands.ini" 544
"../../../Engine/Plugins/Runtime/Synthesis/Config/BaseSynthesis.ini" 545
"D:/GitHub/CutyKiller/GAME FOLDER/Saved/Config/WindowsEditor/Synthesis.ini" 546
"../../../Engine/Plugins/Editor/ModelingToolsEditorMode/Binaries/Win64/UnrealEditor.modules" 547
"../../../Engine/Plugins/Runtime/MeshModelingToolset/Binaries/Win64/UnrealEditor.modules" 548
"../../../Engine/Plugins/Experimental/MeshModelingToolsetExp/Binaries/Win64/UnrealEditor.modules" 549
"../../../Engine/Plugins/Experimental/MeshLODToolset/Binaries/Win64/UnrealEditor.modules" 550
"../../../Engine/Plugins/Editor/StylusInput/Binaries/Win64/UnrealEditor.modules" 551
"../../../Engine/Plugins/Runtime/GeometryProcessing/Binaries/Win64/UnrealEditor.modules" 552
"../../../Engine/Plugins/Experimental/ProxyLODPlugin/Binaries/Win64/UnrealEditor.modules" 553
"../../../Engine/Plugins/Runtime/HairStrands/Binaries/Win64/UnrealEditor.modules" 554
"../../../Engine/Plugins/Experimental/GeometryFlow/Binaries/Win64/UnrealEditor.modules" 555
"../../../Engine/Plugins/Editor/EditorScriptingUtilities/Binaries/Win64/UnrealEditor.modules" 556
"../../../Engine/Plugins/FX/Niagara/Binaries/Win64/UnrealEditor.modules" 557
"../../../Engine/Plugins/Runtime/GeometryCache/Binaries/Win64/UnrealEditor.modules" 558
"../../../Engine/Plugins/Experimental/PythonScriptPlugin/Binaries/Win64/UnrealEditor.modules" 559
"../../../Engine/Plugins/Editor/ContentBrowser/ContentBrowserFileDataSource/Binaries/Win64/UnrealEditor.modules" 560
"../../../Engine/Plugins/Bridge/Binaries/Win64/UnrealEditor.modules" 561
"../../../Engine/Plugins/Experimental/FieldSystemPlugin/Binaries/Win64/UnrealEditor.modules" 562
"../../../Engine/Plugins/Experimental/Water/Binaries/Win64/UnrealEditor.modules" 563
"../../../Engine/Plugins/Experimental/Landmass/Binaries/Win64/UnrealEditor.modules" 564
"../../../Engine/Plugins/Editor/BlueprintMaterialTextureNodes/Binaries/Win64/UnrealEditor.modules" 565
"../../../Engine/Plugins/FastBuildController/Binaries/Win64/UnrealEditor.modules" 566
"../../../Engine/Plugins/MeshPainting/Binaries/Win64/UnrealEditor.modules" 567
"../../../Engine/Plugins/XGEController/Binaries/Win64/UnrealEditor.modules" 568
"../../../Engine/Plugins/AI/AISupport/Binaries/Win64/UnrealEditor.modules" 569
"../../../Engine/Plugins/2D/Paper2D/Binaries/Win64/UnrealEditor.modules" 570
"../../../Engine/Plugins/AI/EnvironmentQueryEditor/Binaries/Win64/UnrealEditor.modules" 571
"../../../Engine/Plugins/Animation/AnimationModifierLibrary/Binaries/Win64/UnrealEditor.modules" 572
"../../../Engine/Plugins/Animation/BlendSpaceMotionAnalysis/Binaries/Win64/UnrealEditor.modules" 573
"../../../Engine/Plugins/Animation/ControlRig/Binaries/Win64/UnrealEditor.modules" 574
"../../../Engine/Plugins/MovieScene/LevelSequenceEditor/Binaries/Win64/UnrealEditor.modules" 575
"../../../Engine/Plugins/Runtime/PropertyAccess/Binaries/Win64/UnrealEditor.modules" 576
"../../../Engine/Plugins/MovieScene/SequencerScripting/Binaries/Win64/UnrealEditor.modules" 577
"../../../Engine/Plugins/Animation/ControlRigSpline/Binaries/Win64/UnrealEditor.modules" 578
"../../../Engine/Plugins/Animation/IKRig/Binaries/Win64/UnrealEditor.modules" 579
"../../../Engine/Plugins/Experimental/FullBodyIK/Binaries/Win64/UnrealEditor.modules" 580
"../../../Engine/Plugins/Cameras/GameplayCameras/Binaries/Win64/UnrealEditor.modules" 581
"../../../Engine/Plugins/MovieScene/TemplateSequence/Binaries/Win64/UnrealEditor.modules" 582
"../../../Engine/Plugins/Cameras/CameraShakePreviewer/Binaries/Win64/UnrealEditor.modules" 583
"../../../Engine/Plugins/Compression/OodleNetwork/Binaries/Win64/UnrealEditor.modules" 584
"../../../Engine/Plugins/Developer/AnimationSharing/Binaries/Win64/UnrealEditor.modules" 585
"../../../Engine/Plugins/Runtime/SignificanceManager/Binaries/Win64/UnrealEditor.modules" 586
"../../../Engine/Plugins/Developer/CLionSourceCodeAccess/Binaries/Win64/UnrealEditor.modules" 587
"../../../Engine/Plugins/Enterprise/DatasmithContent/Binaries/Win64/UnrealEditor.modules" 588
"../../../Engine/Plugins/Enterprise/VariantManagerContent/Binaries/Win64/UnrealEditor.modules" 589
"../../../Engine/Plugins/Developer/GitSourceControl/Binaries/Win64/UnrealEditor.modules" 590
"../../../Engine/Plugins/Developer/PerforceSourceControl/Binaries/Win64/UnrealEditor.modules" 591
"../../../Engine/Plugins/Editor/AssetManagerEditor/Binaries/Win64/UnrealEditor.modules" 592
"../../../Engine/Plugins/Developer/PixWinPlugin/Binaries/Win64/UnrealEditor.modules" 593
"../../../Engine/Plugins/Developer/PluginUtils/Binaries/Win64/UnrealEditor.modules" 594
"../../../Engine/Plugins/Developer/PlasticSourceControl/Binaries/Win64/UnrealEditor.modules" 595
"../../../Engine/Plugins/Importers/AlembicImporter/Binaries/Win64/UnrealEditor.modules" 596
"../../../Engine/Plugins/Developer/PropertyAccessNode/Binaries/Win64/UnrealEditor.modules" 597
"../../../Engine/Plugins/Developer/SubversionSourceControl/Binaries/Win64/UnrealEditor.modules" 598
"../../../Engine/Plugins/Developer/RiderSourceCodeAccess/Binaries/Win64/UnrealEditor.modules" 599
"../../../Engine/Plugins/Developer/TraceDataFiltering/Binaries/Win64/UnrealEditor.modules" 600
"../../../Engine/Plugins/Developer/TextureFormatOodle/Binaries/Win64/UnrealEditor.modules" 601
"../../../Engine/Plugins/Experimental/AutomationUtils/Binaries/Win64/UnrealEditor.modules" 602
"../../../Engine/Plugins/Experimental/BackChannel/Binaries/Win64/UnrealEditor.modules" 603
"../../../Engine/Plugins/Developer/UObjectPlugin/Binaries/Win64/UnrealEditor.modules" 604
"../../../Engine/Plugins/Editor/CryptoKeys/Binaries/Win64/UnrealEditor.modules" 605
"../../../Engine/Plugins/Experimental/ChaosSolverPlugin/Binaries/Win64/UnrealEditor.modules" 606
"../../../Engine/Plugins/Experimental/ChaosEditor/Binaries/Win64/UnrealEditor.modules" 607
"../../../Engine/Plugins/Experimental/PlanarCutPlugin/Binaries/Win64/UnrealEditor.modules" 608
"../../../Engine/Plugins/Experimental/GeometryCollectionPlugin/Binaries/Win64/UnrealEditor.modules" 609
"../../../Engine/Plugins/Runtime/ProceduralMeshComponent/Binaries/Win64/UnrealEditor.modules" 610
"../../../Engine/Plugins/Experimental/ChaosNiagara/Binaries/Win64/UnrealEditor.modules" 611
"../../../Engine/Plugins/Experimental/CharacterAI/Binaries/Win64/UnrealEditor.modules" 612
"../../../Engine/Plugins/Developer/VisualStudioCodeSourceCodeAccess/Binaries/Win64/UnrealEditor.modules" 613
"../../../Engine/Plugins/Developer/VisualStudioSourceCodeAccess/Binaries/Win64/UnrealEditor.modules" 614
"../../../Engine/Plugins/Editor/CurveEditorTools/Binaries/Win64/UnrealEditor.modules" 615
"../../../Engine/Plugins/Editor/EditorDebugTools/Binaries/Win64/UnrealEditor.modules" 616
"../../../Engine/Plugins/Editor/DataValidation/Binaries/Win64/UnrealEditor.modules" 617
"../../../Engine/Plugins/Editor/FacialAnimation/Binaries/Win64/UnrealEditor.modules" 618
"../../../Engine/Plugins/Editor/GameplayTagsEditor/Binaries/Win64/UnrealEditor.modules" 619
"../../../Engine/Plugins/Editor/GeometryMode/Binaries/Win64/UnrealEditor.modules" 620
"../../../Engine/Plugins/Editor/MaterialAnalyzer/Binaries/Win64/UnrealEditor.modules" 621
"../../../Engine/Plugins/Editor/MobileLauncherProfileWizard/Binaries/Win64/UnrealEditor.modules" 622
"../../../Engine/Plugins/Editor/PluginBrowser/Binaries/Win64/UnrealEditor.modules" 623
"../../../Engine/Plugins/Editor/SequencerAnimTools/Binaries/Win64/UnrealEditor.modules" 624
"../../../Engine/Plugins/Editor/SpeedTreeImporter/Binaries/Win64/UnrealEditor.modules" 625
"../../../Engine/Plugins/Editor/WorldPartitionHLODUtilities/Binaries/Win64/UnrealEditor.modules" 626
"../../../Engine/Plugins/Media/AndroidMedia/Binaries/Win64/UnrealEditor.modules" 627
"../../../Engine/Plugins/Media/AvfMedia/Binaries/Win64/UnrealEditor.modules" 628
"../../../Engine/Plugins/Media/ImgMedia/Binaries/Win64/UnrealEditor.modules" 629
"../../../Engine/Plugins/Media/MediaCompositing/Binaries/Win64/UnrealEditor.modules" 630
"../../../Engine/Plugins/Media/MediaPlayerEditor/Binaries/Win64/UnrealEditor.modules" 631
"../../../Engine/Plugins/Media/WmfMedia/Binaries/Win64/UnrealEditor.modules" 632
"../../../Engine/Plugins/Experimental/OpenImageDenoise/Binaries/Win64/UnrealEditor.modules" 633
"../../../Engine/Plugins/Experimental/PlatformCrypto/Binaries/Win64/UnrealEditor.modules" 634
"../../../Engine/Plugins/MovieScene/ActorSequence/Binaries/Win64/UnrealEditor.modules" 635
"../../../Engine/Plugins/MovieScene/MatineeToLevelSequence/Binaries/Win64/UnrealEditor.modules" 636
"../../../Engine/Plugins/Messaging/TcpMessaging/Binaries/Win64/UnrealEditor.modules" 637
"../../../Engine/Plugins/Messaging/UdpMessaging/Binaries/Win64/UnrealEditor.modules" 638
"../../../Engine/Plugins/Experimental/SkeletalReduction/Binaries/Win64/UnrealEditor.modules" 639
"../../../Engine/Plugins/Online/OnlineBase/Binaries/Win64/UnrealEditor.modules" 640
"../../../Engine/Plugins/Portal/LauncherChunkInstaller/Binaries/Win64/UnrealEditor.modules" 641
"../../../Engine/Plugins/Online/OnlineSubsystem/Binaries/Win64/UnrealEditor.modules" 642
"../../../Engine/Plugins/Online/OnlineSubsystemNull/Binaries/Win64/UnrealEditor.modules" 643
"../../../Engine/Plugins/Online/OnlineSubsystemUtils/Binaries/Win64/UnrealEditor.modules" 644
"../../../Engine/Plugins/Online/Experimental/OnlineServices/Binaries/Win64/UnrealEditor.modules" 645
"../../../Engine/Plugins/Runtime/ActorLayerUtilities/Binaries/Win64/UnrealEditor.modules" 646
"../../../Engine/Plugins/Runtime/AndroidDeviceProfileSelector/Binaries/Win64/UnrealEditor.modules" 647
"../../../Engine/Plugins/Runtime/AndroidFileServer/Binaries/Win64/UnrealEditor.modules" 648
"../../../Engine/Plugins/Runtime/AndroidPermission/Binaries/Win64/UnrealEditor.modules" 649
"../../../Engine/Plugins/Runtime/AppleImageUtils/Binaries/Win64/UnrealEditor.modules" 650
"../../../Engine/Plugins/Runtime/ArchVisCharacter/Binaries/Win64/UnrealEditor.modules" 651
"../../../Engine/Plugins/Runtime/AudioCapture/Binaries/Win64/UnrealEditor.modules" 652
"../../../Engine/Plugins/Runtime/AssetTags/Binaries/Win64/UnrealEditor.modules" 653
"../../../Engine/Plugins/Runtime/CableComponent/Binaries/Win64/UnrealEditor.modules" 654
"../../../Engine/Plugins/Runtime/ChunkDownloader/Binaries/Win64/UnrealEditor.modules" 655
"../../../Engine/Plugins/Runtime/CustomMeshComponent/Binaries/Win64/UnrealEditor.modules" 656
"../../../Engine/Plugins/Runtime/ExampleDeviceProfileSelector/Binaries/Win64/UnrealEditor.modules" 657
"../../../Engine/Plugins/Runtime/GooglePAD/Binaries/Win64/UnrealEditor.modules" 658
"../../../Engine/Plugins/Runtime/LocationServicesBPLibrary/Binaries/Win64/UnrealEditor.modules" 659
"../../../Engine/Plugins/Runtime/MobilePatchingUtils/Binaries/Win64/UnrealEditor.modules" 660
"../../../Engine/Plugins/Runtime/RuntimePhysXCooking/Binaries/Win64/UnrealEditor.modules" 661
"../../../Engine/Plugins/Runtime/ResonanceAudio/Binaries/Win64/UnrealEditor.modules" 662
"../../../Engine/Plugins/Runtime/SoundFields/Binaries/Win64/UnrealEditor.modules" 663
"../../../Engine/Plugins/Runtime/Synthesis/Binaries/Win64/UnrealEditor.modules" 664
"../../../Engine/Plugins/Runtime/AudioSynesthesia/Binaries/Win64/UnrealEditor.modules" 665
"../../../Engine/Plugins/Runtime/WebMMoviePlayer/Binaries/Win64/UnrealEditor.modules" 666
"../../../Engine/Plugins/Media/WebMMedia/Binaries/Win64/UnrealEditor.modules" 667
"../../../Engine/Plugins/Runtime/WindowsDeviceProfileSelector/Binaries/Win64/UnrealEditor.modules" 668
"../../../Engine/Plugins/Runtime/WindowsMoviePlayer/Binaries/Win64/UnrealEditor.modules" 669
"../../../Engine/Plugins/Editor/ContentBrowser/ContentBrowserClassDataSource/Binaries/Win64/UnrealEditor.modules" 670
"../../../Engine/Plugins/Editor/ContentBrowser/ContentBrowserAssetDataSource/Binaries/Win64/UnrealEditor.modules" 671
"../../../Engine/Plugins/Experimental/Interchange/Editor/Binaries/Win64/UnrealEditor.modules" 672
"../../../Engine/Plugins/Experimental/Interchange/Runtime/Binaries/Win64/UnrealEditor.modules" 673
"../../../Engine/Plugins/Online/OnlineSubsystemSteam/Binaries/Win64/UnrealEditor.modules" 674
"../../../Engine/Plugins/Runtime/Steam/SteamShared/Binaries/Win64/UnrealEditor.modules" 675
"D:/GitHub/CutyKiller/GAME FOLDER/Plugins/AdvancedSessions/AdvancedSessions/Binaries/Win64/UnrealEditor.modules" 676
"D:/GitHub/CutyKiller/GAME FOLDER/Plugins/AdvancedSessions/AdvancedSteamSessions/Binaries/Win64/UnrealEditor.modules" 677
"../../../Engine/Content/Certificates/ThirdParty/cacert.pem" 678
"../../../Engine/Config/ConsoleVariables.ini" 679
"../../../Engine/Binaries/Win64/Android/UnrealEditor.modules" 680
"../../../Engine/Binaries/Win64/IOS/UnrealEditor.modules" 681
"../../../Engine/Binaries/Win64/Linux/UnrealEditor.modules" 682
"../../../Engine/Binaries/Win64/LinuxArm64/UnrealEditor.modules" 683
"D:\Program Files\Epic Games\UE_5.0\Engine\Binaries\ThirdParty\ShaderConductor\Win64\dxcompiler.dll" 684
"D:\Program Files\Epic Games\UE_5.0\Engine\Binaries\ThirdParty\ShaderConductor\Win64\dxil.dll" 685
"D:\Program Files\Epic Games\UE_5.0\Engine\Binaries\ThirdParty\ShaderConductor\Win64\ShaderConductor.dll" 686
"../../../Engine/Content/Localization/Editor/en/Editor.locres" 687
"../../../Engine/Content/Localization/EditorTutorials/en/EditorTutorials.locres" 688
"../../../Engine/Content/Localization/Keywords/en/Keywords.locres" 689
"../../../Engine/Content/Localization/Category/en/Category.locres" 690
"../../../Engine/Content/Localization/ToolTips/en/ToolTips.locres" 691
"../../../Engine/Content/Localization/PropertyNames/en/PropertyNames.locres" 692
"../../../Engine/Content/Localization/Engine/en/Engine.locres" 693
"../../../Engine/Plugins/Online/OnlineSubsystem/Content/Localization/OnlineSubsystem/en/OnlineSubsystem.locres" 694
"../../../Engine/Plugins/Online/OnlineSubsystemSteam/Content/Localization/OnlineSubsystemSteam/en/OnlineSubsystemSteam.locres" 695
"../../../Engine/Plugins/Online/OnlineSubsystemUtils/Content/Localization/OnlineSubsystemUtils/en/OnlineSubsystemUtils.locres" 696
"../../../Engine/Plugins/Online/Android/OnlineSubsystemGooglePlay/Content/Localization/OnlineSubsystemGooglePlay/en/OnlineSubsystemGooglePlay.locres" 697
"../../../Engine/Plugins/Online/IOS/OnlineSubsystemIOS/Content/Localization/OnlineSubsystemIOS/en/OnlineSubsystemIOS.locres" 698
"../../../Engine/Content/Internationalization/icudt64l/fr_FR.res" 699
"../../../Engine/Content/Internationalization/icudt64l/fr.res" 700
"../../../Engine/Content/Internationalization/icudt64l/numberingSystems.res" 701
"../../../Engine/Content/Internationalization/icudt64l/curr/supplementalData.res" 702
"../../../Engine/Content/Internationalization/icudt64l/curr/fr.res" 703
"../../../Engine/Content/Internationalization/icudt64l/curr/pool.res" 704
"../../../Engine/Content/Internationalization/icudt64l/curr/root.res" 705
"../../../Engine/Content/Internationalization/icudt64l/lang/af.res" 706
"../../../Engine/Content/Internationalization/icudt64l/region/af.res" 707
"../../../Engine/Content/Internationalization/icudt64l/lang/agq.res" 708
"../../../Engine/Content/Internationalization/icudt64l/region/agq.res" 709
"../../../Engine/Content/Internationalization/icudt64l/lang/ak.res" 710
"../../../Engine/Content/Internationalization/icudt64l/region/ak.res" 711
"../../../Engine/Content/Internationalization/icudt64l/lang/am.res" 712
"../../../Engine/Content/Internationalization/icudt64l/region/am.res" 713
"../../../Engine/Content/Internationalization/icudt64l/lang/ar.res" 714
"../../../Engine/Content/Internationalization/icudt64l/region/ar.res" 715
"../../../Engine/Content/Internationalization/icudt64l/region/ar_AE.res" 716
"../../../Engine/Content/Internationalization/icudt64l/lang/ar_EG.res" 717
"../../../Engine/Content/Internationalization/icudt64l/lang/ar_LY.res" 718
"../../../Engine/Content/Internationalization/icudt64l/region/ar_LY.res" 719
"../../../Engine/Content/Internationalization/icudt64l/lang/ar_SA.res" 720
"../../../Engine/Content/Internationalization/icudt64l/region/ar_SA.res" 721
"../../../Engine/Content/Internationalization/icudt64l/lang/as.res" 722
"../../../Engine/Content/Internationalization/icudt64l/region/as.res" 723
"../../../Engine/Content/Internationalization/icudt64l/lang/asa.res" 724
"../../../Engine/Content/Internationalization/icudt64l/region/asa.res" 725
"../../../Engine/Content/Internationalization/icudt64l/lang/ast.res" 726
"../../../Engine/Content/Internationalization/icudt64l/region/ast.res" 727
"../../../Engine/Content/Internationalization/icudt64l/lang/az.res" 728
"../../../Engine/Content/Internationalization/icudt64l/lang/az_Cyrl.res" 729
"../../../Engine/Content/Internationalization/icudt64l/lang/az_AZ.res" 730
"../../../Engine/Content/Internationalization/icudt64l/lang/az_Latn_AZ.res" 731
"../../../Engine/Content/Internationalization/icudt64l/lang/az_Latn.res" 732
"../../../Engine/Content/Internationalization/icudt64l/region/az_AZ.res" 733
"../../../Engine/Content/Internationalization/icudt64l/region/az_Latn_AZ.res" 734
"../../../Engine/Content/Internationalization/icudt64l/region/az_Latn.res" 735
"../../../Engine/Content/Internationalization/icudt64l/region/az.res" 736
"../../../Engine/Content/Internationalization/icudt64l/region/az_Cyrl.res" 737
"../../../Engine/Content/Internationalization/icudt64l/lang/bas.res" 738
"../../../Engine/Content/Internationalization/icudt64l/region/bas.res" 739
"../../../Engine/Content/Internationalization/icudt64l/lang/be.res" 740
"../../../Engine/Content/Internationalization/icudt64l/region/be.res" 741
"../../../Engine/Content/Internationalization/icudt64l/lang/bem.res" 742
"../../../Engine/Content/Internationalization/icudt64l/region/bem.res" 743
"../../../Engine/Content/Internationalization/icudt64l/lang/bez.res" 744
"../../../Engine/Content/Internationalization/icudt64l/region/bez.res" 745
"../../../Engine/Content/Internationalization/icudt64l/lang/bg.res" 746
"../../../Engine/Content/Internationalization/icudt64l/region/bg.res" 747
"../../../Engine/Content/Internationalization/icudt64l/lang/bm.res" 748
"../../../Engine/Content/Internationalization/icudt64l/region/bm.res" 749
"../../../Engine/Content/Internationalization/icudt64l/lang/bn.res" 750
"../../../Engine/Content/Internationalization/icudt64l/region/bn.res" 751
"../../../Engine/Content/Internationalization/icudt64l/lang/bn_IN.res" 752
"../../../Engine/Content/Internationalization/icudt64l/region/bn_IN.res" 753
"../../../Engine/Content/Internationalization/icudt64l/lang/bo.res" 754
"../../../Engine/Content/Internationalization/icudt64l/region/bo.res" 755
"../../../Engine/Content/Internationalization/icudt64l/region/bo_IN.res" 756
"../../../Engine/Content/Internationalization/icudt64l/lang/br.res" 757
"../../../Engine/Content/Internationalization/icudt64l/region/br.res" 758
"../../../Engine/Content/Internationalization/icudt64l/lang/brx.res" 759
"../../../Engine/Content/Internationalization/icudt64l/region/brx.res" 760
"../../../Engine/Content/Internationalization/icudt64l/lang/bs.res" 761
"../../../Engine/Content/Internationalization/icudt64l/lang/bs_Cyrl.res" 762
"../../../Engine/Content/Internationalization/icudt64l/lang/bs_BA.res" 763
"../../../Engine/Content/Internationalization/icudt64l/lang/bs_Latn_BA.res" 764
"../../../Engine/Content/Internationalization/icudt64l/lang/bs_Latn.res" 765
"../../../Engine/Content/Internationalization/icudt64l/region/bs_BA.res" 766
"../../../Engine/Content/Internationalization/icudt64l/region/bs_Latn_BA.res" 767
"../../../Engine/Content/Internationalization/icudt64l/region/bs_Latn.res" 768
"../../../Engine/Content/Internationalization/icudt64l/region/bs.res" 769
"../../../Engine/Content/Internationalization/icudt64l/region/bs_Cyrl.res" 770
"../../../Engine/Content/Internationalization/icudt64l/lang/ca.res" 771
"../../../Engine/Content/Internationalization/icudt64l/region/ca.res" 772
"../../../Engine/Content/Internationalization/icudt64l/lang/ccp.res" 773
"../../../Engine/Content/Internationalization/icudt64l/region/ccp.res" 774
"../../../Engine/Content/Internationalization/icudt64l/lang/ce.res" 775
"../../../Engine/Content/Internationalization/icudt64l/region/ce.res" 776
"../../../Engine/Content/Internationalization/icudt64l/lang/ceb.res" 777
"../../../Engine/Content/Internationalization/icudt64l/region/ceb.res" 778
"../../../Engine/Content/Internationalization/icudt64l/lang/cgg.res" 779
"../../../Engine/Content/Internationalization/icudt64l/region/cgg.res" 780
"../../../Engine/Content/Internationalization/icudt64l/lang/chr.res" 781
"../../../Engine/Content/Internationalization/icudt64l/region/chr.res" 782
"../../../Engine/Content/Internationalization/icudt64l/lang/ckb.res" 783
"../../../Engine/Content/Internationalization/icudt64l/region/ckb.res" 784
"../../../Engine/Content/Internationalization/icudt64l/lang/cs.res" 785
"../../../Engine/Content/Internationalization/icudt64l/region/cs.res" 786
"../../../Engine/Content/Internationalization/icudt64l/lang/cy.res" 787
"../../../Engine/Content/Internationalization/icudt64l/region/cy.res" 788
"../../../Engine/Content/Internationalization/icudt64l/lang/da.res" 789
"../../../Engine/Content/Internationalization/icudt64l/region/da.res" 790
"../../../Engine/Content/Internationalization/icudt64l/lang/dav.res" 791
"../../../Engine/Content/Internationalization/icudt64l/region/dav.res" 792
"../../../Engine/Content/Internationalization/icudt64l/lang/de.res" 793
"../../../Engine/Content/Internationalization/icudt64l/lang/de_AT.res" 794
"../../../Engine/Content/Internationalization/icudt64l/region/de_AT.res" 795
"../../../Engine/Content/Internationalization/icudt64l/region/de.res" 796
"../../../Engine/Content/Internationalization/icudt64l/lang/de_CH.res" 797
"../../../Engine/Content/Internationalization/icudt64l/region/de_CH.res" 798
"../../../Engine/Content/Internationalization/icudt64l/lang/de_LU.res" 799
"../../../Engine/Content/Internationalization/icudt64l/lang/dje.res" 800
"../../../Engine/Content/Internationalization/icudt64l/region/dje.res" 801
"../../../Engine/Content/Internationalization/icudt64l/lang/dsb.res" 802
"../../../Engine/Content/Internationalization/icudt64l/region/dsb.res" 803
"../../../Engine/Content/Internationalization/icudt64l/lang/dua.res" 804
"../../../Engine/Content/Internationalization/icudt64l/region/dua.res" 805
"../../../Engine/Content/Internationalization/icudt64l/lang/dyo.res" 806
"../../../Engine/Content/Internationalization/icudt64l/region/dyo.res" 807
"../../../Engine/Content/Internationalization/icudt64l/lang/dz.res" 808
"../../../Engine/Content/Internationalization/icudt64l/region/dz.res" 809
"../../../Engine/Content/Internationalization/icudt64l/lang/ebu.res" 810
"../../../Engine/Content/Internationalization/icudt64l/region/ebu.res" 811
"../../../Engine/Content/Internationalization/icudt64l/lang/ee.res" 812
"../../../Engine/Content/Internationalization/icudt64l/region/ee.res" 813
"../../../Engine/Content/Internationalization/icudt64l/lang/el.res" 814
"../../../Engine/Content/Internationalization/icudt64l/region/el.res" 815
"../../../Engine/Content/Internationalization/icudt64l/lang/en_150.res" 816
"../../../Engine/Content/Internationalization/icudt64l/region/en_150.res" 817
"../../../Engine/Content/Internationalization/icudt64l/lang/en_AG.res" 818
"../../../Engine/Content/Internationalization/icudt64l/region/en_AG.res" 819
"../../../Engine/Content/Internationalization/icudt64l/lang/en_AI.res" 820
"../../../Engine/Content/Internationalization/icudt64l/region/en_AI.res" 821
"../../../Engine/Content/Internationalization/icudt64l/lang/en_AT.res" 822
"../../../Engine/Content/Internationalization/icudt64l/region/en_AT.res" 823
"../../../Engine/Content/Internationalization/icudt64l/lang/en_AU.res" 824
"../../../Engine/Content/Internationalization/icudt64l/region/en_AU.res" 825
"../../../Engine/Content/Internationalization/icudt64l/lang/en_BB.res" 826
"../../../Engine/Content/Internationalization/icudt64l/region/en_BB.res" 827
"../../../Engine/Content/Internationalization/icudt64l/lang/en_BE.res" 828
"../../../Engine/Content/Internationalization/icudt64l/region/en_BE.res" 829
"../../../Engine/Content/Internationalization/icudt64l/lang/en_BM.res" 830
"../../../Engine/Content/Internationalization/icudt64l/region/en_BM.res" 831
"../../../Engine/Content/Internationalization/icudt64l/lang/en_BS.res" 832
"../../../Engine/Content/Internationalization/icudt64l/region/en_BS.res" 833
"../../../Engine/Content/Internationalization/icudt64l/lang/en_BW.res" 834
"../../../Engine/Content/Internationalization/icudt64l/region/en_BW.res" 835
"../../../Engine/Content/Internationalization/icudt64l/lang/en_BZ.res" 836
"../../../Engine/Content/Internationalization/icudt64l/region/en_BZ.res" 837
"../../../Engine/Content/Internationalization/icudt64l/lang/en_CA.res" 838
"../../../Engine/Content/Internationalization/icudt64l/region/en_CA.res" 839
"../../../Engine/Content/Internationalization/icudt64l/lang/en_CC.res" 840
"../../../Engine/Content/Internationalization/icudt64l/region/en_CC.res" 841
"../../../Engine/Content/Internationalization/icudt64l/lang/en_CH.res" 842
"../../../Engine/Content/Internationalization/icudt64l/region/en_CH.res" 843
"../../../Engine/Content/Internationalization/icudt64l/lang/en_CK.res" 844
"../../../Engine/Content/Internationalization/icudt64l/region/en_CK.res" 845
"../../../Engine/Content/Internationalization/icudt64l/lang/en_CM.res" 846
"../../../Engine/Content/Internationalization/icudt64l/region/en_CM.res" 847
"../../../Engine/Content/Internationalization/icudt64l/lang/en_CX.res" 848
"../../../Engine/Content/Internationalization/icudt64l/region/en_CX.res" 849
"../../../Engine/Content/Internationalization/icudt64l/lang/en_CY.res" 850
"../../../Engine/Content/Internationalization/icudt64l/region/en_CY.res" 851
"../../../Engine/Content/Internationalization/icudt64l/lang/en_DE.res" 852
"../../../Engine/Content/Internationalization/icudt64l/region/en_DE.res" 853
"../../../Engine/Content/Internationalization/icudt64l/lang/en_DG.res" 854
"../../../Engine/Content/Internationalization/icudt64l/region/en_DG.res" 855
"../../../Engine/Content/Internationalization/icudt64l/lang/en_DK.res" 856
"../../../Engine/Content/Internationalization/icudt64l/region/en_DK.res" 857
"../../../Engine/Content/Internationalization/icudt64l/lang/en_DM.res" 858
"../../../Engine/Content/Internationalization/icudt64l/region/en_DM.res" 859
"../../../Engine/Content/Internationalization/icudt64l/lang/en_ER.res" 860
"../../../Engine/Content/Internationalization/icudt64l/region/en_ER.res" 861
"../../../Engine/Content/Internationalization/icudt64l/lang/en_FI.res" 862
"../../../Engine/Content/Internationalization/icudt64l/region/en_FI.res" 863
"../../../Engine/Content/Internationalization/icudt64l/lang/en_FJ.res" 864
"../../../Engine/Content/Internationalization/icudt64l/region/en_FJ.res" 865
"../../../Engine/Content/Internationalization/icudt64l/lang/en_FK.res" 866
"../../../Engine/Content/Internationalization/icudt64l/region/en_FK.res" 867
"../../../Engine/Content/Internationalization/icudt64l/lang/en_FM.res" 868
"../../../Engine/Content/Internationalization/icudt64l/region/en_FM.res" 869
"../../../Engine/Content/Internationalization/icudt64l/lang/en_GD.res" 870
"../../../Engine/Content/Internationalization/icudt64l/region/en_GD.res" 871
"../../../Engine/Content/Internationalization/icudt64l/lang/en_GG.res" 872
"../../../Engine/Content/Internationalization/icudt64l/region/en_GG.res" 873
"../../../Engine/Content/Internationalization/icudt64l/lang/en_GH.res" 874
"../../../Engine/Content/Internationalization/icudt64l/region/en_GH.res" 875
"../../../Engine/Content/Internationalization/icudt64l/lang/en_GI.res" 876
"../../../Engine/Content/Internationalization/icudt64l/region/en_GI.res" 877
"../../../Engine/Content/Internationalization/icudt64l/lang/en_GM.res" 878
"../../../Engine/Content/Internationalization/icudt64l/region/en_GM.res" 879
"../../../Engine/Content/Internationalization/icudt64l/lang/en_GY.res" 880
"../../../Engine/Content/Internationalization/icudt64l/region/en_GY.res" 881
"../../../Engine/Content/Internationalization/icudt64l/lang/en_HK.res" 882
"../../../Engine/Content/Internationalization/icudt64l/region/en_HK.res" 883
"../../../Engine/Content/Internationalization/icudt64l/lang/en_IE.res" 884
"../../../Engine/Content/Internationalization/icudt64l/region/en_IE.res" 885
"../../../Engine/Content/Internationalization/icudt64l/lang/en_IL.res" 886
"../../../Engine/Content/Internationalization/icudt64l/region/en_IL.res" 887
"../../../Engine/Content/Internationalization/icudt64l/lang/en_IM.res" 888
"../../../Engine/Content/Internationalization/icudt64l/region/en_IM.res" 889
"../../../Engine/Content/Internationalization/icudt64l/lang/en_IN.res" 890
"../../../Engine/Content/Internationalization/icudt64l/region/en_IN.res" 891
"../../../Engine/Content/Internationalization/icudt64l/lang/en_IO.res" 892
"../../../Engine/Content/Internationalization/icudt64l/region/en_IO.res" 893
"../../../Engine/Content/Internationalization/icudt64l/lang/en_JE.res" 894
"../../../Engine/Content/Internationalization/icudt64l/region/en_JE.res" 895
"../../../Engine/Content/Internationalization/icudt64l/lang/en_JM.res" 896
"../../../Engine/Content/Internationalization/icudt64l/region/en_JM.res" 897
"../../../Engine/Content/Internationalization/icudt64l/lang/en_KE.res" 898
"../../../Engine/Content/Internationalization/icudt64l/region/en_KE.res" 899
"../../../Engine/Content/Internationalization/icudt64l/lang/en_KI.res" 900
"../../../Engine/Content/Internationalization/icudt64l/region/en_KI.res" 901
"../../../Engine/Content/Internationalization/icudt64l/lang/en_KN.res" 902
"../../../Engine/Content/Internationalization/icudt64l/region/en_KN.res" 903
"../../../Engine/Content/Internationalization/icudt64l/lang/en_KY.res" 904
"../../../Engine/Content/Internationalization/icudt64l/region/en_KY.res" 905
"../../../Engine/Content/Internationalization/icudt64l/lang/en_LC.res" 906
"../../../Engine/Content/Internationalization/icudt64l/region/en_LC.res" 907
"../../../Engine/Content/Internationalization/icudt64l/lang/en_LR.res" 908
"../../../Engine/Content/Internationalization/icudt64l/region/en_LR.res" 909
"../../../Engine/Content/Internationalization/icudt64l/lang/en_LS.res" 910
"../../../Engine/Content/Internationalization/icudt64l/region/en_LS.res" 911
"../../../Engine/Content/Internationalization/icudt64l/lang/en_MG.res" 912
"../../../Engine/Content/Internationalization/icudt64l/region/en_MG.res" 913
"../../../Engine/Content/Internationalization/icudt64l/lang/en_MO.res" 914
"../../../Engine/Content/Internationalization/icudt64l/region/en_MO.res" 915
"../../../Engine/Content/Internationalization/icudt64l/lang/en_MS.res" 916
"../../../Engine/Content/Internationalization/icudt64l/region/en_MS.res" 917
"../../../Engine/Content/Internationalization/icudt64l/lang/en_MT.res" 918
"../../../Engine/Content/Internationalization/icudt64l/region/en_MT.res" 919
"../../../Engine/Content/Internationalization/icudt64l/lang/en_MU.res" 920
"../../../Engine/Content/Internationalization/icudt64l/region/en_MU.res" 921
"../../../Engine/Content/Internationalization/icudt64l/lang/en_MW.res" 922
"../../../Engine/Content/Internationalization/icudt64l/region/en_MW.res" 923
"../../../Engine/Content/Internationalization/icudt64l/lang/en_MY.res" 924
"../../../Engine/Content/Internationalization/icudt64l/region/en_MY.res" 925
"../../../Engine/Content/Internationalization/icudt64l/lang/en_NA.res" 926
"../../../Engine/Content/Internationalization/icudt64l/region/en_NA.res" 927
"../../../Engine/Content/Internationalization/icudt64l/lang/en_NF.res" 928
"../../../Engine/Content/Internationalization/icudt64l/region/en_NF.res" 929
"../../../Engine/Content/Internationalization/icudt64l/lang/en_NG.res" 930
"../../../Engine/Content/Internationalization/icudt64l/region/en_NG.res" 931
"../../../Engine/Content/Internationalization/icudt64l/lang/en_NL.res" 932
"../../../Engine/Content/Internationalization/icudt64l/region/en_NL.res" 933
"../../../Engine/Content/Internationalization/icudt64l/lang/en_NR.res" 934
"../../../Engine/Content/Internationalization/icudt64l/region/en_NR.res" 935
"../../../Engine/Content/Internationalization/icudt64l/lang/en_NU.res" 936
"../../../Engine/Content/Internationalization/icudt64l/region/en_NU.res" 937
"../../../Engine/Content/Internationalization/icudt64l/lang/en_NZ.res" 938
"../../../Engine/Content/Internationalization/icudt64l/region/en_NZ.res" 939
"../../../Engine/Content/Internationalization/icudt64l/lang/en_PG.res" 940
"../../../Engine/Content/Internationalization/icudt64l/region/en_PG.res" 941
"../../../Engine/Content/Internationalization/icudt64l/lang/en_PH.res" 942
"../../../Engine/Content/Internationalization/icudt64l/region/en_PH.res" 943
"../../../Engine/Content/Internationalization/icudt64l/lang/en_PK.res" 944
"../../../Engine/Content/Internationalization/icudt64l/region/en_PK.res" 945
"../../../Engine/Content/Internationalization/icudt64l/lang/en_PN.res" 946
"../../../Engine/Content/Internationalization/icudt64l/region/en_PN.res" 947
"../../../Engine/Content/Internationalization/icudt64l/lang/en_PW.res" 948
"../../../Engine/Content/Internationalization/icudt64l/region/en_PW.res" 949
"../../../Engine/Content/Internationalization/icudt64l/lang/en_RW.res" 950
"../../../Engine/Content/Internationalization/icudt64l/region/en_RW.res" 951
"../../../Engine/Content/Internationalization/icudt64l/lang/en_SB.res" 952
"../../../Engine/Content/Internationalization/icudt64l/region/en_SB.res" 953
"../../../Engine/Content/Internationalization/icudt64l/lang/en_SC.res" 954
"../../../Engine/Content/Internationalization/icudt64l/region/en_SC.res" 955
"../../../Engine/Content/Internationalization/icudt64l/lang/en_SD.res" 956
"../../../Engine/Content/Internationalization/icudt64l/region/en_SD.res" 957
"../../../Engine/Content/Internationalization/icudt64l/lang/en_SE.res" 958
"../../../Engine/Content/Internationalization/icudt64l/region/en_SE.res" 959
"../../../Engine/Content/Internationalization/icudt64l/lang/en_SG.res" 960
"../../../Engine/Content/Internationalization/icudt64l/region/en_SG.res" 961
"../../../Engine/Content/Internationalization/icudt64l/lang/en_SH.res" 962
"../../../Engine/Content/Internationalization/icudt64l/region/en_SH.res" 963
"../../../Engine/Content/Internationalization/icudt64l/lang/en_SI.res" 964
"../../../Engine/Content/Internationalization/icudt64l/region/en_SI.res" 965
"../../../Engine/Content/Internationalization/icudt64l/lang/en_SL.res" 966
"../../../Engine/Content/Internationalization/icudt64l/region/en_SL.res" 967
"../../../Engine/Content/Internationalization/icudt64l/lang/en_SS.res" 968
"../../../Engine/Content/Internationalization/icudt64l/region/en_SS.res" 969
"../../../Engine/Content/Internationalization/icudt64l/lang/en_SX.res" 970
"../../../Engine/Content/Internationalization/icudt64l/region/en_SX.res" 971
"../../../Engine/Content/Internationalization/icudt64l/lang/en_SZ.res" 972
"../../../Engine/Content/Internationalization/icudt64l/region/en_SZ.res" 973
"../../../Engine/Content/Internationalization/icudt64l/lang/en_TC.res" 974
"../../../Engine/Content/Internationalization/icudt64l/region/en_TC.res" 975
"../../../Engine/Content/Internationalization/icudt64l/lang/en_TK.res" 976
"../../../Engine/Content/Internationalization/icudt64l/region/en_TK.res" 977
"../../../Engine/Content/Internationalization/icudt64l/lang/en_TO.res" 978
"../../../Engine/Content/Internationalization/icudt64l/region/en_TO.res" 979
"../../../Engine/Content/Internationalization/icudt64l/lang/en_TT.res" 980
"../../../Engine/Content/Internationalization/icudt64l/region/en_TT.res" 981
"../../../Engine/Content/Internationalization/icudt64l/lang/en_TV.res" 982
"../../../Engine/Content/Internationalization/icudt64l/region/en_TV.res" 983
"../../../Engine/Content/Internationalization/icudt64l/lang/en_TZ.res" 984
"../../../Engine/Content/Internationalization/icudt64l/region/en_TZ.res" 985
"../../../Engine/Content/Internationalization/icudt64l/lang/en_UG.res" 986
"../../../Engine/Content/Internationalization/icudt64l/region/en_UG.res" 987
"../../../Engine/Content/Internationalization/icudt64l/lang/en_VC.res" 988
"../../../Engine/Content/Internationalization/icudt64l/region/en_VC.res" 989
"../../../Engine/Content/Internationalization/icudt64l/lang/en_VG.res" 990
"../../../Engine/Content/Internationalization/icudt64l/region/en_VG.res" 991
"../../../Engine/Content/Internationalization/icudt64l/lang/en_VU.res" 992
"../../../Engine/Content/Internationalization/icudt64l/region/en_VU.res" 993
"../../../Engine/Content/Internationalization/icudt64l/lang/en_WS.res" 994
"../../../Engine/Content/Internationalization/icudt64l/region/en_WS.res" 995
"../../../Engine/Content/Internationalization/icudt64l/lang/en_ZA.res" 996
"../../../Engine/Content/Internationalization/icudt64l/region/en_ZA.res" 997
"../../../Engine/Content/Internationalization/icudt64l/lang/en_ZM.res" 998
"../../../Engine/Content/Internationalization/icudt64l/region/en_ZM.res" 999
"../../../Engine/Content/Internationalization/icudt64l/lang/en_ZW.res" 1000
"../../../Engine/Content/Internationalization/icudt64l/region/en_ZW.res" 1001
"../../../Engine/Content/Internationalization/icudt64l/lang/eo.res" 1002
"../../../Engine/Content/Internationalization/icudt64l/region/eo.res" 1003
"../../../Engine/Content/Internationalization/icudt64l/lang/es.res" 1004
"../../../Engine/Content/Internationalization/icudt64l/lang/es_419.res" 1005
"../../../Engine/Content/Internationalization/icudt64l/region/es_419.res" 1006
"../../../Engine/Content/Internationalization/icudt64l/region/es.res" 1007
"../../../Engine/Content/Internationalization/icudt64l/lang/es_AR.res" 1008
"../../../Engine/Content/Internationalization/icudt64l/region/es_AR.res" 1009
"../../../Engine/Content/Internationalization/icudt64l/lang/es_BO.res" 1010
"../../../Engine/Content/Internationalization/icudt64l/region/es_BO.res" 1011
"../../../Engine/Content/Internationalization/icudt64l/lang/es_BR.res" 1012
"../../../Engine/Content/Internationalization/icudt64l/region/es_BR.res" 1013
"../../../Engine/Content/Internationalization/icudt64l/lang/es_BZ.res" 1014
"../../../Engine/Content/Internationalization/icudt64l/region/es_BZ.res" 1015
"../../../Engine/Content/Internationalization/icudt64l/lang/es_CL.res" 1016
"../../../Engine/Content/Internationalization/icudt64l/region/es_CL.res" 1017
"../../../Engine/Content/Internationalization/icudt64l/lang/es_CO.res" 1018
"../../../Engine/Content/Internationalization/icudt64l/region/es_CO.res" 1019
"../../../Engine/Content/Internationalization/icudt64l/lang/es_CR.res" 1020
"../../../Engine/Content/Internationalization/icudt64l/region/es_CR.res" 1021
"../../../Engine/Content/Internationalization/icudt64l/lang/es_CU.res" 1022
"../../../Engine/Content/Internationalization/icudt64l/region/es_CU.res" 1023
"../../../Engine/Content/Internationalization/icudt64l/lang/es_DO.res" 1024
"../../../Engine/Content/Internationalization/icudt64l/region/es_DO.res" 1025
"../../../Engine/Content/Internationalization/icudt64l/lang/es_EC.res" 1026
"../../../Engine/Content/Internationalization/icudt64l/region/es_EC.res" 1027
"../../../Engine/Content/Internationalization/icudt64l/lang/es_GT.res" 1028
"../../../Engine/Content/Internationalization/icudt64l/region/es_GT.res" 1029
"../../../Engine/Content/Internationalization/icudt64l/lang/es_HN.res" 1030
"../../../Engine/Content/Internationalization/icudt64l/region/es_HN.res" 1031
"../../../Engine/Content/Internationalization/icudt64l/lang/es_MX.res" 1032
"../../../Engine/Content/Internationalization/icudt64l/region/es_MX.res" 1033
"../../../Engine/Content/Internationalization/icudt64l/lang/es_NI.res" 1034
"../../../Engine/Content/Internationalization/icudt64l/region/es_NI.res" 1035
"../../../Engine/Content/Internationalization/icudt64l/lang/es_PA.res" 1036
"../../../Engine/Content/Internationalization/icudt64l/region/es_PA.res" 1037
"../../../Engine/Content/Internationalization/icudt64l/lang/es_PE.res" 1038
"../../../Engine/Content/Internationalization/icudt64l/region/es_PE.res" 1039
"../../../Engine/Content/Internationalization/icudt64l/lang/es_PR.res" 1040
"../../../Engine/Content/Internationalization/icudt64l/region/es_PR.res" 1041
"../../../Engine/Content/Internationalization/icudt64l/lang/es_PY.res" 1042
"../../../Engine/Content/Internationalization/icudt64l/region/es_PY.res" 1043
"../../../Engine/Content/Internationalization/icudt64l/lang/es_SV.res" 1044
"../../../Engine/Content/Internationalization/icudt64l/region/es_SV.res" 1045
"../../../Engine/Content/Internationalization/icudt64l/lang/es_US.res" 1046
"../../../Engine/Content/Internationalization/icudt64l/region/es_US.res" 1047
"../../../Engine/Content/Internationalization/icudt64l/lang/es_UY.res" 1048
"../../../Engine/Content/Internationalization/icudt64l/region/es_UY.res" 1049
"../../../Engine/Content/Internationalization/icudt64l/lang/es_VE.res" 1050
"../../../Engine/Content/Internationalization/icudt64l/region/es_VE.res" 1051
"../../../Engine/Content/Internationalization/icudt64l/lang/et.res" 1052
"../../../Engine/Content/Internationalization/icudt64l/region/et.res" 1053
"../../../Engine/Content/Internationalization/icudt64l/lang/eu.res" 1054
"../../../Engine/Content/Internationalization/icudt64l/region/eu.res" 1055
"../../../Engine/Content/Internationalization/icudt64l/lang/ewo.res" 1056
"../../../Engine/Content/Internationalization/icudt64l/region/ewo.res" 1057
"../../../Engine/Content/Internationalization/icudt64l/lang/fa.res" 1058
"../../../Engine/Content/Internationalization/icudt64l/lang/fa_AF.res" 1059
"../../../Engine/Content/Internationalization/icudt64l/region/fa_AF.res" 1060
"../../../Engine/Content/Internationalization/icudt64l/region/fa.res" 1061
"../../../Engine/Content/Internationalization/icudt64l/lang/ff.res" 1062
"../../../Engine/Content/Internationalization/icudt64l/lang/ff_Latn.res" 1063
"../../../Engine/Content/Internationalization/icudt64l/region/ff.res" 1064
"../../../Engine/Content/Internationalization/icudt64l/region/ff_Latn.res" 1065
"../../../Engine/Content/Internationalization/icudt64l/lang/ff_CM.res" 1066
"../../../Engine/Content/Internationalization/icudt64l/lang/ff_Latn_CM.res" 1067
"../../../Engine/Content/Internationalization/icudt64l/region/ff_CM.res" 1068
"../../../Engine/Content/Internationalization/icudt64l/region/ff_Latn_CM.res" 1069
"../../../Engine/Content/Internationalization/icudt64l/lang/ff_GN.res" 1070
"../../../Engine/Content/Internationalization/icudt64l/lang/ff_Latn_GN.res" 1071
"../../../Engine/Content/Internationalization/icudt64l/region/ff_GN.res" 1072
"../../../Engine/Content/Internationalization/icudt64l/region/ff_Latn_GN.res" 1073
"../../../Engine/Content/Internationalization/icudt64l/lang/ff_MR.res" 1074
"../../../Engine/Content/Internationalization/icudt64l/lang/ff_Latn_MR.res" 1075
"../../../Engine/Content/Internationalization/icudt64l/region/ff_MR.res" 1076
"../../../Engine/Content/Internationalization/icudt64l/region/ff_Latn_MR.res" 1077
"../../../Engine/Content/Internationalization/icudt64l/lang/ff_SN.res" 1078
"../../../Engine/Content/Internationalization/icudt64l/lang/ff_Latn_SN.res" 1079
"../../../Engine/Content/Internationalization/icudt64l/region/ff_SN.res" 1080
"../../../Engine/Content/Internationalization/icudt64l/region/ff_Latn_SN.res" 1081
"../../../Engine/Content/Internationalization/icudt64l/lang/fi.res" 1082
"../../../Engine/Content/Internationalization/icudt64l/region/fi.res" 1083
"../../../Engine/Content/Internationalization/icudt64l/lang/fil.res" 1084
"../../../Engine/Content/Internationalization/icudt64l/lang/fil_PH.res" 1085
"../../../Engine/Content/Internationalization/icudt64l/region/fil_PH.res" 1086
"../../../Engine/Content/Internationalization/icudt64l/region/fil.res" 1087
"../../../Engine/Content/Internationalization/icudt64l/lang/fo.res" 1088
"../../../Engine/Content/Internationalization/icudt64l/region/fo.res" 1089
"../../../Engine/Content/Internationalization/icudt64l/lang/fr_BE.res" 1090
"../../../Engine/Content/Internationalization/icudt64l/region/fr_BE.res" 1091
"../../../Engine/Content/Internationalization/icudt64l/lang/fr_CA.res" 1092
"../../../Engine/Content/Internationalization/icudt64l/region/fr_CA.res" 1093
"../../../Engine/Content/Internationalization/icudt64l/lang/fr_CH.res" 1094
"../../../Engine/Content/Internationalization/icudt64l/lang/fur.res" 1095
"../../../Engine/Content/Internationalization/icudt64l/region/fur.res" 1096
"../../../Engine/Content/Internationalization/icudt64l/lang/fy.res" 1097
"../../../Engine/Content/Internationalization/icudt64l/region/fy.res" 1098
"../../../Engine/Content/Internationalization/icudt64l/lang/ga.res" 1099
"../../../Engine/Content/Internationalization/icudt64l/region/ga.res" 1100
"../../../Engine/Content/Internationalization/icudt64l/lang/gd.res" 1101
"../../../Engine/Content/Internationalization/icudt64l/region/gd.res" 1102
"../../../Engine/Content/Internationalization/icudt64l/lang/gl.res" 1103
"../../../Engine/Content/Internationalization/icudt64l/region/gl.res" 1104
"../../../Engine/Content/Internationalization/icudt64l/lang/gsw.res" 1105
"../../../Engine/Content/Internationalization/icudt64l/region/gsw.res" 1106
"../../../Engine/Content/Internationalization/icudt64l/lang/gu.res" 1107
"../../../Engine/Content/Internationalization/icudt64l/region/gu.res" 1108
"../../../Engine/Content/Internationalization/icudt64l/lang/guz.res" 1109
"../../../Engine/Content/Internationalization/icudt64l/region/guz.res" 1110
"../../../Engine/Content/Internationalization/icudt64l/lang/gv.res" 1111
"../../../Engine/Content/Internationalization/icudt64l/region/gv.res" 1112
"../../../Engine/Content/Internationalization/icudt64l/lang/ha.res" 1113
"../../../Engine/Content/Internationalization/icudt64l/region/ha.res" 1114
"../../../Engine/Content/Internationalization/icudt64l/lang/ha_NE.res" 1115
"../../../Engine/Content/Internationalization/icudt64l/region/ha_NE.res" 1116
"../../../Engine/Content/Internationalization/icudt64l/lang/haw.res" 1117
"../../../Engine/Content/Internationalization/icudt64l/region/haw.res" 1118
"../../../Engine/Content/Internationalization/icudt64l/lang/he.res" 1119
"../../../Engine/Content/Internationalization/icudt64l/lang/he_IL.res" 1120
"../../../Engine/Content/Internationalization/icudt64l/region/he_IL.res" 1121
"../../../Engine/Content/Internationalization/icudt64l/region/he.res" 1122
"../../../Engine/Content/Internationalization/icudt64l/lang/hi.res" 1123
"../../../Engine/Content/Internationalization/icudt64l/region/hi.res" 1124
"../../../Engine/Content/Internationalization/icudt64l/lang/hr.res" 1125
"../../../Engine/Content/Internationalization/icudt64l/region/hr.res" 1126
"../../../Engine/Content/Internationalization/icudt64l/lang/hsb.res" 1127
"../../../Engine/Content/Internationalization/icudt64l/region/hsb.res" 1128
"../../../Engine/Content/Internationalization/icudt64l/lang/hu.res" 1129
"../../../Engine/Content/Internationalization/icudt64l/region/hu.res" 1130
"../../../Engine/Content/Internationalization/icudt64l/lang/hy.res" 1131
"../../../Engine/Content/Internationalization/icudt64l/region/hy.res" 1132
"../../../Engine/Content/Internationalization/icudt64l/lang/ia.res" 1133
"../../../Engine/Content/Internationalization/icudt64l/region/ia.res" 1134
"../../../Engine/Content/Internationalization/icudt64l/lang/id.res" 1135
"../../../Engine/Content/Internationalization/icudt64l/lang/id_ID.res" 1136
"../../../Engine/Content/Internationalization/icudt64l/region/id_ID.res" 1137
"../../../Engine/Content/Internationalization/icudt64l/region/id.res" 1138
"../../../Engine/Content/Internationalization/icudt64l/lang/ig.res" 1139
"../../../Engine/Content/Internationalization/icudt64l/region/ig.res" 1140
"../../../Engine/Content/Internationalization/icudt64l/lang/ii.res" 1141
"../../../Engine/Content/Internationalization/icudt64l/region/ii.res" 1142
"../../../Engine/Content/Internationalization/icudt64l/lang/is.res" 1143
"../../../Engine/Content/Internationalization/icudt64l/region/is.res" 1144
"../../../Engine/Content/Internationalization/icudt64l/lang/it.res" 1145
"../../../Engine/Content/Internationalization/icudt64l/region/it.res" 1146
"../../../Engine/Content/Internationalization/icudt64l/lang/ja.res" 1147
"../../../Engine/Content/Internationalization/icudt64l/lang/ja_JP.res" 1148
"../../../Engine/Content/Internationalization/icudt64l/region/ja_JP.res" 1149
"../../../Engine/Content/Internationalization/icudt64l/region/ja.res" 1150
"../../../Engine/Content/Internationalization/icudt64l/lang/jgo.res" 1151
"../../../Engine/Content/Internationalization/icudt64l/region/jgo.res" 1152
"../../../Engine/Content/Internationalization/icudt64l/lang/jmc.res" 1153
"../../../Engine/Content/Internationalization/icudt64l/region/jmc.res" 1154
"../../../Engine/Content/Internationalization/icudt64l/lang/jv.res" 1155
"../../../Engine/Content/Internationalization/icudt64l/region/jv.res" 1156
"../../../Engine/Content/Internationalization/icudt64l/lang/ka.res" 1157
"../../../Engine/Content/Internationalization/icudt64l/region/ka.res" 1158
"../../../Engine/Content/Internationalization/icudt64l/lang/kab.res" 1159
"../../../Engine/Content/Internationalization/icudt64l/region/kab.res" 1160
"../../../Engine/Content/Internationalization/icudt64l/lang/kam.res" 1161
"../../../Engine/Content/Internationalization/icudt64l/region/kam.res" 1162
"../../../Engine/Content/Internationalization/icudt64l/lang/kde.res" 1163
"../../../Engine/Content/Internationalization/icudt64l/region/kde.res" 1164
"../../../Engine/Content/Internationalization/icudt64l/lang/kea.res" 1165
"../../../Engine/Content/Internationalization/icudt64l/region/kea.res" 1166
"../../../Engine/Content/Internationalization/icudt64l/lang/khq.res" 1167
"../../../Engine/Content/Internationalization/icudt64l/region/khq.res" 1168
"../../../Engine/Content/Internationalization/icudt64l/lang/ki.res" 1169
"../../../Engine/Content/Internationalization/icudt64l/region/ki.res" 1170
"../../../Engine/Content/Internationalization/icudt64l/lang/kk.res" 1171
"../../../Engine/Content/Internationalization/icudt64l/region/kk.res" 1172
"../../../Engine/Content/Internationalization/icudt64l/lang/kkj.res" 1173
"../../../Engine/Content/Internationalization/icudt64l/region/kkj.res" 1174
"../../../Engine/Content/Internationalization/icudt64l/lang/kl.res" 1175
"../../../Engine/Content/Internationalization/icudt64l/region/kl.res" 1176
"../../../Engine/Content/Internationalization/icudt64l/lang/kln.res" 1177
"../../../Engine/Content/Internationalization/icudt64l/region/kln.res" 1178
"../../../Engine/Content/Internationalization/icudt64l/lang/km.res" 1179
"../../../Engine/Content/Internationalization/icudt64l/region/km.res" 1180
"../../../Engine/Content/Internationalization/icudt64l/lang/kn.res" 1181
"../../../Engine/Content/Internationalization/icudt64l/region/kn.res" 1182
"../../../Engine/Content/Internationalization/icudt64l/lang/ko.res" 1183
"../../../Engine/Content/Internationalization/icudt64l/region/ko_KP.res" 1184
"../../../Engine/Content/Internationalization/icudt64l/region/ko.res" 1185
"../../../Engine/Content/Internationalization/icudt64l/lang/kok.res" 1186
"../../../Engine/Content/Internationalization/icudt64l/region/kok.res" 1187
"../../../Engine/Content/Internationalization/icudt64l/lang/ks.res" 1188
"../../../Engine/Content/Internationalization/icudt64l/region/ks.res" 1189
"../../../Engine/Content/Internationalization/icudt64l/lang/ksb.res" 1190
"../../../Engine/Content/Internationalization/icudt64l/region/ksb.res" 1191
"../../../Engine/Content/Internationalization/icudt64l/lang/ksf.res" 1192
"../../../Engine/Content/Internationalization/icudt64l/region/ksf.res" 1193
"../../../Engine/Content/Internationalization/icudt64l/lang/ksh.res" 1194
"../../../Engine/Content/Internationalization/icudt64l/region/ksh.res" 1195
"../../../Engine/Content/Internationalization/icudt64l/lang/ku.res" 1196
"../../../Engine/Content/Internationalization/icudt64l/region/ku.res" 1197
"../../../Engine/Content/Internationalization/icudt64l/lang/kw.res" 1198
"../../../Engine/Content/Internationalization/icudt64l/region/kw.res" 1199
"../../../Engine/Content/Internationalization/icudt64l/lang/ky.res" 1200
"../../../Engine/Content/Internationalization/icudt64l/region/ky.res" 1201
"../../../Engine/Content/Internationalization/icudt64l/lang/lag.res" 1202
"../../../Engine/Content/Internationalization/icudt64l/region/lag.res" 1203
"../../../Engine/Content/Internationalization/icudt64l/lang/lb.res" 1204
"../../../Engine/Content/Internationalization/icudt64l/region/lb.res" 1205
"../../../Engine/Content/Internationalization/icudt64l/lang/lg.res" 1206
"../../../Engine/Content/Internationalization/icudt64l/region/lg.res" 1207
"../../../Engine/Content/Internationalization/icudt64l/lang/lkt.res" 1208
"../../../Engine/Content/Internationalization/icudt64l/region/lkt.res" 1209
"../../../Engine/Content/Internationalization/icudt64l/lang/ln.res" 1210
"../../../Engine/Content/Internationalization/icudt64l/region/ln.res" 1211
"../../../Engine/Content/Internationalization/icudt64l/lang/lo.res" 1212
"../../../Engine/Content/Internationalization/icudt64l/region/lo.res" 1213
"../../../Engine/Content/Internationalization/icudt64l/lang/lrc.res" 1214
"../../../Engine/Content/Internationalization/icudt64l/region/lrc.res" 1215
"../../../Engine/Content/Internationalization/icudt64l/lang/lt.res" 1216
"../../../Engine/Content/Internationalization/icudt64l/region/lt.res" 1217
"../../../Engine/Content/Internationalization/icudt64l/lang/lu.res" 1218
"../../../Engine/Content/Internationalization/icudt64l/region/lu.res" 1219
"../../../Engine/Content/Internationalization/icudt64l/lang/luo.res" 1220
"../../../Engine/Content/Internationalization/icudt64l/region/luo.res" 1221
"../../../Engine/Content/Internationalization/icudt64l/lang/luy.res" 1222
"../../../Engine/Content/Internationalization/icudt64l/region/luy.res" 1223
"../../../Engine/Content/Internationalization/icudt64l/lang/lv.res" 1224
"../../../Engine/Content/Internationalization/icudt64l/region/lv.res" 1225
"../../../Engine/Content/Internationalization/icudt64l/lang/mas.res" 1226
"../../../Engine/Content/Internationalization/icudt64l/region/mas.res" 1227
"../../../Engine/Content/Internationalization/icudt64l/lang/mer.res" 1228
"../../../Engine/Content/Internationalization/icudt64l/region/mer.res" 1229
"../../../Engine/Content/Internationalization/icudt64l/lang/mfe.res" 1230
"../../../Engine/Content/Internationalization/icudt64l/region/mfe.res" 1231
"../../../Engine/Content/Internationalization/icudt64l/lang/mg.res" 1232
"../../../Engine/Content/Internationalization/icudt64l/region/mg.res" 1233
"../../../Engine/Content/Internationalization/icudt64l/lang/mgh.res" 1234
"../../../Engine/Content/Internationalization/icudt64l/region/mgh.res" 1235
"../../../Engine/Content/Internationalization/icudt64l/lang/mgo.res" 1236
"../../../Engine/Content/Internationalization/icudt64l/region/mgo.res" 1237
"../../../Engine/Content/Internationalization/icudt64l/lang/mi.res" 1238
"../../../Engine/Content/Internationalization/icudt64l/region/mi.res" 1239
"../../../Engine/Content/Internationalization/icudt64l/lang/mk.res" 1240
"../../../Engine/Content/Internationalization/icudt64l/region/mk.res" 1241
"../../../Engine/Content/Internationalization/icudt64l/lang/ml.res" 1242
"../../../Engine/Content/Internationalization/icudt64l/region/ml.res" 1243
"../../../Engine/Content/Internationalization/icudt64l/lang/mn.res" 1244
"../../../Engine/Content/Internationalization/icudt64l/region/mn.res" 1245
"../../../Engine/Content/Internationalization/icudt64l/lang/mr.res" 1246
"../../../Engine/Content/Internationalization/icudt64l/region/mr.res" 1247
"../../../Engine/Content/Internationalization/icudt64l/lang/ms.res" 1248
"../../../Engine/Content/Internationalization/icudt64l/region/ms.res" 1249
"../../../Engine/Content/Internationalization/icudt64l/lang/mt.res" 1250
"../../../Engine/Content/Internationalization/icudt64l/region/mt.res" 1251
"../../../Engine/Content/Internationalization/icudt64l/lang/mua.res" 1252
"../../../Engine/Content/Internationalization/icudt64l/region/mua.res" 1253
"../../../Engine/Content/Internationalization/icudt64l/lang/my.res" 1254
"../../../Engine/Content/Internationalization/icudt64l/region/my.res" 1255
"../../../Engine/Content/Internationalization/icudt64l/lang/mzn.res" 1256
"../../../Engine/Content/Internationalization/icudt64l/region/mzn.res" 1257
"../../../Engine/Content/Internationalization/icudt64l/lang/naq.res" 1258
"../../../Engine/Content/Internationalization/icudt64l/region/naq.res" 1259
"../../../Engine/Content/Internationalization/icudt64l/lang/nb.res" 1260
"../../../Engine/Content/Internationalization/icudt64l/lang/nb_NO.res" 1261
"../../../Engine/Content/Internationalization/icudt64l/region/nb_NO.res" 1262
"../../../Engine/Content/Internationalization/icudt64l/region/nb.res" 1263
"../../../Engine/Content/Internationalization/icudt64l/lang/nd.res" 1264
"../../../Engine/Content/Internationalization/icudt64l/region/nd.res" 1265
"../../../Engine/Content/Internationalization/icudt64l/lang/nds.res" 1266
"../../../Engine/Content/Internationalization/icudt64l/region/nds.res" 1267
"../../../Engine/Content/Internationalization/icudt64l/lang/ne.res" 1268
"../../../Engine/Content/Internationalization/icudt64l/region/ne.res" 1269
"../../../Engine/Content/Internationalization/icudt64l/lang/nl.res" 1270
"../../../Engine/Content/Internationalization/icudt64l/region/nl.res" 1271
"../../../Engine/Content/Internationalization/icudt64l/lang/nmg.res" 1272
"../../../Engine/Content/Internationalization/icudt64l/region/nmg.res" 1273
"../../../Engine/Content/Internationalization/icudt64l/lang/nn.res" 1274
"../../../Engine/Content/Internationalization/icudt64l/lang/nn_NO.res" 1275
"../../../Engine/Content/Internationalization/icudt64l/region/nn_NO.res" 1276
"../../../Engine/Content/Internationalization/icudt64l/region/nn.res" 1277
"../../../Engine/Content/Internationalization/icudt64l/lang/nnh.res" 1278
"../../../Engine/Content/Internationalization/icudt64l/region/nnh.res" 1279
"../../../Engine/Content/Internationalization/icudt64l/lang/nus.res" 1280
"../../../Engine/Content/Internationalization/icudt64l/region/nus.res" 1281
"../../../Engine/Content/Internationalization/icudt64l/lang/nyn.res" 1282
"../../../Engine/Content/Internationalization/icudt64l/region/nyn.res" 1283
"../../../Engine/Content/Internationalization/icudt64l/lang/om.res" 1284
"../../../Engine/Content/Internationalization/icudt64l/region/om.res" 1285
"../../../Engine/Content/Internationalization/icudt64l/lang/or.res" 1286
"../../../Engine/Content/Internationalization/icudt64l/region/or.res" 1287
"../../../Engine/Content/Internationalization/icudt64l/lang/os.res" 1288
"../../../Engine/Content/Internationalization/icudt64l/region/os.res" 1289
"../../../Engine/Content/Internationalization/icudt64l/lang/pa.res" 1290
"../../../Engine/Content/Internationalization/icudt64l/lang/pa_Arab.res" 1291
"../../../Engine/Content/Internationalization/icudt64l/lang/pa_PK.res" 1292
"../../../Engine/Content/Internationalization/icudt64l/lang/pa_Arab_PK.res" 1293
"../../../Engine/Content/Internationalization/icudt64l/region/pa_PK.res" 1294
"../../../Engine/Content/Internationalization/icudt64l/region/pa_Arab_PK.res" 1295
"../../../Engine/Content/Internationalization/icudt64l/region/pa_Arab.res" 1296
"../../../Engine/Content/Internationalization/icudt64l/lang/pa_Guru.res" 1297
"../../../Engine/Content/Internationalization/icudt64l/lang/pa_IN.res" 1298
"../../../Engine/Content/Internationalization/icudt64l/lang/pa_Guru_IN.res" 1299
"../../../Engine/Content/Internationalization/icudt64l/region/pa_IN.res" 1300
"../../../Engine/Content/Internationalization/icudt64l/region/pa_Guru_IN.res" 1301
"../../../Engine/Content/Internationalization/icudt64l/region/pa_Guru.res" 1302
"../../../Engine/Content/Internationalization/icudt64l/region/pa.res" 1303
"../../../Engine/Content/Internationalization/icudt64l/lang/pl.res" 1304
"../../../Engine/Content/Internationalization/icudt64l/region/pl.res" 1305
"../../../Engine/Content/Internationalization/icudt64l/lang/ps.res" 1306
"../../../Engine/Content/Internationalization/icudt64l/region/ps.res" 1307
"../../../Engine/Content/Internationalization/icudt64l/lang/ps_PK.res" 1308
"../../../Engine/Content/Internationalization/icudt64l/region/ps_PK.res" 1309
"../../../Engine/Content/Internationalization/icudt64l/lang/pt.res" 1310
"../../../Engine/Content/Internationalization/icudt64l/lang/pt_AO.res" 1311
"../../../Engine/Content/Internationalization/icudt64l/lang/pt_PT.res" 1312
"../../../Engine/Content/Internationalization/icudt64l/region/pt_AO.res" 1313
"../../../Engine/Content/Internationalization/icudt64l/region/pt_PT.res" 1314
"../../../Engine/Content/Internationalization/icudt64l/region/pt.res" 1315
"../../../Engine/Content/Internationalization/icudt64l/lang/pt_CH.res" 1316
"../../../Engine/Content/Internationalization/icudt64l/region/pt_CH.res" 1317
"../../../Engine/Content/Internationalization/icudt64l/lang/pt_CV.res" 1318
"../../../Engine/Content/Internationalization/icudt64l/region/pt_CV.res" 1319
"../../../Engine/Content/Internationalization/icudt64l/lang/pt_GQ.res" 1320
"../../../Engine/Content/Internationalization/icudt64l/region/pt_GQ.res" 1321
"../../../Engine/Content/Internationalization/icudt64l/lang/pt_GW.res" 1322
"../../../Engine/Content/Internationalization/icudt64l/region/pt_GW.res" 1323
"../../../Engine/Content/Internationalization/icudt64l/lang/pt_LU.res" 1324
"../../../Engine/Content/Internationalization/icudt64l/region/pt_LU.res" 1325
"../../../Engine/Content/Internationalization/icudt64l/lang/pt_MO.res" 1326
"../../../Engine/Content/Internationalization/icudt64l/region/pt_MO.res" 1327
"../../../Engine/Content/Internationalization/icudt64l/lang/pt_MZ.res" 1328
"../../../Engine/Content/Internationalization/icudt64l/region/pt_MZ.res" 1329
"../../../Engine/Content/Internationalization/icudt64l/lang/pt_ST.res" 1330
"../../../Engine/Content/Internationalization/icudt64l/region/pt_ST.res" 1331
"../../../Engine/Content/Internationalization/icudt64l/lang/pt_TL.res" 1332
"../../../Engine/Content/Internationalization/icudt64l/region/pt_TL.res" 1333
"../../../Engine/Content/Internationalization/icudt64l/lang/qu.res" 1334
"../../../Engine/Content/Internationalization/icudt64l/region/qu.res" 1335
"../../../Engine/Content/Internationalization/icudt64l/lang/rm.res" 1336
"../../../Engine/Content/Internationalization/icudt64l/region/rm.res" 1337
"../../../Engine/Content/Internationalization/icudt64l/lang/rn.res" 1338
"../../../Engine/Content/Internationalization/icudt64l/region/rn.res" 1339
"../../../Engine/Content/Internationalization/icudt64l/lang/ro.res" 1340
"../../../Engine/Content/Internationalization/icudt64l/lang/ro_MD.res" 1341
"../../../Engine/Content/Internationalization/icudt64l/region/ro_MD.res" 1342
"../../../Engine/Content/Internationalization/icudt64l/region/ro.res" 1343
"../../../Engine/Content/Internationalization/icudt64l/lang/rof.res" 1344
"../../../Engine/Content/Internationalization/icudt64l/region/rof.res" 1345
"../../../Engine/Content/Internationalization/icudt64l/lang/ru.res" 1346
"../../../Engine/Content/Internationalization/icudt64l/region/ru.res" 1347
"../../../Engine/Content/Internationalization/icudt64l/region/ru_UA.res" 1348
"../../../Engine/Content/Internationalization/icudt64l/lang/rw.res" 1349
"../../../Engine/Content/Internationalization/icudt64l/region/rw.res" 1350
"../../../Engine/Content/Internationalization/icudt64l/lang/rwk.res" 1351
"../../../Engine/Content/Internationalization/icudt64l/region/rwk.res" 1352
"../../../Engine/Content/Internationalization/icudt64l/lang/sah.res" 1353
"../../../Engine/Content/Internationalization/icudt64l/region/sah.res" 1354
"../../../Engine/Content/Internationalization/icudt64l/lang/saq.res" 1355
"../../../Engine/Content/Internationalization/icudt64l/region/saq.res" 1356
"../../../Engine/Content/Internationalization/icudt64l/lang/sbp.res" 1357
"../../../Engine/Content/Internationalization/icudt64l/region/sbp.res" 1358
"../../../Engine/Content/Internationalization/icudt64l/lang/sd.res" 1359
"../../../Engine/Content/Internationalization/icudt64l/region/sd.res" 1360
"../../../Engine/Content/Internationalization/icudt64l/lang/se.res" 1361
"../../../Engine/Content/Internationalization/icudt64l/lang/se_FI.res" 1362
"../../../Engine/Content/Internationalization/icudt64l/region/se_FI.res" 1363
"../../../Engine/Content/Internationalization/icudt64l/region/se.res" 1364
"../../../Engine/Content/Internationalization/icudt64l/lang/seh.res" 1365
"../../../Engine/Content/Internationalization/icudt64l/region/seh.res" 1366
"../../../Engine/Content/Internationalization/icudt64l/lang/ses.res" 1367
"../../../Engine/Content/Internationalization/icudt64l/region/ses.res" 1368
"../../../Engine/Content/Internationalization/icudt64l/lang/sg.res" 1369
"../../../Engine/Content/Internationalization/icudt64l/region/sg.res" 1370
"../../../Engine/Content/Internationalization/icudt64l/lang/shi.res" 1371
"../../../Engine/Content/Internationalization/icudt64l/lang/shi_Latn.res" 1372
"../../../Engine/Content/Internationalization/icudt64l/lang/shi_MA.res" 1373
"../../../Engine/Content/Internationalization/icudt64l/lang/shi_Tfng_MA.res" 1374
"../../../Engine/Content/Internationalization/icudt64l/lang/shi_Tfng.res" 1375
"../../../Engine/Content/Internationalization/icudt64l/region/shi_MA.res" 1376
"../../../Engine/Content/Internationalization/icudt64l/region/shi_Tfng_MA.res" 1377
"../../../Engine/Content/Internationalization/icudt64l/region/shi_Tfng.res" 1378
"../../../Engine/Content/Internationalization/icudt64l/region/shi.res" 1379
"../../../Engine/Content/Internationalization/icudt64l/region/shi_Latn.res" 1380
"../../../Engine/Content/Internationalization/icudt64l/lang/si.res" 1381
"../../../Engine/Content/Internationalization/icudt64l/region/si.res" 1382
"../../../Engine/Content/Internationalization/icudt64l/lang/sk.res" 1383
"../../../Engine/Content/Internationalization/icudt64l/region/sk.res" 1384
"../../../Engine/Content/Internationalization/icudt64l/lang/sl.res" 1385
"../../../Engine/Content/Internationalization/icudt64l/region/sl.res" 1386
"../../../Engine/Content/Internationalization/icudt64l/lang/smn.res" 1387
"../../../Engine/Content/Internationalization/icudt64l/region/smn.res" 1388
"../../../Engine/Content/Internationalization/icudt64l/lang/sn.res" 1389
"../../../Engine/Content/Internationalization/icudt64l/region/sn.res" 1390
"../../../Engine/Content/Internationalization/icudt64l/lang/so.res" 1391
"../../../Engine/Content/Internationalization/icudt64l/region/so.res" 1392
"../../../Engine/Content/Internationalization/icudt64l/lang/sq.res" 1393
"../../../Engine/Content/Internationalization/icudt64l/region/sq.res" 1394
"../../../Engine/Content/Internationalization/icudt64l/lang/sr.res" 1395
"../../../Engine/Content/Internationalization/icudt64l/lang/sr_Cyrl.res" 1396
"../../../Engine/Content/Internationalization/icudt64l/lang/sr_BA.res" 1397
"../../../Engine/Content/Internationalization/icudt64l/lang/sr_Cyrl_BA.res" 1398
"../../../Engine/Content/Internationalization/icudt64l/region/sr_BA.res" 1399
"../../../Engine/Content/Internationalization/icudt64l/region/sr_Cyrl_BA.res" 1400
"../../../Engine/Content/Internationalization/icudt64l/region/sr_Cyrl.res" 1401
"../../../Engine/Content/Internationalization/icudt64l/region/sr.res" 1402
"../../../Engine/Content/Internationalization/icudt64l/lang/sr_ME.res" 1403
"../../../Engine/Content/Internationalization/icudt64l/lang/sr_Latn_ME.res" 1404
"../../../Engine/Content/Internationalization/icudt64l/lang/sr_Latn.res" 1405
"../../../Engine/Content/Internationalization/icudt64l/region/sr_ME.res" 1406
"../../../Engine/Content/Internationalization/icudt64l/region/sr_Latn_ME.res" 1407
"../../../Engine/Content/Internationalization/icudt64l/region/sr_Latn.res" 1408
"../../../Engine/Content/Internationalization/icudt64l/lang/sr_Cyrl_ME.res" 1409
"../../../Engine/Content/Internationalization/icudt64l/region/sr_Cyrl_ME.res" 1410
"../../../Engine/Content/Internationalization/icudt64l/lang/sr_RS.res" 1411
"../../../Engine/Content/Internationalization/icudt64l/lang/sr_Cyrl_RS.res" 1412
"../../../Engine/Content/Internationalization/icudt64l/region/sr_RS.res" 1413
"../../../Engine/Content/Internationalization/icudt64l/region/sr_Cyrl_RS.res" 1414
"../../../Engine/Content/Internationalization/icudt64l/lang/sr_XK.res" 1415
"../../../Engine/Content/Internationalization/icudt64l/lang/sr_Cyrl_XK.res" 1416
"../../../Engine/Content/Internationalization/icudt64l/region/sr_XK.res" 1417
"../../../Engine/Content/Internationalization/icudt64l/region/sr_Cyrl_XK.res" 1418
"../../../Engine/Content/Internationalization/icudt64l/lang/sr_Latn_BA.res" 1419
"../../../Engine/Content/Internationalization/icudt64l/region/sr_Latn_BA.res" 1420
"../../../Engine/Content/Internationalization/icudt64l/lang/sr_Latn_RS.res" 1421
"../../../Engine/Content/Internationalization/icudt64l/region/sr_Latn_RS.res" 1422
"../../../Engine/Content/Internationalization/icudt64l/lang/sr_Latn_XK.res" 1423
"../../../Engine/Content/Internationalization/icudt64l/region/sr_Latn_XK.res" 1424
"../../../Engine/Content/Internationalization/icudt64l/lang/sv.res" 1425
"../../../Engine/Content/Internationalization/icudt64l/region/sv.res" 1426
"../../../Engine/Content/Internationalization/icudt64l/lang/sv_FI.res" 1427
"../../../Engine/Content/Internationalization/icudt64l/lang/sw.res" 1428
"../../../Engine/Content/Internationalization/icudt64l/lang/sw_CD.res" 1429
"../../../Engine/Content/Internationalization/icudt64l/region/sw_CD.res" 1430
"../../../Engine/Content/Internationalization/icudt64l/region/sw.res" 1431
"../../../Engine/Content/Internationalization/icudt64l/lang/sw_KE.res" 1432
"../../../Engine/Content/Internationalization/icudt64l/region/sw_KE.res" 1433
"../../../Engine/Content/Internationalization/icudt64l/lang/ta.res" 1434
"../../../Engine/Content/Internationalization/icudt64l/region/ta.res" 1435
"../../../Engine/Content/Internationalization/icudt64l/lang/te.res" 1436
"../../../Engine/Content/Internationalization/icudt64l/region/te.res" 1437
"../../../Engine/Content/Internationalization/icudt64l/lang/teo.res" 1438
"../../../Engine/Content/Internationalization/icudt64l/region/teo.res" 1439
"../../../Engine/Content/Internationalization/icudt64l/lang/tg.res" 1440
"../../../Engine/Content/Internationalization/icudt64l/region/tg.res" 1441
"../../../Engine/Content/Internationalization/icudt64l/lang/th.res" 1442
"../../../Engine/Content/Internationalization/icudt64l/lang/th_TH.res" 1443
"../../../Engine/Content/Internationalization/icudt64l/region/th_TH.res" 1444
"../../../Engine/Content/Internationalization/icudt64l/region/th.res" 1445
"../../../Engine/Content/Internationalization/icudt64l/lang/ti.res" 1446
"../../../Engine/Content/Internationalization/icudt64l/region/ti.res" 1447
"../../../Engine/Content/Internationalization/icudt64l/lang/tk.res" 1448
"../../../Engine/Content/Internationalization/icudt64l/region/tk.res" 1449
"../../../Engine/Content/Internationalization/icudt64l/lang/to.res" 1450
"../../../Engine/Content/Internationalization/icudt64l/region/to.res" 1451
"../../../Engine/Content/Internationalization/icudt64l/lang/tr.res" 1452
"../../../Engine/Content/Internationalization/icudt64l/region/tr.res" 1453
"../../../Engine/Content/Internationalization/icudt64l/lang/tt.res" 1454
"../../../Engine/Content/Internationalization/icudt64l/region/tt.res" 1455
"../../../Engine/Content/Internationalization/icudt64l/lang/twq.res" 1456
"../../../Engine/Content/Internationalization/icudt64l/region/twq.res" 1457
"../../../Engine/Content/Internationalization/icudt64l/lang/tzm.res" 1458
"../../../Engine/Content/Internationalization/icudt64l/region/tzm.res" 1459
"../../../Engine/Content/Internationalization/icudt64l/lang/ug.res" 1460
"../../../Engine/Content/Internationalization/icudt64l/region/ug.res" 1461
"../../../Engine/Content/Internationalization/icudt64l/lang/uk.res" 1462
"../../../Engine/Content/Internationalization/icudt64l/region/uk.res" 1463
"../../../Engine/Content/Internationalization/icudt64l/lang/ur.res" 1464
"../../../Engine/Content/Internationalization/icudt64l/lang/ur_IN.res" 1465
"../../../Engine/Content/Internationalization/icudt64l/region/ur_IN.res" 1466
"../../../Engine/Content/Internationalization/icudt64l/region/ur.res" 1467
"../../../Engine/Content/Internationalization/icudt64l/lang/uz.res" 1468
"../../../Engine/Content/Internationalization/icudt64l/lang/uz_Arab.res" 1469
"../../../Engine/Content/Internationalization/icudt64l/lang/uz_AF.res" 1470
"../../../Engine/Content/Internationalization/icudt64l/lang/uz_Arab_AF.res" 1471
"../../../Engine/Content/Internationalization/icudt64l/region/uz_AF.res" 1472
"../../../Engine/Content/Internationalization/icudt64l/region/uz_Arab_AF.res" 1473
"../../../Engine/Content/Internationalization/icudt64l/region/uz_Arab.res" 1474
"../../../Engine/Content/Internationalization/icudt64l/lang/uz_Cyrl.res" 1475
"../../../Engine/Content/Internationalization/icudt64l/lang/uz_UZ.res" 1476
"../../../Engine/Content/Internationalization/icudt64l/lang/uz_Latn_UZ.res" 1477
"../../../Engine/Content/Internationalization/icudt64l/lang/uz_Latn.res" 1478
"../../../Engine/Content/Internationalization/icudt64l/region/uz_UZ.res" 1479
"../../../Engine/Content/Internationalization/icudt64l/region/uz_Latn_UZ.res" 1480
"../../../Engine/Content/Internationalization/icudt64l/region/uz_Latn.res" 1481
"../../../Engine/Content/Internationalization/icudt64l/region/uz.res" 1482
"../../../Engine/Content/Internationalization/icudt64l/region/uz_Cyrl.res" 1483
"../../../Engine/Content/Internationalization/icudt64l/lang/vai.res" 1484
"../../../Engine/Content/Internationalization/icudt64l/lang/vai_Latn.res" 1485
"../../../Engine/Content/Internationalization/icudt64l/lang/vai_LR.res" 1486
"../../../Engine/Content/Internationalization/icudt64l/lang/vai_Vaii_LR.res" 1487
"../../../Engine/Content/Internationalization/icudt64l/lang/vai_Vaii.res" 1488
"../../../Engine/Content/Internationalization/icudt64l/region/vai_LR.res" 1489
"../../../Engine/Content/Internationalization/icudt64l/region/vai_Vaii_LR.res" 1490
"../../../Engine/Content/Internationalization/icudt64l/region/vai_Vaii.res" 1491
"../../../Engine/Content/Internationalization/icudt64l/region/vai.res" 1492
"../../../Engine/Content/Internationalization/icudt64l/region/vai_Latn.res" 1493
"../../../Engine/Content/Internationalization/icudt64l/lang/vi.res" 1494
"../../../Engine/Content/Internationalization/icudt64l/region/vi.res" 1495
"../../../Engine/Content/Internationalization/icudt64l/lang/vun.res" 1496
"../../../Engine/Content/Internationalization/icudt64l/region/vun.res" 1497
"../../../Engine/Content/Internationalization/icudt64l/lang/wae.res" 1498
"../../../Engine/Content/Internationalization/icudt64l/region/wae.res" 1499
"../../../Engine/Content/Internationalization/icudt64l/lang/wo.res" 1500
"../../../Engine/Content/Internationalization/icudt64l/region/wo.res" 1501
"../../../Engine/Content/Internationalization/icudt64l/lang/xh.res" 1502
"../../../Engine/Content/Internationalization/icudt64l/region/xh.res" 1503
"../../../Engine/Content/Internationalization/icudt64l/lang/xog.res" 1504
"../../../Engine/Content/Internationalization/icudt64l/region/xog.res" 1505
"../../../Engine/Content/Internationalization/icudt64l/lang/yav.res" 1506
"../../../Engine/Content/Internationalization/icudt64l/region/yav.res" 1507
"../../../Engine/Content/Internationalization/icudt64l/lang/yi.res" 1508
"../../../Engine/Content/Internationalization/icudt64l/region/yi.res" 1509
"../../../Engine/Content/Internationalization/icudt64l/lang/yo.res" 1510
"../../../Engine/Content/Internationalization/icudt64l/lang/yo_BJ.res" 1511
"../../../Engine/Content/Internationalization/icudt64l/region/yo_BJ.res" 1512
"../../../Engine/Content/Internationalization/icudt64l/region/yo.res" 1513
"../../../Engine/Content/Internationalization/icudt64l/lang/yue.res" 1514
"../../../Engine/Content/Internationalization/icudt64l/lang/yue_Hans.res" 1515
"../../../Engine/Content/Internationalization/icudt64l/lang/yue_CN.res" 1516
"../../../Engine/Content/Internationalization/icudt64l/lang/yue_Hans_CN.res" 1517
"../../../Engine/Content/Internationalization/icudt64l/region/yue_CN.res" 1518
"../../../Engine/Content/Internationalization/icudt64l/region/yue_Hans_CN.res" 1519
"../../../Engine/Content/Internationalization/icudt64l/region/yue_Hans.res" 1520
"../../../Engine/Content/Internationalization/icudt64l/lang/yue_Hant.res" 1521
"../../../Engine/Content/Internationalization/icudt64l/lang/yue_HK.res" 1522
"../../../Engine/Content/Internationalization/icudt64l/lang/yue_Hant_HK.res" 1523
"../../../Engine/Content/Internationalization/icudt64l/region/yue_HK.res" 1524
"../../../Engine/Content/Internationalization/icudt64l/region/yue_Hant_HK.res" 1525
"../../../Engine/Content/Internationalization/icudt64l/region/yue_Hant.res" 1526
"../../../Engine/Content/Internationalization/icudt64l/region/yue.res" 1527
"../../../Engine/Content/Internationalization/icudt64l/lang/zgh.res" 1528
"../../../Engine/Content/Internationalization/icudt64l/region/zgh.res" 1529
"../../../Engine/Content/Internationalization/icudt64l/lang/zh.res" 1530
"../../../Engine/Content/Internationalization/icudt64l/lang/zh_Hans.res" 1531
"../../../Engine/Content/Internationalization/icudt64l/lang/zh_CN.res" 1532
"../../../Engine/Content/Internationalization/icudt64l/lang/zh_Hans_CN.res" 1533
"../../../Engine/Content/Internationalization/icudt64l/region/zh_CN.res" 1534
"../../../Engine/Content/Internationalization/icudt64l/region/zh_Hans_CN.res" 1535
"../../../Engine/Content/Internationalization/icudt64l/region/zh_Hans.res" 1536
"../../../Engine/Content/Internationalization/icudt64l/region/zh.res" 1537
"../../../Engine/Content/Internationalization/icudt64l/lang/zh_HK.res" 1538
"../../../Engine/Content/Internationalization/icudt64l/lang/zh_Hant_HK.res" 1539
"../../../Engine/Content/Internationalization/icudt64l/lang/zh_Hant.res" 1540
"../../../Engine/Content/Internationalization/icudt64l/region/zh_HK.res" 1541
"../../../Engine/Content/Internationalization/icudt64l/region/zh_Hant_HK.res" 1542
"../../../Engine/Content/Internationalization/icudt64l/region/zh_Hant.res" 1543
"../../../Engine/Content/Internationalization/icudt64l/lang/zh_MO.res" 1544
"../../../Engine/Content/Internationalization/icudt64l/lang/zh_Hant_MO.res" 1545
"../../../Engine/Content/Internationalization/icudt64l/region/zh_MO.res" 1546
"../../../Engine/Content/Internationalization/icudt64l/region/zh_Hant_MO.res" 1547
"../../../Engine/Content/Internationalization/icudt64l/lang/zh_SG.res" 1548
"../../../Engine/Content/Internationalization/icudt64l/lang/zh_Hans_SG.res" 1549
"../../../Engine/Content/Internationalization/icudt64l/region/zh_SG.res" 1550
"../../../Engine/Content/Internationalization/icudt64l/region/zh_Hans_SG.res" 1551
"../../../Engine/Content/Internationalization/icudt64l/lang/zh_TW.res" 1552
"../../../Engine/Content/Internationalization/icudt64l/lang/zh_Hant_TW.res" 1553
"../../../Engine/Content/Internationalization/icudt64l/region/zh_TW.res" 1554
"../../../Engine/Content/Internationalization/icudt64l/region/zh_Hant_TW.res" 1555
"../../../Engine/Content/Internationalization/icudt64l/lang/zu.res" 1556
"../../../Engine/Content/Internationalization/icudt64l/region/zu.res" 1557
"../../../Engine/Content/Internationalization/icudt64l/lang/no.res" 1558
"../../../Engine/Content/Internationalization/icudt64l/lang/tl.res" 1559
"../../../Engine/Config/Android/DataDrivenPlatformInfo.ini" 1560
"../../../Engine/Config/HoloLens/DataDrivenPlatformInfo.ini" 1561
"../../../Engine/Config/IOS/DataDrivenPlatformInfo.ini" 1562
"../../../Engine/Config/Linux/DataDrivenPlatformInfo.ini" 1563
"../../../Engine/Config/LinuxArm64/DataDrivenPlatformInfo.ini" 1564
"../../../Engine/Config/Mac/DataDrivenPlatformInfo.ini" 1565
"../../../Engine/Config/TVOS/DataDrivenPlatformInfo.ini" 1566
"../../../Engine/Config/Unix/DataDrivenPlatformInfo.ini" 1567
"../../../Engine/Config/VulkanPC/DataDrivenPlatformInfo.ini" 1568
"../../../Engine/Config/Windows/DataDrivenPlatformInfo.ini" 1569
"../../../../../../GitHub/CutyKiller/GAME FOLDER/Intermediate/ShaderAutogen/PCD3D_SM5/AutogenShaderHeaders.ush" 1570
"../../../../../../GitHub/CutyKiller/GAME FOLDER/Intermediate/ShaderAutogen/PCD3D_ES31/AutogenShaderHeaders.ush" 1571
"../../../Engine/DerivedDataCache/Compressed.ddp" 1572
"C:/Users/b.lapeze/AppData/Local/UnrealEngine/Common/DerivedDataCache/TestData/0/TestData_4kb.dat" 1573
"C:/Users/b.lapeze/AppData/Local/UnrealEngine/Common/DerivedDataCache/TestData/1/TestData_4kb.dat" 1574
"C:/Users/b.lapeze/AppData/Local/UnrealEngine/Common/DerivedDataCache/TestData/0/TestData_8kb.dat" 1575
"C:/Users/b.lapeze/AppData/Local/UnrealEngine/Common/DerivedDataCache/TestData/1/TestData_8kb.dat" 1576
"C:/Users/b.lapeze/AppData/Local/UnrealEngine/Common/DerivedDataCache/TestData/0/TestData_16kb.dat" 1577
"C:/Users/b.lapeze/AppData/Local/UnrealEngine/Common/DerivedDataCache/TestData/1/TestData_16kb.dat" 1578
"C:/Users/b.lapeze/AppData/Local/UnrealEngine/Common/DerivedDataCache/TestData/0/TestData_64kb.dat" 1579
"C:/Users/b.lapeze/AppData/Local/UnrealEngine/Common/DerivedDataCache/TestData/1/TestData_64kb.dat" 1580
"C:/Users/b.lapeze/AppData/Local/UnrealEngine/Common/DerivedDataCache/TestData/0/TestData_128kb.dat" 1581
"C:/Users/b.lapeze/AppData/Local/UnrealEngine/Common/DerivedDataCache/TestData/1/TestData_128kb.dat" 1582
"C:/Users/b.lapeze/AppData/Local/UnrealEngine/Common/DerivedDataCache/TestData/0/TestData_256kb.dat" 1583
"C:/Users/b.lapeze/AppData/Local/UnrealEngine/Common/DerivedDataCache/TestData/1/TestData_256kb.dat" 1584
"../../../Engine/Shaders/Private/HairStrands/HairStrandsVertexFactory.ush" 1585
"../../../Engine/Shaders/Private/VertexFactoryCommon.ush" 1586
"../../../Engine/Shaders/Private/Common.ush" 1587
"../../../Engine/Shaders/Public/Platform.ush" 1588
"../../../Engine/Shaders/Public/FP16Math.ush" 1589
"../../../Engine/Shaders/Public/Platform/D3D/D3DCommon.ush" 1590
"../../../Engine/Shaders/Public/ShaderVersion.ush" 1591
"../../../Engine/Shaders/Private/GeneratedUniformBufferTypes.ush" 1592
"../../../Engine/Shaders/Private/Nanite/NanitePackedNaniteView.ush" 1593
"../../../Engine/Shaders/Private/HairStrands/HairStrandsVisibilityCommonStruct.ush" 1594
"../../../Engine/Shaders/Private/HairStrands/HairStrandsVoxelPageCommonStruct.ush" 1595
"../../../Engine/Shaders/Private/HairStrands/HairStrandsDeepShadowCommonStruct.ush" 1596
"../../../Engine/Shaders/Private/CommonViewUniformBuffer.ush" 1597
"../../../Engine/Shaders/Private/LargeWorldCoordinates.ush" 1598
"../../../Engine/Shaders/Private/LWCOperations.ush" 1599
"../../../Engine/Shaders/Private/InstancedStereo.ush" 1600
"../../../Engine/Shaders/Private/Definitions.usf" 1601
"../../../Engine/Shaders/Private/AssertionMacros.ush" 1602
"../../../Engine/Shaders/Private/FastMath.ush" 1603
"../../../Engine/Shaders/Private/Random.ush" 1604
"../../../Engine/Shaders/Private/SceneData.ush" 1605
"../../../Engine/Shaders/Private/OctahedralCommon.ush" 1606
"../../../Engine/Shaders/Private/LocalVertexFactoryCommon.ush" 1607
"../../../Engine/Shaders/Private/HairStrands/HairStrandsVisibilityCommon.ush" 1608
"../../../Engine/Shaders/Private/HairStrands/HairStrandsVertexFactoryCommon.ush" 1609
"../../../Engine/Shaders/Private/HairStrands/HairStrandsAttributeCommon.ush" 1610
"../../../Engine/Shaders/Private/VertexFactoryDefaultInterface.ush" 1611
"../../../Engine/Shaders/Private/HairStrands/HairCardsVertexFactory.ush" 1612
"../../../Engine/Shaders/Private/HairStrands/HairCardsAttributeCommon.ush" 1613
"../../../Engine/Shaders/Private/RayTracing/RayTracingCommon.ush" 1614
"../../../Engine/Shaders/Private/ShadingCommon.ush" 1615
"../../../Engine/Shaders/Shared/RayTracingDefinitions.h" 1616
"../../../Engine/Shaders/Private/PositionReconstructionCommon.ush" 1617
"../../../Engine/Shaders/Private/RayTracing/RayTracingHitGroupCommon.ush" 1618
"../../../Engine/Shaders/Shared/RayTracingBuiltInResources.h" 1619
"../../../Engine/Plugins/Experimental/Water/Shaders/Private/WaterMeshVertexFactory.ush" 1620
"../../../Engine/Plugins/FX/Niagara/Shaders/Private/NiagaraSpriteVertexFactory.ush" 1621
"../../../Engine/Shaders/Private/ParticleVertexFactoryCommon.ush" 1622
"../../../Engine/Plugins/FX/Niagara/Shaders/Private/NiagaraVFCommon.usf" 1623
"../../../Engine/Plugins/FX/Niagara/Shaders/Private/NiagaraVFParticleAccess.usf" 1624
"../../../Engine/Plugins/FX/Niagara/Shaders/Private/NiagaraParticleAccess.ush" 1625
"../../../Engine/Plugins/FX/Niagara/Shaders/Private/NiagaraRibbonVertexFactory.ush" 1626
"../../../Engine/Plugins/FX/Niagara/Shaders/Private/NiagaraMeshVertexFactory.ush" 1627
"../../../Engine/Plugins/FX/Niagara/Shaders/Private/NiagaraCommon.ush" 1628
"../../../Engine/Plugins/FX/Niagara/Shaders/Private/NiagaraMeshParticleUtils.ush" 1629
"../../../Engine/Shaders/Private/VectorFieldVisualizationVertexFactory.ush" 1630
"../../../Engine/Shaders/Private/Nanite/NaniteVertexFactory.ush" 1631
"../../../Engine/Shaders/Private/LightmapData.ush" 1632
"../../../Engine/Shaders/Private/Nanite/NaniteDataDecode.ush" 1633
"../../../Engine/Shaders/Private/BitPacking.ush" 1634
"../../../Engine/Shaders/Private/BitStreamReaderImplementation.ush" 1635
"../../../Engine/Shaders/Shared/NaniteDefinitions.h" 1636
"../../../Engine/Shaders/Private/Nanite/NaniteAttributeDecode.ush" 1637
"../../../Engine/Shaders/Private/ParticleSpriteVertexFactory.ush" 1638
"../../../Engine/Shaders/Private/ParticleGPUSpriteVertexFactory.ush" 1639
"../../../Engine/Shaders/Private/ParticleBeamTrailVertexFactory.ush" 1640
"../../../Engine/Shaders/Private/MeshParticleVertexFactory.ush" 1641
"../../../Engine/Shaders/Private/LocalVertexFactory.ush" 1642
"../../../Engine/Shaders/Private/GpuSkinCommon.ush" 1643
"../../../Engine/Shaders/Private/GpuSkinVertexFactory.ush" 1644
"../../../Engine/Shaders/Private/GeometryCollectionVertexFactory.ush" 1645
"../../../Engine/Shaders/Private/GeometryCacheVertexFactory.ush" 1646
"../../../Engine/Shaders/Private/LandscapeVertexFactory.ush" 1647
"../../../Engine/Plugins/Runtime/HairStrands/Shaders/Private/NiagaraCopyVelocityGrid.usf" 1648
"../../../Engine/Plugins/Runtime/HairStrands/Shaders/Private/NiagaraClearVelocityGrid.usf" 1649
"../../../Engine/Plugins/Runtime/HairStrands/Shaders/Private/NiagaraClearPressureGrid.usf" 1650
"../../../Engine/Shaders/Private/HairStrands/HairStrandsClusterCulling.usf" 1651
"../../../Engine/Shaders/Private/ColorMap.ush" 1652
"../../../Engine/Shaders/Private/ColorSpace.ush" 1653
"../../../Engine/Shaders/Private/HairStrands/HairStrandsAABBCommon.ush" 1654
"../../../Engine/Shaders/Private/HairStrands/HairStrandsClusterCommon.ush" 1655
"../../../Engine/Shaders/Private/ShaderDrawDebug.ush" 1656
"../../../Engine/Shaders/Private/ShaderPrintCommon.ush" 1657
"../../../Engine/Shaders/Private/MiniFontCommon.ush" 1658
"../../../Engine/Shaders/Private/HairStrands/HairStrandsRaytracingGeometry.usf" 1659
"../../../Engine/Shaders/Private/HairStrands/HairStrandsTangent.usf" 1660
"../../../Engine/Shaders/Private/MonteCarlo.ush" 1661
"../../../Engine/Shaders/Private/HairStrands/HairCardsDeformation.usf" 1662
"../../../Engine/Shaders/Private/HairStrands/HairStrandsMeshProjectionCommon.ush" 1663
"../../../Engine/Shaders/Private/HairStrands/HairStrandsInterpolation.usf" 1664
"../../../Engine/Shaders/Private/HairStrands/HairStrandsGuideDeform.usf" 1665
"../../../Engine/Shaders/Private/HairStrands/HairStrandsMeshRBF.ush" 1666
"../../../Engine/Shaders/Private/HairStrands/HairStrandsMeshUpdate.usf" 1667
"../../../Engine/Shaders/Private/HairStrands/HairStrandsFollicleMask.usf" 1668
"../../../Engine/Shaders/Private/HairStrands/HairStrandsSamplesUpdate.usf" 1669
"../../../Engine/Shaders/Private/HairStrands/HairStrandsSamplesInit.usf" 1670
"../../../Engine/Shaders/Private/HairStrands/HairStrandsMeshInterpolate.usf" 1671
"../../../Engine/Shaders/Private/HairStrands/HairStrandsSkinUpdate.usf" 1672
"../../../Engine/Shaders/Private/HairStrands/HairCardsGeneration.usf" 1673
"../../../Engine/Shaders/Private/HairStrands/HairCardsTextureCommon.ush" 1674
"../../../Engine/Shaders/Private/HairStrands/HairStrandsTexturesGeneration.usf" 1675
"../../../Engine/Shaders/Private/HairStrands/HairCardsDebug.usf" 1676
"../../../Engine/Shaders/Private/HairStrands/HairStrandsDebug.usf" 1677
"../../../Engine/Shaders/Private/HairStrands/HairCardsVoxel.usf" 1678
"../../../Engine/Shaders/Private/SceneTextureParameters.ush" 1679
"../../../Engine/Shaders/Private/SceneTexturesCommon.ush" 1680
"../../../Engine/Shaders/Private/DeferredShadingCommon.ush" 1681
"../../../Engine/Shaders/Private/LightAccumulator.ush" 1682
"../../../Engine/Shaders/Private/GBufferHelpers.ush" 1683
"D:/GitHub/CutyKiller/GAME FOLDER/Intermediate/ShaderAutogen/PCD3D_SM5/AutogenShaderHeaders.ush" 1684
"../../../Engine/Shaders/Private/HairStrands/HairStrandsMeshProjectionHairDebug.usf" 1685
"../../../Engine/Shaders/Private/HairStrands/HairStrandsMeshProjectionMeshDebug.usf" 1686
"../../../Engine/Plugins/Media/WmfMedia/Shaders/Private/MediaHardwareVideoDecoding.usf" 1687
"../../../Engine/Shaders/Private/GammaCorrectionCommon.ush" 1688
"../../../Engine/Shaders/Private/ColorUtils.ush" 1689
"../../../Engine/Plugins/Media/ImgMedia/Shaders/Private/ExrSwizzler.usf" 1690
"../../../Engine/Plugins/FX/Niagara/Shaders/Private/NiagaraFillIntBuffer.usf" 1691
"../../../Engine/Plugins/FX/Niagara/Shaders/Private/NiagaraComputeFreeIDs.usf" 1692
"../../../Engine/Plugins/FX/Niagara/Shaders/Private/NiagaraInitFreeIDBuffer.usf" 1693
"../../../Engine/Plugins/FX/Niagara/Shaders/Private/NiagaraEmitterInstanceShader.usf" 1694
"../../../Engine/Plugins/FX/Niagara/Shaders/Private/NiagaraShaderVersion.ush" 1695
"../../../Engine/Shaders/Private/GlobalDistanceFieldShared.ush" 1696
"../../../Engine/Plugins/FX/Niagara/Shaders/Private/NiagaraPhysicsCommon.ush" 1697
"../../../Engine/Plugins/FX/Niagara/Shaders/Private/NiagaraUpdateMeshGPUSceneInstances.usf" 1698
"../../../Engine/Shaders/Private/ComputeShaderUtils.ush" 1699
"../../../Engine/Shaders/Private/GPUScene/GPUSceneWriter.ush" 1700
"../../../Engine/Plugins/FX/Niagara/Shaders/Private/NiagaraGenerateMips.usf" 1701
"../../../Engine/Plugins/FX/Niagara/Shaders/Private/NiagaraDebugDraw.usf" 1702
"../../../Engine/Plugins/FX/Niagara/Shaders/Private/NiagaraDebugDraw.ush" 1703
"../../../Engine/Plugins/FX/Niagara/Shaders/Private/NiagaraVisualizeTexture.usf" 1704
"../../../Engine/Plugins/FX/Niagara/Shaders/Private/NiagaraClearCounts.usf" 1705
"../../../Engine/Plugins/FX/Niagara/Shaders/Private/NiagaraBatchedElements.usf" 1706
"../../../Engine/Plugins/FX/Niagara/Shaders/Private/NiagaraRayTracingShaders.usf" 1707
"../../../Engine/Plugins/FX/Niagara/Shaders/Private/NiagaraAsyncGpuTraceCommon.ush" 1708
"../../../Engine/Shaders/Private/HashTable.ush" 1709
"../../../Engine/Shaders/Private/RayTracing/VFXTraceRay.ush" 1710
"../../../Engine/Plugins/FX/Niagara/Shaders/Private/NiagaraRayMarchingShaders.usf" 1711
"../../../Engine/Plugins/FX/Niagara/Shaders/Private/NiagaraRayTraceCollisionGroupShaders.usf" 1712
"../../../Engine/Plugins/FX/Niagara/Shaders/Private/NiagaraAsyncGpuTraceUtils.usf" 1713
"../../../Engine/Plugins/FX/Niagara/Shaders/Private/NiagaraSortKeyGen.usf" 1714
"../../../Engine/Plugins/FX/Niagara/Shaders/Private/NiagaraGPURayTracingTransforms.usf" 1715
"../../../Engine/Plugins/FX/Niagara/Shaders/Private/NiagaraDrawIndirectArgsGen.usf" 1716
"../../../Engine/Shaders/Private/SlateElementPixelShader.usf" 1717
"../../../Engine/Shaders/Private/SlateShaderCommon.ush" 1718
"../../../Engine/Shaders/Private/MaterialTemplate.ush" 1719
"../../../Engine/Shaders/Private/EyeAdaptationCommon.ush" 1720
"../../../Engine/Shaders/Private/SobolRandom.ush" 1721
"../../../Engine/Shaders/Private/DepthOfFieldCommon.ush" 1722
"../../../Engine/Shaders/Private/CircleDOFCommon.ush" 1723
"../../../Engine/Shaders/Private/PhysicsFieldSampler.ush" 1724
"../../../Engine/Shaders/Private/PhysicsFieldShared.ush" 1725
"../../../Engine/Shaders/Private/HairShadingCommon.ush" 1726
"../../../Engine/Shaders/Private/DBufferDecalShared.ush" 1727
"../../../Engine/Shaders/Private/SpeedTreeCommon.ush" 1728
"../../../Engine/Shaders/Private/VirtualTextureCommon.ush" 1729
"../../../Engine/Shaders/Private/MinMaterialTexCoords.ush" 1730
"../../../Engine/Shaders/Private/SkyAtmosphereCommon.ush" 1731
"../../../Engine/Shaders/Private/SingleLayerWaterCommon.ush" 1732
"../../../Engine/Shaders/Private/PaniniProjection.ush" 1733
"../../../Engine/Shaders/Private/DBufferNormalReprojection.ush" 1734
"../../../Engine/Shaders/Private/Strata/Strata.ush" 1735
"../../../Engine/Shaders/Private/ShadingEnergyConservation.ush" 1736
"../../../Engine/Shaders/Private/BRDF.ush" 1737
"../../../Engine/Shaders/Private/ParticipatingMediaCommon.ush" 1738
"../../../Engine/Shaders/Private/ThinFilmBSDF.ush" 1739
"../../../Engine/Shaders/Private/MortonCode.ush" 1740
"../../../Engine/Shaders/Shared/StrataDefinitions.h" 1741
"../../../Engine/Shaders/Private/Strata/StrataLegacyConversion.ush" 1742
"../../../Engine/Shaders/Private/CompositeUIPixelShader.usf" 1743
"../../../Engine/Shaders/Private/TonemapCommon.ush" 1744
"../../../Engine/Shaders/Private/ACES.ush" 1745
"../../../Engine/Shaders/Private/SlateMaskingShader.usf" 1746
"../../../Engine/Shaders/Private/SlatePostProcessColorDeficiencyPixelShader.usf" 1747
"../../../Engine/Shaders/Private/SlatePostProcessPixelShader.usf" 1748
"../../../Engine/Shaders/Private/SlateVertexShader.usf" 1749
"../../../Engine/Shaders/Private/TranslucentLightingShaders.usf" 1750
"../../../Engine/Shaders/Private/SHCommon.ush" 1751
"../../../Engine/Shaders/Private/ShadowProjectionCommon.ush" 1752
"../../../Engine/Shaders/Private/CubemapCommon.ush" 1753
"../../../Engine/Shaders/Private/VectorFieldCompositeShaders.usf" 1754
"../../../Engine/Shaders/Private/UpdateTextureShaders.usf" 1755
"../../../Engine/Shaders/Private/StereoLayerShader.usf" 1756
"../../../Engine/Shaders/Private/MorphTargets.usf" 1757
"../../../Engine/Shaders/Private/SimpleElementColorChannelMaskPixelShader.usf" 1758
"../../../Engine/Shaders/Private/SimpleElementHitProxyPixelShader.usf" 1759
"../../../Engine/Shaders/Private/SimpleElementPixelShader.usf" 1760
"../../../Engine/Shaders/Private/IESLightProfilesCommon.ush" 1761
"../../../Engine/Shaders/Private/SimpleElementVertexShader.usf" 1762
"../../../Engine/Shaders/Private/ScreenPixelShaderOES.usf" 1763
"../../../Engine/Shaders/Private/ScreenVertexShader.usf" 1764
"../../../Engine/Shaders/Private/ScreenPixelShader.usf" 1765
"../../../Engine/Shaders/Private/SSProfilePreIntegratedMobile.usf" 1766
"../../../Engine/Shaders/Private/BurleyNormalizedSSSCommon.ush" 1767
"../../../Engine/Shaders/Private/SubsurfaceProfileCommon.ush" 1768
"../../../Engine/Shaders/Private/Nanite/NaniteClusterCulling.usf" 1769
"../../../Engine/Shaders/Private/WaveOpUtil.ush" 1770
"../../../Engine/Shaders/Private/VirtualShadowMaps/VirtualShadowMapPageOverlap.ush" 1771
"../../../Engine/Shaders/Private/Nanite/NaniteHZBCull.ush" 1772
"../../../Engine/Shaders/Private/VirtualShadowMaps/VirtualShadowMapPageAccessCommon.ush" 1773
"../../../Engine/Shaders/Private/Nanite/NaniteCulling.ush" 1774
"../../../Engine/Shaders/Private/GPUMessaging.ush" 1775
"../../../Engine/Shaders/Private/Nanite/NaniteTranscode.usf" 1776
"../../../Engine/Shaders/Private/VolumetricLightmapStreaming.usf" 1777
"../../../Engine/Shaders/Private/PhysicsFieldReset.usf" 1778
"../../../Engine/Shaders/Private/PhysicsFieldBuilder.usf" 1779
"../../../Engine/Shaders/Private/PhysicsFieldEval.ush" 1780
"../../../Engine/Shaders/Private/ParticleSortKeyGen.usf" 1781
"../../../Engine/Shaders/Private/ParticleBoundsShader.usf" 1782
"../../../Engine/Shaders/Private/ParticleSimVisualizeShader.usf" 1783
"../../../Engine/Shaders/Private/ParticleInjectionShader.usf" 1784
"../../../Engine/Shaders/Private/ParticleSimulationShader.usf" 1785
"../../../Engine/Shaders/Private/ParticleCurveInjectionShader.usf" 1786
"../../../Engine/Shaders/Private/CopyUIntBuffer.usf" 1787
"../../../Engine/Shaders/Private/RadixSortShaders.usf" 1788
"../../../Engine/Shaders/Private/RecomputeTangentsPerVertexPass.usf" 1789
"../../../Engine/Shaders/Private/RecomputeTangentsCommon.ush" 1790
"../../../Engine/Shaders/Private/RecomputeTangentsPerTrianglePass.usf" 1791
"../../../Engine/Shaders/Private/GpuSkinCacheComputeShader.usf" 1792
"../../../Engine/Shaders/Private/HeightFieldAtlasManagement.usf" 1793
"../../../Engine/Shaders/Private/LandscapePhysicalMaterial.usf" 1794
"../../../Engine/Shaders/Private/LandscapeGrassWeight.usf" 1795
"../../../Engine/Shaders/Private/Landscape/LandscapeLayersWeightmapsPS.usf" 1796
"../../../Engine/Shaders/Private/Landscape/LandscapeLayersHeightmapsPS.usf" 1797
"../../../Engine/Shaders/Private/LandscapeLayersCS.usf" 1798
"../../../Engine/Shaders/Private/LandscapeLayersPS.usf" 1799
"../../../Engine/Shaders/Private/LandscapeLayersVS.usf" 1800
"../../../Engine/Shaders/Private/WideCustomResolveShaders.usf" 1801
"../../../Engine/Shaders/Private/WideCustomResolve_Wide.ush" 1802
"../../../Engine/Shaders/Private/WideCustomResolve_Wider.ush" 1803
"../../../Engine/Shaders/Private/WideCustomResolve_Widest.ush" 1804
"../../../Engine/Shaders/Private/PageTableUpdate.usf" 1805
"../../../Engine/Shaders/Private/VirtualTextureCompress.usf" 1806
"../../../Engine/Shaders/Private/BlockCompressionCommon.ush" 1807
"../../../Engine/Shaders/Private/BCCompressionCommon.ush" 1808
"../../../Engine/Shaders/Private/ETCCompressionCommon.ush" 1809
"../../../Engine/Shaders/Private/VirtualTextureMaterial.usf" 1810
"../../../Engine/Shaders/Private/PixelShaderOutputCommon.ush" 1811
"../../../Engine/Shaders/Private/VolumetricRenderTarget.usf" 1812
"../../../Engine/Shaders/Private/VolumetricFogVoxelization.usf" 1813
"../../../Engine/Shaders/Private/VolumetricCloudMaterialPixelCommon.ush" 1814
"../../../Engine/Shaders/Private/VolumetricFogLightFunction.usf" 1815
"../../../Engine/Shaders/Private/LightFunctionCommon.ush" 1816
"../../../Engine/Shaders/Private/VolumetricFog.usf" 1817
"../../../Engine/Shaders/Private/DeferredLightingCommon.ush" 1818
"../../../Engine/Shaders/Private/DynamicLightingCommon.ush" 1819
"../../../Engine/Shaders/Private/CapsuleLightIntegrate.ush" 1820
"../../../Engine/Shaders/Private/AreaLightCommon.ush" 1821
"../../../Engine/Shaders/Private/RectLight.ush" 1822
"../../../Engine/Shaders/Private/CapsuleLight.ush" 1823
"../../../Engine/Shaders/Private/ShadingModels.ush" 1824
"../../../Engine/Shaders/Private/TransmissionCommon.ush" 1825
"../../../Engine/Shaders/Private/HairBsdf.ush" 1826
"../../../Engine/Shaders/Private/CapsuleLightSampling.ush" 1827
"../../../Engine/Shaders/Private/RectLightIntegrate.ush" 1828
"../../../Engine/Shaders/Private/LightGridCommon.ush" 1829
"../../../Engine/Shaders/Private/HeightFogCommon.ush" 1830
"../../../Engine/Shaders/Private/DistanceFieldAOShared.ush" 1831
"../../../Engine/Shaders/Private/VolumeLightingCommon.ush" 1832
"../../../Engine/Shaders/Private/ShadowFilteringCommon.ush" 1833
"../../../Engine/Shaders/Private/PixelQuadMessagePassing.ush" 1834
"../../../Engine/Shaders/Private/VolumeLightingCommonSampling.ush" 1835
"../../../Engine/Shaders/Private/VolumetricLightmapShared.ush" 1836
"../../../Engine/Shaders/Private/ForwardShadowingCommon.ush" 1837
"../../../Engine/Shaders/Private/Lumen/LumenTranslucencyVolumeShared.ush" 1838
"../../../Engine/Shaders/Private/Lumen/LumenRadianceCacheInterpolation.ush" 1839
"../../../Engine/Shaders/Private/VirtualShadowMaps/VirtualShadowMapProjectionCommon.ush" 1840
"../../../Engine/Shaders/Private/VirtualShadowMaps/VirtualShadowMapProjectionStructs.ush" 1841
"../../../Engine/Shaders/Private/VolumetricCloudCommon.ush" 1842
"../../../Engine/Shaders/Private/VolumetricCloud.usf" 1843
"../../../Engine/Shaders/Private/ReflectionEnvironmentShared.ush" 1844
"../../../Engine/Shaders/Private/VisualizeVolumetricLightmap.usf" 1845
"../../../Engine/Shaders/Private/VirtualShadowMaps/VirtualShadowMapProjection.usf" 1846
"../../../Engine/Shaders/Private/LightShaderParameters.ush" 1847
"../../../Engine/Shaders/Private/Visualization.ush" 1848
"../../../Engine/Shaders/Private/VirtualShadowMaps/VirtualShadowMapProjectionDirectional.ush" 1849
"../../../Engine/Shaders/Private/PathTracing/Utilities/PathTracingRandomSequence.ush" 1850
"../../../Engine/Shaders/Private/VirtualShadowMaps/VirtualShadowMapSMRTCommon.ush" 1851
"../../../Engine/Shaders/Private/VirtualShadowMaps/VirtualShadowMapSMRTTemplate.ush" 1852
"../../../Engine/Shaders/Private/VirtualShadowMaps/VirtualShadowMapProjectionSpot.ush" 1853
"../../../Engine/Shaders/Private/VirtualShadowMaps/VirtualShadowMapTransmissionCommon.ush" 1854
"../../../Engine/Shaders/Shared/VirtualShadowMapDefinitions.h" 1855
"../../../Engine/Shaders/Private/HairStrands/HairStrandsVoxelPageCommon.ush" 1856
"../../../Engine/Shaders/Private/HairStrands/HairStrandsVoxelPageTraversal.ush" 1857
"../../../Engine/Shaders/Private/VirtualShadowMaps/VirtualShadowMapCacheManagement.usf" 1858
"../../../Engine/Shaders/Private/VirtualShadowMaps/VirtualShadowMapPageCacheCommon.ush" 1859
"../../../Engine/Shaders/Private/ScreenSpaceDenoise/SSDDefinitions.ush" 1860
"../../../Engine/Shaders/Private/InstanceCulling/InstanceCullingLoadBalancer.ush" 1861
"../../../Engine/Shaders/Private/VirtualShadowMaps/VirtualShadowMapCopyStats.usf" 1862
"../../../Engine/Shaders/Private/VirtualShadowMaps/VirtualShadowMapPageManagement.usf" 1863
"../../../Engine/Shaders/Private/HairStrands/HairStrandsTileCommon.ush" 1864
"../../../Engine/Shaders/Private/ReductionCommon.ush" 1865
"../../../Engine/Shaders/Private/VirtualShadowMaps/VirtualShadowMapStats.ush" 1866
"../../../Engine/Shaders/Private/VirtualShadowMaps/VirtualShadowMapBuildPerPageDrawCommands.usf" 1867
"../../../Engine/Shaders/Private/InstanceCulling/InstanceCullingCommon.ush" 1868
"../../../Engine/Shaders/Private/VirtualShadowMaps/VirtualShadowMapPrintStats.usf" 1869
"../../../Engine/Shaders/Private/VirtualShadowMaps/VirtualShadowMapDebug.usf" 1870
"../../../Engine/Shaders/Private/VelocityShader.usf" 1871
"../../../Engine/Shaders/Private/VelocityCommon.ush" 1872
"../../../Engine/Shaders/Private/VariableRateShading.usf" 1873
"../../../Engine/Shaders/Private/TranslucencyUpsampling.usf" 1874
"../../../Engine/Shaders/Private/ScreenPass.ush" 1875
"../../../Engine/Shaders/Private/ComposeSeparateTranslucency.usf" 1876
"../../../Engine/Shaders/Private/SeparateTranslucency.ush" 1877
"../../../Engine/Shaders/Private/TranslucentLightInjectionShaders.usf" 1878
"../../../Engine/Shaders/Private/TranslucentShadowDepthShaders.usf" 1879
"../../../Engine/Shaders/Private/ShadowDepthCommon.ush" 1880
"../../../Engine/Shaders/Private/RayTracing/RayTracingTest.usf" 1881
"../../../Engine/Shaders/Private/PostProcessSubsurfaceTile.usf" 1882
"../../../Engine/Shaders/Private/Strata/StrataTiling.usf" 1883
"../../../Engine/Shaders/Private/Strata/StrataMaterialClassification.usf" 1884
"../../../Engine/Shaders/Private/Strata/StrataVisualize.usf" 1885
"../../../Engine/Shaders/Private/Strata/StrataEvaluation.ush" 1886
"../../../Engine/Shaders/Private/HairStrands/HairStrandsCommon.ush" 1887
"../../../Engine/Shaders/Private/HairStrands/HairStrandsDeepTransmittanceCommon.ush" 1888
"../../../Engine/Shaders/Private/HairStrands/HairStrandsDeepTransmittanceDualScattering.ush" 1889
"../../../Engine/Shaders/Private/SkyAtmosphere.usf" 1890
"../../../Engine/Shaders/Private/SingleLayerWaterComposite.usf" 1891
"../../../Engine/Shaders/Private/ReflectionEnvironmentComposite.ush" 1892
"../../../Engine/Shaders/Private/ShadowProjectionVertexShader.usf" 1893
"../../../Engine/Shaders/Private/ShadowProjectionPixelShader.usf" 1894
"../../../Engine/Shaders/Private/ShadowPercentageCloserFiltering.ush" 1895
"../../../Engine/Shaders/Private/TransmissionThickness.ush" 1896
"../../../Engine/Shaders/Private/CopyShadowMaps.usf" 1897
"../../../Engine/Shaders/Private/ShadowDepthPixelShader.usf" 1898
"../../../Engine/Shaders/Private/ShadowDepthVertexShader.usf" 1899
"../../../Engine/Shaders/Private/ShadingEnergyConservationTable.usf" 1900
"../../../Engine/Shaders/Shared/PathTracingDefinitions.h" 1901
"../../../Engine/Shaders/Private/PathTracing/Material/PathTracingGlossy.ush" 1902
"../../../Engine/Shaders/Private/PathTracing/Material/PathTracingFresnel.ush" 1903
"../../../Engine/Shaders/Private/ShadingFurnaceTest.usf" 1904
"../../../Engine/Shaders/Private/Strata/StrataDeferredLighting.ush" 1905
"../../../Engine/Shaders/Private/ShaderPrintDraw.usf" 1906
"../../../Engine/Shaders/Private/ShaderDrawDebug.usf" 1907
"../../../Engine/Shaders/Private/SSRT/SSRTTraceProbeOcclusion.usf" 1908
"../../../Engine/Shaders/Private/SSRT/SSRTRayCast.ush" 1909
"../../../Engine/Shaders/Private/SSRT/SSRTTileClassificationBuffer.ush" 1910
"../../../Engine/Shaders/Private/Lumen/FinalGather/LumenProbeOcclusion.ush" 1911
"../../../Engine/Shaders/Public/WaveBroadcastIntrinsics.ush" 1912
"../../../Engine/Shaders/Private/Lumen/ProbeHierarchy/LumenCubemapProbeHierarchy.ush" 1913
"../../../Engine/Shaders/Private/Lumen/ProbeHierarchy/LumenProbeHierarchy.ush" 1914
"../../../Engine/Shaders/Private/HybridIndirectLighting.ush" 1915
"../../../Engine/Shaders/Private/ScreenSpaceDenoise/DenoisingCommon.ush" 1916
"../../../Engine/Shaders/Private/ShadingModelsSampling.ush" 1917
"../../../Engine/Shaders/Private/HairStrands/HairBsdfSample.ush" 1918
"../../../Engine/Shaders/Private/Lumen/FinalGather/LumenProbeOcclusionPass.ush" 1919
"../../../Engine/Shaders/Private/SSRT/SSRTTraceProbe.usf" 1920
"../../../Engine/Shaders/Private/Lumen/ProbeHierarchy/LumenProbeTracing.ush" 1921
"../../../Engine/Shaders/Private/SSRT/SSRTDiffuseIndirect.usf" 1922
"../../../Engine/Shaders/Private/SSRT/SSRTReflections.usf" 1923
"../../../Engine/Shaders/Private/ScreenSpaceDenoise/SSDPublic.ush" 1924
"../../../Engine/Shaders/Private/SSRT/SSRTTileClassification.usf" 1925
"../../../Engine/Shaders/Private/SSRT/SSRTPrevFrameReduction.usf" 1926
"../../../Engine/Shaders/Private/ScreenSpaceDenoise/SSDComposeHarmonics.usf" 1927
"../../../Engine/Shaders/Private/ScreenSpaceDenoise/SSDPublicHarmonics.ush" 1928
"../../../Engine/Shaders/Private/ScreenSpaceDenoise/SSDSignalFramework.ush" 1929
"../../../Engine/Shaders/Private/ScreenSpaceDenoise/SSDCommon.ush" 1930
"../../../Engine/Shaders/Private/SphericalGaussian.ush" 1931
"../../../Engine/Shaders/Private/ScreenSpaceDenoise/SSDMetadata.ush" 1932
"../../../Engine/Shaders/Private/ScreenSpaceDenoise/SSDSignalCore.ush" 1933
"../../../Engine/Shaders/Private/ScreenSpaceDenoise/SSDSignalArray.ush" 1934
"../../../Engine/Shaders/Private/ScreenSpaceDenoise/SSDSignalBufferEncoding.ush" 1935
"../../../Engine/Shaders/Private/ScreenSpaceDenoise/SSDPublicBufferEncoding.ush" 1936
"../../../Engine/Shaders/Private/Lumen/LumenBufferEncoding.ush" 1937
"../../../Engine/Shaders/Private/ScreenSpaceDenoise/SSDTemporalAccumulation.usf" 1938
"../../../Engine/Shaders/Private/ScreenSpaceDenoise/SSDSpatialKernel.ush" 1939
"../../../Engine/Shaders/Private/ScreenSpaceDenoise/SSDSignalAccumulatorArray.ush" 1940
"../../../Engine/Shaders/Private/ScreenSpaceDenoise/SSDSignalAccumulator.ush" 1941
"../../../Engine/Shaders/Private/ScreenSpaceDenoise/SSDSignalCompression.ush" 1942
"../../../Engine/Shaders/Private/TextureSampling.ush" 1943
"../../../Engine/Shaders/Private/ScreenSpaceDenoise/SSDSpatialAccumulation.usf" 1944
"../../../Engine/Shaders/Private/ScreenSpaceDenoise/SSDInjest.usf" 1945
"../../../Engine/Shaders/Private/ScreenSpaceDenoise/SSDCompressMetadata.usf" 1946
"../../../Engine/Shaders/Private/DownsampleDepthPixelShader.usf" 1947
"../../../Engine/Shaders/Private/ScreenPass.usf" 1948
"../../../Engine/Shaders/Private/HZB.usf" 1949
"../../../Engine/Shaders/Private/HZBOcclusion.usf" 1950
"../../../Engine/Shaders/Private/OcclusionQueryPixelShader.usf" 1951
"../../../Engine/Shaders/Private/OcclusionQueryVertexShader.usf" 1952
"../../../Engine/Shaders/Private/HitProxyPixelShader.usf" 1953
"../../../Engine/Shaders/Private/HitProxyVertexShader.usf" 1954
"../../../Engine/Shaders/Private/ODSCapture.usf" 1955
"../../../Engine/Shaders/Private/SceneCapturePixelShader.usf" 1956
"../../../Engine/Shaders/Private/RTWriteMaskDecode.usf" 1957
"../../../Engine/Shaders/Private/ReflectionEnvironmentShaders.usf" 1958
"../../../Engine/Shaders/Private/SkyLightingShared.ush" 1959
"../../../Engine/Shaders/Private/RayTracing/VisualizeSkyLightMipTreePS.usf" 1960
"../../../Engine/Shaders/Private/RayTracing/MipTreeCommon.ush" 1961
"../../../Engine/Shaders/Private/RayTracing/CompositeSkyLightPS.usf" 1962
"../../../Engine/Shaders/Private/RayTracing/GenerateSkyLightVisibilityRaysCS.usf" 1963
"../../../Engine/Shaders/Private/RayTracing/RayTracingSkyLightCommon.ush" 1964
"../../../Engine/Shaders/Private/RayTracing/SkyLightVisibilityRaysData.ush" 1965
"../../../Engine/Shaders/Private/Raytracing/RaytracingSkylightRGS.usf" 1966
"../../../Engine/Shaders/Private/HairStrands/HairStrandsRaytracing.ush" 1967
"../../../Engine/Shaders/Private/Raytracing/RayTracingSkyLightEvaluation.ush" 1968
"../../../Engine/Shaders/Private/Raytracing/RayTracingDeferredShadingCommon.ush" 1969
"../../../Engine/Shaders/Private/RayTracing/RayTracingOcclusionRGS.usf" 1970
"../../../Engine/Shaders/Private/RayTracing/RayTracingDirectionalLight.ush" 1971
"../../../Engine/Shaders/Private/RayTracing/RayTracingRectLight.ush" 1972
"../../../Engine/Shaders/Private/RayTracing/RayTracingSphereLight.ush" 1973
"../../../Engine/Shaders/Private/RayTracing/RayTracingSpotLight.ush" 1974
"../../../Engine/Shaders/Private/RayTracing/RayTracingDiskLight.ush" 1975
"../../../Engine/Shaders/Private/RayTracing/RayTracingPointLight.ush" 1976
"../../../Engine/Shaders/Private/RayTracing/SplitImaginaryReflectionGBufferCS.usf" 1977
"../../../Engine/Shaders/Private/RayTracing/RayTracingReflectionsCommon.ush" 1978
"../../../Engine/Shaders/Private/RayTracing/RayTracingReflections.usf" 1979
"../../../Engine/Shaders/Private/RayTracing/RayTracingLightingCommon.ush" 1980
"../../../Engine/Shaders/Private/RayTracing/RayTracingLightCullingCommon.ush" 1981
"../../../Engine/Shaders/Private/RayTracing/RayTracingReflectionEnvironment.ush" 1982
"../../../Engine/Shaders/Private/RayTracing/RayTracingPrimaryRays.usf" 1983
"../../../Engine/Shaders/Private/RayTracing/RayTracingMaterialDefaultHitShaders.usf" 1984
"../../../Engine/Shaders/Private/RayTracing/RayTracingMaterialHitShaders.usf" 1985
"../../../Engine/Shaders/Private/RayTracing/RayTracingCalcInterpolants.ush" 1986
"../../../Engine/Shaders/Private/LightmapCommon.ush" 1987
"../../../Engine/Shaders/Private/Lumen/LumenHardwareRayTracingPayloadCommon.ush" 1988
"../../../Engine/Shaders/Private/RayTracing/RayTracingLightingMS.usf" 1989
"../../../Engine/Shaders/Private/RayTracing/GenerateCulledLightListCS.usf" 1990
"../../../Engine/Shaders/Private/Raytracing/RayTracingInstanceBufferUtil.usf" 1991
"../../../Engine/Shaders/Private/RayTracing/RayTracingFinalGatherRGS.usf" 1992
"../../../Engine/Shaders/Private/RayTracing/RayTracingGatherPoints.ush" 1993
"../../../Engine/Shaders/Private/PathTracing/Light/PathTracingLightSampling.ush" 1994
"../../../Engine/Shaders/Private/PathTracing/Light/PathTracingLightCommon.ush" 1995
"../../../Engine/Shaders/Shared/RayTracingTypes.h" 1996
"../../../Engine/Shaders/Private/PathTracing/Light/PathTracingDirectionalLight.ush" 1997
"../../../Engine/Shaders/Private/PathTracing/Light/PathTracingPointLight.ush" 1998
"../../../Engine/Shaders/Private/PathTracing/Light/PathTracingCapsuleLight.ush" 1999
"../../../Engine/Shaders/Private/PathTracing/Light/PathTracingRectLight.ush" 2000
"../../../Engine/Shaders/Private/PathTracing/Light/PathTracingSkyLight.ush" 2001
"../../../Engine/Shaders/Private/PathTracing/Light/PathTracingSpotLight.ush" 2002
"../../../Engine/Shaders/Private/PathTracing/Material/PathTracingMaterialSampling.ush" 2003
"../../../Engine/Shaders/Private/PathTracing/Material/PathTracingMaterialCommon.ush" 2004
"../../../Engine/Shaders/Private/PathTracing/PathTracingCommon.ush" 2005
"../../../Engine/Shaders/Private/PathTracing/Material/PathTracingLambert.ush" 2006
"../../../Engine/Shaders/Private/PathTracing/Material/PathTracingRadianceProbe.ush" 2007
"../../../Engine/Shaders/Private/PathTracing/Material/FirstBounceRayGuidingCommon.ush" 2008
"../../../Engine/Shaders/Private/PathTracing/Material/PathTracingSpecularReflection.ush" 2009
"../../../Engine/Shaders/Private/PathTracing/Material/PathTracingSpecularTransmission.ush" 2010
"../../../Engine/Shaders/Private/PathTracing/Material/PathTracingSolidGlass.ush" 2011
"../../../Engine/Shaders/Private/PathTracing/Material/PathTracingEnergyConservation.ush" 2012
"../../../Engine/Shaders/Private/PathTracing/Material/PathTracingThinGlass.ush" 2013
"../../../Engine/Shaders/Private/PathTracing/Material/PathTracingDefaultLit.ush" 2014
"../../../Engine/Shaders/Private/PathTracing/Material/PathTracingClearCoat.ush" 2015
"../../../Engine/Shaders/Private/PathTracing/Material/PathTracingTwoSidedFoliage.ush" 2016
"../../../Engine/Shaders/Private/PathTracing/Material/PathTracingCloth.ush" 2017
"../../../Engine/Shaders/Private/PathTracing/Material/PathTracingSubsurfaceProfile.ush" 2018
"../../../Engine/Shaders/Private/PathTracing/Material/PathTracingEye.ush" 2019
"../../../Engine/Shaders/Private/PathTracing/Material/PathTracingHair.ush" 2020
"../../../Engine/Shaders/Private/RayTracing/RayTracingCreateGatherPointsRGS.usf" 2021
"../../../Engine/Shaders/Private/RayTracing/RayTracingGlobalIlluminationRGS.usf" 2022
"../../../Engine/Shaders/Private/RayTracing/RayTracingDynamicMesh.usf" 2023
"../../../Engine/Shaders/Private/RayTracing/RayTracingDeferredReflections.usf" 2024
"../../../Engine/Shaders/Private/RayTracing/RayTracingDeferredMaterials.ush" 2025
"../../../Engine/Shaders/Shared/ThirdParty/AMD/ags_shader_intrinsics_dx12.h" 2026
"../../../Engine/Shaders/Private/RayTracing/RayTracingDeferredReflections.ush" 2027
"../../../Engine/Shaders/Private/RayTracing/RayTracingReflectionResolve.usf" 2028
"../../../Engine/Shaders/Private/RayTracing/RayTracingReflectionsGenerateRaysCS.usf" 2029
"../../../Engine/Shaders/Private/RayTracing/MaterialSort.usf" 2030
"../../../Engine/Shaders/Private/RayTracing/RayTracingDeferredMaterials.usf" 2031
"../../../Engine/Shaders/Private/RayTracing/RayTracingDebugTraversal.usf" 2032
"../../../Engine/Shaders/Shared/RayTracingDebugDefinitions.h" 2033
"../../../Engine/Shaders/Private/RayTracing/TraceRayInline.ush" 2034
"../../../Engine/Shaders/Private/RayTracing/TraceRayInlineCommon.ush" 2035
"../../../Engine/Shaders/Private/RayTracing/TraceRayInlineVulkan.ush" 2036
"../../../Engine/Shaders/Private/RayTracing/RayTracingDebug.usf" 2037
"../../../Engine/Shaders/Private/RayTracing/RayTracingBarycentrics.usf" 2038
"../../../Engine/Shaders/Private/RayTracing/RayTracingAmbientOcclusionRGS.usf" 2039
"../../../Engine/Shaders/Private/VisualizeShadingModels.usf" 2040
"../../../Engine/Shaders/Private/PostProcessCommon.ush" 2041
"../../../Engine/Shaders/Private/MotionBlur/VisualizeMotionVectors.usf" 2042
"../../../Engine/Shaders/Private/TemporalSuperResolution/TSRDebugHistory.usf" 2043
"../../../Engine/Shaders/Private/TemporalSuperResolution/TSRCommon.ush" 2044
"../../../Engine/Shaders/Public/DualPixelVectorization.ush" 2045
"../../../Engine/Shaders/Private/TemporalSuperResolution/TSRResolveHistory.usf" 2046
"../../../Engine/Shaders/Private/TemporalSuperResolution/TSRUpdateHistory.usf" 2047
"../../../Engine/Shaders/Private/TemporalSuperResolution/TSRFilterAntiAliasing.usf" 2048
"../../../Engine/Shaders/Private/TemporalSuperResolution/TSRSpatialAntiAliasing.usf" 2049
"../../../Engine/Shaders/Private/TemporalSuperResolution/TSRDilateRejection.usf" 2050
"../../../Engine/Shaders/Private/TemporalSuperResolution/TSRPostfilterRejection.usf" 2051
"../../../Engine/Shaders/Private/TemporalSuperResolution/TSRCompareHistory.usf" 2052
"../../../Engine/Shaders/Private/TemporalSuperResolution/TSRFilterFrequencies.usf" 2053
"../../../Engine/Shaders/Private/TemporalSuperResolution/TSRHoleFillVelocity.usf" 2054
"../../../Engine/Shaders/Private/TemporalSuperResolution/TSRCompareTranslucency.usf" 2055
"../../../Engine/Shaders/Private/TemporalSuperResolution/TSRDecimateHistory.usf" 2056
"../../../Engine/Shaders/Private/TemporalSuperResolution/TSRDilateVelocity.usf" 2057
"../../../Engine/Shaders/Private/MotionBlur/MotionBlurVelocityFlatten.ush" 2058
"../../../Engine/Shaders/Private/MotionBlur/MotionBlurCommon.ush" 2059
"../../../Engine/Shaders/Private/TemporalSuperResolution/TSRClearPrevTextures.usf" 2060
"../../../Engine/Shaders/Private/TemporalAA.usf" 2061
"../../../Engine/Shaders/Private/FilterPixelShader.usf" 2062
"../../../Engine/Shaders/Private/FilterVertexShader.usf" 2063
"../../../Engine/Shaders/Private/PostProcessVisualizeBuffer.usf" 2064
"../../../Engine/Shaders/Private/PostProcessVisualizeLocalExposure.usf" 2065
"../../../Engine/Shaders/Private/PostProcessHistogramCommon.ush" 2066
"../../../Engine/Shaders/Private/PostProcessVisualizeLevelInstance.usf" 2067
"../../../Engine/Shaders/Private/PostProcessVisualizeHDR.usf" 2068
"../../../Engine/Shaders/Private/ShaderComplexityApplyPixelShader.usf" 2069
"../../../Engine/Shaders/Private/QuadOverdraw.ush" 2070
"../../../Engine/Shaders/Private/PostProcessUpscale.usf" 2071
"../../../Engine/Shaders/Private/PostProcessTonemap.usf" 2072
"../../../Engine/Shaders/Private/PostProcessing/FilmGrainPackConstants.usf" 2073
"../../../Engine/Shaders/Private/PostProcessing/FilmGrainReduce.usf" 2074
"../../../Engine/Shaders/Private/PostProcessTestImage.usf" 2075
"../../../Engine/Shaders/Private/PostProcessSubsurface.usf" 2076
"../../../Engine/Shaders/Private/SeparableSSS.ush" 2077
"../../../Engine/Shaders/Private/SubsurfaceBurleyNormalized.ush" 2078
"../../../Engine/Shaders/Private/PostProcessSelectionOutline.usf" 2079
"../../../Engine/Shaders/Private/PostProcessPixelProjectedReflectionMobile.usf" 2080
"../../../Engine/Shaders/Private/MotionBlur/MotionBlurVisualize.usf" 2081
"../../../Engine/Shaders/Private/MotionBlur/MotionBlurApply.usf" 2082
"../../../Engine/Shaders/Private/MotionBlur/MotionBlurFilterTileClassify.usf" 2083
"../../../Engine/Shaders/Private/MotionBlur/MotionBlurTileScatter.usf" 2084
"../../../Engine/Shaders/Private/MotionBlur/MotionBlurTileGather.usf" 2085
"../../../Engine/Shaders/Private/MotionBlur/MotionBlurVelocityFlatten.usf" 2086
"../../../Engine/Shaders/Private/PostProcessMobile.usf" 2087
"../../../Engine/Shaders/Private/PostProcessMitchellNetravali.usf" 2088
"../../../Engine/Shaders/Private/PostProcessMaterialShaders.usf" 2089
"../../../Engine/Shaders/Private/PostProcessLocalExposure.usf" 2090
"../../../Engine/Shaders/Private/PostProcessLensFlares.usf" 2091
"../../../Engine/Shaders/Private/PostProcessHMD.usf" 2092
"../../../Engine/Shaders/Private/Histogram.usf" 2093
"../../../Engine/Shaders/Private/PostProcessHistogramReduce.usf" 2094
"../../../Engine/Shaders/Private/PostProcessHistogram.usf" 2095
"../../../Engine/Shaders/Private/PostProcessGBufferHints.usf" 2096
"../../../Engine/Shaders/Private/Bloom/BloomFinalizeApplyConstants.usf" 2097
"../../../Engine/Shaders/Private/Bloom/BloomCommon.ush" 2098
"../../../Engine/Shaders/Private/Bloom/BloomResizeKernel.usf" 2099
"../../../Engine/Shaders/Private/Bloom/BloomClampKernel.usf" 2100
"../../../Engine/Shaders/Private/Bloom/BloomPackKernelConstants.usf" 2101
"../../../Engine/Shaders/Private/Bloom/BloomSumScatterDispersionEnergy.usf" 2102
"../../../Engine/Shaders/Private/Bloom/BloomReduceKernelSurvey.usf" 2103
"../../../Engine/Shaders/Private/Bloom/BloomSurveyKernelCenterEnergy.usf" 2104
"../../../Engine/Shaders/Private/Bloom/BloomSurveyMaxScatterDispersion.usf" 2105
"../../../Engine/Shaders/Private/Bloom/BloomFindKernelCenter.usf" 2106
"../../../Engine/Shaders/Private/PostProcessEyeAdaptation.usf" 2107
"../../../Engine/Shaders/Private/PostProcessDownsample.usf" 2108
"../../../Engine/Shaders/Private/PostProcessDOF.usf" 2109
"../../../Engine/Shaders/Private/PostProcessDeviceEncodingOnly.usf" 2110
"../../../Engine/Shaders/Private/PostProcessCompositeEditorPrimitives.usf" 2111
"../../../Engine/Shaders/Private/PostProcessCombineLUTs.usf" 2112
"../../../Engine/Shaders/Private/PostProcessVisualizeDOF.usf" 2113
"../../../Engine/Shaders/Private/PostProcessBloom.usf" 2114
"../../../Engine/Shaders/Private/PostProcessAmbientOcclusionMobile.usf" 2115
"../../../Engine/Shaders/Private/PostProcessAmbientOcclusionCommon.ush" 2116
"../../../Engine/Shaders/Private/FXAAShader.usf" 2117
"../../../Engine/Shaders/Private/Fxaa3_11.ush" 2118
"../../../Engine/Shaders/Private/DiaphragmDOF/DOFRecombine.usf" 2119
"../../../Engine/Shaders/Private/DiaphragmDOF/DOFCommon.ush" 2120
"../../../Engine/Shaders/Private/DiaphragmDOF/DOFHybridScatterPixelShader.usf" 2121
"../../../Engine/Shaders/Private/DiaphragmDOF/DOFHybridScatterCommon.ush" 2122
"../../../Engine/Shaders/Private/DiaphragmDOF/DOFHybridScatterVertexShader.usf" 2123
"../../../Engine/Shaders/Private/DiaphragmDOF/DOFPostfiltering.usf" 2124
"../../../Engine/Shaders/Private/DiaphragmDOF/DOFGatherTileSuggest.ush" 2125
"../../../Engine/Shaders/Private/DiaphragmDOF/DOFCocTileCommon.ush" 2126
"../../../Engine/Shaders/Private/DiaphragmDOF/DOFGatherPass.usf" 2127
"../../../Engine/Shaders/Private/DiaphragmDOF/DOFGatherCommon.ush" 2128
"../../../Engine/Shaders/Private/DiaphragmDOF/DOFGatherAccumulator.ush" 2129
"../../../Engine/Shaders/Private/DiaphragmDOF/DOFGatherKernel.ush" 2130
"../../../Engine/Shaders/Private/DiaphragmDOF/DOFBokehLUT.usf" 2131
"../../../Engine/Shaders/Private/DiaphragmDOF/DOFHybridScatterCompilation.usf" 2132
"../../../Engine/Shaders/Private/DiaphragmDOF/DOFReduce.usf" 2133
"../../../Engine/Shaders/Private/DiaphragmDOF/DOFDownsample.ush" 2134
"../../../Engine/Shaders/Private/DiaphragmDOF/DOFHybridScatterCompilation.ush" 2135
"../../../Engine/Shaders/Private/DiaphragmDOF/DOFDownsample.usf" 2136
"../../../Engine/Shaders/Private/DiaphragmDOF/DOFCocTileDilate.usf" 2137
"../../../Engine/Shaders/Private/DiaphragmDOF/DOFCocTileFlatten.usf" 2138
"../../../Engine/Shaders/Private/DiaphragmDOF/DOFSetup.usf" 2139
"../../../Engine/Shaders/Private/PlanarReflectionShaders.usf" 2140
"../../../Engine/Shaders/Private/PlanarReflectionShared.ush" 2141
"../../../Engine/Shaders/Private/PhysicsFieldVisualizer.usf" 2142
"../../../Engine/Shaders/Private/PathTracing/PathTracingCompositingPixelShader.usf" 2143
"../../../Engine/Shaders/Private/PathTracing/PathTracingMaterialHitShader.usf" 2144
"../../../Engine/Shaders/Private/PathTracing/PathTracingIESAtlas.usf" 2145
"../../../Engine/Shaders/Private/PathTracing/PathTracing.usf" 2146
"../../../Engine/Shaders/Private/PathTracing/PathTracingCore.ush" 2147
"../../../Engine/Shaders/Private/PathTracing/Light/PathTracingLightGrid.ush" 2148
"../../../Engine/Shaders/Private/PathTracing/PathTracingBuildLightGrid.usf" 2149
"../../../Engine/Shaders/Private/PathTracing/PathTracingSkylightMISCompensation.usf" 2150
"../../../Engine/Shaders/Private/PathTracing/PathTracingSkylightPrepare.usf" 2151
"../../../Engine/Shaders/Private/OIT/OITSorting.usf" 2152
"../../../Engine/Shaders/Private/HTileVisualize.usf" 2153
"../../../Engine/Shaders/Private/HTileEncoding.ush" 2154
"../../../Engine/Shaders/Private/Nanite/NaniteDebugViews.usf" 2155
"../../../Engine/Shaders/Private/Nanite/NaniteMaterialComplexity.usf" 2156
"../../../Engine/Shaders/Private/Nanite/NaniteVisualize.usf" 2157
"../../../Engine/Shaders/Private/VirtualShadowMaps/VirtualShadowMapStaticCaching.ush" 2158
"../../../Engine/Shaders/Private/Nanite/NaniteMaterialCulling.usf" 2159
"../../../Engine/Shaders/Private/Nanite/NaniteDepthExport.usf" 2160
"../../../Engine/Shaders/Private/Nanite/NaniteExportGBuffer.usf" 2161
"../../../Engine/Shaders/Private/Nanite/NaniteRasterizer.usf" 2162
"../../../Engine/Shaders/Private/Nanite/NaniteWritePixel.ush" 2163
"../../../Engine/Shaders/Shared/ThirdParty/NVIDIA/nvHLSLExtns.h" 2164
"../../../Engine/Shaders/Shared/ThirdParty/NVIDIA/nvHLSLExtnsInternal.h" 2165
"../../../Engine/Shaders/Shared/ThirdParty/NVIDIA/nvShaderExtnEnums.h" 2166
"../../../Engine/Shaders/Shared/ThirdParty/AMD/ags_shader_intrinsics_dx11.h" 2167
"../../../Engine/Shaders/Shared/ThirdParty/Intel/IntelExtensions.h" 2168
"../../../Engine/Shaders/Shared/ThirdParty/Intel/IntelExtensions12.h" 2169
"../../../Engine/Shaders/Private/WorkDistribution.ush" 2170
"../../../Engine/Shaders/Private/Nanite/NaniteInstanceCulling.usf" 2171
"../../../Engine/Shaders/Private/Nanite/NaniteImposter.ush" 2172
"../../../Engine/Shaders/Private/Nanite/NanitePrimitiveFilter.usf" 2173
"../../../Engine/Shaders/Private/Nanite/NanitePrintStats.usf" 2174
"../../../Engine/Shaders/Private/Nanite/NaniteEmitShadow.usf" 2175
"../../../Engine/Shaders/Private/MobileDeferredUtils.usf" 2176
"../../../Engine/Shaders/Private/MobileFog.usf" 2177
"../../../Engine/Shaders/Private/DistortApplyScreenPS.usf" 2178
"../../../Engine/Shaders/Private/Strata/StrataStatisticalOperators.ush" 2179
"../../../Engine/Shaders/Private/MobileDeferredShading.usf" 2180
"../../../Engine/Shaders/Private/MobileShadingModels.ush" 2181
"../../../Engine/Shaders/Private/MobileGGX.ush" 2182
"../../../Engine/Shaders/Private/MobileBasePassPixelShader.usf" 2183
"../../../Engine/Shaders/Private/MobileBasePassCommon.ush" 2184
"../../../Engine/Shaders/Private/ShadingModelsMaterial.ush" 2185
"../../../Engine/Shaders/Private/SingleLayerWaterShading.ush" 2186
"../../../Engine/Shaders/Private/DistortionCommon.ush" 2187
"../../../Engine/Shaders/Private/MobileBasePassVertexShader.usf" 2188
"../../../Engine/Shaders/Private/Lumen/LumenVoxelLighting.usf" 2189
"../../../Engine/Shaders/Private/Lumen/LumenCardCommon.ush" 2190
"../../../Engine/Shaders/Private/Lumen/LumenTracingCommon.ush" 2191
"../../../Engine/Shaders/Private/GlobalDistanceFieldUtils.ush" 2192
"../../../Engine/Shaders/Private/DistanceFieldLightingShared.ush" 2193
"../../../Engine/Shaders/Private/Lumen/LumenSurfaceCacheSampling.ush" 2194
"../../../Engine/Shaders/Private/Lumen/LumenVisualizeRadianceCache.usf" 2195
"../../../Engine/Shaders/Private/Lumen/LumenRadianceCacheCommon.ush" 2196
"../../../Engine/Shaders/Private/Lumen/LumenVisualizeHardwareRayTracing.usf" 2197
"../../../Engine/Shaders/Private/Lumen/LumenVisualize.ush" 2198
"../../../Engine/Shaders/Private/Lumen/LumenHardwareRayTracingCommon.ush" 2199
"../../../Engine/Shaders/Private/Lumen/LumenHardwareRayTracingPipelineCommon.ush" 2200
"../../../Engine/Shaders/Private/Lumen/LumenHardwareRayTracingPlatformCommon.ush" 2201
"../../../Engine/Shaders/Private/Lumen/LumenVisualize.usf" 2202
"../../../Engine/Shaders/Private/Lumen/LumenVisualizeTraces.ush" 2203
"../../../Engine/Shaders/Private/Lumen/LumenTranslucencyVolumeLighting.usf" 2204
"../../../Engine/Shaders/Private/Lumen/LumenRadianceCacheMarkCommon.ush" 2205
"../../../Engine/Shaders/Private/Lumen/LumenTranslucencyVolumeLightingShared.ush" 2206
"../../../Engine/Shaders/Private/Lumen/LumenTranslucencyVolumeHardwareRayTracing.usf" 2207
"../../../Engine/Shaders/Private/Lumen/LumenTranslucencyRadianceCacheMarkShaders.usf" 2208
"../../../Engine/Shaders/Private/Lumen/LumenSurfaceCacheFeedback.usf" 2209
"../../../Engine/Shaders/Private/Lumen/LumenSurfaceCache.usf" 2210
"../../../Engine/Shaders/Private/Lumen/LumenScreenSpaceBentNormal.usf" 2211
"../../../Engine/Shaders/Private/Lumen/LumenScreenProbeCommon.ush" 2212
"../../../Engine/Shaders/Private/BlueNoise.ush" 2213
"../../../Engine/Shaders/Private/Lumen/LumenScreenTracing.ush" 2214
"../../../Engine/Shaders/Private/Lumen/LumenScreenProbeTracing.usf" 2215
"../../../Engine/Shaders/Private/Lumen/LumenHairTracing.ush" 2216
"../../../Engine/Shaders/Private/Lumen/LumenScreenProbeImportanceSampling.usf" 2217
"../../../Engine/Shaders/Private/Lumen/LumenScreenProbeImportanceSamplingShared.ush" 2218
"../../../Engine/Shaders/Private/Lumen/LumenScreenProbeHardwareRayTracing.usf" 2219
"../../../Engine/Shaders/Private/Lumen/LumenScreenProbeGather.usf" 2220
"../../../Engine/Shaders/Private/ClearCoatCommon.ush" 2221
"../../../Engine/Shaders/Private/Lumen/LumenScreenSpaceBentNormal.ush" 2222
"../../../Engine/Shaders/Private/Lumen/LumenScreenProbeFiltering.usf" 2223
"../../../Engine/Shaders/Private/Lumen/LumenSceneLighting.usf" 2224
"../../../Engine/Shaders/Private/Lumen/LumenCardTile.ush" 2225
"../../../Engine/Shaders/Private/Lumen/LumenSceneLighting.ush" 2226
"../../../Engine/Shaders/Private/Lumen/Radiosity/LumenRadiosity.ush" 2227
"../../../Engine/Shaders/Private/Lumen/LumenCardPixelShader.usf" 2228
"../../../Engine/Shaders/Private/Lumen/LumenCardVertexShader.usf" 2229
"../../../Engine/Shaders/Private/Lumen/LumenSceneLightingDebug.usf" 2230
"../../../Engine/Shaders/Private/Lumen/LumenSceneDirectLightingHardwareRayTracing.usf" 2231
"../../../Engine/Shaders/Private/Lumen/LumenReflectionCommon.ush" 2232
"../../../Engine/Shaders/Private/Lumen/LumenSceneDirectLighting.ush" 2233
"../../../Engine/Shaders/Private/Lumen/LumenSceneDirectLightingShadowMask.usf" 2234
"../../../Engine/Shaders/Private/DistanceFieldShadowingShared.ush" 2235
"../../../Engine/Shaders/Private/Lumen/LumenSceneDirectLighting.usf" 2236
"../../../Engine/Shaders/Private/Lumen/LumenSceneDirectLightingCulling.usf" 2237
"../../../Engine/Shaders/Private/Lumen/LumenReflectionTracing.usf" 2238
"../../../Engine/Shaders/Private/Lumen/LumenReflections.usf" 2239
"../../../Engine/Shaders/Private/Lumen/LumenReflectionHardwareRayTracing.usf" 2240
"../../../Engine/Shaders/Private/Lumen/Radiosity/LumenRadiosity.usf" 2241
"../../../Engine/Shaders/Private/RayTracing/RayGenUtils.ush" 2242
"../../../Engine/Shaders/Private/Lumen/Radiosity/LumenRadiosityHardwareRayTracing.usf" 2243
"../../../Engine/Shaders/Private/Lumen/Radiosity/LumenRadiosityCulling.usf" 2244
"../../../Engine/Shaders/Private/Lumen/LumenRadianceCacheHardwareRayTracing.usf" 2245
"../../../Engine/Shaders/Private/Lumen/LumenRadianceCacheTracingCommon.ush" 2246
"../../../Engine/Shaders/Private/Lumen/LumenRadianceCache.usf" 2247
"../../../Engine/Shaders/Private/Lumen/LumenRadianceCacheUpdate.ush" 2248
"../../../Engine/Shaders/Private/Lumen/LumenRadianceCacheDebug.usf" 2249
"../../../Engine/Shaders/Private/Lumen/LumenRadianceCacheUpdate.usf" 2250
"../../../Engine/Shaders/Private/Lumen/FinalGather/LumenProbeOcclusionTracing.usf" 2251
"../../../Engine/Shaders/Private/Lumen/FinalGather/LumenProbeHierarchyTracing.usf" 2252
"../../../Engine/Shaders/Private/Lumen/FinalGather/LumenSampleProbeHierarchy.usf" 2253
"../../../Engine/Shaders/Private/Lumen/ProbeHierarchy/LumenComposeProbeAtlas.usf" 2254
"../../../Engine/Shaders/Private/Lumen/FinalGather/LumenMaskProbesDirections.usf" 2255
"../../../Engine/Shaders/Private/Lumen/FinalGather/LumenProbeOcclusionBuildTileLists.usf" 2256
"../../../Engine/Shaders/Private/Lumen/FinalGather/LumenProbeOcclusionAssignTileOffsets.usf" 2257
"../../../Engine/Shaders/Private/Lumen/FinalGather/LumenProbeOcclusionTileClassification.usf" 2258
"../../../Engine/Shaders/Private/Lumen/FinalGather/LumenResolveProbeIndex.usf" 2259
"../../../Engine/Shaders/Private/Lumen/FinalGather/LumenProbeHierarchySelectParent.usf" 2260
"../../../Engine/Shaders/Private/Lumen/FinalGather/LumenProbeHierarchyDilateResolveTiles.usf" 2261
"../../../Engine/Shaders/Private/Lumen/FinalGather/LumenProbeHierarchyBuildProbeArray.usf" 2262
"../../../Engine/Shaders/Private/Lumen/FinalGather/LumenProbeHierarchyBuildHierarchyInfo.usf" 2263
"../../../Engine/Shaders/Private/Lumen/FinalGather/LumenProbeHierarchyAssignAtomicTileOffset.usf" 2264
"../../../Engine/Shaders/Private/Lumen/FinalGather/LumenProbeHierarchyReduceDepthBounds.usf" 2265
"../../../Engine/Shaders/Private/Lumen/FinalGather/LumenProbeHierarchyScatterParentHierarchy.usf" 2266
"../../../Engine/Shaders/Private/Lumen/FinalGather/LumenProbeHierarchyScatterLeaves.usf" 2267
"../../../Engine/Shaders/Private/Lumen/LumenMeshSDFCulling.usf" 2268
"../../../Engine/Shaders/Private/MeshDistanceFieldCommon.ush" 2269
"../../../Engine/Shaders/Private/Lumen/LumenIrradianceFieldGather.usf" 2270
"../../../Engine/Shaders/Private/Lumen/LumenHardwareRayTracingMaterials.usf" 2271
"../../../Engine/Shaders/Private/Lumen/LumenHardwareRayTracingPipeline.usf" 2272
"../../../Engine/Shaders/Private/LightShaftShader.usf" 2273
"../../../Engine/Shaders/Private/StationaryLightOverlapShaders.usf" 2274
"../../../Engine/Shaders/Private/DeferredLightPixelShaders.usf" 2275
"../../../Engine/Shaders/Private/HairStrands/HairStrandsVisibilityUtils.ush" 2276
"../../../Engine/Shaders/Private/DeferredLightVertexShaders.usf" 2277
"../../../Engine/Shaders/Private/LightMapDensityShader.usf" 2278
"../../../Engine/Shaders/Private/LightGridInjection.usf" 2279
"../../../Engine/Shaders/Private/LightFunctionPixelShader.usf" 2280
"../../../Engine/Shaders/Private/LightFunctionVertexShader.usf" 2281
"../../../Engine/Shaders/Private/InstanceCulling/BuildInstanceDrawCommands.usf" 2282
"../../../Engine/Shaders/Private/InstanceCulling/InstanceCompactionCommon.ush" 2283
"../../../Engine/Shaders/Private/InstanceCulling/CompactVisibleInstances.usf" 2284
"../../../Engine/Shaders/Private/ThreadGroupPrefixSum.ush" 2285
"../../../Engine/Shaders/Private/ReflectionEnvironmentPixelShader.usf" 2286
"../../../Engine/Shaders/Private/SkyLightingDiffuseShared.ush" 2287
"../../../Engine/Shaders/Private/Strata/StrataEnvironmentLighting.ush" 2288
"../../../Engine/Shaders/Private/AmbientCubemapComposite.usf" 2289
"../../../Engine/Shaders/Private/DiffuseIndirectComposite.usf" 2290
"../../../Engine/Shaders/Private/HdrCustomResolveShaders.usf" 2291
"../../../Engine/Shaders/Private/HairStrands/HairStrandsVoxelMip.usf" 2292
"../../../Engine/Shaders/Private/HairStrands/HairStrandsVoxelRasterCompute.usf" 2293
"../../../Engine/Shaders/Private/HairStrands/HairStrandsVoxelPageAllocation.usf" 2294
"../../../Engine/Shaders/Private/Matrices.ush" 2295
"../../../Engine/Shaders/Private/HairStrands/HairStrandsVoxelOpaque.usf" 2296
"../../../Engine/Shaders/Private/HairStrands/HairStrandsHitProxy.usf" 2297
"../../../Engine/Shaders/Private/HairStrands/HairStrandsVisibilityRasterCompute.usf" 2298
"../../../Engine/Shaders/Private/HairStrands/HairStrandsCoverage.usf" 2299
"../../../Engine/Shaders/Private/HairStrands/HairStrandsVisibilityDepthPS.usf" 2300
"../../../Engine/Shaders/Private/HairStrands/HairStrandsVisibilityTransmittanceDepthPS.usf" 2301
"../../../Engine/Shaders/Private/HairStrands/HairStrandsVisibilityFillOpaqueDepthPS.usf" 2302
"../../../Engine/Shaders/Private/HairStrands/HairStrandsVisibilityCompactionComputeRaster.usf" 2303
"../../../Engine/Shaders/Private/HairStrands/HairStrandsVisibilityCompaction.usf" 2304
"../../../Engine/Shaders/Private/HairStrands/HairStrandsVisibilityCopyIndirectArg.usf" 2305
"../../../Engine/Shaders/Private/HairStrands/HairStrandsVisibilityClearPS.usf" 2306
"../../../Engine/Shaders/Private/HairStrands/HairStrandsVisibilityPS.usf" 2307
"../../../Engine/Shaders/Private/HairStrands/HairStrandsVisibilityVS.usf" 2308
"../../../Engine/Shaders/Private/HairStrands/HairStrandsVelocity.usf" 2309
"../../../Engine/Shaders/Private/HairStrands/HairStrandsVisibilityComputeSampleCoverage.usf" 2310
"../../../Engine/Shaders/Private/HairStrands/HairStrandsMaterialPS.usf" 2311
"../../../Engine/Shaders/Private/HairStrands/HairStrandsMaterialCommon.ush" 2312
"../../../Engine/Shaders/Private/HairStrands/HairStrandsMaterialVS.usf" 2313
"../../../Engine/Shaders/Private/HairStrands/HairStrandsLightSample.usf" 2314
"../../../Engine/Shaders/Private/HairStrands/HairStrandsDeepShadowMask.usf" 2315
"../../../Engine/Shaders/Private/HairStrands/HairStrandsDeepShadowCommon.ush" 2316
"../../../Engine/Shaders/Private/HairStrands/HairStrandsDeepTransmittanceMask.usf" 2317
"../../../Engine/Shaders/Private/HairStrands/HairStrandsVisibilityTile.usf" 2318
"../../../Engine/Shaders/Private/HairStrands/HairStrandsDeepShadowPS.usf" 2319
"../../../Engine/Shaders/Private/HairStrands/HairStrandsDeepShadowVS.usf" 2320
"../../../Engine/Shaders/Private/HairStrands/HairStrandsLUT.usf" 2321
"../../../Engine/Shaders/Private/HairStrands/HairStrandsEnvironmentLighting.usf" 2322
"../../../Engine/Shaders/Private/HairStrands/HairStrandsEnvironmentLightingCommon.ush" 2323
"../../../Engine/Shaders/Private/HairStrands/HairStrandsDebugCommonStruct.ush" 2324
"../../../Engine/Shaders/Private/HairStrands/HairStrandsEnvironmentAO.usf" 2325
"../../../Engine/Shaders/Private/HairStrands/HairStrandsDeepShadowAllocation.usf" 2326
"../../../Engine/Shaders/Private/HairStrands/HairStrandsVoxelDepthInjection.usf" 2327
"../../../Engine/Shaders/Private/HairStrands/HairStrandsVisibilityPPLLDebug.usf" 2328
"../../../Engine/Shaders/Private/HairStrands/HairStrandsBsdfPlot.usf" 2329
"../../../Engine/Shaders/Private/HairStrands/HairStrandsDebugPrint.usf" 2330
"../../../Engine/Shaders/Private/HairStrands/HairStrandsVoxelPageRayMarching.usf" 2331
"../../../Engine/Shaders/Private/HairStrands/HairStrandsDeepShadowDebug.usf" 2332
"../../../Engine/Shaders/Private/HairStrands/HairStrandsGBufferWrite.usf" 2333
"../../../Engine/Shaders/Private/HairStrands/HairStrandsGBufferCommon.ush" 2334
"../../../Engine/Shaders/Private/HairStrands/HairStrandsVisibilityComposeSubPixelPS.usf" 2335
"../../../Engine/Shaders/Private/HairStrands/HairStrandsAABB.usf" 2336
"../../../Engine/Shaders/Private/GPUScene/GPUSceneDataManagement.usf" 2337
"../../../Engine/Shaders/Private/GPUSceneDebugRender.usf" 2338
"../../../Engine/Shaders/Private/GPUFastFourierTransform.usf" 2339
"../../../Engine/Shaders/Private/GPUFastFourierTransform2DCore.ush" 2340
"../../../Engine/Shaders/Private/GPUFastFourierTransformCore.ush" 2341
"../../../Engine/Shaders/Private/GPUBenchmark.usf" 2342
"../../../Engine/Shaders/Private/GlobalDistanceFieldMip.usf" 2343
"../../../Engine/Shaders/Private/GlobalDistanceField.usf" 2344
"../../../Engine/Shaders/Private/GlobalDistanceFieldHeightfields.usf" 2345
"../../../Engine/Shaders/Private/HeightfieldLightingShared.ush" 2346
"../../../Engine/Shaders/Private/GenerateConservativeDepth.usf" 2347
"../../../Engine/Shaders/Private/HeightFogPixelShader.usf" 2348
"../../../Engine/Shaders/Private/HeightFogVertexShader.usf" 2349
"../../../Engine/Shaders/Private/DistortFiltering.usf" 2350
"../../../Engine/Shaders/Private/DistortAccumulatePS.usf" 2351
"../../../Engine/Shaders/Private/DistortAccumulateVS.usf" 2352
"../../../Engine/Shaders/Private/DistanceFieldVisualization.usf" 2353
"../../../Engine/Shaders/Private/DistanceFieldStreaming.usf" 2354
"../../../Engine/Shaders/Private/DistanceFieldShadowing.usf" 2355
"../../../Engine/Shaders/Private/DistanceFieldScreenGridLighting.usf" 2356
"../../../Engine/Shaders/Private/DistanceFieldObjectCulling.usf" 2357
"../../../Engine/Shaders/Private/DistanceFieldLightingPost.usf" 2358
"../../../Engine/Shaders/Private/DitheredTransitionStencil.usf" 2359
"../../../Engine/Shaders/Private/DepthOnlyPixelShader.usf" 2360
"../../../Engine/Shaders/Private/DepthOnlyVertexShader.usf" 2361
"../../../Engine/Shaders/Private/PositionOnlyDepthVertexShader.usf" 2362
"../../../Engine/Shaders/Private/DeferredDecal.usf" 2363
"../../../Engine/Shaders/Private/DecalCommon.ush" 2364
"../../../Engine/Shaders/Private/DebugViewModeVertexShader.usf" 2365
"../../../Engine/Shaders/Private/DebugViewModeCommon.ush" 2366
"../../../Engine/Shaders/Private/DebugViewModePixelShader.usf" 2367
"../../../Engine/Shaders/Private/DebugProbes.usf" 2368
"../../../Engine/Shaders/Private/MeshDecals.usf" 2369
"../../../Engine/Shaders/Private/PostProcessAmbientOcclusion.usf" 2370
"../../../Engine/Shaders/Private/ClusteredDeferredShadingPixelShader.usf" 2371
"../../../Engine/Shaders/Private/ClusteredDeferredShadingVertexShader.usf" 2372
"../../../Engine/Shaders/Private/CapsuleShadowShaders.usf" 2373
"../../../Engine/Shaders/Private/BasePassPixelShader.usf" 2374
"../../../Engine/Shaders/Private/BasePassCommon.ush" 2375
"../../../Engine/Shaders/Private/ThinTranslucentCommon.ush" 2376
"../../../Engine/Shaders/Private/ForwardLightingCommon.ush" 2377
"../../../Engine/Shaders/Private/Strata/StrataForwardLighting.ush" 2378
"../../../Engine/Shaders/Private/BasePassVertexShader.usf" 2379
"../../../Engine/Shaders/Private/BasePassVertexCommon.ush" 2380
"../../../Engine/Shaders/Private/AnisotropyPassShader.usf" 2381
"../../../Engine/Shaders/Private/SimpleElementVolumeTexturePreviewPixelShader.usf" 2382
"../../../Engine/Shaders/Private/SimpleElementTexture2DPreviewPixelShader.usf" 2383
"../../../Engine/Shaders/Private/SimpleElementNormalMapPixelShader.usf" 2384
"../../../Engine/Shaders/Private/meshpaintdilatepixelshader.usf" 2385
"../../../Engine/Shaders/Private/meshpaintdilatevertexshader.usf" 2386
"../../../Engine/Shaders/Private/MeshPaintPixelShader.usf" 2387
"../../../Engine/Shaders/Private/MeshPaintVertexShader.usf" 2388
"../../../Engine/Shaders/Private/Tools/VisualizeTexture.usf" 2389
"../../../Engine/Shaders/Private/ByteBuffer.usf" 2390
"../../../Engine/Shaders/Private/ResolveVertexShader.usf" 2391
"../../../Engine/Shaders/Private/ResolvePixelShader.usf" 2392
"../../../Engine/Shaders/Private/Tools/SetupIndirectArgs.usf" 2393
"../../../Engine/Shaders/Private/Tools/ClearUAV.usf" 2394
"../../../Engine/Shaders/Private/ClearReplacementShaders.usf" 2395
"../../../Engine/Shaders/Private/Tools/DumpTexture.usf" 2396
"../../../Engine/Shaders/Private/RenderGraphUtilities.usf" 2397
"../../../Engine/Shaders/Private/OneColorShader.usf" 2398
"../../../Engine/Shaders/Private/OculusShaders.usf" 2399
"../../../Engine/Shaders/Private/MediaShaders.usf" 2400
"../../../Engine/Shaders/Private/GPUMessaging.usf" 2401
"../../../Engine/Shaders/Private/NullPixelShader.usf" 2402
"../../../Engine/Shaders/Private/ComputeGenerateMips.usf" 2403
"../../../Engine/Shaders/Private/CopyTextureShaders.usf" 2404
"../../../Engine/Shaders/Private/Tools/FullscreenVertexShader.usf" 2405
"../../../Engine/Shaders/Private/RayTracing/RayTracingDispatchDesc.usf" 2406
"../../../Engine/Shaders/Private/RayTracing/RayTracingBuiltInShaders.usf" 2407
"../../../Engine/Shaders/Private/Bink.usf" 2408
"../../../../../../GitHub/CutyKiller/GAME FOLDER/Intermediate/CachedAssetRegistry.bin" 2409
"D:/GitHub/CutyKiller/GAME FOLDER/Content/DONT_USE/Characters/Mannequin_UE4/Rigs/IK_UE4_Mannequin.uasset" 2410
"D:/GitHub/CutyKiller/GAME FOLDER/Content/DONT_USE/Characters/Mannequins/Rigs/CR_Mannequin_Procedural.uasset" 2411
"D:/GitHub/CutyKiller/GAME FOLDER/Content/DONT_USE/Characters/Mannequins/Rigs/CR_Mannequin_Body.uasset" 2412
"D:/GitHub/CutyKiller/GAME FOLDER/Content/DONT_USE/Characters/Mannequins/Rigs/CR_Mannequin_BasicFootIK.uasset" 2413
"D:/GitHub/CutyKiller/GAME FOLDER/Content/DONT_USE/Characters/Mannequins/Rigs/IK_Mannequin.uasset" 2414
"D:/GitHub/CutyKiller/GAME FOLDER/Content/Characters/Mannequins/Rigs/CR_Mannequin_Body.uasset" 2415
"D:/GitHub/CutyKiller/GAME FOLDER/Content/Characters/Mannequins/Rigs/CR_Mannequin_BasicFootIK.uasset" 2416
"D:/GitHub/CutyKiller/GAME FOLDER/Content/Characters/Mannequins/Rigs/CR_Mannequin_Procedural.uasset" 2417
"D:/Program Files/Epic Games/UE_5.0/Engine/Plugins/2D/Paper2D/Content/DummySprite.uasset" 2418
"D:/Program Files/Epic Games/UE_5.0/Engine/Plugins/2D/Paper2D/Content/Tutorial/Paper2D/TutorialAssets/TutorialSprite.uasset" 2419
"D:/Program Files/Epic Games/UE_5.0/Engine/Plugins/2D/Paper2D/Content/Tutorial/Paper2D/TutorialAssets/TutorialFlipBook.uasset" 2420
"D:/Program Files/Epic Games/UE_5.0/Engine/Plugins/Animation/ControlRig/Content/StandardFunctionLibrary/StandardFunctionLibrary.uasset" 2421
"D:/Program Files/Epic Games/UE_5.0/Engine/Plugins/Animation/ControlRigSpline/Content/SplineFunctionLibrary/SplineFunctionLibrary.uasset" 2422
"../../../Engine/Content/EditorResources/S_Actor.uasset" 2423
"../../../Engine/Content/EditorResources/S_BoxReflectionCapture.uasset" 2424
"../../../Engine/Content/EngineResources/WhiteSquareTexture.uasset" 2425
"../../../Engine/Content/EngineResources/GradientTexture0.uasset" 2426
"../../../Engine/Content/EngineResources/Black.uasset" 2427
"../../../Engine/Content/EngineMeshes/Sphere.uasset" 2428
"../../../Engine/Content/EditorMaterials/MatineeGroups/MAT_Groups_Float.uasset" 2429
"../../../Engine/Content/EditorMaterials/MatineeGroups/MAT_Groups_Anim.uasset" 2430
"../../../Engine/Content/EditorMaterials/MatineeGroups/MAT_Groups_AudioMaster.uasset" 2431
"../../../Engine/Content/EditorMaterials/MatineeGroups/MAT_ColorTrack.uasset" 2432
"../../../Engine/Content/EditorMaterials/MatineeGroups/MAT_Groups_Fade.uasset" 2433
"../../../Engine/Content/EditorMaterials/MatineeGroups/MAT_Groups_Director.uasset" 2434
"../../../Engine/Content/EditorMaterials/MatineeGroups/MAT_Groups_Event.uasset" 2435
"../../../Engine/Content/EditorMaterials/MatineeGroups/MAT_Groups_Move.uasset" 2436
"../../../Engine/Content/EditorMaterials/MatineeGroups/MAT_Groups_Slomo.uasset" 2437
"../../../Engine/Content/EditorMaterials/MatineeGroups/MAT_Groups_Sound.uasset" 2438
"../../../Engine/Content/EditorMaterials/MAT_Groups_Toggle.uasset" 2439
"../../../Engine/Content/EditorMaterials/MatineeGroups/MAT_Groups_Vector.uasset" 2440
"../../../Engine/Content/EditorMaterials/MAT_Groups_Visibility.uasset" 2441
"../../../Engine/Content/EngineResources/DefaultTexture.uasset" 2442
"../../../Engine/Content/EngineResources/DefaultTextureCube.uasset" 2443
"../../../Engine/Content/EngineResources/DefaultVolumeTexture.uasset" 2444
"../../../Engine/Content/EngineResources/DefaultVolumeTexture2D.uasset" 2445
"../../../Engine/Content/EngineFonts/RobotoDistanceField.uasset" 2446
"../../../Engine/Content/EngineMaterials/DefaultTextMaterialOpaque.uasset" 2447
"../../../Engine/Content/Functions/Engine_MaterialFunctions01/Shading/PowerToRoughness.uasset" 2448
"../../../Engine/Content/Functions/Engine_MaterialFunctions01/Shading/ConvertFromDiffSpec.uasset" 2449
"../../../Engine/Content/EngineMaterials/WorldGridMaterial.uasset" 2450
"../../../Engine/Content/Functions/Engine_MaterialFunctions01/Opacity/CameraDepthFade.uasset" 2451
"../../../Engine/Content/EngineMaterials/T_Default_Material_Grid_M.uasset" 2452
"../../../Engine/Content/EngineMaterials/T_Default_Material_Grid_N.uasset" 2453
"../../../Engine/Content/EngineMaterials/DefaultDeferredDecalMaterial.uasset" 2454
"../../../Engine/Content/EngineMaterials/DefaultDiffuse.uasset" 2455
"../../../Engine/Content/EngineMaterials/DefaultLightFunctionMaterial.uasset" 2456
"../../../Engine/Content/EngineMaterials/DefaultPostProcessMaterial.uasset" 2457
"../../../Engine/Content/Functions/Engine_MaterialFunctions02/Utility/BreakOutFloat2Components.uasset" 2458
"../../../Engine/Content/EditorResources/S_Trigger.uasset" 2459
"../../../Engine/Content/EditorResources/S_TriggerBox.uasset" 2460
"../../../Engine/Content/EditorResources/S_TriggerCapsule.uasset" 2461
"../../../Engine/Content/EditorResources/S_TriggerSphere.uasset" 2462
"../../../Engine/Content/EngineSky/VolumetricClouds/m_SimpleVolumetricCloud_Inst.uasset" 2463
"../../../Engine/Content/EngineSky/VolumetricClouds/m_SimpleVolumetricCloud.uasset" 2464
"../../../Engine/Content/Functions/Engine_MaterialFunctions02/Utility/MakeFloat2.uasset" 2465
"../../../Engine/Content/EngineSky/VolumetricClouds/CloudGradientTexture.uasset" 2466
"../../../Engine/Content/EngineSky/VolumetricClouds/CloudWeatherTexture.uasset" 2467
"../../../Engine/Content/EngineSky/VolumetricClouds/T_VolumeNoiseErosion32.uasset" 2468
"../../../Engine/Content/EngineSky/VolumetricClouds/T_NoiseErosion.uasset" 2469
"../../../Engine/Content/EngineSky/VolumetricClouds/T_VolumeNoiseShape64.uasset" 2470
"../../../Engine/Content/EngineSky/VolumetricClouds/T_NoiseShape64.uasset" 2471
"../../../Engine/Content/EditorMaterials/WorldPartition/WorldPartitionSpatialHashGridPreviewMaterial.uasset" 2472
"../../../Engine/Content/Functions/Engine_MaterialFunctions02/Utility/BreakOutFloat3Components.uasset" 2473
"../../../Engine/Content/Functions/Engine_MaterialFunctions02/Utility/MakeFloat3.uasset" 2474
"../../../Engine/Content/Functions/Engine_MaterialFunctions02/Utility/MakeFloat4.uasset" 2475
"../../../Engine/Content/EngineDamageTypes/DmgTypeBP_Environmental.uasset" 2476
"../../../Engine/Content/EngineMaterials/Widget3DPassThrough_Translucent.uasset" 2477
"../../../Engine/Content/EngineMaterials/Widget3DPassThrough.uasset" 2478
"../../../Engine/Content/EngineMaterials/Widget3DPassThrough_Translucent_OneSided.uasset" 2479
"../../../Engine/Content/EngineMaterials/Widget3DPassThrough_Opaque.uasset" 2480
"../../../Engine/Content/EngineMaterials/Widget3DPassThrough_Opaque_OneSided.uasset" 2481
"../../../Engine/Content/EngineMaterials/Widget3DPassThrough_Masked.uasset" 2482
"../../../Engine/Content/EngineMaterials/Widget3DPassThrough_Masked_OneSided.uasset" 2483
"../../../Engine/Content/VREditor/TransformGizmo/PlaneTranslationHandle.uasset" 2484
"../../../Engine/Content/VREditor/TransformGizmo/TransformGizmoMaterial.uasset" 2485
"../../../Engine/Content/VREditor/LaserPointer/VR_LaserPower_01.uasset" 2486
"../../../Engine/Content/VREditor/TransformGizmo/TranslucentTransformGizmoMaterial.uasset" 2487
"../../../Engine/Content/VREditor/TransformGizmo/BoundingBoxCorner.uasset" 2488
"../../../Engine/Content/VREditor/TransformGizmo/BoundingBoxEdge.uasset" 2489
"../../../Engine/Content/VREditor/TransformGizmo/SM_Sequencer_Node.uasset" 2490
"../../../Engine/Content/VREditor/TransformGizmo/Main.uasset" 2491
"../../../Engine/Content/VREditor/TransformGizmo/Xray.uasset" 2492
"../../../Engine/Content/EditorMeshes/Camera/SM_CraneRig_Base.uasset" 2493
"../../../Engine/Content/EditorMaterials/Camera/MI_CineMat_Rig.uasset" 2494
"../../../Engine/Content/EditorMaterials/Camera/CineMat.uasset" 2495
"../../../Engine/Content/EditorMeshes/Camera/SM_CraneRig_Arm.uasset" 2496
"../../../Engine/Content/EditorMeshes/Camera/SM_CraneRig_Mount.uasset" 2497
"../../../Engine/Content/EditorMeshes/Camera/SM_CraneRig_Body.uasset" 2498
"../../../Engine/Content/EditorMeshes/Camera/SM_RailRig_Track.uasset" 2499
"../../../Engine/Content/EditorMeshes/Camera/SM_RailRig_Mount.uasset" 2500
"../../../Engine/Content/ArtTools/RenderToTexture/Meshes/S_1_Unit_Plane.uasset" 2501
"../../../Engine/Content/EngineDebugMaterials/M_SimpleUnlitTranslucent.uasset" 2502
"../../../Engine/Content/EngineFonts/Roboto.uasset" 2503
"../../../Engine/Content/EngineFonts/Faces/DroidSansFallback.uasset" 2504
"../../../Engine/Content/EngineFonts/Faces/RobotoBold.uasset" 2505
"../../../Engine/Content/EngineFonts/Faces/RobotoBoldItalic.uasset" 2506
"../../../Engine/Content/EngineFonts/Faces/RobotoItalic.uasset" 2507
"../../../Engine/Content/EngineFonts/Faces/RobotoLight.uasset" 2508
"../../../Engine/Content/EngineFonts/Faces/RobotoRegular.uasset" 2509
"../../../Engine/Content/EditorMaterials/ParticleSystems/PSysThumbnail_NoImage.uasset" 2510
"../../../Engine/Content/EditorMaterials/ParticleSystems/PSysThumbnail_OOD.uasset" 2511
"../../../Engine/Content/EditorLandscapeResources/DataLayer.uasset" 2512
"../../Plugins/Experimental/Water/Content/Icons/WaterSprite.uasset" 2513
"../../Plugins/Experimental/Water/Content/Icons/WaterBodyCustomSprite.uasset" 2514
"../../Plugins/Experimental/Water/Content/Icons/WaterBodyExclusionVolumeSprite.uasset" 2515
"../../Plugins/Experimental/Water/Content/Icons/WaterBodyIslandSprite.uasset" 2516
"../../Plugins/Experimental/Water/Content/Icons/WaterBodyLakeSprite.uasset" 2517
"../../Plugins/Experimental/Water/Content/Icons/WaterBodyOceanSprite.uasset" 2518
"../../Plugins/Experimental/Water/Content/Icons/WaterBodyRiverSprite.uasset" 2519
"../../Plugins/Experimental/Water/Content/Meshes/LakeMesh.uasset" 2520
"C:/Users/b.lapeze/AppData/Local/UnrealEngine/Common/DerivedDataCache/Buckets/StaticMesh/4b/a7/99caadef8d22e0b84486fba3b2db46e4d752.udd" 2521
"../../Plugins/Experimental/Water/Content/Meshes/RiverMesh.uasset" 2522
"C:/Users/b.lapeze/AppData/Local/UnrealEngine/Common/DerivedDataCache/Buckets/LegacyDIST/4a/19/4f16b96cab4462f3a150bd77b72575399d56.udd" 2523
"C:/Users/b.lapeze/AppData/Local/UnrealEngine/Common/DerivedDataCache/Buckets/LegacyCARD/e8/30/00f448fe196d18aaf32ecb52598a128fff1a.udd" 2524
"C:/Users/b.lapeze/AppData/Local/UnrealEngine/Common/DerivedDataCache/Buckets/LegacyNavCollision/c4/c7/2790fbbbf71299a63f900e2eb1d9f7e8d478.udd" 2525
"C:/Users/b.lapeze/AppData/Local/UnrealEngine/Common/DerivedDataCache/Buckets/StaticMesh/12/dc/c1eeede53ce35e22cbeda84057b7bea18743.udd" 2526
"../../Plugins/Experimental/Water/Content/Icons/WaterZoneActorSprite.uasset" 2527
"C:/Users/b.lapeze/AppData/Local/UnrealEngine/Common/DerivedDataCache/Buckets/LegacyDIST/06/8e/0319721d717ab1e3ad1f31a0b587d3613af6.udd" 2528
"C:/Users/b.lapeze/AppData/Local/UnrealEngine/Common/DerivedDataCache/Buckets/LegacyCARD/b9/b9/61b713a5f97f57f8b78bdd50b8d8a755fea7.udd" 2529
"C:/Users/b.lapeze/AppData/Local/UnrealEngine/Common/DerivedDataCache/Buckets/LegacyChaosGeometryData/7b/45/c655be0cc5a1d6042430035bac6ce65bfdb4.udd" 2530
"C:/Users/b.lapeze/AppData/Local/UnrealEngine/Common/DerivedDataCache/Buckets/LegacyNavCollision/31/9c/0397d2aef87f3c2df225763b519b5db2f663.udd" 2531
"../../Plugins/Runtime/HairStrands/Content/Materials/HairDebugMaterial.uasset" 2532
"../../../Engine/Content/EngineMaterials/HairColorMap.uasset" 2533
"../../../Engine/Content/EngineMaterials/HairDebugColor.uasset" 2534
"../../Plugins/Runtime/HairStrands/Content/Materials/HairGroupColors.uasset" 2535
"../../Plugins/Runtime/HairStrands/Content/Materials/HairDefaultMaterial.uasset" 2536
"../../Plugins/Runtime/HairStrands/Content/Materials/HairCardsDefaultMaterial.uasset" 2537
"../../Plugins/Runtime/HairStrands/Content/Materials/HairMeshesDefaultMaterial.uasset" 2538
"../../../Engine/Content/EditorResources/S_Solver.uasset" 2539
"../../../Engine/Content/Internationalization/icudt64l/coll/ucadata.icu" 2540
"../../../Engine/Content/Internationalization/icudt64l/coll/en.res" 2541
"../../../Engine/Content/Internationalization/icudt64l/coll/root.res" 2542
"../../../Engine/Content/Tutorial/ContentIntroCurve.uasset" 2543
"../../Plugins/2D/Paper2D/Content/MaskedUnlitSpriteMaterial.uasset" 2544
"../../Plugins/2D/Paper2D/Content/DefaultSpriteMaterial.uasset" 2545
"../../Plugins/2D/Paper2D/Content/PlaceholderTextures/DummySpriteTexture.uasset" 2546
"../../Plugins/2D/Paper2D/Content/OpaqueUnlitSpriteMaterial.uasset" 2547
"../../Plugins/2D/Paper2D/Content/DefaultPaperTerrainMaterial.uasset" 2548
"../../Plugins/2D/Paper2D/Content/DummySprite.uasset" 2549
"../../Plugins/Animation/ControlRig/Content/Controls/DefaultGizmoLibraryNormalized.uasset" 2550
"../../Plugins/Animation/ControlRig/Content/M_Manip.uasset" 2551
"../../../Engine/Content/Functions/Engine_MaterialFunctions02/WorldPositionOffset/CameraOffset.uasset" 2552
"../../../Engine/Content/EngineDebugMaterials/VolumeToRender.uasset" 2553
"../../../Engine/Content/EngineDebugMaterials/M_VolumeRenderSphereTracePP.uasset" 2554
"../../../Engine/Content/Functions/Engine_MaterialFunctions02/Utility/CameraDirectionVector.uasset" 2555
"../../Plugins/Editor/SpeedTreeImporter/Content/SpeedTree9/SpeedTreeMaster.uasset" 2556
"../../../Engine/Content/Functions/Engine_MaterialFunctions02/ObjectLocalBounds.uasset" 2557
"../../../Engine/Content/Functions/Engine_MaterialFunctions02/SafeNormalize.uasset" 2558
"../../../Engine/Content/Functions/Engine_MaterialFunctions02/Utility/VectorLength.uasset" 2559
"../../../Engine/Content/Functions/Engine_MaterialFunctions02/UVs/BoundingBoxBased_0-1_UVW.uasset" 2560
"../../../Engine/Content/Functions/Engine_MaterialFunctions02/WorldPositionOffset/ObjectScale.uasset" 2561
"../../Plugins/Editor/SpeedTreeImporter/Content/SpeedTree9/SpeedTreeBranchMotion.uasset" 2562
"../../Plugins/Editor/SpeedTreeImporter/Content/SpeedTree9/SpeedTreeWindMotion.uasset" 2563
"../../Plugins/Editor/SpeedTreeImporter/Content/SpeedTree9/game_wind_noise.uasset" 2564
"../../Plugins/Editor/SpeedTreeImporter/Content/SpeedTree9/UnpackDirection.uasset" 2565
"../../Plugins/Editor/SpeedTreeImporter/Content/SpeedTree9/UnpackInteger3.uasset" 2566
"../../Plugins/Editor/SpeedTreeImporter/Content/SpeedTree9/SpeedTreeCameraFacing.uasset" 2567
"../../Plugins/Editor/SpeedTreeImporter/Content/SpeedTree9/SpeedTreeWind.uasset" 2568
"../../Plugins/Editor/SpeedTreeImporter/Content/SpeedTree9/Empty.uasset" 2569
"../../Plugins/Editor/SpeedTreeImporter/Content/SpeedTree9/EmptyNormal.uasset" 2570
"../../Plugins/Editor/SpeedTreeImporter/Content/SpeedTree9/SpeedTreeBillboardMaster.uasset" 2571
"../../Plugins/Editor/SpeedTreeImporter/Content/SpeedTree9/SpeedTreeBillboard.uasset" 2572
"../../../Engine/Content/EngineMaterials/RemoveSurfaceMaterial.uasset" 2573
"../../../Engine/Content/EngineDebugMaterials/DebugMeshMaterial.uasset" 2574
"../../../Engine/Content/EngineMaterials/EmissiveMeshMaterial.uasset" 2575
"../../../Engine/Content/EngineMaterials/DefaultWhiteGrid_Low.uasset" 2576
"../../../Engine/Content/EngineMaterials/M_InvalidLightmapSettings.uasset" 2577
"../../../Engine/Content/EngineMaterials/InvalidLightmapSettings.uasset" 2578
"../../../Engine/Content/EngineMaterials/GizmoMaterial.uasset" 2579
"../../../Engine/Content/EngineMaterials/PhAT_JointLimitMaterial.uasset" 2580
"../../../Engine/Content/EngineMaterials/FlattenMaterial.uasset" 2581
"../../../Engine/Content/EngineMaterials/BaseFlattenDiffuseMap.uasset" 2582
"../../../Engine/Content/EngineMaterials/BaseFlattenEmissiveMap.uasset" 2583
"../../../Engine/Content/EngineMaterials/BaseFlattenGrayscaleMap.uasset" 2584
"../../../Engine/Content/EngineMaterials/BaseFlattenLinearColor.uasset" 2585
"../../../Engine/Content/EngineMaterials/BaseFlattenNormalMap.uasset" 2586
"../../../Engine/Content/Functions/Engine_MaterialFunctions02/PivotPainter2/Black_1x1_EXR_Texture.uasset" 2587
"../../../Engine/Content/EngineMaterials/FlattenMaterial_VT.uasset" 2588
"../../../Engine/Content/EngineMaterials/BaseFlattenDiffuseMap_VT.uasset" 2589
"../../../Engine/Content/EngineMaterials/BaseFlattenEmissiveMap_VT.uasset" 2590
"../../../Engine/Content/EngineMaterials/BaseFlattenGrayscaleMap_VT.uasset" 2591
"../../../Engine/Content/EngineMaterials/BaseFlattenLinearColor_VT.uasset" 2592
"../../../Engine/Content/EngineMaterials/BaseFlattenNormalMap_VT.uasset" 2593
"../../../Engine/Content/EngineMaterials/Black_1x1_EXR_Texture_VT.uasset" 2594
"../../../Engine/Content/EngineMaterials/FlattenMaterial_WS_Normal_VT.uasset" 2595
"../../../Engine/Content/EngineMaterials/Good64x64TilingNoiseHighFreq.uasset" 2596
"../../../Engine/Content/EngineMaterials/DefaultBokeh.uasset" 2597
"../../../Engine/Content/EngineMaterials/PreintegratedSkinBRDF.uasset" 2598
"../../../Engine/Content/EngineMaterials/MiniFont.uasset" 2599
"../../../Engine/Content/EngineMaterials/WeightMapPlaceholderTexture.uasset" 2600
"../../../Engine/Content/EngineMaterials/DefaultWhiteGrid.uasset" 2601
"../../../Engine/Content/EngineMaterials/DefaultPhysicalMaterial.uasset" 2602
"../../../Engine/Content/EngineMaterials/DefaultDestructiblePhysicalMaterial.uasset" 2603
"../../Plugins/Experimental/Water/Content/Materials/MPC/MPC_Water.uasset" 2604
"../../../Engine/Content/EditorLandscapeResources/DefaultAlphaTexture.uasset" 2605
"../../../Engine/Content/EditorResources/S_Terrain.uasset" 2606
"../../../Engine/Content/BasicShapes/Cube.uasset" 2607
"../../../Engine/Content/BasicShapes/Sphere.uasset" 2608
"../../../Engine/Content/EngineMaterials/DefaultMaterial.uasset" 2609
"../../../Engine/Content/BasicShapes/Cylinder.uasset" 2610
"../../../Engine/Content/BasicShapes/Cone.uasset" 2611
"../../../Engine/Content/BasicShapes/Plane.uasset" 2612
"../../Plugins/FX/Niagara/Content/ParameterDefinitions/SpriteRenderer.uasset" 2613
"../../Plugins/FX/Niagara/Content/ParameterDefinitions/RibbonRenderer.uasset" 2614
"../../Plugins/FX/Niagara/Content/ParameterDefinitions/MeshRenderer.uasset" 2615
"../../Plugins/FX/Niagara/Content/ParameterDefinitions/LightRenderer.uasset" 2616
"../../Plugins/FX/Niagara/Content/ParameterDefinitions/CoreParameters.uasset" 2617
"../../../Engine/Content/EditorResources/SequenceRecorder/Countdown.uasset" 2618
"../../../Engine/Content/EditorResources/SequenceRecorder/RecordingIndicator.uasset" 2619
"../../Plugins/Experimental/Water/Content/Icons/WaterLandscapeBrushSprite.uasset" 2620
"../../Plugins/Experimental/Water/Content/Curves/FloatCurve.uasset" 2621
"../../Plugins/Experimental/Water/Content/Curves/FloatCurve_WaterBodyIsland.uasset" 2622
"../../Plugins/Experimental/Water/Content/Waves/GerstnerWaves_Lake.uasset" 2623
"../../Plugins/Experimental/Water/Content/Waves/GerstnerWaves_Ocean.uasset" 2624
"../../Plugins/Experimental/Water/Content/Icons/WaterErrorSprite.uasset" 2625
"../../Plugins/Experimental/Landmass/Content/Landscape/BlueprintBrushes/MPC/MPC_Landscape.uasset" 2626
"D:/GitHub/CutyKiller/GAME FOLDER/Saved/Cooked/Windows/CutyKiller/Metadata/CookedIniVersion.txt" 2627
"D:/GitHub/CutyKiller/GAME FOLDER/Content/StarterContent/Materials/M_AssetPlatform.uasset" 2628
"D:/GitHub/CutyKiller/GAME FOLDER/Content/StarterContent/Audio/Starter_Wind06.uasset" 2629
"D:/GitHub/CutyKiller/GAME FOLDER/Content/StarterContent/Audio/Steam01.uasset" 2630
"D:/GitHub/CutyKiller/GAME FOLDER/Content/StarterContent/Blueprints/Assets/M_LightStage_Arrows.uasset" 2631
"D:/GitHub/CutyKiller/GAME FOLDER/Content/StarterContent/HDRI/HDRI_Epic_Courtyard_Daylight.uasset" 2632
"D:/GitHub/CutyKiller/GAME FOLDER/Content/StarterContent/Audio/Starter_Music01.uasset" 2633
"D:/GitHub/CutyKiller/GAME FOLDER/Content/StarterContent/Audio/Starter_Music_Cue.uasset" 2634
"D:/GitHub/CutyKiller/GAME FOLDER/Content/StarterContent/Blueprints/Assets/FogBrightnessLUT.uasset" 2635
"D:/GitHub/CutyKiller/GAME FOLDER/Content/StarterContent/Maps/StarterMap_BuiltData.uasset" 2636
"D:/GitHub/CutyKiller/GAME FOLDER/Content/StarterContent/Audio/Starter_Wind05.uasset" 2637
"D:/GitHub/CutyKiller/GAME FOLDER/Content/StarterContent/Audio/Starter_Background_Cue.uasset" 2638
"D:/GitHub/CutyKiller/GAME FOLDER/Content/StarterContent/Maps/Minimal_Default_BuiltData.uasset" 2639
"D:/GitHub/CutyKiller/GAME FOLDER/Content/StarterContent/Audio/Starter_Birds01.uasset" 2640
"D:/GitHub/CutyKiller/GAME FOLDER/Content/StarterContent/Blueprints/Assets/SunlightColorLUT.uasset" 2641
"D:/GitHub/CutyKiller/GAME FOLDER/Content/StarterContent/Audio/Steam01_Cue.uasset" 2642
"D:/GitHub/CutyKiller/GAME FOLDER/Content/StarterContent/Maps/Advanced_Lighting_BuiltData.uasset" 2643
"D:/GitHub/CutyKiller/GAME FOLDER/Content/StarterContent/Audio/Smoke01_Cue.uasset" 2644
"../../../../../../GitHub/CutyKiller/GAME FOLDER/Content/StarterContent/Maps/StarterMap_BuiltData.uasset" 2645
"../../../../../../GitHub/CutyKiller/GAME FOLDER/Content/StarterContent/Maps/Minimal_Default_BuiltData.uasset" 2646
"D:/GitHub/CutyKiller/GAME FOLDER/Content/StarterContent/Audio/Smoke01.uasset" 2647
"D:/GitHub/CutyKiller/GAME FOLDER/Content/StarterContent/Audio/Light02_Cue.uasset" 2648
"D:/GitHub/CutyKiller/GAME FOLDER/Content/StarterContent/Audio/Light01_Cue.uasset" 2649
"D:/GitHub/CutyKiller/GAME FOLDER/Content/StarterContent/Audio/Fire_Sparks01_Cue.uasset" 2650
"D:/GitHub/CutyKiller/GAME FOLDER/Content/StarterContent/Audio/Light02.uasset" 2651
"D:/GitHub/CutyKiller/GAME FOLDER/Content/StarterContent/Audio/Fire01_Cue.uasset" 2652
"D:/GitHub/CutyKiller/GAME FOLDER/Content/StarterContent/Audio/Light01.uasset" 2653
"D:/GitHub/CutyKiller/GAME FOLDER/Content/StarterContent/Audio/Fire_Sparks01.uasset" 2654
"D:/GitHub/CutyKiller/GAME FOLDER/Content/StarterContent/Audio/Explosion_Cue.uasset" 2655
"D:/GitHub/CutyKiller/GAME FOLDER/Content/StarterContent/Audio/Fire01.uasset" 2656
"D:/GitHub/CutyKiller/GAME FOLDER/Content/StarterContent/Audio/Explosion02.uasset" 2657
"D:/GitHub/CutyKiller/GAME FOLDER/Content/StarterContent/Audio/Collapse02.uasset" 2658
"D:/GitHub/CutyKiller/GAME FOLDER/Content/StarterContent/Audio/Explosion01.uasset" 2659
"D:/GitHub/CutyKiller/GAME FOLDER/Content/StarterContent/Audio/Collapse_Cue.uasset" 2660
"D:/GitHub/CutyKiller/GAME FOLDER/Content/StarterContent/Audio/Collapse01.uasset" 2661
"../../../Engine/Content/EngineMaterials/BlueNoise.uasset" 2662
"../../../Engine/Plugins/Animation/ControlRig/Content/Controls/ControlRigGizmoMaterial.uasset" 2663
"../../../Engine/Content/EngineDebugMaterials/DebugEditorMaterial.uasset" 2664
"../../../Engine/Content/EngineResources/FilmGrains/Marcie_Grain_v3_128_M2_000.uasset" 2665
"../../../Engine/Content/EngineMaterials/DefaultBloomKernel.uasset" 2666
"../../../Engine/Content/EditorResources/BSPVertex.uasset" 2667
"../../../Engine/Content/EngineSounds/Master.uasset" 2668
"D:/GitHub/CutyKiller/GAME FOLDER/Content/MSPresets/M_MS_Surface_Material_VT/Functions/MF_Displacement.uasset" 2669
"D:/GitHub/CutyKiller/GAME FOLDER/Content/MSPresets/M_MS_Surface_Material/Functions/MF_Displacement.uasset" 2670
"D:/GitHub/CutyKiller/GAME FOLDER/Content/MSPresets/M_MS_SurfaceBlend_Material/LayerFunctions/Top/MF_TopLayerTessellation.uasset" 2671
"../../../../../../GitHub/CutyKiller/GAME FOLDER/Content/StarterContent/Audio/Collapse01.uasset" 2672
"D:/GitHub/CutyKiller/GAME FOLDER/Content/MSPresets/M_MS_SurfaceBlend_Material/LayerFunctions/Middle/MF_MiddleLayerAdjustments.uasset" 2673
"D:/GitHub/CutyKiller/GAME FOLDER/Content/MSPresets/M_MS_SurfaceBlend_Material/LayerFunctions/Top/MF_TopLayerAdjustments.uasset" 2674
"D:/GitHub/CutyKiller/GAME FOLDER/Content/MSPresets/M_MS_SurfaceBlend_Material/LayerFunctions/Middle/MF_MiddleLayerTessellation.uasset" 2675
"D:/GitHub/CutyKiller/GAME FOLDER/Content/MSPresets/M_MS_SurfaceBlend_Material/LayerFunctions/Base/MF_BaseLayerAdjustments.uasset" 2676
"D:/GitHub/CutyKiller/GAME FOLDER/Content/MSPresets/M_MS_SurfaceBlend_Material/LayerFunctions/Base/MF_BaseLayerTessellation.uasset" 2677
"D:/GitHub/CutyKiller/GAME FOLDER/Content/MSPresets/M_MS_SurfaceBlend_Material/LayerFunctions/MF_Displacement.uasset" 2678
"D:/GitHub/CutyKiller/GAME FOLDER/Content/MSPresets/M_MS_Glass_Material/Textures/White.uasset" 2679
"D:/GitHub/CutyKiller/GAME FOLDER/Content/MSPresets/M_MS_Glass_Material/Textures/FlatNormal.uasset" 2680
"D:/GitHub/CutyKiller/GAME FOLDER/Content/MSPresets/M_MS_Glass_Material/Textures/Black.uasset" 2681
"D:/GitHub/CutyKiller/GAME FOLDER/Content/MSPresets/M_MS_Foliage_Material/Functions/MF_Translucency.uasset" 2682
"D:/GitHub/CutyKiller/GAME FOLDER/Content/MSPresets/M_MS_Glass_Material/Functions/MF_Refraction.uasset" 2683
"D:/GitHub/CutyKiller/GAME FOLDER/Content/MSPresets/M_MS_Foliage_Material/MF_Translucency.uasset" 2684
"D:/GitHub/CutyKiller/GAME FOLDER/Content/MSPresets/M_MS_Glass_Material/Functions/MF_TranslucencyMetallic.uasset" 2685
"D:/GitHub/CutyKiller/GAME FOLDER/Content/MSPresets/M_MS_Default_Material_VT/Functions/MF_ObjAdjustments.uasset" 2686
"C:/Users/b.lapeze/AppData/Local/UnrealEngine/Common/DerivedDataCache/Buckets/LegacyTEXTURE/cc/e4/6ad22a635bd2920945d172b72f26d51b67ad.udd" 2687
"C:/Users/b.lapeze/AppData/Local/UnrealEngine/Common/DerivedDataCache/Buckets/LegacyTEXTURE/e6/2e/80af3d0999f19639c86b702b6f960a584a3a.udd" 2688
"C:/Users/b.lapeze/AppData/Local/UnrealEngine/Common/DerivedDataCache/Buckets/LegacyTEXTURE/f1/c3/71a53280829bb40983b1a6eb42bac52d34c4.udd" 2689
"C:/Users/b.lapeze/AppData/Local/UnrealEngine/Common/DerivedDataCache/Buckets/LegacyTEXTURE/17/c9/018ef9fbd68254d50f6d4e1d327c88f76bc8.udd" 2690
"C:/Users/b.lapeze/AppData/Local/UnrealEngine/Common/DerivedDataCache/Buckets/LegacyTEXTURE/06/24/d4d06d0c911ee60a3ecb2d8d278275e41cd3.udd" 2691
"C:/Users/b.lapeze/AppData/Local/UnrealEngine/Common/DerivedDataCache/Buckets/LegacyTEXTURE/f7/8b/b6bed324be0b4f4817ec0ba469ce20d76148.udd" 2692
"D:/GitHub/CutyKiller/GAME FOLDER/Content/MSPresets/M_MS_Default_Material_VT/Functions/MF_Fuzz.uasset" 2693
"D:/GitHub/CutyKiller/GAME FOLDER/Content/MSPresets/M_MS_Default_Material_VT/Functions/MF_Displacement.uasset" 2694
"D:/GitHub/CutyKiller/GAME FOLDER/Content/MSPresets/M_MS_Default_Fuzz_Material/Functions/MF_Fuzz.uasset" 2695
"D:/GitHub/CutyKiller/GAME FOLDER/Content/MSPresets/M_MS_Default_Material/Functions/MF_Displacement.uasset" 2696
"D:/GitHub/CutyKiller/GAME FOLDER/Content/MSPresets/M_MS_Default_Fuzz_Material_VT/Functions/MF_Fuzz.uasset" 2697
"D:/GitHub/CutyKiller/GAME FOLDER/Content/MSPresets/M_MS_Default_Material/Functions/MF_Fuzz.uasset" 2698
"D:/GitHub/CutyKiller/GAME FOLDER/Content/MSPresets/M_MS_Default_Material/Functions/MF_ObjAdjustments.uasset" 2699
"D:/GitHub/CutyKiller/GAME FOLDER/Content/MSPresets/MSVTTextures/Placeholder_Normal.uasset" 2700
"D:/GitHub/CutyKiller/GAME FOLDER/Content/MSPresets/MSVTTextures/WhitePlaceholder.uasset" 2701
"D:/GitHub/CutyKiller/GAME FOLDER/Content/MSPresets/MSTextures/WhitePlaceholder.uasset" 2702
"D:/GitHub/CutyKiller/GAME FOLDER/Content/MSPresets/MSTextures/Placeholder.uasset" 2703
"D:/GitHub/CutyKiller/GAME FOLDER/Content/MSPresets/MSTextures/Placeholder_Normal.uasset" 2704
"D:/GitHub/CutyKiller/GAME FOLDER/Content/MSPresets/MSVTTextures/DefaultDiffuse.uasset" 2705
"D:/GitHub/CutyKiller/GAME FOLDER/Content/MSPresets/MSVTTextures/BlackPlaceholder.uasset" 2706
"D:/GitHub/CutyKiller/GAME FOLDER/Content/MSPresets/MSTextures/White.uasset" 2707
"D:/GitHub/CutyKiller/GAME FOLDER/Content/MSPresets/MSTextures/Black.uasset" 2708
"D:/GitHub/CutyKiller/GAME FOLDER/Content/MSPresets/MSTextures/FlatNormal.uasset" 2709
"D:/GitHub/CutyKiller/GAME FOLDER/Content/MSPresets/MSTextures/BlackPlaceholder.uasset" 2710
"D:/GitHub/CutyKiller/GAME FOLDER/Content/Megascans/Surfaces/Beach_Sand_vletdha/T_Beach_Sand_vletdha_2K_D.uasset" 2711
"D:/GitHub/CutyKiller/GAME FOLDER/Content/Megascans/Surfaces/Beach_Sand_vletdha/T_Beach_Sand_vletdha_2K_N.uasset" 2712
"D:/GitHub/CutyKiller/GAME FOLDER/Content/Materials/Rock_LayerInfo.uasset" 2713
"D:/GitHub/CutyKiller/GAME FOLDER/Content/Materials/Sand_LayerInfo.uasset" 2714
"D:/GitHub/CutyKiller/GAME FOLDER/Content/Materials/Sand_Layer_Info_Landscape2.uasset" 2715
"D:/GitHub/CutyKiller/GAME FOLDER/Content/Materials/WallHack.uasset" 2716
"D:/GitHub/CutyKiller/GAME FOLDER/Content/LPSDeluxe2TropicalEnvironment/LPSD2_Textures/T_WoodPlank_N.uasset" 2717
"D:/GitHub/CutyKiller/GAME FOLDER/Content/Materials/MatTranslu.uasset" 2718
"D:/GitHub/CutyKiller/GAME FOLDER/Content/Megascans/Surfaces/Beach_Sand_vletdha/T_BeachSand_vletdha_2K_ORDp.uasset" 2719
"D:/GitHub/CutyKiller/GAME FOLDER/Content/LPSDeluxe2TropicalEnvironment/LPSD2_Textures/T_JollyRoger.uasset" 2720
"D:/GitHub/CutyKiller/GAME FOLDER/Content/LPSDeluxe2TropicalEnvironment/LPSD2_Textures/T_WoodPlank.uasset" 2721
"D:/GitHub/CutyKiller/GAME FOLDER/Content/LPSDeluxe2TropicalEnvironment/LPSD2_Textures/T_CoinPile.uasset" 2722
"D:/GitHub/CutyKiller/GAME FOLDER/Content/LPSDeluxe2TropicalEnvironment/LPSD2_Textures/T_LPSNoise.uasset" 2723
"D:/GitHub/CutyKiller/GAME FOLDER/Content/LPSDeluxe2TropicalEnvironment/LPSD2_Textures/T_Waves.uasset" 2724
"D:/GitHub/CutyKiller/GAME FOLDER/Content/LPSDeluxe2TropicalEnvironment/LPSD2_Textures/T_LPSD2_Logo.uasset" 2725
"D:/GitHub/CutyKiller/GAME FOLDER/Content/__ExternalObjects__/Level/ThirdPersonMap2/D/OG/ZM9410U2JUEOVE4MIAY0AD.uasset" 2726
"D:/GitHub/CutyKiller/GAME FOLDER/Content/__ExternalObjects__/Level/ThirdPersonMap2/D/71/LJD1BS2LK4PDRNR6BPT2EX.uasset" 2727
"D:/GitHub/CutyKiller/GAME FOLDER/Content/LPSDeluxe2TropicalEnvironment/LPSD2_Textures/T_CoinPile_N.uasset" 2728
"C:/Users/b.lapeze/AppData/Local/UnrealEngine/Common/DerivedDataCache/Buckets/LegacyTEXTURE/ed/96/2dec4f40d75ebb33ffc84038ba3e32eb0ade.udd" 2729
"C:/Users/b.lapeze/AppData/Local/UnrealEngine/Common/DerivedDataCache/Buckets/LegacyTEXTURE/15/25/c66d1e1ee5afa71bd991cb2443ca9a536a20.udd" 2730
"C:/Users/b.lapeze/AppData/Local/UnrealEngine/Common/DerivedDataCache/Buckets/LegacyTEXTURE/3d/7a/c2e148313996639c4cf0a08a9a13584370e5.udd" 2731
"C:/Users/b.lapeze/AppData/Local/UnrealEngine/Common/DerivedDataCache/Buckets/LegacyTEXTURE/c3/f1/80d2d0f9afcd0bc31004511ff5028aaa425d.udd" 2732
"C:/Users/b.lapeze/AppData/Local/UnrealEngine/Common/DerivedDataCache/Buckets/LegacyTEXTURE/dd/df/285b52da829c4801b9c4b6f3a916e68dc464.udd" 2733
"C:/Users/b.lapeze/AppData/Local/UnrealEngine/Common/DerivedDataCache/Buckets/LegacyTEXTURE/15/26/e4072949c536cc50488600016609ce28b25f.udd" 2734
"C:/Users/b.lapeze/AppData/Local/UnrealEngine/Common/DerivedDataCache/Buckets/LegacyTEXTURE/52/67/e3d07dfaa0c38ed373a184f4e078643f318c.udd" 2735
"C:/Users/b.lapeze/AppData/Local/UnrealEngine/Common/DerivedDataCache/Buckets/LegacyTEXTURE/1f/c7/7e7605ed31501dd5fb1d3de5ef1b6ce67e50.udd" 2736
"C:/Users/b.lapeze/AppData/Local/UnrealEngine/Common/DerivedDataCache/Buckets/LegacyTEXTURE/21/20/3f4e40098d44994a996c3b791cde57d7766e.udd" 2737
"C:/Users/b.lapeze/AppData/Local/UnrealEngine/Common/DerivedDataCache/Buckets/LegacyTEXTURE/e8/92/8838fdd87741c16621a35d23d3dc782f910b.udd" 2738
"C:/Users/b.lapeze/AppData/Local/UnrealEngine/Common/DerivedDataCache/Buckets/LegacyTEXTURE/ed/e9/b1eeac9fa1d97f7bc8fdf4e2b85c97a6453a.udd" 2739
"C:/Users/b.lapeze/AppData/Local/UnrealEngine/Common/DerivedDataCache/Buckets/LegacyTEXTURE/1b/2e/ead94ea1f78ee819c752109a49c1381cd091.udd" 2740
"C:/Users/b.lapeze/AppData/Local/UnrealEngine/Common/DerivedDataCache/Buckets/LegacyTEXTURE/a7/fa/6fef41aa1f463d5adc4ae50ac0de4735c78c.udd" 2741
"C:/Users/b.lapeze/AppData/Local/UnrealEngine/Common/DerivedDataCache/Buckets/LegacyTEXTURE/ef/8a/f4a99670270b9339a9b978d860eddcbd4ba6.udd" 2742
"C:/Users/b.lapeze/AppData/Local/UnrealEngine/Common/DerivedDataCache/Buckets/LegacyTEXTURE/a9/2e/1fac99a3856504ca48555351455a21c76c78.udd" 2743
"C:/Users/b.lapeze/AppData/Local/UnrealEngine/Common/DerivedDataCache/Buckets/LegacyTEXTURE/d5/b8/c6ace84d87d0d131e4a8c6efe67428d6e4fa.udd" 2744
"C:/Users/b.lapeze/AppData/Local/UnrealEngine/Common/DerivedDataCache/Buckets/LegacyTEXTURE/8d/a0/920da7b4cbc5e2f62d881ad52d14ac7db52f.udd" 2745
"C:/Users/b.lapeze/AppData/Local/UnrealEngine/Common/DerivedDataCache/Buckets/LegacyTEXTURE/e7/f1/87d5f94bd9324fb871d7f17dab8bd6bf2da2.udd" 2746
"C:/Users/b.lapeze/AppData/Local/UnrealEngine/Common/DerivedDataCache/Content/d0/97/daa60a248ec65ec767f681936cf3e4e83eae.udd" 2747
"C:/Users/b.lapeze/AppData/Local/UnrealEngine/Common/DerivedDataCache/Content/12/b7/03f32551057bff534dd7d0086f7c0c5afe00.udd" 2748
"C:/Users/b.lapeze/AppData/Local/UnrealEngine/Common/DerivedDataCache/Content/08/77/0ad807b4d6bc8bfbbbf9037dd35269826cba.udd" 2749
"C:/Users/b.lapeze/AppData/Local/UnrealEngine/Common/DerivedDataCache/Buckets/LegacyTEXTURE/65/c3/a04ceb2a07f13d28c182dc0d14ef31bc44e6.udd" 2750
"C:/Users/b.lapeze/AppData/Local/UnrealEngine/Common/DerivedDataCache/Buckets/LegacyTEXTURE/19/7f/d62dce278c498e27c8e4a49659c7f1520969.udd" 2751
"C:/Users/b.lapeze/AppData/Local/UnrealEngine/Common/DerivedDataCache/Buckets/LegacyTEXTURE/82/9d/2009766a7ee0fcf8ce9e809b903bcaedc956.udd" 2752
"C:/Users/b.lapeze/AppData/Local/UnrealEngine/Common/DerivedDataCache/Buckets/LegacyTEXTURE/1e/6d/56b287d08a847ef8871094d28c4cb2c6d53c.udd" 2753
"C:/Users/b.lapeze/AppData/Local/UnrealEngine/Common/DerivedDataCache/Buckets/LegacyTEXTURE/3b/a6/12b52184687d82447090ab027c1ff049a61a.udd" 2754
"C:/Users/b.lapeze/AppData/Local/UnrealEngine/Common/DerivedDataCache/Buckets/LegacyTEXTURE/96/66/361059b1c46002c2b0bad9bf61197cc2699b.udd" 2755
"C:/Users/b.lapeze/AppData/Local/UnrealEngine/Common/DerivedDataCache/Buckets/LegacyMATSM/24/2b/1ae32613d07120cfe5dace1e9f1df8809682.udd" 2756
"D:/GitHub/CutyKiller/GAME FOLDER/Content/__ExternalObjects__/Level/ThirdPersonMap2/5/2H/IPJVVE2J18OUMC8T5VPSMB.uasset" 2757
"C:/Users/b.lapeze/AppData/Local/UnrealEngine/Common/DerivedDataCache/Buckets/LegacyTEXTURE/f7/e7/07eaea60c1da267b72d02b5369331155f842.udd" 2758
"C:/Users/b.lapeze/AppData/Local/UnrealEngine/Common/DerivedDataCache/Buckets/LegacyTEXTURE/b5/91/0c9f1425491a652ed561a719f8ac8e151939.udd" 2759
"C:/Users/b.lapeze/AppData/Local/UnrealEngine/Common/DerivedDataCache/Buckets/LegacyTEXTURE/66/2e/7ba5d9386abe51588c0903aff1b9ac10bdcd.udd" 2760
"C:/Users/b.lapeze/AppData/Local/UnrealEngine/Common/DerivedDataCache/Buckets/LegacyTEXTURE/36/31/b0e2bc5ea3f61c17e352cd2ddf7278448b4f.udd" 2761
"C:/Users/b.lapeze/AppData/Local/UnrealEngine/Common/DerivedDataCache/Buckets/LegacyTEXTURE/85/d6/ff79b0a4ee9b2191f29793a4ec9ccedd1109.udd" 2762
"C:/Users/b.lapeze/AppData/Local/UnrealEngine/Common/DerivedDataCache/Buckets/LegacyTEXTURE/d2/2f/bc4fdfbb1f65cdd0b2889b6ea9d713f2ff3f.udd" 2763
"D:/GitHub/CutyKiller/GAME FOLDER/Content/__ExternalObjects__/Level/ThirdPersonMap2/7/2O/5DFVM2A9KC3DYASGIQCPLF.uasset" 2764
"D:/GitHub/CutyKiller/GAME FOLDER/Content/__ExternalObjects__/Level/ThirdPersonMap/E/B3/P9IKRP6X0ML1W52N7TEN1H.uasset" 2765
"D:/GitHub/CutyKiller/GAME FOLDER/Content/__ExternalObjects__/Level/ThirdPersonMap2/7/0S/5C3I1BDFWR7HINO5F3K7H8.uasset" 2766
"D:/GitHub/CutyKiller/GAME FOLDER/Content/__ExternalObjects__/Level/ThirdPersonMap2/7/VP/5SRJE4FFT2PZPAZUJYH7TR.uasset" 2767
"D:/GitHub/CutyKiller/GAME FOLDER/Content/__ExternalObjects__/Level/ThirdPersonMap2/4/KM/4JBNZU6NCQQGYVSCTO9U7U.uasset" 2768
"C:/Users/b.lapeze/AppData/Local/UnrealEngine/Common/DerivedDataCache/Buckets/LegacyMATSM/65/37/c2bb126617e5b0e77e6f999edd5ec61f4908.udd" 2769
"C:/Users/b.lapeze/AppData/Local/UnrealEngine/Common/DerivedDataCache/Buckets/LegacyTEXTURE/5c/bf/eecb08edc1848e5eea4c798391926a2b962d.udd" 2770
"C:/Users/b.lapeze/AppData/Local/UnrealEngine/Common/DerivedDataCache/Buckets/LegacyTEXTURE/35/13/f429446243485d40fc7835771b2b8dfc43a4.udd" 2771
"C:/Users/b.lapeze/AppData/Local/UnrealEngine/Common/DerivedDataCache/Buckets/LegacyTEXTURE/95/bf/a271d948be2613313808d8aa0d47fd40d53e.udd" 2772
"C:/Users/b.lapeze/AppData/Local/UnrealEngine/Common/DerivedDataCache/Buckets/LegacyTEXTURE/38/51/b958f3df7592fbadfa5d6afabe3fa9d8e74a.udd" 2773
"C:/Users/b.lapeze/AppData/Local/UnrealEngine/Common/DerivedDataCache/Buckets/LegacyTEXTURE/b3/e4/ac226ca5000f3c21a93a54666b4f0873daff.udd" 2774
"C:/Users/b.lapeze/AppData/Local/UnrealEngine/Common/DerivedDataCache/Content/06/03/729929528c9cfc9dfe6370967d0a60cf6f2b.udd" 2775
"D:/GitHub/CutyKiller/GAME FOLDER/Content/__ExternalObjects__/Level/ThirdPersonMap/7/8H/NJLYYMWJYUV8A2XW2QWWQ3.uasset" 2776
"D:/GitHub/CutyKiller/GAME FOLDER/Content/__ExternalObjects__/Level/MapSolo/D/B5/3HG6H0IJDDWBUG9KFFSXVB.uasset" 2777
"D:/GitHub/CutyKiller/GAME FOLDER/Content/__ExternalObjects__/Level/ThirdPersonMap/9/VZ/N5E29QKRI53LR6L7Q1Z8CJ.uasset" 2778
"C:/Users/b.lapeze/AppData/Local/UnrealEngine/Common/DerivedDataCache/Buckets/LegacyTEXTURE/51/c3/e97d5a3734210128890b2732ff47e1791125.udd" 2779
"D:/GitHub/CutyKiller/GAME FOLDER/Content/__ExternalObjects__/Level/MapSolo/C/WR/JSZ2CA64DVJDDAHLMVET90.uasset" 2780
"D:/GitHub/CutyKiller/GAME FOLDER/Content/__ExternalObjects__/Level/ThirdPersonMap/0/7D/KCZM8ULYUKPGPKZSZAGR67.uasset" 2781
"D:/GitHub/CutyKiller/GAME FOLDER/Content/__ExternalObjects__/Level/ThirdPersonMap/8/5G/B1ERWWUD605RIY89EG0Z51.uasset" 2782
"D:/GitHub/CutyKiller/GAME FOLDER/Content/__ExternalObjects__/Level/ThirdPersonMap/9/OZ/QXBE14C5BA78ZGV7N6078K.uasset" 2783
"D:/GitHub/CutyKiller/GAME FOLDER/Content/__ExternalObjects__/Level/ThirdPersonMap/2/YB/QXR209P9PFNVB2IDHB4B3L.uasset" 2784
"C:/Users/b.lapeze/AppData/Local/UnrealEngine/Common/DerivedDataCache/Buckets/LegacyTEXTURE/f9/8d/a9a7cbfecfd7fa0d7fdf912c3a4eddaa4ea0.udd" 2785
"C:/Users/b.lapeze/AppData/Local/UnrealEngine/Common/DerivedDataCache/Buckets/LegacyTEXTURE/fd/2d/cef1579320a0bfb05f8f16c53161416baf65.udd" 2786
"C:/Users/b.lapeze/AppData/Local/UnrealEngine/Common/DerivedDataCache/Buckets/LegacyTEXTURE/cd/57/051dcba6abf52d162f6d752509570d361ea3.udd" 2787
"C:/Users/b.lapeze/AppData/Local/UnrealEngine/Common/DerivedDataCache/Buckets/LegacyTEXTURE/3b/30/8b29189a6a511a8fc935d92241cc6e8e91ab.udd" 2788
"C:/Users/b.lapeze/AppData/Local/UnrealEngine/Common/DerivedDataCache/Buckets/LegacyTEXTURE/1b/ff/acfb1909fcde1ccdfe7f59ba7cd89f2efc36.udd" 2789
"C:/Users/b.lapeze/AppData/Local/UnrealEngine/Common/DerivedDataCache/Buckets/LegacyTEXTURE/50/cb/4f59ab796bf1d240b4bfdf90741860eb1427.udd" 2790
"C:/Users/b.lapeze/AppData/Local/UnrealEngine/Common/DerivedDataCache/Buckets/LegacyTEXTURE/87/9f/83d07cd641bf4c0d7cb0515480d0933d43da.udd" 2791
"C:/Users/b.lapeze/AppData/Local/UnrealEngine/Common/DerivedDataCache/Buckets/LegacyTEXTURE/e1/ca/d89fca4de9849adf575575c1d4c5c1fb012f.udd" 2792
"C:/Users/b.lapeze/AppData/Local/UnrealEngine/Common/DerivedDataCache/Buckets/LegacyTEXTURE/05/97/4c70c719ae1ef90038c2e5cad811234b3868.udd" 2793
"C:/Users/b.lapeze/AppData/Local/UnrealEngine/Common/DerivedDataCache/Buckets/LegacyTEXTURE/47/16/14cdaa8aa0123f7a5b5d205364abdbcbd1e5.udd" 2794
"C:/Users/b.lapeze/AppData/Local/UnrealEngine/Common/DerivedDataCache/Buckets/LegacyTEXTURE/0e/56/0bd9a78c29f61e1c0ef81f51fb55ec00ca4f.udd" 2795
"C:/Users/b.lapeze/AppData/Local/UnrealEngine/Common/DerivedDataCache/Buckets/LegacyTEXTURE/32/8f/d917e7bfc65380d906923de1d778b3201940.udd" 2796
"C:/Users/b.lapeze/AppData/Local/UnrealEngine/Common/DerivedDataCache/Buckets/LegacyTEXTURE/f9/2c/8dedee91c7691160b39d6869b3291bb173e3.udd" 2797
"C:/Users/b.lapeze/AppData/Local/UnrealEngine/Common/DerivedDataCache/Content/f1/df/765a46b2fb31bbd9fc53cea76f1fd3fba29c.udd" 2798
"C:/Users/b.lapeze/AppData/Local/UnrealEngine/Common/DerivedDataCache/Buckets/LegacyTEXTURE/14/e3/87b1fb9e9b203d29a1478111551316c0bfc8.udd" 2799
"C:/Users/b.lapeze/AppData/Local/UnrealEngine/Common/DerivedDataCache/Buckets/LegacyTEXTURE/5f/c4/5ca6cb81c3886b9ec0eff036220d14d790a2.udd" 2800
"C:/Users/b.lapeze/AppData/Local/UnrealEngine/Common/DerivedDataCache/Buckets/LegacyTEXTURE/2f/83/9db892d4de53fa3a30b37c99e12c58c8c80c.udd" 2801
"C:/Users/b.lapeze/AppData/Local/UnrealEngine/Common/DerivedDataCache/Buckets/LegacyTEXTURE/dc/7e/61832dcb8ddd39aed0a7523bf7b37f2db435.udd" 2802
"C:/Users/b.lapeze/AppData/Local/UnrealEngine/Common/DerivedDataCache/Buckets/LegacyTEXTURE/ff/47/c58a6551ac6d45b917b0dd7122309e6206ee.udd" 2803
"C:/Users/b.lapeze/AppData/Local/UnrealEngine/Common/DerivedDataCache/Buckets/LegacyTEXTURE/d9/18/f9ee5d526fa7a7d00230c3f0dc10b21f99bf.udd" 2804
"C:/Users/b.lapeze/AppData/Local/UnrealEngine/Common/DerivedDataCache/Buckets/LegacyTEXTURE/86/9a/de1326bdd51707c5a184d2ce9afe8055b51c.udd" 2805
"C:/Users/b.lapeze/AppData/Local/UnrealEngine/Common/DerivedDataCache/Buckets/LegacyTEXTURE/6c/7b/ab47c14cb8719e5cb1b7acc8505214ceea8c.udd" 2806
"C:/Users/b.lapeze/AppData/Local/UnrealEngine/Common/DerivedDataCache/Buckets/LegacyTEXTURE/ad/21/61739c10b7630a8e6c52532730b7708f832a.udd" 2807
"C:/Users/b.lapeze/AppData/Local/UnrealEngine/Common/DerivedDataCache/Buckets/LegacyTEXTURE/df/73/210a18a99ecc07641d3f9d7169940b6c1af6.udd" 2808
"C:/Users/b.lapeze/AppData/Local/UnrealEngine/Common/DerivedDataCache/Buckets/LegacyTEXTURE/91/b4/f70b0d815ea3f5fcdeadb7be7b6a99562a22.udd" 2809
"C:/Users/b.lapeze/AppData/Local/UnrealEngine/Common/DerivedDataCache/Buckets/LegacyTEXTURE/47/37/3d51a189d6d1287ba75ab69ab56cacf08007.udd" 2810
"C:/Users/b.lapeze/AppData/Local/UnrealEngine/Common/DerivedDataCache/Buckets/LegacyTEXTURE/a8/37/fab3e859690a77d9093397c5fd6859db8349.udd" 2811
"C:/Users/b.lapeze/AppData/Local/UnrealEngine/Common/DerivedDataCache/Buckets/LegacyTEXTURE/e5/52/d8fedc2c2a25f332dfe7404768df65dc0fa1.udd" 2812
"C:/Users/b.lapeze/AppData/Local/UnrealEngine/Common/DerivedDataCache/Buckets/LegacyTEXTURE/1c/a3/216e12c2e9c185b5380fff0fb700857c52d2.udd" 2813
"C:/Users/b.lapeze/AppData/Local/UnrealEngine/Common/DerivedDataCache/Buckets/LegacyTEXTURE/ae/77/259a4302aa3c9848d7f9535b17aded77c5dd.udd" 2814
"C:/Users/b.lapeze/AppData/Local/UnrealEngine/Common/DerivedDataCache/Buckets/LegacyTEXTURE/d7/25/311ecb9c2426541b86d8b0554049f1983491.udd" 2815
"C:/Users/b.lapeze/AppData/Local/UnrealEngine/Common/DerivedDataCache/Buckets/LegacyTEXTURE/7d/57/ec981bada191487a93f6e6f45dffa59ae7a4.udd" 2816
"C:/Users/b.lapeze/AppData/Local/UnrealEngine/Common/DerivedDataCache/Buckets/LegacyTEXTURE/8d/f7/929056d8edce311db09a5061da46e4109d53.udd" 2817
"C:/Users/b.lapeze/AppData/Local/UnrealEngine/Common/DerivedDataCache/Buckets/LegacyTEXTURE/5c/ea/98d2016a1c9c97de7beddeacff0c47562948.udd" 2818
"C:/Users/b.lapeze/AppData/Local/UnrealEngine/Common/DerivedDataCache/Buckets/LegacyTEXTURE/48/30/64603a60a13177ed38fe7acc69b1f354affe.udd" 2819
"C:/Users/b.lapeze/AppData/Local/UnrealEngine/Common/DerivedDataCache/Buckets/LegacyTEXTURE/7d/5d/7c0a319565923efb5d00447d57845cd21134.udd" 2820
"C:/Users/b.lapeze/AppData/Local/UnrealEngine/Common/DerivedDataCache/Buckets/LegacyTEXTURE/a7/32/f5a11e765970c812ded6e4aed35ea3a5b9bb.udd" 2821
"C:/Users/b.lapeze/AppData/Local/UnrealEngine/Common/DerivedDataCache/Buckets/LegacyTEXTURE/d5/a5/cb2320f409d5c503b247cbfcfc777e70b13f.udd" 2822
"C:/Users/b.lapeze/AppData/Local/UnrealEngine/Common/DerivedDataCache/Buckets/LegacyTEXTURE/3a/91/a218645bef18a180cbb0d40bd831a2a2fc95.udd" 2823
"C:/Users/b.lapeze/AppData/Local/UnrealEngine/Common/DerivedDataCache/Buckets/LegacyTEXTURE/74/d2/04011adf5ecc367a538188f5198b5bc6a86b.udd" 2824
"C:/Users/b.lapeze/AppData/Local/UnrealEngine/Common/DerivedDataCache/Buckets/LegacyTEXTURE/35/ca/bc14d1d4ca02ded45f4d37b7a3567adff2b9.udd" 2825
"C:/Users/b.lapeze/AppData/Local/UnrealEngine/Common/DerivedDataCache/Buckets/LegacyTEXTURE/1f/00/aef6d662faa96013cbf6c0541793e047f92f.udd" 2826
"C:/Users/b.lapeze/AppData/Local/UnrealEngine/Common/DerivedDataCache/Buckets/LegacyTEXTURE/06/00/9d068586ae0e38bba0aa67454bd06d98f332.udd" 2827
"C:/Users/b.lapeze/AppData/Local/UnrealEngine/Common/DerivedDataCache/Buckets/LegacyTEXTURE/1f/97/a09e5922355ae5d65d416d64b86aad5e5f2f.udd" 2828
"../../../../../../GitHub/CutyKiller/GAME FOLDER/Content/Level/ThirdPersonMap2.umap" 2829
"../../../../../../GitHub/CutyKiller/GAME FOLDER/Content/Blueprints/TTTTTTTTTTTTTTTTTTTTTTTTT.uasset" 2830
"../../../../../../GitHub/CutyKiller/GAME FOLDER/Content/Blueprints/GameModeMulti.uasset" 2831
"../../../../../../GitHub/CutyKiller/GAME FOLDER/Content/Blueprints/Multiplayer/GameModeMulti.uasset" 2832
"../../../Engine/Content/EditorBlueprintResources/ActorMacros.uasset" 2833
"../../../Engine/Content/EditorBlueprintResources/StandardMacros.uasset" 2834
"../../../../../../GitHub/CutyKiller/GAME FOLDER/Content/Blueprints/MapPlayerControllerBP.uasset" 2835
"../../../../../../GitHub/CutyKiller/GAME FOLDER/Content/Blueprints/Multiplayer/OnlineGameInstance.uasset" 2836
"../../../../../../GitHub/CutyKiller/GAME FOLDER/Content/Blueprints/TEST_Character/Player.uasset" 2837
"../../../../../../GitHub/CutyKiller/GAME FOLDER/Content/Blueprints/TEST_Character/PlayerAnim.uasset" 2838
"../../../../../../GitHub/CutyKiller/GAME FOLDER/Content/Animation/Dying_Backwards.uasset" 2839
"../../../Engine/Content/Animation/DefaultAnimBoneCompressionSettings.uasset" 2840
"../../../Engine/Content/Animation/DefaultAnimCurveCompressionSettings.uasset" 2841
"../../../../../../GitHub/CutyKiller/GAME FOLDER/Content/DONT_USE/Characters/Mixamo_Skeleton.uasset" 2842
"../../../../../../GitHub/CutyKiller/GAME FOLDER/Content/Animation/Idle_1_.uasset" 2843
"../../../../../../GitHub/CutyKiller/GAME FOLDER/Content/Animation/melee_attack1.uasset" 2844
"../../../../../../GitHub/CutyKiller/GAME FOLDER/Content/Animation/Notify/NotifyMeleeAttack.uasset" 2845
"../../../../../../GitHub/CutyKiller/GAME FOLDER/Content/Blueprints/Managers/QuestManager.uasset" 2846
"../../../../../../GitHub/CutyKiller/GAME FOLDER/Content/Blueprints/TriggerQuest.uasset" 2847
"../../../../../../GitHub/CutyKiller/GAME FOLDER/Content/Blueprints/Managers/SceneManager.uasset" 2848
"../../../../../../GitHub/CutyKiller/GAME FOLDER/Content/Blueprints/WeaponBP.uasset" 2849
"../../../../../../GitHub/CutyKiller/GAME FOLDER/Content/Widget/EquipWidget.uasset" 2850
"../../../../../../GitHub/CutyKiller/GAME FOLDER/Content/Blueprints/Multiplayer/GameStateMulti.uasset" 2851
"../../../../../../GitHub/CutyKiller/GAME FOLDER/Content/Widget/ShowRolesWidget.uasset" 2852
"../../../../../../GitHub/CutyKiller/GAME FOLDER/Content/StarterContent/Shapes/Shape_Plane.uasset" 2853
"../../../../../../GitHub/CutyKiller/GAME FOLDER/Content/StarterContent/Materials/M_Basic_Wall.uasset" 2854
"../../../../../../GitHub/CutyKiller/GAME FOLDER/Content/Widget/InGameWidget.uasset" 2855
"../../../../../../GitHub/CutyKiller/GAME FOLDER/Content/Widget/ErrorWidget.uasset" 2856
"../../../../../../GitHub/CutyKiller/GAME FOLDER/Content/Widget/PowerImg.uasset" 2857
"../../../../../../GitHub/CutyKiller/GAME FOLDER/Content/Animation/Running_1_.uasset" 2858
"../../../../../../GitHub/CutyKiller/GAME FOLDER/Content/DONT_USE/Characters/Mixamo_Skeletal.uasset" 2859
"../../../../../../GitHub/CutyKiller/GAME FOLDER/Content/DONT_USE/Characters/Mannequins/Materials/M_Mannequin.uasset" 2860
"../../../../../../GitHub/CutyKiller/GAME FOLDER/Content/DONT_USE/Characters/Mannequins/Materials/Functions/MF_Diffraction.uasset" 2861
"../../../../../../GitHub/CutyKiller/GAME FOLDER/Content/DONT_USE/Characters/Mannequins/Materials/Functions/ChromaticCurve.uasset" 2862
"../../../../../../GitHub/CutyKiller/GAME FOLDER/Content/DONT_USE/Characters/Mannequins/Materials/Functions/CA_Mannequin.uasset" 2863
"../../../../../../GitHub/CutyKiller/GAME FOLDER/Content/DONT_USE/Characters/Mannequins/Materials/Functions/MF_logo3layers.uasset" 2864
"../../../Engine/Content/Functions/Engine_MaterialFunctions01/Texturing/ScaleUVsByCenter.uasset" 2865
"../../../../../../GitHub/CutyKiller/GAME FOLDER/Content/DONT_USE/Characters/Mannequins/Textures/Shared/T_UE_Logo_M.uasset" 2866
"../../../../../../GitHub/CutyKiller/GAME FOLDER/Content/DONT_USE/Characters/Mannequins/Materials/Functions/ML_BaseColorFallOff.uasset" 2867
"../../../../../../GitHub/CutyKiller/GAME FOLDER/Content/DONT_USE/Characters/Mannequins/Textures/Manny/T_Manny_01_ASAOPMASK_MSK.uasset" 2868
"../../../../../../GitHub/CutyKiller/GAME FOLDER/Content/DONT_USE/Characters/Mannequins/Textures/Manny/T_Manny_01_BN.uasset" 2869
"../../../../../../GitHub/CutyKiller/GAME FOLDER/Content/DONT_USE/Characters/Mannequins/Textures/Manny/T_Manny_01_CCRCCPlastic_MSK.uasset" 2870
"../../../../../../GitHub/CutyKiller/GAME FOLDER/Content/DONT_USE/Characters/Mannequins/Textures/Manny/T_Manny_01_D.uasset" 2871
"../../../../../../GitHub/CutyKiller/GAME FOLDER/Content/DONT_USE/Characters/Mannequins/Textures/Manny/T_Manny_01_MSR_MSK.uasset" 2872
"../../../../../../GitHub/CutyKiller/GAME FOLDER/Content/DONT_USE/Characters/Mannequins/Textures/Manny/T_Manny_01_N.uasset" 2873
"../../../../../../GitHub/CutyKiller/GAME FOLDER/Content/DONT_USE/Characters/Mannequins/Textures/Manny/T_Manny_01_Tan.uasset" 2874
"../../../../../../GitHub/CutyKiller/GAME FOLDER/Content/DONT_USE/Characters/Mannequins/Materials/Instances/Quinn/MI_Quinn_02.uasset" 2875
"../../../../../../GitHub/CutyKiller/GAME FOLDER/Content/DONT_USE/Characters/Mannequins/Materials/Instances/Quinn/MI_Quinn_01.uasset" 2876
"../../../../../../GitHub/CutyKiller/GAME FOLDER/Content/DONT_USE/Characters/Mannequins/Textures/Quinn/T_Quinn_01_ASAOMASK_MSK.uasset" 2877
"../../../../../../GitHub/CutyKiller/GAME FOLDER/Content/DONT_USE/Characters/Mannequins/Textures/Quinn/T_Quinn_01_CCRCCPlastic_MSK.uasset" 2878
"../../../../../../GitHub/CutyKiller/GAME FOLDER/Content/DONT_USE/Characters/Mannequins/Textures/Quinn/T_Quinn_01ID_BN.uasset" 2879
"../../../../../../GitHub/CutyKiller/GAME FOLDER/Content/DONT_USE/Characters/Mannequins/Textures/Quinn/T_Quinn_01ID_D.uasset" 2880
"../../../../../../GitHub/CutyKiller/GAME FOLDER/Content/DONT_USE/Characters/Mannequins/Textures/Quinn/T_Quinn_01ID_MSR_MSK.uasset" 2881
"../../../../../../GitHub/CutyKiller/GAME FOLDER/Content/DONT_USE/Characters/Mannequins/Textures/Quinn/T_Quinn_01ID_N.uasset" 2882
"../../../../../../GitHub/CutyKiller/GAME FOLDER/Content/DONT_USE/Characters/Mannequins/Textures/Quinn/T_Quinn_01ID_Tan.uasset" 2883
"../../../../../../GitHub/CutyKiller/GAME FOLDER/Content/DONT_USE/Characters/Mannequins/Textures/Quinn/T_Quinn_02_ASAOMASK_MSK.uasset" 2884
"../../../../../../GitHub/CutyKiller/GAME FOLDER/Content/DONT_USE/Characters/Mannequins/Textures/Quinn/T_Quinn_02_CCRCCPlastic_MSK.uasset" 2885
"../../../../../../GitHub/CutyKiller/GAME FOLDER/Content/DONT_USE/Characters/Mannequins/Textures/Quinn/T_Quinn_02ID_BN.uasset" 2886
"../../../../../../GitHub/CutyKiller/GAME FOLDER/Content/DONT_USE/Characters/Mannequins/Textures/Quinn/T_Quinn_02ID_D.uasset" 2887
"../../../../../../GitHub/CutyKiller/GAME FOLDER/Content/DONT_USE/Characters/Mannequins/Textures/Quinn/T_Quinn_02ID_MSR_MSK.uasset" 2888
"../../../../../../GitHub/CutyKiller/GAME FOLDER/Content/DONT_USE/Characters/Mannequins/Textures/Quinn/T_Quinn_02ID_N.uasset" 2889
"../../../../../../GitHub/CutyKiller/GAME FOLDER/Content/DONT_USE/Characters/Mannequins/Textures/Quinn/T_Quinn_02ID_Tan.uasset" 2890
"../../../../../../GitHub/CutyKiller/GAME FOLDER/Content/DONT_USE/Characters/Standing_Melee_Attack_360_Low_PhysicsAsset.uasset" 2891
"../../../../../../GitHub/CutyKiller/GAME FOLDER/Content/Blueprints/SpawnerManager.uasset" 2892
"../../../../../../GitHub/CutyKiller/GAME FOLDER/Content/Widget/PlayerListWidget.uasset" 2893
"../../../../../../GitHub/CutyKiller/GAME FOLDER/Content/Widget/PlayerListSlot.uasset" 2894
"../../../Engine/Content/Maps/Templates/HLODs/HLODLayer_Instanced.uasset" 2895
"../../../../../../GitHub/CutyKiller/GAME FOLDER/Content/__ExternalActors__/Level/ThirdPersonMap2/C/CC/8JFN9KSSGC2PR403I2RSCP.uasset" 2896
"C:/Users/b.lapeze/AppData/Local/UnrealEngine/Common/DerivedDataCache/Buckets/LegacyAnimSeq/84/55/aef5ae20011d7b15d2fb51433b2b116748ce.udd" 2897
"C:/Users/b.lapeze/AppData/Local/UnrealEngine/Common/DerivedDataCache/Buckets/LegacyAnimSeq/14/aa/d2b0d22365b82e2dd62e7d84fd2b40fbca0e.udd" 2898
"C:/Users/b.lapeze/AppData/Local/UnrealEngine/Common/DerivedDataCache/Buckets/LegacyAnimSeq/02/16/3accca902355eb51e56bf934a15cf86a6ee1.udd" 2899
"C:/Users/b.lapeze/AppData/Local/UnrealEngine/Common/DerivedDataCache/Buckets/LegacyDIST/85/f8/64a079b41138566e0412129c0c78548bd9a9.udd" 2900
"C:/Users/b.lapeze/AppData/Local/UnrealEngine/Common/DerivedDataCache/Buckets/LegacyCARD/26/97/61a480c0a2b6d02f0e8466180d6906bcd8d9.udd" 2901
"C:/Users/b.lapeze/AppData/Local/UnrealEngine/Common/DerivedDataCache/Buckets/LegacyAnimSeq/ee/47/6323fc243a77f765b9a16c9114a6d29e2a53.udd" 2902
"C:/Users/b.lapeze/AppData/Local/UnrealEngine/Common/DerivedDataCache/Buckets/LegacySKELETALMESH/c4/ac/5c2f48f92eb22e84290c051bfeb2ccd315fc.udd" 2903
"C:/Users/b.lapeze/AppData/Local/UnrealEngine/Common/DerivedDataCache/Content/1b/e8/af59162aa9ebb42dd8a37b22df5e40b8d3dc.udd" 2904
"D:/GitHub/CutyKiller/GAME FOLDER/Content/__ExternalObjects__/Level/MapSolo/8/ZP/BG6ZF7I8EOJ64J0XKOX923.uasset" 2905
"D:/GitHub/CutyKiller/GAME FOLDER/Content/__ExternalObjects__/Level/MapSolo/5/K1/BVRCW0IQWF07BAO7LEZOUR.uasset" 2906
"D:/GitHub/CutyKiller/GAME FOLDER/Content/__ExternalObjects__/Level/MapSolo/9/YU/J3PK8ZN0O5H5WIN2CX29QD.uasset" 2907
"D:/GitHub/CutyKiller/GAME FOLDER/Content/__ExternalObjects__/Level/MapSolo/5/TA/1EJLWPIUM3MX60XW1VXLVE.uasset" 2908
"D:/GitHub/CutyKiller/GAME FOLDER/Content/__ExternalObjects__/Level/MapSolo/3/UU/EWXIJYGTLVZFOXIR8ZLBPS.uasset" 2909
"D:/GitHub/CutyKiller/GAME FOLDER/Content/__ExternalObjects__/Level/MapSolo/0/GN/61G0A240M8TV7RVZUUCUFD.uasset" 2910
"D:/GitHub/CutyKiller/GAME FOLDER/Content/__ExternalObjects__/Level/MapMulti/D/VQ/EKD4UY3MF4U1MXKGTEV3HM.uasset" 2911
"../../../../../../GitHub/CutyKiller/GAME FOLDER/Content/Level/ThirdPersonMap.umap" 2912
"../../../../../../GitHub/CutyKiller/GAME FOLDER/Content/Level/MapSolo.umap" 2913
"../../../../../../GitHub/CutyKiller/GAME FOLDER/Content/Blueprints/TEST.uasset" 2914
"../../../../../../GitHub/CutyKiller/GAME FOLDER/Content/ThirdPerson/Blueprints/BP_ThirdPersonCharacter.uasset" 2915
"../../../../../../GitHub/CutyKiller/GAME FOLDER/Content/DONT_USE/Characters/Mannequins/Animations/ABP_Quinn.uasset" 2916
"../../../../../../GitHub/CutyKiller/GAME FOLDER/Content/DONT_USE/Characters/Mannequins/Animations/ABP_Manny.uasset" 2917
"../../../../../../GitHub/CutyKiller/GAME FOLDER/Content/DONT_USE/Characters/Mannequins/Animations/Manny/MM_Fall_Loop.uasset" 2918
"../../../../../../GitHub/CutyKiller/GAME FOLDER/Content/DONT_USE/Characters/Mannequins/Meshes/SK_Mannequin.uasset" 2919
"../../../../../../GitHub/CutyKiller/GAME FOLDER/Content/DONT_USE/Characters/Mannequins/Animations/Manny/MM_Idle.uasset" 2920
"../../../../../../GitHub/CutyKiller/GAME FOLDER/Content/DONT_USE/Characters/Mannequins/Animations/Manny/MM_Jump.uasset" 2921
"../../../../../../GitHub/CutyKiller/GAME FOLDER/Content/DONT_USE/Characters/Mannequins/Animations/Manny/MM_Land.uasset" 2922
"../../../../../../GitHub/CutyKiller/GAME FOLDER/Content/DONT_USE/Characters/Mannequins/Animations/Manny/BS_MM_WalkRun.uasset" 2923
"../../../../../../GitHub/CutyKiller/GAME FOLDER/Content/DONT_USE/Characters/Mannequins/Animations/Manny/MM_Run_Fwd.uasset" 2924
"../../../../../../GitHub/CutyKiller/GAME FOLDER/Content/DONT_USE/Characters/Mannequins/Animations/Manny/MM_Walk_Fwd.uasset" 2925
"../../../../../../GitHub/CutyKiller/GAME FOLDER/Content/DONT_USE/Characters/Mannequins/Animations/Manny/MM_Walk_InPlace.uasset" 2926
"../../../Engine/Content/Animation/DefaultRecorderBoneCompression.uasset" 2927
"../../../../../../GitHub/CutyKiller/GAME FOLDER/Content/DONT_USE/Characters/Mannequins/Rigs/CR_Mannequin_BasicFootIK.uasset" 2928
"../../Plugins/Animation/ControlRig/Content/Controls/DefaultGizmoLibrary.uasset" 2929
"../../../../../../GitHub/CutyKiller/GAME FOLDER/Content/Characters/Mannequins/Rigs/CR_Mannequin_BasicFootIK.uasset" 2930
"../../../../../../GitHub/CutyKiller/GAME FOLDER/Content/DONT_USE/Characters/Mannequins/Animations/Quinn/MF_Idle.uasset" 2931
"../../../../../../GitHub/CutyKiller/GAME FOLDER/Content/DONT_USE/Characters/Mannequins/Animations/Quinn/BS_MF_Unarmed_WalkRun.uasset" 2932
"../../../../../../GitHub/CutyKiller/GAME FOLDER/Content/DONT_USE/Characters/Mannequins/Animations/Quinn/MF_Run_Fwd.uasset" 2933
"../../../../../../GitHub/CutyKiller/GAME FOLDER/Content/DONT_USE/Characters/Mannequins/Animations/Quinn/MF_Walk_Fwd.uasset" 2934
"../../../../../../GitHub/CutyKiller/GAME FOLDER/Content/LevelPrototyping/Materials/MI_Solid_Blue.uasset" 2935
"../../../../../../GitHub/CutyKiller/GAME FOLDER/Content/LevelPrototyping/Materials/M_Solid.uasset" 2936
"../../../../../../GitHub/CutyKiller/GAME FOLDER/Content/DONT_USE/Characters/Mannequins/Meshes/SKM_Quinn_Simple.uasset" 2937
"../../../../../../GitHub/CutyKiller/GAME FOLDER/Content/DONT_USE/Characters/Mannequins/Rigs/PA_Mannequin.uasset" 2938
"../../../../../../GitHub/CutyKiller/GAME FOLDER/Content/Meshes/Cylinder_spline_path.uasset" 2939
"../../../../../../GitHub/CutyKiller/GAME FOLDER/Content/__ExternalActors__/Level/MapSolo/8/RO/OKJU1SH957YFQ7T5HO1A7Q.uasset" 2940
"C:/Users/b.lapeze/AppData/Local/UnrealEngine/Common/DerivedDataCache/Buckets/LegacyAnimSeq/96/16/ceb7c5f4123453c52818ac25ee302ec22338.udd" 2941
"C:/Users/b.lapeze/AppData/Local/UnrealEngine/Common/DerivedDataCache/Buckets/LegacyAnimSeq/16/01/0d0c1d4470ee3cae21e0a513c0a9093ca40d.udd" 2942
"C:/Users/b.lapeze/AppData/Local/UnrealEngine/Common/DerivedDataCache/Buckets/LegacyAnimSeq/bf/c1/71c3d263c38bf6465f50de054a9961b2f314.udd" 2943
"C:/Users/b.lapeze/AppData/Local/UnrealEngine/Common/DerivedDataCache/Buckets/LegacyAnimSeq/ac/6a/37e2acef263f4d1c3829469c6d0b2140f4c4.udd" 2944
"C:/Users/b.lapeze/AppData/Local/UnrealEngine/Common/DerivedDataCache/Buckets/LegacyAnimSeq/cc/61/3beebea9a6f8d87e128f89d640fc84e294b2.udd" 2945
"C:/Users/b.lapeze/AppData/Local/UnrealEngine/Common/DerivedDataCache/Buckets/LegacyAnimSeq/fa/a2/857716276ce1658533e9bafa8f7779c56a00.udd" 2946
"C:/Users/b.lapeze/AppData/Local/UnrealEngine/Common/DerivedDataCache/Buckets/LegacyAnimSeq/5c/90/1d8e6d74a91327e0cd78b4cb2e5bfd8c98d7.udd" 2947
"C:/Users/b.lapeze/AppData/Local/UnrealEngine/Common/DerivedDataCache/Buckets/LegacyAnimSeq/26/fa/a92b364e2e872ea647a7c4ec35fca11843c7.udd" 2948
"C:/Users/b.lapeze/AppData/Local/UnrealEngine/Common/DerivedDataCache/Buckets/LegacyAnimSeq/e9/66/df425c5bd36b49c64647fec1052486025a4e.udd" 2949
"C:/Users/b.lapeze/AppData/Local/UnrealEngine/Common/DerivedDataCache/Buckets/LegacyAnimSeq/6f/36/8310ae4bf0daa511cf99173084f489fef8f6.udd" 2950
"C:/Users/b.lapeze/AppData/Local/UnrealEngine/Common/DerivedDataCache/Buckets/StaticMesh/36/23/0113eb2762c9b7856abf217b587e62695794.udd" 2951
"C:/Users/b.lapeze/AppData/Local/UnrealEngine/Common/DerivedDataCache/Buckets/LegacyDIST/5a/93/b750b6aa5e090adf916aae3e7a49c97916f9.udd" 2952
"C:/Users/b.lapeze/AppData/Local/UnrealEngine/Common/DerivedDataCache/Buckets/LegacyCARD/85/d9/63247a82bcc8bcf35f5f54fc0fab3a7bbf38.udd" 2953
"C:/Users/b.lapeze/AppData/Local/UnrealEngine/Common/DerivedDataCache/Buckets/LegacyChaosGeometryData/78/f7/c33ce2abf0d40f5d993f20e3f4b7b3e7802a.udd" 2954
"D:/GitHub/CutyKiller/GAME FOLDER/Content/__ExternalObjects__/Level/MapMulti/C/06/B0IIMU9SJJKZSISKYK91LO.uasset" 2955
"C:/Users/b.lapeze/AppData/Local/UnrealEngine/Common/DerivedDataCache/Buckets/LegacyNavCollision/7c/ab/167c4be3c685ba7d74b6a2e5bb321af91758.udd" 2956
"D:/GitHub/CutyKiller/GAME FOLDER/Content/__ExternalObjects__/Level/MapMulti/8/67/DWITMNMB31N2A9DBBGEZ63.uasset" 2957
"D:/GitHub/CutyKiller/GAME FOLDER/Content/__ExternalObjects__/Level/MapMulti/9/L9/OHB26FK4YB3IP3W96S6NTQ.uasset" 2958
"D:/GitHub/CutyKiller/GAME FOLDER/Content/__ExternalObjects__/Level/MapMulti/7/8U/1Z7IZ0QS6STM3J83R8XP5T.uasset" 2959
"../../../../../../GitHub/CutyKiller/GAME FOLDER/Content/Level/MapMulti.umap" 2960
"D:/GitHub/CutyKiller/GAME FOLDER/Content/__ExternalObjects__/Level/MapMulti/2/TT/RKOLFW134KR0V76PUP4SW2.uasset" 2961
"D:/GitHub/CutyKiller/GAME FOLDER/Content/__ExternalObjects__/Level/MapMulti/5/F3/FJN24LLUHNXY560MWZK0EC.uasset" 2962
"D:/GitHub/CutyKiller/GAME FOLDER/Content/__ExternalObjects__/Level/Lobby/A/OD/H8HYY9TTQCB13UI47TFS1R.uasset" 2963
"D:/GitHub/CutyKiller/GAME FOLDER/Content/__ExternalObjects__/Level/Lobby/5/5N/UDE427YTQ9TUBSQUZ9DFJ7.uasset" 2964
"D:/GitHub/CutyKiller/GAME FOLDER/Content/__ExternalObjects__/Level/Lobby/6/3P/0FLOBIVFV6RFHRFP914DC5.uasset" 2965
"D:/GitHub/CutyKiller/GAME FOLDER/Content/__ExternalObjects__/Level/Lobby/A/L3/L6UCJXSPWX43T7X5TC590X.uasset" 2966
"D:/GitHub/CutyKiller/GAME FOLDER/Content/__ExternalObjects__/Level/Lobby/4/BR/ESTSSV7S9XDPDECXZSUWI9.uasset" 2967
"D:/GitHub/CutyKiller/GAME FOLDER/Content/__ExternalObjects__/Level/MapMulti/0/KB/QP1080RM5BD7D2ZETJ9UUQ.uasset" 2968
"D:/GitHub/CutyKiller/GAME FOLDER/Content/__ExternalObjects__/Level/MapMulti/4/3C/EITKBLJ9MYKLU6ZU6VLGZG.uasset" 2969
"../../../../../../GitHub/CutyKiller/GAME FOLDER/Content/__ExternalActors__/Level/MapMulti/8/IM/SU3FTY9DSJDHCG1XMFPT4J.uasset" 2970
"D:/GitHub/CutyKiller/GAME FOLDER/Content/__ExternalObjects__/Level/MapMulti/1/D9/KY9H1KNUS3X1V05S8TA2EP.uasset" 2971
"D:/GitHub/CutyKiller/GAME FOLDER/Content/__ExternalObjects__/Level/Lobby/2/D3/Q054NHX26FFPIMBDULY47P.uasset" 2972
"D:/GitHub/CutyKiller/GAME FOLDER/Content/__ExternalObjects__/Level/MapMulti/5/1V/ZQNIRMUDE0IJ76SFQHL6ZP.uasset" 2973
"D:/GitHub/CutyKiller/GAME FOLDER/Content/__ExternalObjects__/Level/Chamber/B/0A/CEVK0C7O4RUHKOMUK1LSGL.uasset" 2974
"D:/GitHub/CutyKiller/GAME FOLDER/Content/__ExternalObjects__/Level/Chamber/9/IJ/O298PUDHIUK23685DH7KYA.uasset" 2975
"D:/GitHub/CutyKiller/GAME FOLDER/Content/__ExternalObjects__/Level/Lobby/1/3U/FNW6YYEMKXTRV0T7GMTT1O.uasset" 2976
"D:/GitHub/CutyKiller/GAME FOLDER/Content/__ExternalObjects__/Level/Chamber/B/FP/Q193XPEX8OLRRS6M2JVZ20.uasset" 2977
"D:/GitHub/CutyKiller/GAME FOLDER/Content/__ExternalObjects__/Level/Chamber/7/HS/T3B7HRP7NGDDVIWLQXRJGU.uasset" 2978
"D:/GitHub/CutyKiller/GAME FOLDER/Content/__ExternalObjects__/Level/Chamber/2/4C/9TRMG6VEF8GN89KN696IL6.uasset" 2979
"D:/GitHub/CutyKiller/GAME FOLDER/Content/__ExternalObjects__/Level/Chamber/2/4M/6F6P6AZW4Y298XD16WU8YM.uasset" 2980
"D:/GitHub/CutyKiller/GAME FOLDER/Content/__ExternalObjects__/Level/Chamber/2/IG/WPHAFWDSVWG9XF50AFPBA3.uasset" 2981
"D:/GitHub/CutyKiller/GAME FOLDER/Content/LPSDeluxe2TropicalEnvironment/LPSD2_Materials/SpecialMaterials/MiscMaterials/M_Glass_Window.uasset" 2982
"D:/GitHub/CutyKiller/GAME FOLDER/Content/LPSDeluxe2TropicalEnvironment/LPSD2_Materials/SpecialMaterials/MiscMaterials/M_Torch.uasset" 2983
"../../../../../../GitHub/CutyKiller/GAME FOLDER/Content/Level/Lobby.umap" 2984
"../../../../../../GitHub/CutyKiller/GAME FOLDER/Content/Blueprints/Multiplayer/LobbyGameMode.uasset" 2985
"../../../../../../GitHub/CutyKiller/GAME FOLDER/Content/Blueprints/Multiplayer/LobbyController.uasset" 2986
"../../../../../../GitHub/CutyKiller/GAME FOLDER/Content/Blueprints/Multiplayer/PlayerDataStructure.uasset" 2987
"../../../../../../GitHub/CutyKiller/GAME FOLDER/Content/Widget/LobbyHostScreen.uasset" 2988
"../../../../../../GitHub/CutyKiller/GAME FOLDER/Content/Blueprints/Multiplayer/CharacterDataTable.uasset" 2989
"../../../../../../GitHub/CutyKiller/GAME FOLDER/Content/Blueprints/TEST_Character/Cat.uasset" 2990
"../../../../../../GitHub/CutyKiller/GAME FOLDER/Content/Materials/NightVision.uasset" 2991
"../../../Engine/Content/Functions/Engine_MaterialFunctions01/Gradient/RadialGradientExponential.uasset" 2992
"../../../Engine/Content/Functions/Engine_MaterialFunctions01/Density/ExponentialDensity.uasset" 2993
"../../../../../../GitHub/CutyKiller/GAME FOLDER/Content/Materials/NightVisionEvil.uasset" 2994
"../../../../../../GitHub/CutyKiller/GAME FOLDER/Content/Blueprints/TEST_Character/Dog.uasset" 2995
"../../../../../../GitHub/CutyKiller/GAME FOLDER/Content/Blueprints/Managers/WallHackVisionManager.uasset" 2996
"../../../../../../GitHub/CutyKiller/GAME FOLDER/Content/DONT_USE/LPSDeluxe2TropicalEnvironment/LPSD2_Materials/Materials/Master_Color_Instances/MI_Metal_Gold.uasset" 2997
"../../../../../../GitHub/CutyKiller/GAME FOLDER/Content/DONT_USE/LPSDeluxe2TropicalEnvironment/LPSD2_Materials/Materials/Master_Color/M_Color_Master.uasset" 2998
"../../../Engine/Content/Functions/Engine_MaterialFunctions01/Texturing/WorldAlignedTexture.uasset" 2999
"../../../Engine/Content/Functions/Engine_MaterialFunctions01/ImageAdjustment/CheapContrast.uasset" 3000
"../../../Engine/Content/Functions/Engine_MaterialFunctions01/Gradient/LinearGradient.uasset" 3001
"../../../Engine/Content/Functions/Engine_MaterialFunctions02/WorldPositionOffset/LocalPosition.uasset" 3002
"../../../../../../GitHub/CutyKiller/GAME FOLDER/Content/DONT_USE/LPSDeluxe2TropicalEnvironment/LPSD2_Textures/T_LPSNoise.uasset" 3003
"../../../../../../GitHub/CutyKiller/GAME FOLDER/Content/Blueprints/TEST_Character/Reindeer.uasset" 3004
"../../../../../../GitHub/CutyKiller/GAME FOLDER/Content/LPSDeluxe2TropicalEnvironment/LPSD2_Materials/Materials/Master_Color_Instances/MI_Green_2.uasset" 3005
"../../../../../../GitHub/CutyKiller/GAME FOLDER/Content/LPSDeluxe2TropicalEnvironment/LPSD2_Materials/Materials/Master_Color/M_Color_Master.uasset" 3006
"../../../../../../GitHub/CutyKiller/GAME FOLDER/Content/Blueprints/Multiplayer/CharacterSelectionData.uasset" 3007
"../../../../../../GitHub/CutyKiller/GAME FOLDER/Content/Blueprints/Multiplayer/MapDataTable.uasset" 3008
"../../../../../../GitHub/CutyKiller/GAME FOLDER/Content/Blueprints/Multiplayer/MapDataStructure.uasset" 3009
"../../../../../../GitHub/CutyKiller/GAME FOLDER/Content/Widget/PlayerCard.uasset" 3010
"../../../../../../GitHub/CutyKiller/GAME FOLDER/Content/img/images.uasset" 3011
"../../../../../../GitHub/CutyKiller/GAME FOLDER/Content/img/m2i8m2Z5G6i8H7b1.uasset" 3012
"../../../../../../GitHub/CutyKiller/GAME FOLDER/Content/img/CpyPaste.uasset" 3013
"../../../../../../GitHub/CutyKiller/GAME FOLDER/Content/img/OpenEye.uasset" 3014
"../../../../../../GitHub/CutyKiller/GAME FOLDER/Content/Widget/InfosCharacters.uasset" 3015
"../../../../../../GitHub/CutyKiller/GAME FOLDER/Content/Widget/PlayerCardMenu.uasset" 3016
"../../../../../../GitHub/CutyKiller/GAME FOLDER/Content/Widget/ConfirmKickWidget.uasset" 3017
"../../../../../../GitHub/CutyKiller/GAME FOLDER/Content/Widget/LobbyJoinScreen.uasset" 3018
"../../../../../../GitHub/CutyKiller/GAME FOLDER/Content/__ExternalActors__/Level/Lobby/E/1U/3RDCZTXOTDBB4IGQ7WMUOR.uasset" 3019
"D:/GitHub/CutyKiller/GAME FOLDER/Content/LPSDeluxe2TropicalEnvironment/ExampleMaps/DemoMap1_sharedassets/Rock_LayerInfo.uasset" 3020
"D:/GitHub/CutyKiller/GAME FOLDER/Content/LPSDeluxe2TropicalEnvironment/ExampleMaps/DemoMap1_sharedassets/Sand_LayerInfo.uasset" 3021
"D:/GitHub/CutyKiller/GAME FOLDER/Content/LPSDeluxe2TropicalEnvironment/ExampleMaps/DemoMap1_sharedassets/Grass_LayerInfo.uasset" 3022
"D:/GitHub/CutyKiller/GAME FOLDER/Content/LPSDeluxe2TropicalEnvironment/ExampleMaps/DemoMap1_sharedassets/LavaRock_LayerInfo.uasset" 3023
"D:/GitHub/CutyKiller/GAME FOLDER/Content/LPSDeluxe2TropicalEnvironment/ExampleMaps/DemoMap1_sharedassets/Wet_Sand_LayerInfo.uasset" 3024
"D:/GitHub/CutyKiller/GAME FOLDER/Content/LPSDeluxe2TropicalEnvironment/ExampleMaps/DemoMap1_sharedassets/Dirt_LayerInfo.uasset" 3025
"../../../../../../GitHub/CutyKiller/GAME FOLDER/Content/Level/Chamber.umap" 3026
"../../../../../../GitHub/CutyKiller/GAME FOLDER/Content/__ExternalActors__/Level/Chamber/4/AJ/MZF51YF9NK89TXETO7DKXK.uasset" 3027
"D:/GitHub/CutyKiller/GAME FOLDER/Content/img/HideEye.uasset" 3028
"D:/GitHub/CutyKiller/GAME FOLDER/Content/LevelPrototyping/Textures/T_GridChecker_A.uasset" 3029
"C:/Users/b.lapeze/AppData/Local/UnrealEngine/Common/DerivedDataCache/Buckets/LegacyMATSM/3b/c1/41f3bb1fde8acfcec8137b8f2096bf66a4da.udd" 3030
"C:/Users/b.lapeze/AppData/Local/UnrealEngine/Common/DerivedDataCache/Buckets/LegacyMATSM/44/1d/349e0a477bc95019cb083b9785c29d4f24b8.udd" 3031
"D:/GitHub/CutyKiller/GAME FOLDER/Content/DONT_USE/Weapon_Pack/Textures/Weapons/T_Weapon_Set2_BaseColor.uasset" 3032
"D:/GitHub/CutyKiller/GAME FOLDER/Content/Level/MapMulti_sharedassets/Rock_LayerInfo2.uasset" 3033
"D:/GitHub/CutyKiller/GAME FOLDER/Content/Level/MapMulti_sharedassets/Sand_LayerInfo2.uasset" 3034
"D:/GitHub/CutyKiller/GAME FOLDER/Content/LPSDeluxe2TropicalEnvironment/ExampleMaps/DemoMap_BuiltData.uasset" 3035
"D:/GitHub/CutyKiller/GAME FOLDER/Content/DONT_USE/Weapon_Pack/Textures/Weapons/T_Weapon_Set1_BaseColor.uasset" 3036
"D:/GitHub/CutyKiller/GAME FOLDER/Content/DONT_USE/Weapon_Pack/Textures/Weapons/T_Weapon_Set2_OcclusionRoughnessMetallic.uasset" 3037
"D:/GitHub/CutyKiller/GAME FOLDER/Content/DONT_USE/Weapon_Pack/Textures/Weapons/T_Dirty_Weapon_Set2_Normal.uasset" 3038
"D:/GitHub/CutyKiller/GAME FOLDER/Content/DONT_USE/Weapon_Pack/Textures/Weapons/T_Weapon_Set2_Normal.uasset" 3039
"D:/GitHub/CutyKiller/GAME FOLDER/Content/DONT_USE/Weapon_Pack/Textures/Weapons/T_Weapon_Set1_Normal.uasset" 3040
"D:/GitHub/CutyKiller/GAME FOLDER/Content/DONT_USE/Weapon_Pack/Textures/Weapons/T_Weapon_Set1_OcclusionRoughnessMetallic.uasset" 3041
"D:/GitHub/CutyKiller/GAME FOLDER/Content/DONT_USE/Weapon_Pack/Textures/Weapons/T_Dirty_Weapon_Set1_OcclusionRoughnessMetallic.uasset" 3042
"D:/GitHub/CutyKiller/GAME FOLDER/Content/DONT_USE/Weapon_Pack/Textures/Weapons/T_Dirty_Weapon_Set2_OcclusionRoughnessMetallic.uasset" 3043
"D:/GitHub/CutyKiller/GAME FOLDER/Content/DONT_USE/Weapon_Pack/Textures/Weapons/T_Dirty_Weapon_Set1_Normal.uasset" 3044
"D:/GitHub/CutyKiller/GAME FOLDER/Content/DONT_USE/Weapon_Pack/Textures/Weapons/T_Dirty_Weapon_Set2_BaseColor.uasset" 3045
"../../../../../../GitHub/CutyKiller/GAME FOLDER/Content/LPSDeluxe2TropicalEnvironment/ExampleMaps/DemoMap_BuiltData.uasset" 3046
"D:/GitHub/CutyKiller/GAME FOLDER/Content/DONT_USE/Weapon_Pack/Textures/Set/Walls/T_Window_Trim_Normal.uasset" 3047
"D:/GitHub/CutyKiller/GAME FOLDER/Content/DONT_USE/Weapon_Pack/Textures/Set/Walls/T_Stone_Wall_Trim_Normal.uasset" 3048
"D:/GitHub/CutyKiller/GAME FOLDER/Content/DONT_USE/Weapon_Pack/Textures/Set/Walls/T_Window_Trim_OcclusionRoughnessMetallic.uasset" 3049
"D:/GitHub/CutyKiller/GAME FOLDER/Content/DONT_USE/Weapon_Pack/Textures/Set/Walls/T_Window_Trim2_Normal.uasset" 3050
"D:/GitHub/CutyKiller/GAME FOLDER/Content/DONT_USE/Weapon_Pack/Textures/Set/Walls/T_Window_Trim2_OcclusionRoughnessMetallic.uasset" 3051
"D:/GitHub/CutyKiller/GAME FOLDER/Content/DONT_USE/Weapon_Pack/Textures/Set/Walls/T_Stone_Wall_Trim_BaseColor.uasset" 3052
"C:/Users/b.lapeze/AppData/Local/UnrealEngine/Common/DerivedDataCache/Buckets/LegacyTEXTURE/b7/df/9f57dbdfa695f790a62b6c1bfacf45d420b3.udd" 3053
"C:/Users/b.lapeze/AppData/Local/UnrealEngine/Common/DerivedDataCache/Buckets/LegacyTEXTURE/bb/97/51aa3c566239bb4e8a02ae97d1fde3248e33.udd" 3054
"C:/Users/b.lapeze/AppData/Local/UnrealEngine/Common/DerivedDataCache/Buckets/LegacyTEXTURE/61/7b/691245923e706828bb2364cd36d65f606fb2.udd" 3055
"C:/Users/b.lapeze/AppData/Local/UnrealEngine/Common/DerivedDataCache/Buckets/LegacyTEXTURE/e4/4a/1384b441e30e57aa1516b3b9556f63f6fcd9.udd" 3056
"C:/Users/b.lapeze/AppData/Local/UnrealEngine/Common/DerivedDataCache/Buckets/LegacyTEXTURE/56/19/cd4969045b0fb5ef555655e09d02e8c7d38a.udd" 3057
"D:/GitHub/CutyKiller/GAME FOLDER/Content/DONT_USE/Weapon_Pack/Textures/Set/Walls/T_Stone_Wall_Trim_OcclusionRoughnessMetallic.uasset" 3058
"D:/GitHub/CutyKiller/GAME FOLDER/Content/DONT_USE/Weapon_Pack/Textures/Set/Walls/T_Window_Trim_BaseColor.uasset" 3059
"D:/GitHub/CutyKiller/GAME FOLDER/Content/DONT_USE/Weapon_Pack/Textures/Set/Walls/T_Stone_Wall_BaseColor.uasset" 3060
"C:/Users/b.lapeze/AppData/Local/UnrealEngine/Common/DerivedDataCache/Buckets/LegacyTEXTURE/64/95/c83371a6d7db06b47e191ee0f8c14665f4e6.udd" 3061
"C:/Users/b.lapeze/AppData/Local/UnrealEngine/Common/DerivedDataCache/Buckets/LegacyTEXTURE/57/b2/7efc8bc0ea8a232ffdd0e7744860dd8e3ed9.udd" 3062
"C:/Users/b.lapeze/AppData/Local/UnrealEngine/Common/DerivedDataCache/Buckets/LegacyTEXTURE/1d/62/e77655a35b3b7c7f5ff669243ecfed69a807.udd" 3063
"D:/GitHub/CutyKiller/GAME FOLDER/Content/DONT_USE/Weapon_Pack/Textures/Set/Walls/T_Stone_Wall_Normal.uasset" 3064
"C:/Users/b.lapeze/AppData/Local/UnrealEngine/Common/DerivedDataCache/Buckets/LegacyTEXTURE/b6/1f/12d74e89d70311e136b20c9473457a165a31.udd" 3065
"C:/Users/b.lapeze/AppData/Local/UnrealEngine/Common/DerivedDataCache/Buckets/LegacyTEXTURE/d9/68/bb85b60e058d109c6583794ee4bc0c9bec8a.udd" 3066
"C:/Users/b.lapeze/AppData/Local/UnrealEngine/Common/DerivedDataCache/Buckets/LegacyTEXTURE/26/0e/0c8110a42529d971575f78e33568f93aea89.udd" 3067
"C:/Users/b.lapeze/AppData/Local/UnrealEngine/Common/DerivedDataCache/Buckets/LegacyTEXTURE/5a/cb/a92afe0fcd1d2eaedfaad8d3ce1703f18938.udd" 3068
"C:/Users/b.lapeze/AppData/Local/UnrealEngine/Common/DerivedDataCache/Buckets/LegacyTEXTURE/da/54/e40b48ae4f6d7cee3e98a90e3739b50e042e.udd" 3069
"C:/Users/b.lapeze/AppData/Local/UnrealEngine/Common/DerivedDataCache/Buckets/LegacyTEXTURE/84/93/fc3675a40ca2adef23ba88096c3ce86ad8e3.udd" 3070
"C:/Users/b.lapeze/AppData/Local/UnrealEngine/Common/DerivedDataCache/Buckets/LegacyTEXTURE/2c/89/814ab78a92cab3cb7d69fddc6bc758776f66.udd" 3071
"C:/Users/b.lapeze/AppData/Local/UnrealEngine/Common/DerivedDataCache/Buckets/LegacyTEXTURE/31/ac/b490d66d84f476ec33b3166cd3c0edb0161f.udd" 3072
"C:/Users/b.lapeze/AppData/Local/UnrealEngine/Common/DerivedDataCache/Buckets/LegacyTEXTURE/c9/64/a1d1b4a8e5bc89d5244bfa709364ddfa6c70.udd" 3073
"C:/Users/b.lapeze/AppData/Local/UnrealEngine/Common/DerivedDataCache/Buckets/LegacyTEXTURE/41/b7/45093274a122fb5e5583203cdff44802a2ad.udd" 3074
"C:/Users/b.lapeze/AppData/Local/UnrealEngine/Common/DerivedDataCache/Buckets/LegacyTEXTURE/28/a7/490123842d40b0ff0f6b7ba1e82bff4130f1.udd" 3075
"C:/Users/b.lapeze/AppData/Local/UnrealEngine/Common/DerivedDataCache/Buckets/LegacyTEXTURE/a4/9c/414e68dddd5532748208f2846908ad81974c.udd" 3076
"C:/Users/b.lapeze/AppData/Local/UnrealEngine/Common/DerivedDataCache/Buckets/LegacyTEXTURE/f3/3e/544de97a075a8a3265211a4f758a1d7cb113.udd" 3077
"D:/GitHub/CutyKiller/GAME FOLDER/Content/DONT_USE/Weapon_Pack/Textures/Weapons/T_Dirty_Weapon_Set1_BaseColor.uasset" 3078
"C:/Users/b.lapeze/AppData/Local/UnrealEngine/Common/DerivedDataCache/Buckets/LegacyTEXTURE/4f/f3/9e9878bbceb72fa1c0e76f138b2c30c95607.udd" 3079
"C:/Users/b.lapeze/AppData/Local/UnrealEngine/Common/DerivedDataCache/Buckets/LegacyTEXTURE/03/a9/c1590989d73550c0b81e3bdc78d14d3de38f.udd" 3080
"C:/Users/b.lapeze/AppData/Local/UnrealEngine/Common/DerivedDataCache/Buckets/LegacyTEXTURE/2a/67/65ada09371805fe2d7ba28b9ad94b8cab83f.udd" 3081
"C:/Users/b.lapeze/AppData/Local/UnrealEngine/Common/DerivedDataCache/Buckets/LegacyTEXTURE/90/89/bef6ae6fd49bb109c7afc56089fbbca52d01.udd" 3082
"C:/Users/b.lapeze/AppData/Local/UnrealEngine/Common/DerivedDataCache/Buckets/LegacyTEXTURE/64/a7/2858ed1a117946bebba17821ca5902fbf5d0.udd" 3083
"C:/Users/b.lapeze/AppData/Local/UnrealEngine/Common/DerivedDataCache/Buckets/LegacyTEXTURE/4b/41/f0ca8edaa78985549ab6b455f9b5db6adfe6.udd" 3084
"C:/Users/b.lapeze/AppData/Local/UnrealEngine/Common/DerivedDataCache/Buckets/LegacyTEXTURE/d1/8b/2e473857af20ae07409ec40a59abfbbd991f.udd" 3085
"C:/Users/b.lapeze/AppData/Local/UnrealEngine/Common/DerivedDataCache/Buckets/LegacyTEXTURE/37/04/3c296fe1be263ed673292e9345be57200595.udd" 3086
"C:/Users/b.lapeze/AppData/Local/UnrealEngine/Common/DerivedDataCache/Buckets/LegacyTEXTURE/13/6d/37c9796200987a706e390b062ace962a8020.udd" 3087
"D:/GitHub/CutyKiller/GAME FOLDER/Content/DONT_USE/Weapon_Pack/Textures/Set/Walls/T_Window_Trim2_BaseColor.uasset" 3088
"C:/Users/b.lapeze/AppData/Local/UnrealEngine/Common/DerivedDataCache/Buckets/LegacyTEXTURE/0d/ff/3a0c0dfc19309d1c9be2ae5efe3cfd47332b.udd" 3089
"C:/Users/b.lapeze/AppData/Local/UnrealEngine/Common/DerivedDataCache/Buckets/LegacyTEXTURE/e7/39/59f9d1c26097cd45302853216493d3861219.udd" 3090
"C:/Users/b.lapeze/AppData/Local/UnrealEngine/Common/DerivedDataCache/Buckets/LegacyTEXTURE/c7/e1/8d51d8d30a105780e538946db11dd5acddbd.udd" 3091
"C:/Users/b.lapeze/AppData/Local/UnrealEngine/Common/DerivedDataCache/Buckets/LegacyTEXTURE/ea/15/df97685e82718058b531c995278f40f4d1d6.udd" 3092
"C:/Users/b.lapeze/AppData/Local/UnrealEngine/Common/DerivedDataCache/Buckets/LegacyTEXTURE/27/7d/4f080fe274ae30e29c5b7dd14f8f22913383.udd" 3093
"C:/Users/b.lapeze/AppData/Local/UnrealEngine/Common/DerivedDataCache/Buckets/LegacyTEXTURE/0a/d4/4c18488bdd187a1cc2ec1225dc5bfa142b87.udd" 3094
"C:/Users/b.lapeze/AppData/Local/UnrealEngine/Common/DerivedDataCache/Buckets/LegacyTEXTURE/97/e6/07584a77f9bc112657ef880807d6d8386e8e.udd" 3095
"C:/Users/b.lapeze/AppData/Local/UnrealEngine/Common/DerivedDataCache/Buckets/LegacyTEXTURE/a9/c3/5f9a4b9a3e33e587bac93c1b405762f134ad.udd" 3096
"D:/GitHub/CutyKiller/GAME FOLDER/Content/DONT_USE/Weapon_Pack/Textures/Set/Walls/T_Stone_Wall_OcclusionRoughnessMetallic.uasset" 3097
"D:/GitHub/CutyKiller/GAME FOLDER/Content/DONT_USE/Weapon_Pack/Textures/Set/Stain_Glass/StainGlass_Normal_DirectX.uasset" 3098
"C:/Users/b.lapeze/AppData/Local/UnrealEngine/Common/DerivedDataCache/Buckets/LegacyTEXTURE/15/d4/183fe9c693c26d926287907e4d0a847cf888.udd" 3099
"C:/Users/b.lapeze/AppData/Local/UnrealEngine/Common/DerivedDataCache/Buckets/LegacyTEXTURE/47/d9/3dd37f605472dc8a7dc3b3fbf877ccdc0019.udd" 3100
"C:/Users/b.lapeze/AppData/Local/UnrealEngine/Common/DerivedDataCache/Buckets/LegacyTEXTURE/d9/21/77fed26a993f839cdf6df6a752bdecb97428.udd" 3101
"C:/Users/b.lapeze/AppData/Local/UnrealEngine/Common/DerivedDataCache/Buckets/LegacyTEXTURE/ad/c6/cfd33e15b4cc2422a68f12f09eb50d6d169f.udd" 3102
"C:/Users/b.lapeze/AppData/Local/UnrealEngine/Common/DerivedDataCache/Buckets/LegacyTEXTURE/ac/3d/4a04c06a2400b73dc799b137934066e51bc6.udd" 3103
"C:/Users/b.lapeze/AppData/Local/UnrealEngine/Common/DerivedDataCache/Buckets/LegacyTEXTURE/84/f1/b28dbf13b3a090cdc94d81d4f4cdcbf506a1.udd" 3104
"C:/Users/b.lapeze/AppData/Local/UnrealEngine/Common/DerivedDataCache/Buckets/LegacyTEXTURE/a8/2c/c97876f8c7736c3898d034fb25a7ea4febff.udd" 3105
"C:/Users/b.lapeze/AppData/Local/UnrealEngine/Common/DerivedDataCache/Buckets/LegacyTEXTURE/37/9f/bae5ff0e1aecc564732ecd46b5d4be87dc39.udd" 3106
"C:/Users/b.lapeze/AppData/Local/UnrealEngine/Common/DerivedDataCache/Buckets/LegacyTEXTURE/18/26/ee8fbb28dafe770d67a17bd20bf8df252406.udd" 3107
"C:/Users/b.lapeze/AppData/Local/UnrealEngine/Common/DerivedDataCache/Buckets/LegacyTEXTURE/f4/39/175bb57eb9c16859432822de2fc1a428e752.udd" 3108
"C:/Users/b.lapeze/AppData/Local/UnrealEngine/Common/DerivedDataCache/Buckets/LegacyTEXTURE/c0/66/faaf487a9dc7e7fc51a28e3408f2bfea0948.udd" 3109
"C:/Users/b.lapeze/AppData/Local/UnrealEngine/Common/DerivedDataCache/Buckets/LegacyTEXTURE/28/fa/fb3ffe1e6575f34412f116dad2f5a25dc13c.udd" 3110
"C:/Users/b.lapeze/AppData/Local/UnrealEngine/Common/DerivedDataCache/Buckets/LegacyTEXTURE/f4/8b/2cc8981d660541dbd8741d232e3ee9952fe8.udd" 3111
"C:/Users/b.lapeze/AppData/Local/UnrealEngine/Common/DerivedDataCache/Buckets/LegacyTEXTURE/af/a6/c0610388a42fa2c122ad1e0c5dbc18e3201b.udd" 3112
"C:/Users/b.lapeze/AppData/Local/UnrealEngine/Common/DerivedDataCache/Buckets/LegacyTEXTURE/7e/b3/15450ee028950e1e23d0a0dfe8e9bbf95427.udd" 3113
"C:/Users/b.lapeze/AppData/Local/UnrealEngine/Common/DerivedDataCache/Buckets/LegacyTEXTURE/b4/5b/d137cc17ee767c1d46b6c143bca70a93c3fb.udd" 3114
"C:/Users/b.lapeze/AppData/Local/UnrealEngine/Common/DerivedDataCache/Buckets/LegacyTEXTURE/a8/8f/edf0d1aee23c3a2649236202028f4aee81a8.udd" 3115
"C:/Users/b.lapeze/AppData/Local/UnrealEngine/Common/DerivedDataCache/Buckets/LegacyTEXTURE/98/9c/8aa1673734e9cc760b41960876ea1c4e1f42.udd" 3116
"C:/Users/b.lapeze/AppData/Local/UnrealEngine/Common/DerivedDataCache/Buckets/LegacyTEXTURE/16/56/75f3ff5080598f150350cbcf1e500ee7e014.udd" 3117
"C:/Users/b.lapeze/AppData/Local/UnrealEngine/Common/DerivedDataCache/Buckets/LegacyTEXTURE/28/2f/69b872eb8a2367c18ccf0efa410f208a25d4.udd" 3118
"C:/Users/b.lapeze/AppData/Local/UnrealEngine/Common/DerivedDataCache/Buckets/LegacyTEXTURE/39/fd/f5565bf7b87f44a49e0560bc9b35c764c546.udd" 3119
"C:/Users/b.lapeze/AppData/Local/UnrealEngine/Common/DerivedDataCache/Buckets/LegacyTEXTURE/9b/36/703b3589379691cd21ed28400ac2650c73b2.udd" 3120
"C:/Users/b.lapeze/AppData/Local/UnrealEngine/Common/DerivedDataCache/Buckets/LegacyTEXTURE/ad/f6/f302203f12bb138431a67bdf4cd141eb42cb.udd" 3121
"C:/Users/b.lapeze/AppData/Local/UnrealEngine/Common/DerivedDataCache/Buckets/LegacyTEXTURE/4d/1d/371979de9ac034dd6a78cb54266322a39ada.udd" 3122
"C:/Users/b.lapeze/AppData/Local/UnrealEngine/Common/DerivedDataCache/Buckets/LegacyTEXTURE/bf/7b/4fe1c2ff35dc1d7d353e0894b41bdad284e5.udd" 3123
"C:/Users/b.lapeze/AppData/Local/UnrealEngine/Common/DerivedDataCache/Buckets/LegacyTEXTURE/c3/28/5cc6805069a23eaabd4e95c707e5f016200d.udd" 3124
"C:/Users/b.lapeze/AppData/Local/UnrealEngine/Common/DerivedDataCache/Buckets/LegacyTEXTURE/df/3a/a9fce4ff769fe2fc6f4784b2ea0ccbae621a.udd" 3125
"C:/Users/b.lapeze/AppData/Local/UnrealEngine/Common/DerivedDataCache/Buckets/LegacyTEXTURE/bf/ef/923b20acb27fb644c8b6d87a8b63bf65e3fe.udd" 3126
"C:/Users/b.lapeze/AppData/Local/UnrealEngine/Common/DerivedDataCache/Buckets/LegacyTEXTURE/d4/d5/23112a1b952a79a9954acde6d954f1525c9a.udd" 3127
"C:/Users/b.lapeze/AppData/Local/UnrealEngine/Common/DerivedDataCache/Buckets/LegacyTEXTURE/e2/ac/64d16b757af4bad1a9c07e75ffc3801ba447.udd" 3128
"C:/Users/b.lapeze/AppData/Local/UnrealEngine/Common/DerivedDataCache/Buckets/LegacyTEXTURE/11/98/b6d5df4f3803c10496c59b1ba2c00cfc43a0.udd" 3129
"C:/Users/b.lapeze/AppData/Local/UnrealEngine/Common/DerivedDataCache/Buckets/LegacyTEXTURE/2e/2f/9e069f025a39b3971f983edd4ceb7b4028c9.udd" 3130
"C:/Users/b.lapeze/AppData/Local/UnrealEngine/Common/DerivedDataCache/Buckets/LegacyTEXTURE/c2/5c/5c23aecbe1759aa5033e25f9dd8cbb590ccf.udd" 3131
"D:/GitHub/CutyKiller/GAME FOLDER/Content/DONT_USE/Weapon_Pack/Textures/Set/Stain_Glass/StainGlass_Roughness.uasset" 3132
"C:/Users/b.lapeze/AppData/Local/UnrealEngine/Common/DerivedDataCache/Buckets/LegacyTEXTURE/7f/08/72b8085b7d7a78a8d4678d478dc961a9ffe9.udd" 3133
"C:/Users/b.lapeze/AppData/Local/UnrealEngine/Common/DerivedDataCache/Buckets/LegacyTEXTURE/47/59/099e0611bc60a9e0fd48979644ef502498ac.udd" 3134
"C:/Users/b.lapeze/AppData/Local/UnrealEngine/Common/DerivedDataCache/Buckets/LegacyTEXTURE/06/04/def252d1168663c01d35895303ea65b04cbf.udd" 3135
"C:/Users/b.lapeze/AppData/Local/UnrealEngine/Common/DerivedDataCache/Buckets/LegacyTEXTURE/09/f6/a45a5faccc533722b698d440d131354d06c7.udd" 3136
"C:/Users/b.lapeze/AppData/Local/UnrealEngine/Common/DerivedDataCache/Buckets/LegacyTEXTURE/e9/73/5a9512c1b3feb6b8fe50fd336b966bc43616.udd" 3137
"C:/Users/b.lapeze/AppData/Local/UnrealEngine/Common/DerivedDataCache/Buckets/LegacyTEXTURE/42/19/e8771f846df6d3273cbfd03e9f175d88099b.udd" 3138
"C:/Users/b.lapeze/AppData/Local/UnrealEngine/Common/DerivedDataCache/Buckets/LegacyTEXTURE/fe/86/c403bff2ae88f3c5827dfcb75b1d4eb75ca5.udd" 3139
"C:/Users/b.lapeze/AppData/Local/UnrealEngine/Common/DerivedDataCache/Buckets/LegacyTEXTURE/37/e8/9a0d50ed732bdebaf9f775aa544292a2585e.udd" 3140
"C:/Users/b.lapeze/AppData/Local/UnrealEngine/Common/DerivedDataCache/Buckets/LegacyTEXTURE/7f/b4/c5a5d1ab31c232f4504de1f49e85ed485da8.udd" 3141
"C:/Users/b.lapeze/AppData/Local/UnrealEngine/Common/DerivedDataCache/Buckets/LegacyTEXTURE/10/91/e4fd716b5a3745a6122cd0bc71215448e133.udd" 3142
"C:/Users/b.lapeze/AppData/Local/UnrealEngine/Common/DerivedDataCache/Buckets/LegacyTEXTURE/8a/c7/cc7faf2b9ca8b2ab78e3bcb8c32e76e87290.udd" 3143
"C:/Users/b.lapeze/AppData/Local/UnrealEngine/Common/DerivedDataCache/Buckets/LegacyTEXTURE/51/f3/7b9b8d072cedc9054c1763958bf63c1166ab.udd" 3144
"C:/Users/b.lapeze/AppData/Local/UnrealEngine/Common/DerivedDataCache/Buckets/LegacyTEXTURE/93/65/0f5bf67a5f4bb13833f5a19a9a6dfa6471dc.udd" 3145
"C:/Users/b.lapeze/AppData/Local/UnrealEngine/Common/DerivedDataCache/Buckets/LegacyTEXTURE/60/e3/d705d0d563c51794081b64541045dd66a181.udd" 3146
"C:/Users/b.lapeze/AppData/Local/UnrealEngine/Common/DerivedDataCache/Buckets/LegacyTEXTURE/77/13/afb2c58686fe9d892896f0a466db670d2f0f.udd" 3147
"C:/Users/b.lapeze/AppData/Local/UnrealEngine/Common/DerivedDataCache/Buckets/LegacyTEXTURE/2c/79/c98d1eda54a15b5787efa98261b32ffd7c1a.udd" 3148
"C:/Users/b.lapeze/AppData/Local/UnrealEngine/Common/DerivedDataCache/Buckets/LegacyTEXTURE/19/15/d57f59e15fda611a57088d63873314b71359.udd" 3149
"C:/Users/b.lapeze/AppData/Local/UnrealEngine/Common/DerivedDataCache/Buckets/LegacyTEXTURE/5d/53/f13ad30063442f2f85038fdd26bae2c5ff94.udd" 3150
"C:/Users/b.lapeze/AppData/Local/UnrealEngine/Common/DerivedDataCache/Buckets/LegacyTEXTURE/74/82/0c49e8b706e04b674ce2574d432646874cde.udd" 3151
"C:/Users/b.lapeze/AppData/Local/UnrealEngine/Common/DerivedDataCache/Content/9c/85/01a171de465c5ceaeab928f0478dc13ea840.udd" 3152
"C:/Users/b.lapeze/AppData/Local/UnrealEngine/Common/DerivedDataCache/Content/b1/48/8b3fb7f554f5382adb966f6fe64492db0025.udd" 3153
"C:/Users/b.lapeze/AppData/Local/UnrealEngine/Common/DerivedDataCache/Content/56/80/2c32df05a29efd84c2ed4cb3ce5d05ff4c14.udd" 3154
"C:/Users/b.lapeze/AppData/Local/UnrealEngine/Common/DerivedDataCache/Content/1e/d6/7aa6b72dac9639624f2717f052d412101d4f.udd" 3155
"C:/Users/b.lapeze/AppData/Local/UnrealEngine/Common/DerivedDataCache/Buckets/LegacyTEXTURE/87/f2/251bb70edfccd6c3a708bd131c3662873aba.udd" 3156
"D:/GitHub/CutyKiller/GAME FOLDER/Content/DONT_USE/Weapon_Pack/Textures/Set/Stain_Glass/StainGlass_Opacity.uasset" 3157
"C:/Users/b.lapeze/AppData/Local/UnrealEngine/Common/DerivedDataCache/Buckets/LegacyTEXTURE/20/d4/69b77db608326189eec0517a988c3278ec33.udd" 3158
"C:/Users/b.lapeze/AppData/Local/UnrealEngine/Common/DerivedDataCache/Content/49/28/6e23a63abc9386536a598e3e863b6df3b24e.udd" 3159
"C:/Users/b.lapeze/AppData/Local/UnrealEngine/Common/DerivedDataCache/Buckets/LegacyTEXTURE/77/17/df9fd1b91061cee8ab88247447516106ee21.udd" 3160
"C:/Users/b.lapeze/AppData/Local/UnrealEngine/Common/DerivedDataCache/Content/8d/4a/a36c5ea8eb3a5594ff74bcb8e176e647b98e.udd" 3161
"C:/Users/b.lapeze/AppData/Local/UnrealEngine/Common/DerivedDataCache/Content/51/55/7e451bfac56a3e1f0475dddd8bda0907079f.udd" 3162
"C:/Users/b.lapeze/AppData/Local/UnrealEngine/Common/DerivedDataCache/Buckets/LegacyTEXTURE/8f/73/0bf17cbc27ea306e8593d0e27cb406d8354c.udd" 3163
"C:/Users/b.lapeze/AppData/Local/UnrealEngine/Common/DerivedDataCache/Buckets/LegacyTEXTURE/ca/ab/cd9fa3937aee438f16328e01d34eda8378cd.udd" 3164
"C:/Users/b.lapeze/AppData/Local/UnrealEngine/Common/DerivedDataCache/Content/ef/83/ea433db55e16d82d61d2335747d3c8673f63.udd" 3165
"C:/Users/b.lapeze/AppData/Local/UnrealEngine/Common/DerivedDataCache/Buckets/LegacyTEXTURE/7a/bb/4b48a85bacb1c6a75438a776b53d8c719640.udd" 3166
"C:/Users/b.lapeze/AppData/Local/UnrealEngine/Common/DerivedDataCache/Buckets/LegacyTEXTURE/f0/a9/36aa04546b2ba508b77c51a279d6aa87d653.udd" 3167
"C:/Users/b.lapeze/AppData/Local/UnrealEngine/Common/DerivedDataCache/Buckets/LegacyTEXTURE/cd/d7/95281a6251e20bd9ab609705e979c964bf64.udd" 3168
"C:/Users/b.lapeze/AppData/Local/UnrealEngine/Common/DerivedDataCache/Buckets/LegacyTEXTURE/61/67/08d6adb754b9ec93257f839b0a08a66a29a6.udd" 3169
"C:/Users/b.lapeze/AppData/Local/UnrealEngine/Common/DerivedDataCache/Buckets/LegacyTEXTURE/2e/39/88c72bf0bcfc731e66529fefd988edc3d2a9.udd" 3170
"C:/Users/b.lapeze/AppData/Local/UnrealEngine/Common/DerivedDataCache/Content/4c/da/65844756fb97fbf67a8d0254a51c81bac51d.udd" 3171
"C:/Users/b.lapeze/AppData/Local/UnrealEngine/Common/DerivedDataCache/Buckets/LegacyTEXTURE/77/85/5174a220fd9725307ecee2827b3e749c0e76.udd" 3172
"C:/Users/b.lapeze/AppData/Local/UnrealEngine/Common/DerivedDataCache/Buckets/LegacyTEXTURE/c7/66/86e5025f9b640aa87ca218b7de83baf4ccdd.udd" 3173
"C:/Users/b.lapeze/AppData/Local/UnrealEngine/Common/DerivedDataCache/Buckets/LegacyTEXTURE/c4/cd/ea18877e9ca790304ece2ab7feecf6769c07.udd" 3174
"C:/Users/b.lapeze/AppData/Local/UnrealEngine/Common/DerivedDataCache/Buckets/LegacyTEXTURE/4f/52/3871b2bc545af59122a631a23b803b4d4c6a.udd" 3175
"C:/Users/b.lapeze/AppData/Local/UnrealEngine/Common/DerivedDataCache/Buckets/LegacyTEXTURE/f1/c8/309c38a3991e284bb378ef8a27336562392b.udd" 3176
"C:/Users/b.lapeze/AppData/Local/UnrealEngine/Common/DerivedDataCache/Buckets/LegacyTEXTURE/da/d6/27ab4d80030ebeeaaf2f623264cd5a50418d.udd" 3177
"C:/Users/b.lapeze/AppData/Local/UnrealEngine/Common/DerivedDataCache/Buckets/LegacyTEXTURE/9f/ac/f07110c68d19632be3ecafa101f08104d861.udd" 3178
"C:/Users/b.lapeze/AppData/Local/UnrealEngine/Common/DerivedDataCache/Buckets/LegacyTEXTURE/af/bc/609323aa01772f48b6506124b0e9bade0b86.udd" 3179
"C:/Users/b.lapeze/AppData/Local/UnrealEngine/Common/DerivedDataCache/Buckets/LegacyTEXTURE/51/f1/ebb215b4801c2f779b6cdc178b0ad1ecd0c9.udd" 3180
"C:/Users/b.lapeze/AppData/Local/UnrealEngine/Common/DerivedDataCache/Buckets/LegacyTEXTURE/cc/0a/682342aac6fe06bcde0b3a1c204d988d6e62.udd" 3181
"C:/Users/b.lapeze/AppData/Local/UnrealEngine/Common/DerivedDataCache/Buckets/LegacyTEXTURE/1e/be/480884669e3bfd070d07c0dc7d1aa0594960.udd" 3182
"C:/Users/b.lapeze/AppData/Local/UnrealEngine/Common/DerivedDataCache/Buckets/LegacyTEXTURE/86/86/20dc37db5ed7e085df054f4bfe0d770287db.udd" 3183
"C:/Users/b.lapeze/AppData/Local/UnrealEngine/Common/DerivedDataCache/Buckets/LegacyTEXTURE/1f/d4/f332eafe0913d2f0e3acf8e4d785484aacd5.udd" 3184
"C:/Users/b.lapeze/AppData/Local/UnrealEngine/Common/DerivedDataCache/Buckets/LegacyTEXTURE/d4/71/f8425880fd9ef1497f050127488206b38333.udd" 3185
"C:/Users/b.lapeze/AppData/Local/UnrealEngine/Common/DerivedDataCache/Content/02/c4/376c65546ad8879b35b52ba234e17dce72d6.udd" 3186
"C:/Users/b.lapeze/AppData/Local/UnrealEngine/Common/DerivedDataCache/Buckets/LegacyTEXTURE/dc/97/856b36eb0598796e16e279b4b001ec0aeb58.udd" 3187
"C:/Users/b.lapeze/AppData/Local/UnrealEngine/Common/DerivedDataCache/Buckets/LegacyTEXTURE/5d/28/feba7cce443aaebde4a58ddb0eecd4131e38.udd" 3188
"C:/Users/b.lapeze/AppData/Local/UnrealEngine/Common/DerivedDataCache/Buckets/LegacyTEXTURE/af/b0/dfe772650c8f86a4d2c002838028ab8fb1b2.udd" 3189
"C:/Users/b.lapeze/AppData/Local/UnrealEngine/Common/DerivedDataCache/Content/48/eb/ff8fe31e7fa3a81d211abe8061d9f1fffce2.udd" 3190
"C:/Users/b.lapeze/AppData/Local/UnrealEngine/Common/DerivedDataCache/Buckets/LegacyTEXTURE/ac/ff/e80c9c2381b224d7fd55ead2bc55374bf8bc.udd" 3191
"C:/Users/b.lapeze/AppData/Local/UnrealEngine/Common/DerivedDataCache/Buckets/LegacyTEXTURE/9a/e5/b752c93810a1b42d415316ec35988f03ed95.udd" 3192
"C:/Users/b.lapeze/AppData/Local/UnrealEngine/Common/DerivedDataCache/Content/13/1c/1bab86dfbd139400bb5a6e881b882acd4d92.udd" 3193
"C:/Users/b.lapeze/AppData/Local/UnrealEngine/Common/DerivedDataCache/Buckets/LegacyTEXTURE/64/fe/e0d58689c818fbfc6760bba3d4d1243f174e.udd" 3194
"C:/Users/b.lapeze/AppData/Local/UnrealEngine/Common/DerivedDataCache/Buckets/LegacyTEXTURE/88/8f/7e08b0043e33f64d1f6ace7fbe23cd5be5c6.udd" 3195
"C:/Users/b.lapeze/AppData/Local/UnrealEngine/Common/DerivedDataCache/Buckets/LegacyTEXTURE/14/4c/d8c60237ce718fac0fc43e90db4b6e4b4df9.udd" 3196
"C:/Users/b.lapeze/AppData/Local/UnrealEngine/Common/DerivedDataCache/Content/73/5b/93fb9372e8f284bcb7f7ea763895d16a3f6b.udd" 3197
"C:/Users/b.lapeze/AppData/Local/UnrealEngine/Common/DerivedDataCache/Buckets/LegacyTEXTURE/64/64/1b1659b8a7fc5be8b18eb3648b4e4ce62ba5.udd" 3198
"C:/Users/b.lapeze/AppData/Local/UnrealEngine/Common/DerivedDataCache/Buckets/LegacyTEXTURE/29/5a/5ba708686f0662665bc4910ee95052482ae4.udd" 3199
"C:/Users/b.lapeze/AppData/Local/UnrealEngine/Common/DerivedDataCache/Buckets/LegacyTEXTURE/b8/96/6b5ace6629a98719a3b04524a41db061fbb4.udd" 3200
"C:/Users/b.lapeze/AppData/Local/UnrealEngine/Common/DerivedDataCache/Content/ec/b0/9527d93e1f0264e9abb704d36b2e5dacb6d3.udd" 3201
"C:/Users/b.lapeze/AppData/Local/UnrealEngine/Common/DerivedDataCache/Buckets/LegacyTEXTURE/d6/eb/14c53ab9632b4ce43c918a39237fb42e2b10.udd" 3202
"C:/Users/b.lapeze/AppData/Local/UnrealEngine/Common/DerivedDataCache/Content/c1/8b/d59b0dad5c316dca58efccd2d6e512989f22.udd" 3203
"C:/Users/b.lapeze/AppData/Local/UnrealEngine/Common/DerivedDataCache/Buckets/LegacyTEXTURE/77/5b/14b745448c371135011a8ad89854d6083eaa.udd" 3204
"C:/Users/b.lapeze/AppData/Local/UnrealEngine/Common/DerivedDataCache/Buckets/LegacyTEXTURE/a2/1b/6e1010fe912e0d93efc39e8af2187f0f8e39.udd" 3205
"C:/Users/b.lapeze/AppData/Local/UnrealEngine/Common/DerivedDataCache/Buckets/LegacyTEXTURE/66/74/b9d68cca388e3b1fa596fc3b7cc88a30ea07.udd" 3206
"C:/Users/b.lapeze/AppData/Local/UnrealEngine/Common/DerivedDataCache/Buckets/LegacyTEXTURE/39/2e/9d36083fc9de67443c4e989c032c4b179d61.udd" 3207
"C:/Users/b.lapeze/AppData/Local/UnrealEngine/Common/DerivedDataCache/Buckets/LegacyTEXTURE/7e/81/1199d1abf37cfe09a7e4cfd33f2ede94f7d5.udd" 3208
"C:/Users/b.lapeze/AppData/Local/UnrealEngine/Common/DerivedDataCache/Buckets/LegacyTEXTURE/22/d0/ab74a4e216386782c38d3e6f73f1cd2040fa.udd" 3209
"C:/Users/b.lapeze/AppData/Local/UnrealEngine/Common/DerivedDataCache/Buckets/LegacyTEXTURE/02/ca/0fe9bd1f13e3ef667700ce194aac4b92f782.udd" 3210
"C:/Users/b.lapeze/AppData/Local/UnrealEngine/Common/DerivedDataCache/Buckets/LegacyTEXTURE/c7/a6/d6aa45d816d37f27dd295ab79eebec5eb7c8.udd" 3211
"C:/Users/b.lapeze/AppData/Local/UnrealEngine/Common/DerivedDataCache/Buckets/LegacyTEXTURE/85/e8/8a63f3961f98ac7edb4562b47ec1260095d2.udd" 3212
"C:/Users/b.lapeze/AppData/Local/UnrealEngine/Common/DerivedDataCache/Buckets/LegacyTEXTURE/16/bb/b6016b5b7f17c339eb9bb63ca9a82c2c676d.udd" 3213
"C:/Users/b.lapeze/AppData/Local/UnrealEngine/Common/DerivedDataCache/Buckets/LegacyTEXTURE/3e/64/cb19c1d1c00224292d0ca40906a241225938.udd" 3214
"C:/Users/b.lapeze/AppData/Local/UnrealEngine/Common/DerivedDataCache/Buckets/LegacyTEXTURE/1b/43/6ea22380afde2f7f93960a7a99f424bb7cd7.udd" 3215
"C:/Users/b.lapeze/AppData/Local/UnrealEngine/Common/DerivedDataCache/Content/b6/89/6efd289bb53594ada0d82ceb03853ba77282.udd" 3216
"C:/Users/b.lapeze/AppData/Local/UnrealEngine/Common/DerivedDataCache/Buckets/LegacyTEXTURE/9b/91/a1227b6c48cf6b9d635662e3b6c6d7987a0f.udd" 3217
"C:/Users/b.lapeze/AppData/Local/UnrealEngine/Common/DerivedDataCache/Content/de/93/cc50850db84b2d04fc8684e40b2368fca768.udd" 3218
"C:/Users/b.lapeze/AppData/Local/UnrealEngine/Common/DerivedDataCache/Content/3d/93/5d9d792f0169fc96796492d233e5ab86188b.udd" 3219
"C:/Users/b.lapeze/AppData/Local/UnrealEngine/Common/DerivedDataCache/Buckets/LegacyTEXTURE/c6/4c/f8dbbf26ee065f1fe78d1124770d85ef9eec.udd" 3220
"C:/Users/b.lapeze/AppData/Local/UnrealEngine/Common/DerivedDataCache/Content/3a/6d/8a3188829ea311f52150c529cb1f26710037.udd" 3221
"C:/Users/b.lapeze/AppData/Local/UnrealEngine/Common/DerivedDataCache/Buckets/LegacyTEXTURE/51/aa/39b777d4fd93a58946ede4ef88521929fd1f.udd" 3222
"C:/Users/b.lapeze/AppData/Local/UnrealEngine/Common/DerivedDataCache/Buckets/LegacyTEXTURE/e1/f4/efd8a217988d31e345454ba35874243206b7.udd" 3223
"C:/Users/b.lapeze/AppData/Local/UnrealEngine/Common/DerivedDataCache/Buckets/LegacyTEXTURE/64/84/bd17a3d07c96c93e368f43ac165f1a58754a.udd" 3224
"C:/Users/b.lapeze/AppData/Local/UnrealEngine/Common/DerivedDataCache/Buckets/LegacyTEXTURE/9c/a8/940add81514222c3fca42f1ee3d8f8fd5085.udd" 3225
"C:/Users/b.lapeze/AppData/Local/UnrealEngine/Common/DerivedDataCache/Buckets/LegacyTEXTURE/87/76/f8ea0ba4fcf2ba8f3cbe92dbef7af776cd01.udd" 3226
"C:/Users/b.lapeze/AppData/Local/UnrealEngine/Common/DerivedDataCache/Buckets/LegacyTEXTURE/f8/b7/8104ff754e1111ce9d5e9deff7e84fc458a9.udd" 3227
"C:/Users/b.lapeze/AppData/Local/UnrealEngine/Common/DerivedDataCache/Buckets/LegacyTEXTURE/fd/ef/7e70ff624eebf357bc66d22095222b759b9f.udd" 3228
"C:/Users/b.lapeze/AppData/Local/UnrealEngine/Common/DerivedDataCache/Content/06/df/45954f5a10b3be9003ad046d8ccf966b230a.udd" 3229
"C:/Users/b.lapeze/AppData/Local/UnrealEngine/Common/DerivedDataCache/Buckets/LegacyTEXTURE/06/de/470ad3f6d0f692dba57f9e9af1709f082996.udd" 3230
"C:/Users/b.lapeze/AppData/Local/UnrealEngine/Common/DerivedDataCache/Buckets/LegacyTEXTURE/fb/5a/2af7d819221bf704b9fb08ee376c8e322ee6.udd" 3231
"C:/Users/b.lapeze/AppData/Local/UnrealEngine/Common/DerivedDataCache/Buckets/LegacyTEXTURE/8e/87/160df45596913cc9aed696b7fec8d400396c.udd" 3232
"C:/Users/b.lapeze/AppData/Local/UnrealEngine/Common/DerivedDataCache/Buckets/LegacyTEXTURE/46/c0/e822667bcb281f7e80d9d59cd81b30045ede.udd" 3233
"C:/Users/b.lapeze/AppData/Local/UnrealEngine/Common/DerivedDataCache/Buckets/LegacyTEXTURE/b8/f4/55516b8566aca1fa69248e36301929114d87.udd" 3234
"C:/Users/b.lapeze/AppData/Local/UnrealEngine/Common/DerivedDataCache/Buckets/LegacyTEXTURE/33/89/c17a7c2b14366f7ba08bf22381f1faf2f2c1.udd" 3235
"C:/Users/b.lapeze/AppData/Local/UnrealEngine/Common/DerivedDataCache/Content/d8/a8/9a8c225eb72f19db74788add322b070bbdaf.udd" 3236
"D:/GitHub/CutyKiller/GAME FOLDER/Content/DONT_USE/Weapon_Pack/Textures/Set/Stain_Glass/StainGlass_Metallic.uasset" 3237
"D:/GitHub/CutyKiller/GAME FOLDER/Content/DONT_USE/Weapon_Pack/Textures/Set/Stain_Glass/StainGlass_Base_Color.uasset" 3238
"D:/GitHub/CutyKiller/GAME FOLDER/Content/DONT_USE/Weapon_Pack/Textures/Set/T_Window_Frames_BaseColor.uasset" 3239
"D:/GitHub/CutyKiller/GAME FOLDER/Content/DONT_USE/Weapon_Pack/Textures/Set/T_Floor_Normal.uasset" 3240
"D:/GitHub/CutyKiller/GAME FOLDER/Content/DONT_USE/Weapon_Pack/Textures/Set/T_Window_Frames_OcclusionRoughnessMetallic.uasset" 3241
"D:/GitHub/CutyKiller/GAME FOLDER/Content/DONT_USE/Weapon_Pack/Textures/Set/T_Window_Frames_Normal.uasset" 3242
"D:/GitHub/CutyKiller/GAME FOLDER/Content/DONT_USE/Weapon_Pack/Textures/Set/T_Floor_BaseColor.uasset" 3243
"D:/GitHub/CutyKiller/GAME FOLDER/Content/DONT_USE/Weapon_Pack/Textures/Set/T_Floor_OcclusionRoughnessMetallic.uasset" 3244
"D:/GitHub/CutyKiller/GAME FOLDER/Content/DONT_USE/Weapon_Pack/Textures/Props/Interior/T_Wood_Props_OcclusionRoughnessMetallic.uasset" 3245
"D:/GitHub/CutyKiller/GAME FOLDER/Content/DONT_USE/Weapon_Pack/Textures/Props/Interior/T_Wood_Props_Normal.uasset" 3246
"D:/GitHub/CutyKiller/GAME FOLDER/Content/DONT_USE/Weapon_Pack/Textures/Props/Interior/T_Wood_Props_BaseColor.uasset" 3247
"C:/Users/b.lapeze/AppData/Local/UnrealEngine/Common/DerivedDataCache/Buckets/LegacyTEXTURE/cd/1d/edb04c7ff44cdae4d363e0bb19332a4cb0b3.udd" 3248
"C:/Users/b.lapeze/AppData/Local/UnrealEngine/Common/DerivedDataCache/Buckets/LegacyTEXTURE/96/20/9fbdef923af5fc878068cc4dd63d3bb0be4b.udd" 3249
"C:/Users/b.lapeze/AppData/Local/UnrealEngine/Common/DerivedDataCache/Buckets/LegacyTEXTURE/18/47/631540e67e0d7106dedb69ab09771ecb763a.udd" 3250
"C:/Users/b.lapeze/AppData/Local/UnrealEngine/Common/DerivedDataCache/Buckets/LegacyTEXTURE/0b/e2/f2cbbe522ef6924ba79a89888c9ca1d77f9a.udd" 3251
"C:/Users/b.lapeze/AppData/Local/UnrealEngine/Common/DerivedDataCache/Buckets/LegacyTEXTURE/95/84/8dd6bdb5a8c4d691bdc5bd917c2de57e007e.udd" 3252
"C:/Users/b.lapeze/AppData/Local/UnrealEngine/Common/DerivedDataCache/Buckets/LegacyTEXTURE/93/34/00579b234039ab6ea1392dc48e92eadf1b19.udd" 3253
"C:/Users/b.lapeze/AppData/Local/UnrealEngine/Common/DerivedDataCache/Buckets/LegacyTEXTURE/71/05/adb513262e30dce1bc3a792c7bd1eb340c88.udd" 3254
"C:/Users/b.lapeze/AppData/Local/UnrealEngine/Common/DerivedDataCache/Content/16/b7/a9912f4cadd8db3ef03306fc9cb5402b24c1.udd" 3255
"C:/Users/b.lapeze/AppData/Local/UnrealEngine/Common/DerivedDataCache/Content/17/4e/b4ccf7678b13ba04ae008100f10e7566f2c2.udd" 3256
"C:/Users/b.lapeze/AppData/Local/UnrealEngine/Common/DerivedDataCache/Buckets/LegacyTEXTURE/03/25/be7c962b7579ed389ad4de4840a97cf68808.udd" 3257
"C:/Users/b.lapeze/AppData/Local/UnrealEngine/Common/DerivedDataCache/Buckets/LegacyTEXTURE/7b/e0/fc6206d5c29aab37dbad3464164fb81e1fd6.udd" 3258
"C:/Users/b.lapeze/AppData/Local/UnrealEngine/Common/DerivedDataCache/Buckets/LegacyTEXTURE/c4/d5/ecf326e9292e681e95c73eb284caadf09729.udd" 3259
"C:/Users/b.lapeze/AppData/Local/UnrealEngine/Common/DerivedDataCache/Buckets/LegacyTEXTURE/6d/08/19d11ecdfc5860dbd6b6217318d6941483eb.udd" 3260
"C:/Users/b.lapeze/AppData/Local/UnrealEngine/Common/DerivedDataCache/Buckets/LegacyTEXTURE/bb/33/732a97e2a4b181fd6d0a792aa12254a4bce7.udd" 3261
"C:/Users/b.lapeze/AppData/Local/UnrealEngine/Common/DerivedDataCache/Buckets/LegacyTEXTURE/c3/19/f1c67eed0c51a515d04bd2ca8874816712d5.udd" 3262
"C:/Users/b.lapeze/AppData/Local/UnrealEngine/Common/DerivedDataCache/Buckets/LegacyTEXTURE/ca/1d/2e5b9bcefcac9d4aa5fbbb9816c19ef81ad3.udd" 3263
"C:/Users/b.lapeze/AppData/Local/UnrealEngine/Common/DerivedDataCache/Buckets/LegacyTEXTURE/82/e5/a8b37713d9dd578d3b1a093e3611ea22292f.udd" 3264
"C:/Users/b.lapeze/AppData/Local/UnrealEngine/Common/DerivedDataCache/Buckets/LegacyTEXTURE/89/fc/63678ca618412e0d35904fcd6ccd4b623b3a.udd" 3265
"D:/GitHub/CutyKiller/GAME FOLDER/Content/DONT_USE/Weapon_Pack/Textures/Props/Interior/T_Prop_Set3_OcclusionRoughnessMetallic.uasset" 3266
"D:/GitHub/CutyKiller/GAME FOLDER/Content/DONT_USE/Weapon_Pack/Textures/Props/Interior/T_Prop_Set3_BaseColor.uasset" 3267
"C:/Users/b.lapeze/AppData/Local/UnrealEngine/Common/DerivedDataCache/Buckets/LegacyTEXTURE/48/a3/997c76f46e8c507b8cf5354439836b127867.udd" 3268
"C:/Users/b.lapeze/AppData/Local/UnrealEngine/Common/DerivedDataCache/Buckets/LegacyTEXTURE/17/f5/8b6ee4387670a9adbb247010db1b7ee0a6ab.udd" 3269
"C:/Users/b.lapeze/AppData/Local/UnrealEngine/Common/DerivedDataCache/Buckets/LegacyTEXTURE/f0/97/065540a2b7ea508ba1913767fef79a284ae1.udd" 3270
"C:/Users/b.lapeze/AppData/Local/UnrealEngine/Common/DerivedDataCache/Buckets/LegacyTEXTURE/1e/b9/6ab823764e81b499bbf42e685ae805852499.udd" 3271
"C:/Users/b.lapeze/AppData/Local/UnrealEngine/Common/DerivedDataCache/Buckets/LegacyTEXTURE/89/3f/2f76f4b4119572cb62ec2107a90f73ebdf3f.udd" 3272
"C:/Users/b.lapeze/AppData/Local/UnrealEngine/Common/DerivedDataCache/Content/78/83/b51f8ca49e46035a48311158eb297118b612.udd" 3273
"C:/Users/b.lapeze/AppData/Local/UnrealEngine/Common/DerivedDataCache/Content/aa/54/72fb76d3a788b92c58f6d23a34c7ec7f3406.udd" 3274
"C:/Users/b.lapeze/AppData/Local/UnrealEngine/Common/DerivedDataCache/Buckets/LegacyTEXTURE/49/b3/8869d2da76e67b30dac9c2a3d43e08116211.udd" 3275
"C:/Users/b.lapeze/AppData/Local/UnrealEngine/Common/DerivedDataCache/Buckets/LegacyTEXTURE/0e/7c/478d4f1a5f95147ca019d4d4e8f2d0763b7a.udd" 3276
"C:/Users/b.lapeze/AppData/Local/UnrealEngine/Common/DerivedDataCache/Buckets/LegacyTEXTURE/1e/89/be2b0d12ef387966ebaf618f200019463b9f.udd" 3277
"C:/Users/b.lapeze/AppData/Local/UnrealEngine/Common/DerivedDataCache/Buckets/LegacyTEXTURE/bb/10/81570d55d71a4b40344fea5e613db6fbe61c.udd" 3278
"C:/Users/b.lapeze/AppData/Local/UnrealEngine/Common/DerivedDataCache/Buckets/LegacyTEXTURE/63/20/82d9c339085d9b88a4e102e0004d12fcc839.udd" 3279
"C:/Users/b.lapeze/AppData/Local/UnrealEngine/Common/DerivedDataCache/Buckets/LegacyTEXTURE/e4/a5/b02aba1355c8c7382c1a240c249a423746be.udd" 3280
"C:/Users/b.lapeze/AppData/Local/UnrealEngine/Common/DerivedDataCache/Content/35/4c/6aa96a1988e8d22a4ad2c1a5d285c7cb1236.udd" 3281
"C:/Users/b.lapeze/AppData/Local/UnrealEngine/Common/DerivedDataCache/Content/de/f8/3b4a52eda050fd7d590a305721881d5f71b2.udd" 3282
"C:/Users/b.lapeze/AppData/Local/UnrealEngine/Common/DerivedDataCache/Buckets/LegacyTEXTURE/e6/8c/b7e5267bd318905e1035f1e2b3b842d48f3e.udd" 3283
"C:/Users/b.lapeze/AppData/Local/UnrealEngine/Common/DerivedDataCache/Buckets/LegacyTEXTURE/62/d0/6db9c7291ede6e096b82bc953ab28a5db47e.udd" 3284
"C:/Users/b.lapeze/AppData/Local/UnrealEngine/Common/DerivedDataCache/Buckets/LegacyTEXTURE/ec/40/2e7058609fbc4bbdda339d2370d62dfb55d5.udd" 3285
"C:/Users/b.lapeze/AppData/Local/UnrealEngine/Common/DerivedDataCache/Buckets/LegacyTEXTURE/b8/6d/3554dc619d53b4e2fdeac4d907173298696f.udd" 3286
"C:/Users/b.lapeze/AppData/Local/UnrealEngine/Common/DerivedDataCache/Buckets/LegacyTEXTURE/74/e7/f61b9ba304184209eeaa3e823d91b5beabfa.udd" 3287
"C:/Users/b.lapeze/AppData/Local/UnrealEngine/Common/DerivedDataCache/Buckets/LegacyTEXTURE/20/1b/5e6b72dd3efdf57d565bd1518be7b6d5a7cb.udd" 3288
"C:/Users/b.lapeze/AppData/Local/UnrealEngine/Common/DerivedDataCache/Buckets/LegacyTEXTURE/23/86/8d09edae08c55f8acca05ba4ed84d76a0984.udd" 3289
"C:/Users/b.lapeze/AppData/Local/UnrealEngine/Common/DerivedDataCache/Content/45/c8/eacd805b215a4fed1ed218d4627dcb1a1e1e.udd" 3290
"D:/GitHub/CutyKiller/GAME FOLDER/Content/DONT_USE/Weapon_Pack/Textures/Props/Interior/T_Prop_Set3_Normal.uasset" 3291
"C:/Users/b.lapeze/AppData/Local/UnrealEngine/Common/DerivedDataCache/Content/6c/03/9a23da9259a8df56f7fb0ba152b8c4212389.udd" 3292
"C:/Users/b.lapeze/AppData/Local/UnrealEngine/Common/DerivedDataCache/Content/fe/a6/7d1914b1f43e14af0fbe9d36e15303c15ec9.udd" 3293
"C:/Users/b.lapeze/AppData/Local/UnrealEngine/Common/DerivedDataCache/Buckets/LegacyTEXTURE/03/b2/486c5ee4d66039232cda3361a2ced33c6e3b.udd" 3294
"C:/Users/b.lapeze/AppData/Local/UnrealEngine/Common/DerivedDataCache/Buckets/LegacyTEXTURE/aa/dd/d58150a93913388a509e55ba5321c4f9a8df.udd" 3295
"D:/GitHub/CutyKiller/GAME FOLDER/Content/DONT_USE/Weapon_Pack/Textures/Props/Interior/T_Props2_OcclusionRoughnessMetallic.uasset" 3296
"C:/Users/b.lapeze/AppData/Local/UnrealEngine/Common/DerivedDataCache/Buckets/LegacyTEXTURE/18/d5/38e38563d51d442ef4d7c2a54ed6d707e993.udd" 3297
"C:/Users/b.lapeze/AppData/Local/UnrealEngine/Common/DerivedDataCache/Buckets/LegacyTEXTURE/f9/ed/05f00b46895fd7100b62a18ae37f1e62ba1f.udd" 3298
"C:/Users/b.lapeze/AppData/Local/UnrealEngine/Common/DerivedDataCache/Buckets/LegacyTEXTURE/4d/21/62ec161312abd94b36817bb91d8cd191cfb8.udd" 3299
"C:/Users/b.lapeze/AppData/Local/UnrealEngine/Common/DerivedDataCache/Buckets/LegacyTEXTURE/bf/ca/e9b6744afadeaa5b70545d1c4af22689cc04.udd" 3300
"C:/Users/b.lapeze/AppData/Local/UnrealEngine/Common/DerivedDataCache/Buckets/LegacyTEXTURE/da/98/1a0e5b4b5a540483a40b376fa2aded72c15f.udd" 3301
"C:/Users/b.lapeze/AppData/Local/UnrealEngine/Common/DerivedDataCache/Buckets/LegacyTEXTURE/e2/b0/1d40f81b6a9779adc456aa823cbfe330644c.udd" 3302
"C:/Users/b.lapeze/AppData/Local/UnrealEngine/Common/DerivedDataCache/Buckets/LegacyTEXTURE/52/13/18f224ec1220d89d0d3c02141d868003a815.udd" 3303
"C:/Users/b.lapeze/AppData/Local/UnrealEngine/Common/DerivedDataCache/Buckets/LegacyTEXTURE/6e/57/775b4b7a0affdef577fdb119b337a600eaf3.udd" 3304
"C:/Users/b.lapeze/AppData/Local/UnrealEngine/Common/DerivedDataCache/Buckets/LegacyTEXTURE/43/8e/7e19bf87d07d17a2680c6660c37bdfe380e7.udd" 3305
"C:/Users/b.lapeze/AppData/Local/UnrealEngine/Common/DerivedDataCache/Buckets/LegacyTEXTURE/af/98/1c0f6b26c157722c82c08ef0bc068ecc7d29.udd" 3306
"C:/Users/b.lapeze/AppData/Local/UnrealEngine/Common/DerivedDataCache/Buckets/LegacyTEXTURE/a4/da/9b7e8c83cc07e6dfa8ce0df1cfc61c7b1606.udd" 3307
"C:/Users/b.lapeze/AppData/Local/UnrealEngine/Common/DerivedDataCache/Buckets/LegacyTEXTURE/9e/58/4c01358235ee3c277f27037295bb8177bc74.udd" 3308
"C:/Users/b.lapeze/AppData/Local/UnrealEngine/Common/DerivedDataCache/Content/88/cb/9524f27a96f16ca218d1c7b184c67a5fa8d8.udd" 3309
"C:/Users/b.lapeze/AppData/Local/UnrealEngine/Common/DerivedDataCache/Buckets/LegacyTEXTURE/c8/3d/5c52cfb4d769531283411d95650d4d4ecc5e.udd" 3310
"C:/Users/b.lapeze/AppData/Local/UnrealEngine/Common/DerivedDataCache/Buckets/LegacyTEXTURE/fd/61/288d04663dcff1265a74a5a6c3bb51db7b53.udd" 3311
"C:/Users/b.lapeze/AppData/Local/UnrealEngine/Common/DerivedDataCache/Buckets/LegacyTEXTURE/77/76/fca51f5729b605b2cc09f6688e3353e99088.udd" 3312
"C:/Users/b.lapeze/AppData/Local/UnrealEngine/Common/DerivedDataCache/Buckets/LegacyTEXTURE/f4/72/4377f018fcaa847f9ad2d696184b9e55178b.udd" 3313
"C:/Users/b.lapeze/AppData/Local/UnrealEngine/Common/DerivedDataCache/Buckets/LegacyTEXTURE/b2/9b/a49441e5e20995ee3e505f6d2c084c1229d8.udd" 3314
"C:/Users/b.lapeze/AppData/Local/UnrealEngine/Common/DerivedDataCache/Content/40/8a/f9be7f5569b99ff2aec6a9dfeb2bfe5129eb.udd" 3315
"C:/Users/b.lapeze/AppData/Local/UnrealEngine/Common/DerivedDataCache/Content/62/89/ad2c2154a2284153e33788a24a48fae2f341.udd" 3316
"C:/Users/b.lapeze/AppData/Local/UnrealEngine/Common/DerivedDataCache/Buckets/LegacyTEXTURE/d2/73/0c5381ef60efd15b9a788a076725c3c56b1a.udd" 3317
"C:/Users/b.lapeze/AppData/Local/UnrealEngine/Common/DerivedDataCache/Buckets/LegacyTEXTURE/b1/40/2aacf25ae8ca6d988299495d8eea039e99d9.udd" 3318
"C:/Users/b.lapeze/AppData/Local/UnrealEngine/Common/DerivedDataCache/Content/0e/00/ad77a8d3133dfc88ef2a0d0909e7d88a6c24.udd" 3319
"C:/Users/b.lapeze/AppData/Local/UnrealEngine/Common/DerivedDataCache/Buckets/LegacyTEXTURE/63/6b/bd37df86d1057be2db9ed1fd60ec28d79dd9.udd" 3320
"C:/Users/b.lapeze/AppData/Local/UnrealEngine/Common/DerivedDataCache/Buckets/LegacyTEXTURE/57/5a/5e699be2e35c7968d1cedb2794de8c21953c.udd" 3321
"C:/Users/b.lapeze/AppData/Local/UnrealEngine/Common/DerivedDataCache/Buckets/LegacyTEXTURE/a0/39/29a9b416c43c1e7fd698e9ac66b46323cb18.udd" 3322
"C:/Users/b.lapeze/AppData/Local/UnrealEngine/Common/DerivedDataCache/Buckets/LegacyTEXTURE/b0/08/8a626a5fc74ccf77a4c6b0fdc265680ee6be.udd" 3323
"C:/Users/b.lapeze/AppData/Local/UnrealEngine/Common/DerivedDataCache/Buckets/LegacyTEXTURE/89/16/7d554f7f95081c89a159c5e4ffc327fbfb9a.udd" 3324
"C:/Users/b.lapeze/AppData/Local/UnrealEngine/Common/DerivedDataCache/Buckets/LegacyTEXTURE/c2/a5/215eee3aa1886ae539b3628964d7d97fb2d6.udd" 3325
"C:/Users/b.lapeze/AppData/Local/UnrealEngine/Common/DerivedDataCache/Content/73/e8/231ece97e4fe6037e249d5c672d0d453f395.udd" 3326
"C:/Users/b.lapeze/AppData/Local/UnrealEngine/Common/DerivedDataCache/Content/89/af/9344f65d16069255ce76c3748d145b9ba037.udd" 3327
"C:/Users/b.lapeze/AppData/Local/UnrealEngine/Common/DerivedDataCache/Buckets/LegacyTEXTURE/7b/be/b99f2be2424578392e10900c13edae40f444.udd" 3328
"C:/Users/b.lapeze/AppData/Local/UnrealEngine/Common/DerivedDataCache/Buckets/LegacyTEXTURE/88/c7/d456221d08fe73fbcba8c43069d6863e6943.udd" 3329
"C:/Users/b.lapeze/AppData/Local/UnrealEngine/Common/DerivedDataCache/Buckets/LegacyTEXTURE/fa/89/3dcb71c125056dae0b1d5d5e41e221e0e21a.udd" 3330
"C:/Users/b.lapeze/AppData/Local/UnrealEngine/Common/DerivedDataCache/Buckets/LegacyTEXTURE/5f/7c/8964eee25806d2cc1bd48db21cbcdf02fee6.udd" 3331
"C:/Users/b.lapeze/AppData/Local/UnrealEngine/Common/DerivedDataCache/Buckets/LegacyTEXTURE/6d/39/3736a61850810e6ddd53731584d4222c18a8.udd" 3332
"C:/Users/b.lapeze/AppData/Local/UnrealEngine/Common/DerivedDataCache/Buckets/LegacyTEXTURE/2b/f4/b9c448a9f0744f8a520fd3d528adecf9582c.udd" 3333
"C:/Users/b.lapeze/AppData/Local/UnrealEngine/Common/DerivedDataCache/Buckets/LegacyTEXTURE/8c/11/c71adfc60746f186e711f7d1b3fdd9c30c0f.udd" 3334
"C:/Users/b.lapeze/AppData/Local/UnrealEngine/Common/DerivedDataCache/Buckets/LegacyTEXTURE/70/d3/f2207060a61e80aa95486f9eac113ceacfa5.udd" 3335
"C:/Users/b.lapeze/AppData/Local/UnrealEngine/Common/DerivedDataCache/Content/f9/a0/c2c03f648cbd05f4f3aa77dbe011609505ca.udd" 3336
"C:/Users/b.lapeze/AppData/Local/UnrealEngine/Common/DerivedDataCache/Content/fd/80/58393d0726a7ec82e4b72e6f74618f8b607c.udd" 3337
"C:/Users/b.lapeze/AppData/Local/UnrealEngine/Common/DerivedDataCache/Content/9d/dc/e9c1dd901bebc102a9e300509f44f18ef82b.udd" 3338
"C:/Users/b.lapeze/AppData/Local/UnrealEngine/Common/DerivedDataCache/Buckets/LegacyTEXTURE/71/28/b5e383642e2a2bc83ac32f248eb59753fd6b.udd" 3339
"C:/Users/b.lapeze/AppData/Local/UnrealEngine/Common/DerivedDataCache/Buckets/LegacyTEXTURE/4d/7e/36f81f1ab5487ef4ae15200fee654cb71007.udd" 3340
"C:/Users/b.lapeze/AppData/Local/UnrealEngine/Common/DerivedDataCache/Buckets/LegacyTEXTURE/9b/d4/ab016f70460ada1b1faaecf131025cb33eb5.udd" 3341
"C:/Users/b.lapeze/AppData/Local/UnrealEngine/Common/DerivedDataCache/Buckets/LegacyTEXTURE/d9/ae/04c942650725f4c0fe9c934408e2f2d62b45.udd" 3342
"C:/Users/b.lapeze/AppData/Local/UnrealEngine/Common/DerivedDataCache/Buckets/LegacyTEXTURE/39/7f/1ff6334c46e2000d055ce45dccff5f37cb3a.udd" 3343
"C:/Users/b.lapeze/AppData/Local/UnrealEngine/Common/DerivedDataCache/Content/b3/c0/0f1f4ed5db5a1da45b8262b4f1564fa2657d.udd" 3344
"C:/Users/b.lapeze/AppData/Local/UnrealEngine/Common/DerivedDataCache/Buckets/LegacyTEXTURE/f6/2b/c709456b553d4421d19da3ef4ef1dc8cb63f.udd" 3345
"C:/Users/b.lapeze/AppData/Local/UnrealEngine/Common/DerivedDataCache/Buckets/LegacyTEXTURE/53/53/a488d4d9be19a9cecb5892f4fcf8215021bd.udd" 3346
"C:/Users/b.lapeze/AppData/Local/UnrealEngine/Common/DerivedDataCache/Buckets/LegacyTEXTURE/b4/44/4a52a5c172f621e4c25e51c51301313d5282.udd" 3347
"C:/Users/b.lapeze/AppData/Local/UnrealEngine/Common/DerivedDataCache/Buckets/LegacyTEXTURE/3c/f4/e7c04e5b7b1ea930a9c3f81476e72c93c05c.udd" 3348
"C:/Users/b.lapeze/AppData/Local/UnrealEngine/Common/DerivedDataCache/Content/c2/e5/645a77bb32c0b27d6860621ef316e24c26cc.udd" 3349
"C:/Users/b.lapeze/AppData/Local/UnrealEngine/Common/DerivedDataCache/Buckets/LegacyTEXTURE/e3/c1/bd09830c9e81f2ea5b9b0f03ae9cff56d78d.udd" 3350
"C:/Users/b.lapeze/AppData/Local/UnrealEngine/Common/DerivedDataCache/Buckets/LegacyTEXTURE/47/2c/c0774f4b30b6fe45bcfb77895d078cdc44c7.udd" 3351
"C:/Users/b.lapeze/AppData/Local/UnrealEngine/Common/DerivedDataCache/Buckets/LegacyTEXTURE/15/c9/d1baf388a5ecc0a0b1abcf721890e25166e7.udd" 3352
"C:/Users/b.lapeze/AppData/Local/UnrealEngine/Common/DerivedDataCache/Buckets/LegacyTEXTURE/53/8a/2a0707894540c07ce154d7ec145dbce687b7.udd" 3353
"C:/Users/b.lapeze/AppData/Local/UnrealEngine/Common/DerivedDataCache/Buckets/LegacyTEXTURE/ac/7f/a6707a1a790e3eeee37426fcb92cde41ec5c.udd" 3354
"C:/Users/b.lapeze/AppData/Local/UnrealEngine/Common/DerivedDataCache/Buckets/LegacyTEXTURE/2b/eb/9bc742774d0b6a263ae4886fffe7120d89bd.udd" 3355
"C:/Users/b.lapeze/AppData/Local/UnrealEngine/Common/DerivedDataCache/Content/43/b0/110c1d6bd28b5d5a5c1c78407c795a9388a0.udd" 3356
"C:/Users/b.lapeze/AppData/Local/UnrealEngine/Common/DerivedDataCache/Content/50/da/695b12189e060978c4563a8a4c5821b60d65.udd" 3357
"C:/Users/b.lapeze/AppData/Local/UnrealEngine/Common/DerivedDataCache/Content/62/7a/5e6a43a2220c86f239b993d301e091f329ce.udd" 3358
"C:/Users/b.lapeze/AppData/Local/UnrealEngine/Common/DerivedDataCache/Buckets/LegacyTEXTURE/ae/45/fc95f06e0d86971dc34bdadd6e6900e51327.udd" 3359
"C:/Users/b.lapeze/AppData/Local/UnrealEngine/Common/DerivedDataCache/Buckets/LegacyTEXTURE/e8/41/417978c08db54a0aef5ce57de8ee8fcec321.udd" 3360
"C:/Users/b.lapeze/AppData/Local/UnrealEngine/Common/DerivedDataCache/Buckets/LegacyTEXTURE/03/9c/50a872f3042a66cdfafbd54c7e1cefdef19d.udd" 3361
"C:/Users/b.lapeze/AppData/Local/UnrealEngine/Common/DerivedDataCache/Buckets/LegacyTEXTURE/cd/2f/c0c25c41ceb466d0b2e0d867e446d67b2a74.udd" 3362
"C:/Users/b.lapeze/AppData/Local/UnrealEngine/Common/DerivedDataCache/Buckets/LegacyTEXTURE/0b/19/acb7d01cacdd8081e0b9bdec67cb8f2bf0f9.udd" 3363
"C:/Users/b.lapeze/AppData/Local/UnrealEngine/Common/DerivedDataCache/Buckets/LegacyTEXTURE/dc/dc/9536611431417be65ee9e3db8a006af39018.udd" 3364
"C:/Users/b.lapeze/AppData/Local/UnrealEngine/Common/DerivedDataCache/Content/5b/c0/b39a971ffde2bd92134be1bd3957264165a1.udd" 3365
"C:/Users/b.lapeze/AppData/Local/UnrealEngine/Common/DerivedDataCache/Buckets/LegacyTEXTURE/6a/41/8d0235b5ddbd51f506e3ffe5e699b3fc0e33.udd" 3366
"C:/Users/b.lapeze/AppData/Local/UnrealEngine/Common/DerivedDataCache/Buckets/LegacyTEXTURE/22/b8/a1438114946b1cb54674901a31ae2ba3bfd7.udd" 3367
"C:/Users/b.lapeze/AppData/Local/UnrealEngine/Common/DerivedDataCache/Buckets/LegacyTEXTURE/a1/42/daa8c4cfded1bd9b0c483e63b8096ace2285.udd" 3368
"C:/Users/b.lapeze/AppData/Local/UnrealEngine/Common/DerivedDataCache/Buckets/LegacyTEXTURE/ce/db/85ab1eb8d7bad5def69f99c086e91de95b44.udd" 3369
"C:/Users/b.lapeze/AppData/Local/UnrealEngine/Common/DerivedDataCache/Buckets/LegacyTEXTURE/6f/92/1a3af76e619ef80a74c122998dd827bd690a.udd" 3370
"C:/Users/b.lapeze/AppData/Local/UnrealEngine/Common/DerivedDataCache/Buckets/LegacyTEXTURE/81/af/0dfc0d6c3b48388f83d54de7737a4fd948fb.udd" 3371
"C:/Users/b.lapeze/AppData/Local/UnrealEngine/Common/DerivedDataCache/Buckets/LegacyTEXTURE/d5/07/81869782282e332b5e396cad447d4e0ed2e3.udd" 3372
"C:/Users/b.lapeze/AppData/Local/UnrealEngine/Common/DerivedDataCache/Buckets/LegacyTEXTURE/17/53/3f7025bebd13d96338239381194d86f9ef3c.udd" 3373
"C:/Users/b.lapeze/AppData/Local/UnrealEngine/Common/DerivedDataCache/Buckets/LegacyTEXTURE/d7/70/8d740d4439c444b0baed194796562b857f73.udd" 3374
"C:/Users/b.lapeze/AppData/Local/UnrealEngine/Common/DerivedDataCache/Buckets/LegacyTEXTURE/c5/d4/396ad92c2cba93143fa4a39e4f257c363bf3.udd" 3375
"C:/Users/b.lapeze/AppData/Local/UnrealEngine/Common/DerivedDataCache/Buckets/LegacyTEXTURE/16/34/5befb348669cc4460e1b8f2653d64921c0d1.udd" 3376
"C:/Users/b.lapeze/AppData/Local/UnrealEngine/Common/DerivedDataCache/Buckets/LegacyTEXTURE/24/38/e24295c1ef313324893877a479349fdf957b.udd" 3377
"C:/Users/b.lapeze/AppData/Local/UnrealEngine/Common/DerivedDataCache/Content/3b/7b/eb573badb18bca2c73a55a3bdeea096d5bad.udd" 3378
"C:/Users/b.lapeze/AppData/Local/UnrealEngine/Common/DerivedDataCache/Buckets/LegacyTEXTURE/4d/54/1760322761a72672d33b2286a65a5b851cc5.udd" 3379
"C:/Users/b.lapeze/AppData/Local/UnrealEngine/Common/DerivedDataCache/Buckets/LegacyTEXTURE/5e/3b/58a1cf9859b79c8dfbe538af063545a18a3b.udd" 3380
"C:/Users/b.lapeze/AppData/Local/UnrealEngine/Common/DerivedDataCache/Buckets/LegacyTEXTURE/d4/60/82615ba1ae4d63f738b66a702d6c1c08297c.udd" 3381
"C:/Users/b.lapeze/AppData/Local/UnrealEngine/Common/DerivedDataCache/Buckets/LegacyTEXTURE/25/1c/95cdd1ed906dd5e58dc29ffdcb311df96d61.udd" 3382
"C:/Users/b.lapeze/AppData/Local/UnrealEngine/Common/DerivedDataCache/Buckets/LegacyTEXTURE/32/1d/fd2181f106ef6fddc9eade2d724d43bae93e.udd" 3383
"C:/Users/b.lapeze/AppData/Local/UnrealEngine/Common/DerivedDataCache/Content/65/5f/3f9d9eaed9957bd6057292d5f39b6f18ccd4.udd" 3384
"C:/Users/b.lapeze/AppData/Local/UnrealEngine/Common/DerivedDataCache/Buckets/LegacyTEXTURE/91/09/8e946cb337284a837fc012e9962accdc41cf.udd" 3385
"C:/Users/b.lapeze/AppData/Local/UnrealEngine/Common/DerivedDataCache/Buckets/LegacyTEXTURE/eb/af/f0677060b1a1981168dbfe403da71c5a5e43.udd" 3386
"C:/Users/b.lapeze/AppData/Local/UnrealEngine/Common/DerivedDataCache/Content/fa/c9/1efdb79b4406dd1c2125b21ae8fde6c6ecb1.udd" 3387
"D:/GitHub/CutyKiller/GAME FOLDER/Content/DONT_USE/Weapon_Pack/Textures/Props/Interior/T_Props2_Normal.uasset" 3388
"D:/GitHub/CutyKiller/GAME FOLDER/Content/DONT_USE/Weapon_Pack/Textures/Props/Interior/T_Props2_BaseColor.uasset" 3389
"D:/GitHub/CutyKiller/GAME FOLDER/Content/DONT_USE/Weapon_Pack/Textures/Props/Interior/T_Props1_OcclusionRoughnessMetallic.uasset" 3390
"D:/GitHub/CutyKiller/GAME FOLDER/Content/DONT_USE/Weapon_Pack/Textures/Props/Interior/T_Banner_Normal.uasset" 3391
"D:/GitHub/CutyKiller/GAME FOLDER/Content/DONT_USE/Weapon_Pack/Textures/Props/Interior/T_Props1_BaseColor.uasset" 3392
"D:/GitHub/CutyKiller/GAME FOLDER/Content/DONT_USE/Weapon_Pack/Textures/Props/Interior/T_Banners_OcclusionRoughnessMetallic.uasset" 3393
"D:/GitHub/CutyKiller/GAME FOLDER/Content/DONT_USE/Weapon_Pack/Textures/Props/Interior/T_Banners_Normal.uasset" 3394
"D:/GitHub/CutyKiller/GAME FOLDER/Content/DONT_USE/Weapon_Pack/Textures/Props/Interior/T_Banner_BaseColor.uasset" 3395
"D:/GitHub/CutyKiller/GAME FOLDER/Content/DONT_USE/Weapon_Pack/Skeletal_Mesh/SK_Throwing_PhysicsAsset.uasset" 3396
"D:/GitHub/CutyKiller/GAME FOLDER/Content/DONT_USE/Weapon_Pack/Textures/HDRI/HDRI_Epic_Courtyard_Daylight.uasset" 3397
"D:/GitHub/CutyKiller/GAME FOLDER/Content/DONT_USE/Weapon_Pack/Skeletal_Mesh/SK_Throwing_Skeleton.uasset" 3398
"D:/GitHub/CutyKiller/GAME FOLDER/Content/DONT_USE/Weapon_Pack/Skeletal_Mesh/SK_Sword_PhysicsAsset.uasset" 3399
"D:/GitHub/CutyKiller/GAME FOLDER/Content/DONT_USE/Weapon_Pack/Skeletal_Mesh/SK_Sword_Skeleton.uasset" 3400
"C:/Users/b.lapeze/AppData/Local/UnrealEngine/Common/DerivedDataCache/Buckets/LegacyTEXTURE/a5/bb/42a1c1d5e5f9bcfeb321ae673652a7a59dc3.udd" 3401
"C:/Users/b.lapeze/AppData/Local/UnrealEngine/Common/DerivedDataCache/Buckets/LegacyTEXTURE/ec/2f/fb1204f67dc5551ce3863df7b961c15a3a3a.udd" 3402
"C:/Users/b.lapeze/AppData/Local/UnrealEngine/Common/DerivedDataCache/Buckets/LegacyTEXTURE/bf/b7/022418425972ecfdac703c27ef088c8090fe.udd" 3403
"C:/Users/b.lapeze/AppData/Local/UnrealEngine/Common/DerivedDataCache/Buckets/LegacyTEXTURE/30/e4/309e7cd8992f4b5306d9da79e22220bdbaa1.udd" 3404
"C:/Users/b.lapeze/AppData/Local/UnrealEngine/Common/DerivedDataCache/Buckets/LegacyTEXTURE/19/62/28491425668cfaf3e96065af132156dba0d3.udd" 3405
"C:/Users/b.lapeze/AppData/Local/UnrealEngine/Common/DerivedDataCache/Buckets/LegacyTEXTURE/88/a4/4bd15675b51380792d46b47dec2da037c3e7.udd" 3406
"C:/Users/b.lapeze/AppData/Local/UnrealEngine/Common/DerivedDataCache/Content/52/2a/c3dc9f23ad5de8aae1ad9c5f038ee47ef7c0.udd" 3407
"C:/Users/b.lapeze/AppData/Local/UnrealEngine/Common/DerivedDataCache/Buckets/LegacyTEXTURE/a6/f2/4d8d4c20be9afa86bbf86aadd19cb2fac626.udd" 3408
"D:/GitHub/CutyKiller/GAME FOLDER/Content/DONT_USE/Weapon_Pack/Skeletal_Mesh/SK_Spear_Skeleton.uasset" 3409
"C:/Users/b.lapeze/AppData/Local/UnrealEngine/Common/DerivedDataCache/Buckets/LegacyTEXTURE/30/0c/7baa6005d9fcb596c94db921c824251215f9.udd" 3410
"C:/Users/b.lapeze/AppData/Local/UnrealEngine/Common/DerivedDataCache/Buckets/LegacyTEXTURE/a4/8f/cc32eea2adf274a46fcba4e1b5a0d14bdd2f.udd" 3411
"C:/Users/b.lapeze/AppData/Local/UnrealEngine/Common/DerivedDataCache/Buckets/LegacyTEXTURE/ca/a7/f3ff0984b4e6d5fe431df275dc2e8fd88f86.udd" 3412
"C:/Users/b.lapeze/AppData/Local/UnrealEngine/Common/DerivedDataCache/Buckets/LegacyTEXTURE/4b/3b/23871334d61c1817d3f6eaa7d03c1f39a287.udd" 3413
"C:/Users/b.lapeze/AppData/Local/UnrealEngine/Common/DerivedDataCache/Buckets/LegacyTEXTURE/9e/2e/255eb58905365ad8945bc09626f0826fe272.udd" 3414
"C:/Users/b.lapeze/AppData/Local/UnrealEngine/Common/DerivedDataCache/Buckets/LegacyTEXTURE/5a/58/292af11f2304fe272cbc6ea19f718a8cd2eb.udd" 3415
"C:/Users/b.lapeze/AppData/Local/UnrealEngine/Common/DerivedDataCache/Buckets/LegacyTEXTURE/c1/44/4be81857df44ec2b50d556f12b293e5c38d4.udd" 3416
"C:/Users/b.lapeze/AppData/Local/UnrealEngine/Common/DerivedDataCache/Buckets/LegacyTEXTURE/21/a2/7595bae0616f4ab18a1ef72b25fac5b50258.udd" 3417
"D:/GitHub/CutyKiller/GAME FOLDER/Content/DONT_USE/Weapon_Pack/Skeletal_Mesh/SK_Spear_PhysicsAsset.uasset" 3418
"C:/Users/b.lapeze/AppData/Local/UnrealEngine/Common/DerivedDataCache/Buckets/LegacyTEXTURE/4d/c0/d09565769be15f39bc2ce4f240e606d2551b.udd" 3419
"C:/Users/b.lapeze/AppData/Local/UnrealEngine/Common/DerivedDataCache/Buckets/LegacyTEXTURE/ca/92/615601ba0b6bfeedf9beb4208fc46421a43d.udd" 3420
"C:/Users/b.lapeze/AppData/Local/UnrealEngine/Common/DerivedDataCache/Buckets/LegacyTEXTURE/ce/55/b585e0a1ce1a5b4f3b1a7ff1cbc2641bb66a.udd" 3421
"C:/Users/b.lapeze/AppData/Local/UnrealEngine/Common/DerivedDataCache/Buckets/LegacyTEXTURE/bc/7c/5688f55a4e395e0ec71799abe1922413e3c1.udd" 3422
"C:/Users/b.lapeze/AppData/Local/UnrealEngine/Common/DerivedDataCache/Buckets/LegacyTEXTURE/60/08/ad394792908820185e9f0065bd52301da368.udd" 3423
"C:/Users/b.lapeze/AppData/Local/UnrealEngine/Common/DerivedDataCache/Content/eb/1c/89303baf72d57b93f99abdfafe65a7696a9e.udd" 3424
"C:/Users/b.lapeze/AppData/Local/UnrealEngine/Common/DerivedDataCache/Buckets/LegacyTEXTURE/32/6b/6ca67b6341fa9e3e68a1eecbacddfba3dd10.udd" 3425
"C:/Users/b.lapeze/AppData/Local/UnrealEngine/Common/DerivedDataCache/Buckets/LegacyTEXTURE/13/d1/409e3273785f42db014589774fe04585e1c8.udd" 3426
"C:/Users/b.lapeze/AppData/Local/UnrealEngine/Common/DerivedDataCache/Content/a1/3e/4bf28cafcfb40a7fd46f60375efaac1db3bd.udd" 3427
"C:/Users/b.lapeze/AppData/Local/UnrealEngine/Common/DerivedDataCache/Buckets/LegacyTEXTURE/70/fa/ce08b66906523c93e02f243b052a59be1c6b.udd" 3428
"C:/Users/b.lapeze/AppData/Local/UnrealEngine/Common/DerivedDataCache/Buckets/LegacyTEXTURE/dd/78/5ad7c57d7b02f2891aa4f93b032400cb73b1.udd" 3429
"C:/Users/b.lapeze/AppData/Local/UnrealEngine/Common/DerivedDataCache/Content/a1/fd/dccc5ae87c093bb8043a4c545096a8934d69.udd" 3430
"C:/Users/b.lapeze/AppData/Local/UnrealEngine/Common/DerivedDataCache/Content/19/00/5e19b5ebd759a73aa98038a4975c3408e378.udd" 3431
"C:/Users/b.lapeze/AppData/Local/UnrealEngine/Common/DerivedDataCache/Buckets/LegacyTEXTURE/80/80/17ad61b0c508e2046a1a85261687bf9e4266.udd" 3432
"C:/Users/b.lapeze/AppData/Local/UnrealEngine/Common/DerivedDataCache/Buckets/LegacyTEXTURE/02/b3/b833f10ca701a4cd7f79554f36d66a9823f1.udd" 3433
"D:/GitHub/CutyKiller/GAME FOLDER/Content/DONT_USE/Weapon_Pack/Textures/Noise/TilingNoise02.uasset" 3434
"C:/Users/b.lapeze/AppData/Local/UnrealEngine/Common/DerivedDataCache/Buckets/LegacyTEXTURE/34/c2/0351db403f24fd5e228b9b7e50bb7d231736.udd" 3435
"C:/Users/b.lapeze/AppData/Local/UnrealEngine/Common/DerivedDataCache/Buckets/LegacyTEXTURE/6c/97/35cb4116e2062125ea68d2adad53500479b7.udd" 3436
"C:/Users/b.lapeze/AppData/Local/UnrealEngine/Common/DerivedDataCache/Buckets/LegacyTEXTURE/3a/6d/88c1ba9989ad2aa2bb07fcf6ee3f101341f0.udd" 3437
"C:/Users/b.lapeze/AppData/Local/UnrealEngine/Common/DerivedDataCache/Content/fc/2e/3e946032973f707ff958fc0c4aae553a15f2.udd" 3438
"C:/Users/b.lapeze/AppData/Local/UnrealEngine/Common/DerivedDataCache/Content/8a/bb/bd0e7f495a925d4c5c12f106330fe36f447e.udd" 3439
"C:/Users/b.lapeze/AppData/Local/UnrealEngine/Common/DerivedDataCache/Buckets/LegacyTEXTURE/e9/b9/cc0ac124dfde8e7ec382907e9e840ff9d8b5.udd" 3440
"C:/Users/b.lapeze/AppData/Local/UnrealEngine/Common/DerivedDataCache/Buckets/LegacyTEXTURE/3c/bb/db161ce456e41966b8c8fd41b9e89e192090.udd" 3441
"C:/Users/b.lapeze/AppData/Local/UnrealEngine/Common/DerivedDataCache/Buckets/LegacyTEXTURE/6f/de/1dfda1563ae7329aaf7f21f6ed7ec1e1cb56.udd" 3442
"C:/Users/b.lapeze/AppData/Local/UnrealEngine/Common/DerivedDataCache/Buckets/LegacyTEXTURE/81/4d/4578e189734953b805b6f4e1fcd66aac261b.udd" 3443
"C:/Users/b.lapeze/AppData/Local/UnrealEngine/Common/DerivedDataCache/Buckets/LegacyTEXTURE/78/c4/8ad961d49eb040bddf0b89c7140e196b8c9b.udd" 3444
"C:/Users/b.lapeze/AppData/Local/UnrealEngine/Common/DerivedDataCache/Buckets/LegacyTEXTURE/91/d4/a2de63e6949914990b4a7af0aa403dca3961.udd" 3445
"C:/Users/b.lapeze/AppData/Local/UnrealEngine/Common/DerivedDataCache/Buckets/LegacyTEXTURE/81/f1/972452742b1804b8c1c8c5a2f9d20dbd9a62.udd" 3446
"C:/Users/b.lapeze/AppData/Local/UnrealEngine/Common/DerivedDataCache/Buckets/LegacyTEXTURE/f6/4e/5d3267fdbdd17d5670e9b17401dc33392e8f.udd" 3447
"C:/Users/b.lapeze/AppData/Local/UnrealEngine/Common/DerivedDataCache/Buckets/LegacyTEXTURE/02/50/c8da28b98651d4b94fee3e6936f0b3d568ca.udd" 3448
"C:/Users/b.lapeze/AppData/Local/UnrealEngine/Common/DerivedDataCache/Buckets/LegacyTEXTURE/4a/77/62cd82fe4ed3329cb0e74941f537ed342b4a.udd" 3449
"C:/Users/b.lapeze/AppData/Local/UnrealEngine/Common/DerivedDataCache/Buckets/LegacyTEXTURE/cb/ba/58c172fb3757d0398d3decdf8bc0d8f39066.udd" 3450
"C:/Users/b.lapeze/AppData/Local/UnrealEngine/Common/DerivedDataCache/Buckets/LegacyTEXTURE/87/7c/e4cb19d9976956df154b0b9063898e3d0640.udd" 3451
"C:/Users/b.lapeze/AppData/Local/UnrealEngine/Common/DerivedDataCache/Buckets/LegacyTEXTURE/4d/fb/3affe1d8f67ca91ff9f5821c4be27d547461.udd" 3452
"C:/Users/b.lapeze/AppData/Local/UnrealEngine/Common/DerivedDataCache/Content/0d/06/14a81e7d785e3dff2252bccf051c8568e017.udd" 3453
"C:/Users/b.lapeze/AppData/Local/UnrealEngine/Common/DerivedDataCache/Buckets/LegacyTEXTURE/0e/f1/469bc485984bd2bb49a021f3898dc08c2d93.udd" 3454
"C:/Users/b.lapeze/AppData/Local/UnrealEngine/Common/DerivedDataCache/Buckets/LegacyTEXTURE/79/74/d6216d461fad14b8ab4fc6b0782a03ea53b5.udd" 3455
"C:/Users/b.lapeze/AppData/Local/UnrealEngine/Common/DerivedDataCache/Buckets/LegacyTEXTURE/6e/cd/9fa582313a45de304f6c3afaa46caa278064.udd" 3456
"C:/Users/b.lapeze/AppData/Local/UnrealEngine/Common/DerivedDataCache/Buckets/LegacyTEXTURE/4f/f2/a0e10a8f159a7f8833cf1aa7ebce94aa4f37.udd" 3457
"C:/Users/b.lapeze/AppData/Local/UnrealEngine/Common/DerivedDataCache/Buckets/LegacyTEXTURE/80/41/30dc3ccce571517e7958d26d56c1735fab9f.udd" 3458
"C:/Users/b.lapeze/AppData/Local/UnrealEngine/Common/DerivedDataCache/Content/a6/96/0b9e7db8f937c6fef694c7c30db0cccd8276.udd" 3459
"C:/Users/b.lapeze/AppData/Local/UnrealEngine/Common/DerivedDataCache/Buckets/LegacyTEXTURE/e1/b0/543161aeeb060049564b3303c3af12a70c6b.udd" 3460
"C:/Users/b.lapeze/AppData/Local/UnrealEngine/Common/DerivedDataCache/Buckets/LegacyTEXTURE/9a/23/28f41128e698847767560d339ae2f14ff82b.udd" 3461
"C:/Users/b.lapeze/AppData/Local/UnrealEngine/Common/DerivedDataCache/Buckets/LegacyTEXTURE/4a/e7/18a6a1b7182141635d4f1a4e6826225d6b1a.udd" 3462
"C:/Users/b.lapeze/AppData/Local/UnrealEngine/Common/DerivedDataCache/Buckets/LegacyTEXTURE/01/3c/b5efc268accd9263175aef66f694d11ff705.udd" 3463
"C:/Users/b.lapeze/AppData/Local/UnrealEngine/Common/DerivedDataCache/Content/4a/42/ba60a89084209b1ae93e2b73abf5f82de50c.udd" 3464
"C:/Users/b.lapeze/AppData/Local/UnrealEngine/Common/DerivedDataCache/Buckets/LegacyTEXTURE/35/d5/e626847be576c4d7a33547a4d4dd275ef982.udd" 3465
"C:/Users/b.lapeze/AppData/Local/UnrealEngine/Common/DerivedDataCache/Buckets/LegacyTEXTURE/6e/68/7d9386e89dcec7ace8444f557893cc166bfd.udd" 3466
"C:/Users/b.lapeze/AppData/Local/UnrealEngine/Common/DerivedDataCache/Content/f8/e0/b0d6b22f44670be1904ecd419b7218caaddd.udd" 3467
"C:/Users/b.lapeze/AppData/Local/UnrealEngine/Common/DerivedDataCache/Buckets/LegacyTEXTURE/b3/24/cc639eee6bf8b0dda6f65449a751a359efdd.udd" 3468
"C:/Users/b.lapeze/AppData/Local/UnrealEngine/Common/DerivedDataCache/Buckets/LegacyTEXTURE/43/dd/3d74bb8489160154782824e8e42e7031e8d3.udd" 3469
"C:/Users/b.lapeze/AppData/Local/UnrealEngine/Common/DerivedDataCache/Content/b6/67/9f944c8ff6dc0a459819eb6bea50aa79a4ac.udd" 3470
"C:/Users/b.lapeze/AppData/Local/UnrealEngine/Common/DerivedDataCache/Content/a1/5e/923f03d18851f3cbf56a0d82dfdd060611e8.udd" 3471
"C:/Users/b.lapeze/AppData/Local/UnrealEngine/Common/DerivedDataCache/Buckets/LegacyTEXTURE/d6/5a/2b60bb3c74d2ec32f540ff749dd4df63645d.udd" 3472
"C:/Users/b.lapeze/AppData/Local/UnrealEngine/Common/DerivedDataCache/Buckets/LegacyTEXTURE/91/22/45eb61d4107822913ac43901a6968cebbbac.udd" 3473
"C:/Users/b.lapeze/AppData/Local/UnrealEngine/Common/DerivedDataCache/Buckets/LegacyTEXTURE/96/ac/be89c05301e2023eabea5aba1288593fb285.udd" 3474
"C:/Users/b.lapeze/AppData/Local/UnrealEngine/Common/DerivedDataCache/Buckets/LegacyTEXTURE/c0/ee/2e67ee4f4a83aaf7cc72c615c3b3d5e10219.udd" 3475
"C:/Users/b.lapeze/AppData/Local/UnrealEngine/Common/DerivedDataCache/Buckets/LegacyTEXTURE/35/49/4a85b42673330a173a2df3003a9d982baaf5.udd" 3476
"D:/GitHub/CutyKiller/GAME FOLDER/Content/DONT_USE/Weapon_Pack/Textures/Props/Interior/T_Props1_Normal.uasset" 3477
"C:/Users/b.lapeze/AppData/Local/UnrealEngine/Common/DerivedDataCache/Buckets/LegacyTEXTURE/3e/e3/8e18649e027a6e7e259da9d7f29e3fa03309.udd" 3478
"C:/Users/b.lapeze/AppData/Local/UnrealEngine/Common/DerivedDataCache/Buckets/LegacyTEXTURE/04/1e/39a6bb6f922a21d9d37c5a58e87e79e81311.udd" 3479
"C:/Users/b.lapeze/AppData/Local/UnrealEngine/Common/DerivedDataCache/Buckets/LegacyTEXTURE/d7/47/e633eb78333e02cdbc33de9e735f83797fab.udd" 3480
"C:/Users/b.lapeze/AppData/Local/UnrealEngine/Common/DerivedDataCache/Content/12/a5/35fe45a4918567bc64c9de2955e2ca1cea4e.udd" 3481
"C:/Users/b.lapeze/AppData/Local/UnrealEngine/Common/DerivedDataCache/Buckets/LegacyTEXTURE/67/81/7c55405e432489d497283299138ccb3d68b5.udd" 3482
"C:/Users/b.lapeze/AppData/Local/UnrealEngine/Common/DerivedDataCache/Buckets/LegacyTEXTURE/09/a6/ca64113dcee4f07effa97a6cf8480c90051d.udd" 3483
"C:/Users/b.lapeze/AppData/Local/UnrealEngine/Common/DerivedDataCache/Buckets/LegacyTEXTURE/db/aa/d52f330a3cba2a52ef9aebee53e68bc1a75d.udd" 3484
"C:/Users/b.lapeze/AppData/Local/UnrealEngine/Common/DerivedDataCache/Buckets/LegacyTEXTURE/1c/62/2baa05a94a699d9787da3345bf4094da4991.udd" 3485
"C:/Users/b.lapeze/AppData/Local/UnrealEngine/Common/DerivedDataCache/Content/6a/f0/2d9554b7b08c4916f1ecfc7a87f165f3d8fe.udd" 3486
"C:/Users/b.lapeze/AppData/Local/UnrealEngine/Common/DerivedDataCache/Buckets/LegacyTEXTURE/18/56/6f65e891e7417e55e3f42d08ac28458ab3ae.udd" 3487
"C:/Users/b.lapeze/AppData/Local/UnrealEngine/Common/DerivedDataCache/Buckets/LegacyTEXTURE/ef/cd/0eac8df5405fc0b65ce458c05665dad3bccd.udd" 3488
"C:/Users/b.lapeze/AppData/Local/UnrealEngine/Common/DerivedDataCache/Content/b0/f5/a27ac5757a77586749be1ab87d228bf7ec13.udd" 3489
"C:/Users/b.lapeze/AppData/Local/UnrealEngine/Common/DerivedDataCache/Buckets/LegacyTEXTURE/cd/a3/155a15844791b6360c0ee981fd901fdf0b50.udd" 3490
"C:/Users/b.lapeze/AppData/Local/UnrealEngine/Common/DerivedDataCache/Buckets/LegacyTEXTURE/9d/13/22621185d4cc0caac871b45e68d01ce6001e.udd" 3491
"C:/Users/b.lapeze/AppData/Local/UnrealEngine/Common/DerivedDataCache/Buckets/LegacyTEXTURE/b8/29/f5784fc478595e3a4d47aabebe7510c1cf19.udd" 3492
"C:/Users/b.lapeze/AppData/Local/UnrealEngine/Common/DerivedDataCache/Buckets/LegacyTEXTURE/12/72/c8ed4b28e35aa79502d119d13706a5138d80.udd" 3493
"C:/Users/b.lapeze/AppData/Local/UnrealEngine/Common/DerivedDataCache/Buckets/LegacyTEXTURE/5a/00/68ae7160fc2e00b8289ad4ac1fe1abe23aa4.udd" 3494
"C:/Users/b.lapeze/AppData/Local/UnrealEngine/Common/DerivedDataCache/Buckets/LegacyTEXTURE/f5/0b/b6ee36e9d085e0e62cf2186d30e30d509fba.udd" 3495
"C:/Users/b.lapeze/AppData/Local/UnrealEngine/Common/DerivedDataCache/Buckets/LegacyTEXTURE/a4/eb/1f8074669e46ca4ada545602918bf7eedc90.udd" 3496
"C:/Users/b.lapeze/AppData/Local/UnrealEngine/Common/DerivedDataCache/Buckets/LegacyTEXTURE/67/83/5f50b077aee2de50045ebe470e8a7574da35.udd" 3497
"C:/Users/b.lapeze/AppData/Local/UnrealEngine/Common/DerivedDataCache/Buckets/LegacyTEXTURE/79/f9/a4b9e4823ebd8604bd262d99b7d7286289df.udd" 3498
"C:/Users/b.lapeze/AppData/Local/UnrealEngine/Common/DerivedDataCache/Content/13/61/1492ad94263b3205991430f0d35bb425c707.udd" 3499
"C:/Users/b.lapeze/AppData/Local/UnrealEngine/Common/DerivedDataCache/Buckets/LegacyTEXTURE/85/11/18769b4c12205d018301e9d2dfc25a9c7d74.udd" 3500
"C:/Users/b.lapeze/AppData/Local/UnrealEngine/Common/DerivedDataCache/Buckets/LegacyTEXTURE/de/06/e0e4831ac624e57b582c7c572597b8eabc38.udd" 3501
"C:/Users/b.lapeze/AppData/Local/UnrealEngine/Common/DerivedDataCache/Content/5e/a5/d9045aa1e1a992cae9118992d1b1b7a39138.udd" 3502
"C:/Users/b.lapeze/AppData/Local/UnrealEngine/Common/DerivedDataCache/Buckets/LegacyTEXTURE/7b/38/7ab6eb7b4b69339c6fddee6b34e9caa4627b.udd" 3503
"C:/Users/b.lapeze/AppData/Local/UnrealEngine/Common/DerivedDataCache/Buckets/LegacyTEXTURE/0c/07/356b0b11b8dc291ed1bf96d391ca3c0303fe.udd" 3504
"C:/Users/b.lapeze/AppData/Local/UnrealEngine/Common/DerivedDataCache/Buckets/LegacyTEXTURE/9f/27/c66ce66425281c7d968e07be928e100aa9a2.udd" 3505
"C:/Users/b.lapeze/AppData/Local/UnrealEngine/Common/DerivedDataCache/Buckets/LegacyTEXTURE/f1/13/c05ba0cd27f030d715f437fb5e144be8e809.udd" 3506
"C:/Users/b.lapeze/AppData/Local/UnrealEngine/Common/DerivedDataCache/Buckets/LegacyTEXTURE/83/51/6d37bd457656a4677ea174272ec8a88a850d.udd" 3507
"C:/Users/b.lapeze/AppData/Local/UnrealEngine/Common/DerivedDataCache/Content/3d/68/8bcb76680bd5627a83ce89bc876ca9bc376b.udd" 3508
"C:/Users/b.lapeze/AppData/Local/UnrealEngine/Common/DerivedDataCache/Buckets/LegacyTEXTURE/31/46/8851fc2443ade2ef14ee3bb55d44d9ebf9f8.udd" 3509
"C:/Users/b.lapeze/AppData/Local/UnrealEngine/Common/DerivedDataCache/Content/07/4f/61ddf1e203c2ad45bb3f239c5d682c02ad79.udd" 3510
"C:/Users/b.lapeze/AppData/Local/UnrealEngine/Common/DerivedDataCache/Content/ac/17/17f6d07fa1739b5500920347a9f428903bce.udd" 3511
"C:/Users/b.lapeze/AppData/Local/UnrealEngine/Common/DerivedDataCache/Buckets/LegacyTEXTURE/d1/16/c1abf22069171305693b0218511db6fc998b.udd" 3512
"C:/Users/b.lapeze/AppData/Local/UnrealEngine/Common/DerivedDataCache/Content/cc/d3/1b91e052bd80108c7c1179f55a4418cc1923.udd" 3513
"C:/Users/b.lapeze/AppData/Local/UnrealEngine/Common/DerivedDataCache/Buckets/LegacyTEXTURE/f1/27/46522fbe1be48071ca55e4b128020db7f2c1.udd" 3514
"C:/Users/b.lapeze/AppData/Local/UnrealEngine/Common/DerivedDataCache/Buckets/LegacyTEXTURE/b8/c7/a184f541afaa41611df5a3f7fa83930ba7e3.udd" 3515
"C:/Users/b.lapeze/AppData/Local/UnrealEngine/Common/DerivedDataCache/Content/7a/ce/1f9cd5de0ba1898945bbc3c3fb469436a503.udd" 3516
"C:/Users/b.lapeze/AppData/Local/UnrealEngine/Common/DerivedDataCache/Buckets/LegacyTEXTURE/18/58/9d909ac5353e922ad5b8ae405d9ffa69f6cb.udd" 3517
"C:/Users/b.lapeze/AppData/Local/UnrealEngine/Common/DerivedDataCache/Buckets/LegacyTEXTURE/a6/2a/097cbdd2864c59c1c67ca23ee5c959855b5a.udd" 3518
"C:/Users/b.lapeze/AppData/Local/UnrealEngine/Common/DerivedDataCache/Buckets/LegacyTEXTURE/8e/38/9a8461438bc2d07e28392dbe7e0a04b08ba6.udd" 3519
"C:/Users/b.lapeze/AppData/Local/UnrealEngine/Common/DerivedDataCache/Buckets/LegacyTEXTURE/0f/87/24cf5b7ec4c0dcdf0a7df7235ccc90c109b1.udd" 3520
"C:/Users/b.lapeze/AppData/Local/UnrealEngine/Common/DerivedDataCache/Buckets/LegacyTEXTURE/bc/14/46a0b016bf67f8cea9cae9cca1466fe57f10.udd" 3521
"C:/Users/b.lapeze/AppData/Local/UnrealEngine/Common/DerivedDataCache/Content/5d/a7/fe742cd1bb1a5ab562e6bdb558e0842a27e8.udd" 3522
"C:/Users/b.lapeze/AppData/Local/UnrealEngine/Common/DerivedDataCache/Buckets/LegacyTEXTURE/eb/8f/b5108d9e91fdc3d4163ae7f5d5a57965aa1f.udd" 3523
"C:/Users/b.lapeze/AppData/Local/UnrealEngine/Common/DerivedDataCache/Buckets/LegacyTEXTURE/3e/38/e5335a3b694a3a8a9b3e1bfb0e9ddbd18c6b.udd" 3524
"C:/Users/b.lapeze/AppData/Local/UnrealEngine/Common/DerivedDataCache/Buckets/LegacyTEXTURE/33/19/fcdf29acb06b507306b16edd8206a08949f3.udd" 3525
"C:/Users/b.lapeze/AppData/Local/UnrealEngine/Common/DerivedDataCache/Content/cb/98/473b804d8ce662026d47f2c7965d79f1acde.udd" 3526
"C:/Users/b.lapeze/AppData/Local/UnrealEngine/Common/DerivedDataCache/Buckets/LegacyTEXTURE/92/40/adf4874b59be8b8adeb0bc8d2babf1baec6c.udd" 3527
"C:/Users/b.lapeze/AppData/Local/UnrealEngine/Common/DerivedDataCache/Buckets/LegacyTEXTURE/59/28/c7227d0daf0588f9ef7f24a7c530f4731834.udd" 3528
"C:/Users/b.lapeze/AppData/Local/UnrealEngine/Common/DerivedDataCache/Buckets/LegacyTEXTURE/33/45/0d3a8cde6ad47598d9538400290a2112edf1.udd" 3529
"C:/Users/b.lapeze/AppData/Local/UnrealEngine/Common/DerivedDataCache/Buckets/LegacyTEXTURE/1b/bc/44f61449b84f7f95e601eaece7e3ad647fb2.udd" 3530
"C:/Users/b.lapeze/AppData/Local/UnrealEngine/Common/DerivedDataCache/Buckets/LegacyTEXTURE/d2/5a/f21660636c59ad3bdc7108e068ee2ff80a1e.udd" 3531
"C:/Users/b.lapeze/AppData/Local/UnrealEngine/Common/DerivedDataCache/Buckets/LegacyTEXTURE/3c/5a/2d0e39a65daf39b11a6f3e08ded865f3c654.udd" 3532
"C:/Users/b.lapeze/AppData/Local/UnrealEngine/Common/DerivedDataCache/Buckets/LegacyTEXTURE/0b/1b/d91e87b590a41d197672089dba5ee24c0a02.udd" 3533
"C:/Users/b.lapeze/AppData/Local/UnrealEngine/Common/DerivedDataCache/Content/21/2e/e3e832727418a066f73f18431a809832d2f2.udd" 3534
"C:/Users/b.lapeze/AppData/Local/UnrealEngine/Common/DerivedDataCache/Buckets/LegacyTEXTURE/5d/4e/6a4383d8eacadd29bbaed918e57229c763d6.udd" 3535
"C:/Users/b.lapeze/AppData/Local/UnrealEngine/Common/DerivedDataCache/Buckets/LegacyTEXTURE/34/c9/99f49e7e7a12f14dc2ef6e81b3749c2bf585.udd" 3536
"C:/Users/b.lapeze/AppData/Local/UnrealEngine/Common/DerivedDataCache/Buckets/LegacyTEXTURE/7a/19/ac9b7dd4727d04b9d0f97cff1bf0b1e8a464.udd" 3537
"C:/Users/b.lapeze/AppData/Local/UnrealEngine/Common/DerivedDataCache/Buckets/LegacyTEXTURE/1c/07/05fa148776e130fc0b31abb20597ff4f2cfd.udd" 3538
"D:/GitHub/CutyKiller/GAME FOLDER/Content/DONT_USE/Weapon_Pack/Skeletal_Mesh/SK_Sickle_Skeleton.uasset" 3539
"D:/GitHub/CutyKiller/GAME FOLDER/Content/DONT_USE/Weapon_Pack/Skeletal_Mesh/SK_Sickle_PhysicsAsset.uasset" 3540
"D:/GitHub/CutyKiller/GAME FOLDER/Content/DONT_USE/Weapon_Pack/Skeletal_Mesh/SK_Shield_Skeleton.uasset" 3541
"D:/GitHub/CutyKiller/GAME FOLDER/Content/DONT_USE/Weapon_Pack/Skeletal_Mesh/SK_Shield_PhysicsAsset.uasset" 3542
"D:/GitHub/CutyKiller/GAME FOLDER/Content/DONT_USE/Weapon_Pack/Skeletal_Mesh/SK_Mace_Skeleton.uasset" 3543
"D:/GitHub/CutyKiller/GAME FOLDER/Content/DONT_USE/Weapon_Pack/Skeletal_Mesh/SK_Mace_PhysicsAsset.uasset" 3544
"D:/GitHub/CutyKiller/GAME FOLDER/Content/DONT_USE/Weapon_Pack/Skeletal_Mesh/SK_GreatHammer_Skeleton.uasset" 3545
"D:/GitHub/CutyKiller/GAME FOLDER/Content/DONT_USE/Weapon_Pack/Skeletal_Mesh/SK_H2H_Skeleton.uasset" 3546
"D:/GitHub/CutyKiller/GAME FOLDER/Content/DONT_USE/Weapon_Pack/Skeletal_Mesh/SK_H2H_PhysicsAsset.uasset" 3547
"D:/GitHub/CutyKiller/GAME FOLDER/Content/DONT_USE/Weapon_Pack/Skeletal_Mesh/SK_GreatHammer_PhysicsAsset.uasset" 3548
"D:/GitHub/CutyKiller/GAME FOLDER/Content/DONT_USE/Weapon_Pack/Skeletal_Mesh/SK_GreatAxe_PhysicsAsset.uasset" 3549
"D:/GitHub/CutyKiller/GAME FOLDER/Content/DONT_USE/Weapon_Pack/Skeletal_Mesh/SK_GreatAxe_Skeleton.uasset" 3550
"D:/GitHub/CutyKiller/GAME FOLDER/Content/DONT_USE/Weapon_Pack/Skeletal_Mesh/SK_Dagger_2_PhysicsAsset.uasset" 3551
"D:/GitHub/CutyKiller/GAME FOLDER/Content/DONT_USE/Weapon_Pack/Skeletal_Mesh/SK_Dagger_2_Skeleton.uasset" 3552
"D:/GitHub/CutyKiller/GAME FOLDER/Content/DONT_USE/Weapon_Pack/Skeletal_Mesh/SK_Dagger_1_Skeleton.uasset" 3553
"D:/GitHub/CutyKiller/GAME FOLDER/Content/DONT_USE/Weapon_Pack/Skeletal_Mesh/SK_Dagger_1_PhysicsAsset.uasset" 3554
"C:/Users/b.lapeze/AppData/Local/UnrealEngine/Common/DerivedDataCache/Buckets/LegacyTEXTURE/17/64/a5d6a077a7d53bd9e3bfbd8d38a4bf04c6bf.udd" 3555
"C:/Users/b.lapeze/AppData/Local/UnrealEngine/Common/DerivedDataCache/Buckets/LegacyTEXTURE/07/8d/b79e81d56725564be55b842884971c463c40.udd" 3556
"C:/Users/b.lapeze/AppData/Local/UnrealEngine/Common/DerivedDataCache/Buckets/LegacyTEXTURE/22/67/ad750bb6ddd23af2bf390f8ce676b374ab09.udd" 3557
"C:/Users/b.lapeze/AppData/Local/UnrealEngine/Common/DerivedDataCache/Buckets/LegacyTEXTURE/9b/b5/0e1e7883c9fb62efe788656bd35b74e2ccb1.udd" 3558
"C:/Users/b.lapeze/AppData/Local/UnrealEngine/Common/DerivedDataCache/Buckets/LegacyTEXTURE/91/e7/bf740e58c0b56a322218cc8ce869877f4858.udd" 3559
"C:/Users/b.lapeze/AppData/Local/UnrealEngine/Common/DerivedDataCache/Buckets/LegacyTEXTURE/cd/3a/88b8950a2645ff35d61584b8bd1ef1167088.udd" 3560
"C:/Users/b.lapeze/AppData/Local/UnrealEngine/Common/DerivedDataCache/Buckets/LegacyTEXTURE/50/e3/493f3aedb555f49e561ad29553b3ce77ee8f.udd" 3561
"C:/Users/b.lapeze/AppData/Local/UnrealEngine/Common/DerivedDataCache/Buckets/LegacyTEXTURE/87/99/020067298b0a83c7d51fff7ce20d77c22cea.udd" 3562
"C:/Users/b.lapeze/AppData/Local/UnrealEngine/Common/DerivedDataCache/Buckets/LegacyTEXTURE/32/a2/801aacfeee5937a27fbd99d5309aaf711949.udd" 3563
"C:/Users/b.lapeze/AppData/Local/UnrealEngine/Common/DerivedDataCache/Buckets/LegacyTEXTURE/aa/0f/6210ae242ece403ccbb0b16460c2341cbebb.udd" 3564
"C:/Users/b.lapeze/AppData/Local/UnrealEngine/Common/DerivedDataCache/Buckets/LegacyTEXTURE/14/83/d4560bdb5454dc3ceccd384c9b6aff81224a.udd" 3565
"C:/Users/b.lapeze/AppData/Local/UnrealEngine/Common/DerivedDataCache/Buckets/LegacyTEXTURE/0b/76/2d29c45c120868981cd0d1854605a0ef9628.udd" 3566
"C:/Users/b.lapeze/AppData/Local/UnrealEngine/Common/DerivedDataCache/Buckets/LegacyTEXTURE/f9/56/5c35ae33af836dd0ae08c1fd3109bcfa1223.udd" 3567
"C:/Users/b.lapeze/AppData/Local/UnrealEngine/Common/DerivedDataCache/Buckets/LegacyTEXTURE/4c/2b/f26614d201519101a29d8037c6d47b4c38b7.udd" 3568
"C:/Users/b.lapeze/AppData/Local/UnrealEngine/Common/DerivedDataCache/Buckets/LegacyTEXTURE/5d/5c/648828ebc63e5b9fbdd69337cd05afb041f0.udd" 3569
"C:/Users/b.lapeze/AppData/Local/UnrealEngine/Common/DerivedDataCache/Content/0b/77/538d2d8b37a14e2a22ee1a5657b30a52b256.udd" 3570
"C:/Users/b.lapeze/AppData/Local/UnrealEngine/Common/DerivedDataCache/Content/e4/0c/6f2820890ea816e3b4892f24dd1808906bc6.udd" 3571
"C:/Users/b.lapeze/AppData/Local/UnrealEngine/Common/DerivedDataCache/Buckets/LegacyTEXTURE/81/9f/47721ba8c2853e8355e0d7e41af3b88d6e73.udd" 3572
"C:/Users/b.lapeze/AppData/Local/UnrealEngine/Common/DerivedDataCache/Content/28/c8/ad99b740f0f29d0af34f45211dec8f1376bc.udd" 3573
"C:/Users/b.lapeze/AppData/Local/UnrealEngine/Common/DerivedDataCache/Content/5a/34/1de9ec4a441b8bb7cf49c9b5c803847f152a.udd" 3574
"C:/Users/b.lapeze/AppData/Local/UnrealEngine/Common/DerivedDataCache/Content/8b/07/c934a53fdc96b0beccafd7754e0cb34a7609.udd" 3575
"C:/Users/b.lapeze/AppData/Local/UnrealEngine/Common/DerivedDataCache/Buckets/LegacyTEXTURE/63/e9/99e17f993844ff0f6a79aa8e32161140cd3f.udd" 3576
"C:/Users/b.lapeze/AppData/Local/UnrealEngine/Common/DerivedDataCache/Buckets/LegacyTEXTURE/81/51/4c01f097e42ff98d3dac7f5067df02cde7d5.udd" 3577
"C:/Users/b.lapeze/AppData/Local/UnrealEngine/Common/DerivedDataCache/Buckets/LegacyTEXTURE/cc/f2/113a240b887b62393b4a8b62090d69ed2a16.udd" 3578
"C:/Users/b.lapeze/AppData/Local/UnrealEngine/Common/DerivedDataCache/Content/29/31/c7db469d17f8040f937fad30af153dd1031d.udd" 3579
"C:/Users/b.lapeze/AppData/Local/UnrealEngine/Common/DerivedDataCache/Buckets/LegacyTEXTURE/32/e2/85adb7813ae1549fb7fcc2b3aae5fa6aa933.udd" 3580
"C:/Users/b.lapeze/AppData/Local/UnrealEngine/Common/DerivedDataCache/Buckets/LegacyTEXTURE/c0/9d/853fb007983beafad9034a536f3c116c932d.udd" 3581
"C:/Users/b.lapeze/AppData/Local/UnrealEngine/Common/DerivedDataCache/Buckets/LegacyTEXTURE/a1/2c/4a50974f151e0ba5b22671550adb205dad0b.udd" 3582
"C:/Users/b.lapeze/AppData/Local/UnrealEngine/Common/DerivedDataCache/Buckets/LegacyTEXTURE/81/9d/ef2d9db4a295c2f08b298d45c6f0c86bcb89.udd" 3583
"C:/Users/b.lapeze/AppData/Local/UnrealEngine/Common/DerivedDataCache/Buckets/LegacyTEXTURE/ae/09/e7f9b7d74a1d7c8d23fd303de7be94d769a9.udd" 3584
"C:/Users/b.lapeze/AppData/Local/UnrealEngine/Common/DerivedDataCache/Buckets/LegacyTEXTURE/97/ee/2d8360734ade734ba92f7fba18a9ecabbd6a.udd" 3585
"C:/Users/b.lapeze/AppData/Local/UnrealEngine/Common/DerivedDataCache/Buckets/LegacyTEXTURE/c3/8f/f896c374e23c8814e3d001fa27b029725816.udd" 3586
"C:/Users/b.lapeze/AppData/Local/UnrealEngine/Common/DerivedDataCache/Content/cb/fb/5b6a015ee9dfe5d1aaa096b43e05fba544ad.udd" 3587
"C:/Users/b.lapeze/AppData/Local/UnrealEngine/Common/DerivedDataCache/Buckets/LegacyTEXTURE/8d/92/34dbd8c468f6aa77aa0dce88a15229c449d2.udd" 3588
"C:/Users/b.lapeze/AppData/Local/UnrealEngine/Common/DerivedDataCache/Buckets/LegacyTEXTURE/38/c5/0ddb2467d9225e5c81ca3aa9ae4ecbf16f86.udd" 3589
"C:/Users/b.lapeze/AppData/Local/UnrealEngine/Common/DerivedDataCache/Buckets/LegacyTEXTURE/f4/0c/9dd0932a62a18b93fd5c83a61bcfaca39314.udd" 3590
"C:/Users/b.lapeze/AppData/Local/UnrealEngine/Common/DerivedDataCache/Content/e7/50/1f98f643b9dbcd5dccf4d279f077f78550e9.udd" 3591
"C:/Users/b.lapeze/AppData/Local/UnrealEngine/Common/DerivedDataCache/Buckets/LegacyTEXTURE/f9/15/db40455064db1070b9fc24cbd9b3c1061c17.udd" 3592
"C:/Users/b.lapeze/AppData/Local/UnrealEngine/Common/DerivedDataCache/Buckets/LegacyTEXTURE/66/f6/b36ec3533c62f4094b375761b8d8da5ddd97.udd" 3593
"C:/Users/b.lapeze/AppData/Local/UnrealEngine/Common/DerivedDataCache/Buckets/LegacyTEXTURE/08/14/c1062edb0a91c909cb0ee4f9d64aed4dd0d6.udd" 3594
"C:/Users/b.lapeze/AppData/Local/UnrealEngine/Common/DerivedDataCache/Content/68/6f/0ca37b3108224e18bd775aca574139069d3a.udd" 3595
"C:/Users/b.lapeze/AppData/Local/UnrealEngine/Common/DerivedDataCache/Buckets/LegacyTEXTURE/b5/e3/efc7f9b8a7a45012f2093ca4e63368e5308b.udd" 3596
"C:/Users/b.lapeze/AppData/Local/UnrealEngine/Common/DerivedDataCache/Buckets/LegacyTEXTURE/eb/06/5a7b6f6080892f041e991e11dda31951fd38.udd" 3597
"C:/Users/b.lapeze/AppData/Local/UnrealEngine/Common/DerivedDataCache/Buckets/LegacyTEXTURE/60/f5/883d4c6462ab7d5664b377575cfb4c059814.udd" 3598
"C:/Users/b.lapeze/AppData/Local/UnrealEngine/Common/DerivedDataCache/Buckets/LegacyTEXTURE/3a/46/dc82f4344a96d9ea97a6b8b404bf7122b093.udd" 3599
"C:/Users/b.lapeze/AppData/Local/UnrealEngine/Common/DerivedDataCache/Buckets/LegacyTEXTURE/9b/5a/3da1ef986d32ee134ae50e4ff360884447b9.udd" 3600
"C:/Users/b.lapeze/AppData/Local/UnrealEngine/Common/DerivedDataCache/Buckets/LegacyTEXTURE/de/dc/8f9c12285b766dd803358324528981c7b8d4.udd" 3601
"C:/Users/b.lapeze/AppData/Local/UnrealEngine/Common/DerivedDataCache/Buckets/LegacyTEXTURE/6d/d2/c62e8fa48f40ed3a076e86d083d537a86615.udd" 3602
"C:/Users/b.lapeze/AppData/Local/UnrealEngine/Common/DerivedDataCache/Buckets/LegacyTEXTURE/ae/e1/1c6a2e11ffbc4a3af9539b526cc22ccec072.udd" 3603
"C:/Users/b.lapeze/AppData/Local/UnrealEngine/Common/DerivedDataCache/Buckets/LegacyTEXTURE/7d/98/7cd591f060d610f4da16638e6e744e0f9221.udd" 3604
"C:/Users/b.lapeze/AppData/Local/UnrealEngine/Common/DerivedDataCache/Buckets/LegacyTEXTURE/2f/ef/8b39899fac7edb805a47a865fbfab594979a.udd" 3605
"C:/Users/b.lapeze/AppData/Local/UnrealEngine/Common/DerivedDataCache/Buckets/LegacyTEXTURE/73/cc/5df194607c7ee537fedc52698be8a078e763.udd" 3606
"C:/Users/b.lapeze/AppData/Local/UnrealEngine/Common/DerivedDataCache/Buckets/LegacyTEXTURE/2b/dc/8163e7b863c05bf8e109cb8c2d3a4e906e0c.udd" 3607
"C:/Users/b.lapeze/AppData/Local/UnrealEngine/Common/DerivedDataCache/Buckets/LegacyTEXTURE/87/8b/a6179291d879b1c7e7b965c4eeec88b30e2e.udd" 3608
"C:/Users/b.lapeze/AppData/Local/UnrealEngine/Common/DerivedDataCache/Buckets/LegacyTEXTURE/e8/0b/63b7e6fa650baae3770289096ba8eacd37a4.udd" 3609
"C:/Users/b.lapeze/AppData/Local/UnrealEngine/Common/DerivedDataCache/Buckets/LegacyTEXTURE/b3/b2/a2251e0dc6633929c4355d85c9a4c1a14b1c.udd" 3610
"C:/Users/b.lapeze/AppData/Local/UnrealEngine/Common/DerivedDataCache/Buckets/LegacyTEXTURE/69/44/2c4b4ba5cf6f39f3531d04fa0a68a988cdb8.udd" 3611
"C:/Users/b.lapeze/AppData/Local/UnrealEngine/Common/DerivedDataCache/Buckets/LegacyTEXTURE/30/48/903d4c576bd84cd4bbc2f68b30cf5a800ff9.udd" 3612
"C:/Users/b.lapeze/AppData/Local/UnrealEngine/Common/DerivedDataCache/Buckets/LegacyTEXTURE/90/0e/007d94acc9a98ec6a108843c5dfdc4a1ac3d.udd" 3613
"C:/Users/b.lapeze/AppData/Local/UnrealEngine/Common/DerivedDataCache/Buckets/LegacyTEXTURE/fa/a6/4e011252813b4650904c5ced04a34507081d.udd" 3614
"C:/Users/b.lapeze/AppData/Local/UnrealEngine/Common/DerivedDataCache/Buckets/LegacyTEXTURE/ce/e3/4db1291e370b63df6d0234032496a9070221.udd" 3615
"C:/Users/b.lapeze/AppData/Local/UnrealEngine/Common/DerivedDataCache/Buckets/LegacyTEXTURE/96/9f/d3d4bbc97b2918cf51c52cb0d81fbc17ae7f.udd" 3616
"C:/Users/b.lapeze/AppData/Local/UnrealEngine/Common/DerivedDataCache/Content/15/7b/59f08cb830e6413b685ad15cefe1b3970caf.udd" 3617
"C:/Users/b.lapeze/AppData/Local/UnrealEngine/Common/DerivedDataCache/Buckets/LegacyTEXTURE/40/bb/74ea0069db404483b88206f3b741507f409f.udd" 3618
"D:/GitHub/CutyKiller/GAME FOLDER/Content/DONT_USE/Weapon_Pack/Skeletal_Mesh/SK_Axe_Skeleton.uasset" 3619
"D:/GitHub/CutyKiller/GAME FOLDER/Content/DONT_USE/Weapon_Pack/Skeletal_Mesh/SK_Axe_PhysicsAsset.uasset" 3620
"D:/GitHub/CutyKiller/GAME FOLDER/Content/DONT_USE/Weapon_Pack/Effects/Textures/Noise/T_TilingNoise16.uasset" 3621
"D:/GitHub/CutyKiller/GAME FOLDER/Content/DONT_USE/Weapon_Pack/Effects/Textures/Snow/T_Snow01_Packed.uasset" 3622
"D:/GitHub/CutyKiller/GAME FOLDER/Content/DONT_USE/Weapon_Pack/Effects/Textures/Noise/T_HeatTile3_N.uasset" 3623
"D:/GitHub/CutyKiller/GAME FOLDER/Content/DONT_USE/Weapon_Pack/Effects/Textures/Noise/T_TilingNoise12.uasset" 3624
"D:/GitHub/CutyKiller/GAME FOLDER/Content/DONT_USE/Weapon_Pack/Effects/Textures/Flares/T_FlareRound_Noise.uasset" 3625
"D:/GitHub/CutyKiller/GAME FOLDER/Content/DONT_USE/Weapon_Pack/Effects/Textures/Noise/T_TilingNoise03.uasset" 3626
"D:/GitHub/CutyKiller/GAME FOLDER/Content/DONT_USE/Weapon_Pack/Blueprints/Lightshaft/Lightshaft/T_GodRay_Mask01.uasset" 3627
"D:/GitHub/CutyKiller/GAME FOLDER/Content/DONT_USE/Weapon_Pack/Effects/VectorFields/VF_RandomNoise_01_90.uasset" 3628
"D:/GitHub/CutyKiller/GAME FOLDER/Content/DONT_USE/Weapon_Pack/Blueprints/Lightshaft/Lightshaft/T_GodRay_Mask02.uasset" 3629
"D:/GitHub/CutyKiller/GAME FOLDER/Content/DONT_USE/LPSDeluxe2TropicalEnvironment/LPSD2_Textures/T_Waves.uasset" 3630
"D:/GitHub/CutyKiller/GAME FOLDER/Content/DONT_USE/LPSDeluxe2TropicalEnvironment/LPSD2_Textures/T_WoodPlank.uasset" 3631
"D:/GitHub/CutyKiller/GAME FOLDER/Content/DONT_USE/Weapon_Pack/Effects/Textures/Fire/T_FireSubUV_11X11_32.uasset" 3632
"D:/GitHub/CutyKiller/GAME FOLDER/Content/DONT_USE/LPSDeluxe2TropicalEnvironment/LPSD2_Textures/T_WoodPlank_N.uasset" 3633
"D:/GitHub/CutyKiller/GAME FOLDER/Content/DONT_USE/LPSDeluxe2TropicalEnvironment/LPSD2_Textures/T_LPSD2_Logo.uasset" 3634
"D:/GitHub/CutyKiller/GAME FOLDER/Content/Widget/KeyBind.uasset" 3635
"D:/GitHub/CutyKiller/GAME FOLDER/Content/DONT_USE/LPSDeluxe2TropicalEnvironment/LPSD2_Textures/T_CoinPile.uasset" 3636
"D:/GitHub/CutyKiller/GAME FOLDER/Content/DONT_USE/LPSDeluxe2TropicalEnvironment/LPSD2_Textures/T_JollyRoger.uasset" 3637
"D:/GitHub/CutyKiller/GAME FOLDER/Content/Weapon_Pack/Textures/Weapons/T_Weapon_Set2_OcclusionRoughnessMetallic.uasset" 3638
"D:/GitHub/CutyKiller/GAME FOLDER/Content/Weapon_Pack/Textures/Weapons/T_Weapon_Set2_Normal.uasset" 3639
"D:/GitHub/CutyKiller/GAME FOLDER/Content/Weapon_Pack/Textures/Weapons/T_Weapon_Set2_BaseColor.uasset" 3640
"D:/GitHub/CutyKiller/GAME FOLDER/Content/Weapon_Pack/Textures/Weapons/T_Weapon_Set1_OcclusionRoughnessMetallic.uasset" 3641
"D:/GitHub/CutyKiller/GAME FOLDER/Content/Weapon_Pack/Textures/Weapons/T_Weapon_Set1_BaseColor.uasset" 3642
"D:/GitHub/CutyKiller/GAME FOLDER/Content/Weapon_Pack/Textures/Weapons/T_Dirty_Weapon_Set2_OcclusionRoughnessMetallic.uasset" 3643
"D:/GitHub/CutyKiller/GAME FOLDER/Content/Weapon_Pack/Textures/Weapons/T_Weapon_Set1_Normal.uasset" 3644
"C:/Users/b.lapeze/AppData/Local/UnrealEngine/Common/DerivedDataCache/Buckets/LegacyTEXTURE/27/06/94ee4019f3cf6667c291bea23d19649e25f6.udd" 3645
"C:/Users/b.lapeze/AppData/Local/UnrealEngine/Common/DerivedDataCache/Buckets/LegacyTEXTURE/32/31/617a71cf5d44a8b155227c28f8d1e0bf6e5b.udd" 3646
"C:/Users/b.lapeze/AppData/Local/UnrealEngine/Common/DerivedDataCache/Buckets/LegacyTEXTURE/b9/c8/59e28e225966dfa89fc3e5020867c24c4725.udd" 3647
"C:/Users/b.lapeze/AppData/Local/UnrealEngine/Common/DerivedDataCache/Buckets/LegacyTEXTURE/f9/72/25edc0e55f64b96a48584ba7ca48b3c6aac0.udd" 3648
"C:/Users/b.lapeze/AppData/Local/UnrealEngine/Common/DerivedDataCache/Buckets/LegacyTEXTURE/32/e0/bb6117cb8af812aacb31aacdd29daca65ae6.udd" 3649
"C:/Users/b.lapeze/AppData/Local/UnrealEngine/Common/DerivedDataCache/Buckets/LegacyTEXTURE/ac/33/e86c6d26ff030c07ab88bb2a5f6c0ff86af2.udd" 3650
"C:/Users/b.lapeze/AppData/Local/UnrealEngine/Common/DerivedDataCache/Buckets/LegacyTEXTURE/ca/ca/0105d84fdd2e39e68859379e6a9ab8ab6f1c.udd" 3651
"C:/Users/b.lapeze/AppData/Local/UnrealEngine/Common/DerivedDataCache/Buckets/LegacyTEXTURE/ca/de/b638705ddf76eba3e5a2a2ecf1a257ce4aab.udd" 3652
"C:/Users/b.lapeze/AppData/Local/UnrealEngine/Common/DerivedDataCache/Buckets/LegacyTEXTURE/f4/8e/a42da86d9ad1798c475eec750f8d43606399.udd" 3653
"C:/Users/b.lapeze/AppData/Local/UnrealEngine/Common/DerivedDataCache/Buckets/LegacyTEXTURE/e3/9e/dd90a232ad16053c2cbf6b9183ca1d7fb940.udd" 3654
"C:/Users/b.lapeze/AppData/Local/UnrealEngine/Common/DerivedDataCache/Buckets/LegacyTEXTURE/a7/ec/a32049d446092d5ca8cfbb6a73febfa3561b.udd" 3655
"C:/Users/b.lapeze/AppData/Local/UnrealEngine/Common/DerivedDataCache/Buckets/LegacyTEXTURE/cd/91/9927a3c255b7d6d3d9543be123259cd1e910.udd" 3656
"C:/Users/b.lapeze/AppData/Local/UnrealEngine/Common/DerivedDataCache/Buckets/LegacyTEXTURE/19/e1/f72d75b62f9082b536d532b1c0f7cb85d431.udd" 3657
"C:/Users/b.lapeze/AppData/Local/UnrealEngine/Common/DerivedDataCache/Buckets/LegacyTEXTURE/f4/53/3077270fd4832535d951fcefb3573f5e6965.udd" 3658
"C:/Users/b.lapeze/AppData/Local/UnrealEngine/Common/DerivedDataCache/Buckets/LegacyTEXTURE/3c/c6/48280e02a82bf500745a599a47ecf24216f9.udd" 3659
"C:/Users/b.lapeze/AppData/Local/UnrealEngine/Common/DerivedDataCache/Buckets/LegacyTEXTURE/bc/6e/898d2c95bf9b8eb6a94cc10e091fa886b055.udd" 3660
"C:/Users/b.lapeze/AppData/Local/UnrealEngine/Common/DerivedDataCache/Buckets/LegacyTEXTURE/9f/c1/ce44f80ef4d680ae2faa6b4a1c6072df21e2.udd" 3661
"C:/Users/b.lapeze/AppData/Local/UnrealEngine/Common/DerivedDataCache/Buckets/LegacyTEXTURE/63/49/7e75be58562058b52926624bc86ce416a0d3.udd" 3662
"C:/Users/b.lapeze/AppData/Local/UnrealEngine/Common/DerivedDataCache/Buckets/LegacyTEXTURE/cc/1f/98de428b81a64c313b9bb604eb2e1b3a8ce8.udd" 3663
"C:/Users/b.lapeze/AppData/Local/UnrealEngine/Common/DerivedDataCache/Buckets/LegacyTEXTURE/98/6b/0631a1d262cf983d6fb3d44696f3d87845b4.udd" 3664
"C:/Users/b.lapeze/AppData/Local/UnrealEngine/Common/DerivedDataCache/Buckets/LegacyTEXTURE/4f/46/306a30f993970c061ae2e522b521687fa7c2.udd" 3665
"C:/Users/b.lapeze/AppData/Local/UnrealEngine/Common/DerivedDataCache/Buckets/LegacyTEXTURE/e9/5a/c371f19e8bb69f68b4dc7d752388b79e2719.udd" 3666
"C:/Users/b.lapeze/AppData/Local/UnrealEngine/Common/DerivedDataCache/Buckets/LegacyTEXTURE/b1/28/2a7347f522f949bce20687d4948d4f8d0ea7.udd" 3667
"C:/Users/b.lapeze/AppData/Local/UnrealEngine/Common/DerivedDataCache/Content/e7/f8/4535e3c39ddfa8917b44b423bd795409535a.udd" 3668
"C:/Users/b.lapeze/AppData/Local/UnrealEngine/Common/DerivedDataCache/Buckets/LegacyTEXTURE/1f/c1/f9ea3611ae7c974257887e3ec4c827af4163.udd" 3669
"C:/Users/b.lapeze/AppData/Local/UnrealEngine/Common/DerivedDataCache/Buckets/LegacyTEXTURE/cf/3d/76a31cfae5486183a70efee614e255c8bfdc.udd" 3670
"C:/Users/b.lapeze/AppData/Local/UnrealEngine/Common/DerivedDataCache/Buckets/LegacyTEXTURE/c0/a6/2ada1be7bada0313ebe1327fec95807ba6f5.udd" 3671
"C:/Users/b.lapeze/AppData/Local/UnrealEngine/Common/DerivedDataCache/Buckets/LegacyTEXTURE/59/79/5f453c1aef8bcd64027fb9d3eb360a36879c.udd" 3672
"C:/Users/b.lapeze/AppData/Local/UnrealEngine/Common/DerivedDataCache/Buckets/LegacyTEXTURE/a5/4f/d2d5dd02cd6d3647f9bf2d7b93718c68802d.udd" 3673
"C:/Users/b.lapeze/AppData/Local/UnrealEngine/Common/DerivedDataCache/Buckets/LegacyTEXTURE/c9/b0/2bbf7d5299554f3a799a3b1b09b73e544930.udd" 3674
"C:/Users/b.lapeze/AppData/Local/UnrealEngine/Common/DerivedDataCache/Buckets/LegacyTEXTURE/8d/88/e70aa52d4cbfc46f5bc53e5a6bd0d6194ae1.udd" 3675
"C:/Users/b.lapeze/AppData/Local/UnrealEngine/Common/DerivedDataCache/Buckets/LegacyTEXTURE/82/85/05324d4f2bd04ee76b5eb5a985975bc3c440.udd" 3676
"C:/Users/b.lapeze/AppData/Local/UnrealEngine/Common/DerivedDataCache/Buckets/LegacyTEXTURE/ea/b5/90d69cad036cd506d93354ff5865e251dfd6.udd" 3677
"D:/GitHub/CutyKiller/GAME FOLDER/Content/Weapon_Pack/Textures/Weapons/T_Dirty_Weapon_Set1_OcclusionRoughnessMetallic.uasset" 3678
"C:/Users/b.lapeze/AppData/Local/UnrealEngine/Common/DerivedDataCache/Buckets/LegacyTEXTURE/8c/6b/cbdf8c08c196d4635429381bbcb9fed00713.udd" 3679
"C:/Users/b.lapeze/AppData/Local/UnrealEngine/Common/DerivedDataCache/Buckets/LegacyTEXTURE/a9/fe/defedd24048659591d5f8df5f5ba298e3f5e.udd" 3680
"C:/Users/b.lapeze/AppData/Local/UnrealEngine/Common/DerivedDataCache/Buckets/LegacyTEXTURE/15/1d/5883b75715fe34e343e64ab2bb4fdcde62a5.udd" 3681
"C:/Users/b.lapeze/AppData/Local/UnrealEngine/Common/DerivedDataCache/Buckets/LegacyTEXTURE/09/55/55e57d9211b9f62e96f5f1f722f69feb5a05.udd" 3682
"C:/Users/b.lapeze/AppData/Local/UnrealEngine/Common/DerivedDataCache/Buckets/LegacyTEXTURE/53/cc/76c61ab100c4fcdf7a31706024498d5b0624.udd" 3683
"C:/Users/b.lapeze/AppData/Local/UnrealEngine/Common/DerivedDataCache/Buckets/LegacyTEXTURE/5f/48/7b4c8b6d57e894a6e8e1187af9d4750ce9ad.udd" 3684
"C:/Users/b.lapeze/AppData/Local/UnrealEngine/Common/DerivedDataCache/Buckets/LegacyTEXTURE/d6/e2/92da6f5b100e5814286407c7d0eabbbad89c.udd" 3685
"C:/Users/b.lapeze/AppData/Local/UnrealEngine/Common/DerivedDataCache/Buckets/LegacyTEXTURE/2f/f0/7fdd220cb42f950dd115693d8c9ec432a7c1.udd" 3686
"C:/Users/b.lapeze/AppData/Local/UnrealEngine/Common/DerivedDataCache/Buckets/LegacyTEXTURE/86/b1/d78101c83daf8f68c774622d295eab1d02e7.udd" 3687
"C:/Users/b.lapeze/AppData/Local/UnrealEngine/Common/DerivedDataCache/Buckets/LegacyTEXTURE/b9/25/fe886efa1bedb05f1f3d00069c7b1ee1cfb7.udd" 3688
"C:/Users/b.lapeze/AppData/Local/UnrealEngine/Common/DerivedDataCache/Buckets/LegacyTEXTURE/c0/6b/9462a5eb71a0903405bce40c7c5bce95c269.udd" 3689
"D:/GitHub/CutyKiller/GAME FOLDER/Content/Weapon_Pack/Textures/Weapons/T_Dirty_Weapon_Set1_Normal.uasset" 3690
"D:/GitHub/CutyKiller/GAME FOLDER/Content/DONT_USE/LPSDeluxe2TropicalEnvironment/LPSD2_Textures/T_CoinPile_N.uasset" 3691
"D:/GitHub/CutyKiller/GAME FOLDER/Content/Weapon_Pack/Textures/Weapons/T_Dirty_Weapon_Set1_BaseColor.uasset" 3692
"D:/GitHub/CutyKiller/GAME FOLDER/Content/Weapon_Pack/Textures/Weapons/T_Dirty_Weapon_Set2_Normal.uasset" 3693
"D:/GitHub/CutyKiller/GAME FOLDER/Content/Weapon_Pack/Textures/Weapons/T_Dirty_Weapon_Set2_BaseColor.uasset" 3694
"D:/GitHub/CutyKiller/GAME FOLDER/Content/Weapon_Pack/Textures/Set/Walls/T_Window_Trim_OcclusionRoughnessMetallic.uasset" 3695
"D:/GitHub/CutyKiller/GAME FOLDER/Content/Weapon_Pack/Textures/Set/Walls/T_Stone_Wall_Trim_BaseColor.uasset" 3696
"D:/GitHub/CutyKiller/GAME FOLDER/Content/Weapon_Pack/Textures/Set/Walls/T_Window_Trim2_Normal.uasset" 3697
"D:/GitHub/CutyKiller/GAME FOLDER/Content/Weapon_Pack/Textures/Set/Walls/T_Stone_Wall_Trim_OcclusionRoughnessMetallic.uasset" 3698
"D:/GitHub/CutyKiller/GAME FOLDER/Content/Weapon_Pack/Textures/Set/Walls/T_Stone_Wall_Trim_Normal.uasset" 3699
"D:/GitHub/CutyKiller/GAME FOLDER/Content/Weapon_Pack/Textures/Set/Walls/T_Window_Trim_BaseColor.uasset" 3700
"D:/GitHub/CutyKiller/GAME FOLDER/Content/Weapon_Pack/Textures/Set/Walls/T_Window_Trim2_BaseColor.uasset" 3701
"D:/GitHub/CutyKiller/GAME FOLDER/Content/Weapon_Pack/Textures/Set/Walls/T_Stone_Wall_OcclusionRoughnessMetallic.uasset" 3702
"D:/GitHub/CutyKiller/GAME FOLDER/Content/Weapon_Pack/Textures/Set/Walls/T_Window_Trim2_OcclusionRoughnessMetallic.uasset" 3703
"D:/GitHub/CutyKiller/GAME FOLDER/Content/Weapon_Pack/Textures/Set/Walls/T_Window_Trim_Normal.uasset" 3704
"D:/GitHub/CutyKiller/GAME FOLDER/Content/Weapon_Pack/Textures/Set/Walls/T_Stone_Wall_Normal.uasset" 3705
"D:/GitHub/CutyKiller/GAME FOLDER/Content/Weapon_Pack/Textures/Set/Walls/T_Stone_Wall_BaseColor.uasset" 3706
"D:/GitHub/CutyKiller/GAME FOLDER/Content/Weapon_Pack/Textures/Set/Stain_Glass/StainGlass_Metallic.uasset" 3707
"D:/GitHub/CutyKiller/GAME FOLDER/Content/Weapon_Pack/Textures/Set/Stain_Glass/StainGlass_Normal_DirectX.uasset" 3708
"D:/GitHub/CutyKiller/GAME FOLDER/Content/Weapon_Pack/Textures/Set/Stain_Glass/StainGlass_Roughness.uasset" 3709
"D:/GitHub/CutyKiller/GAME FOLDER/Content/Weapon_Pack/Textures/Set/Stain_Glass/StainGlass_Opacity.uasset" 3710
"D:/GitHub/CutyKiller/GAME FOLDER/Content/Weapon_Pack/Textures/Set/T_Window_Frames_OcclusionRoughnessMetallic.uasset" 3711
"D:/GitHub/CutyKiller/GAME FOLDER/Content/Weapon_Pack/Textures/Set/Stain_Glass/StainGlass_Base_Color.uasset" 3712
"D:/GitHub/CutyKiller/GAME FOLDER/Content/Weapon_Pack/Textures/Set/T_Window_Frames_BaseColor.uasset" 3713
"D:/GitHub/CutyKiller/GAME FOLDER/Content/Weapon_Pack/Textures/Set/T_Window_Frames_Normal.uasset" 3714
"D:/GitHub/CutyKiller/GAME FOLDER/Content/Weapon_Pack/Textures/Set/T_Floor_Normal.uasset" 3715
"D:/GitHub/CutyKiller/GAME FOLDER/Content/Weapon_Pack/Textures/Set/T_Floor_BaseColor.uasset" 3716
"D:/GitHub/CutyKiller/GAME FOLDER/Content/Weapon_Pack/Textures/Props/Interior/T_Wood_Props_OcclusionRoughnessMetallic.uasset" 3717
"D:/GitHub/CutyKiller/GAME FOLDER/Content/Weapon_Pack/Textures/Props/Interior/T_Wood_Props_Normal.uasset" 3718
"D:/GitHub/CutyKiller/GAME FOLDER/Content/Weapon_Pack/Textures/Props/Interior/T_Wood_Props_BaseColor.uasset" 3719
"D:/GitHub/CutyKiller/GAME FOLDER/Content/Weapon_Pack/Textures/Props/Interior/T_Prop_Set3_OcclusionRoughnessMetallic.uasset" 3720
"D:/GitHub/CutyKiller/GAME FOLDER/Content/Weapon_Pack/Textures/Props/Interior/T_Prop_Set3_BaseColor.uasset" 3721
"D:/GitHub/CutyKiller/GAME FOLDER/Content/Weapon_Pack/Textures/Props/Interior/T_Prop_Set3_Normal.uasset" 3722
"D:/GitHub/CutyKiller/GAME FOLDER/Content/Weapon_Pack/Textures/Props/Interior/T_Props2_Normal.uasset" 3723
"D:/GitHub/CutyKiller/GAME FOLDER/Content/Weapon_Pack/Textures/Props/Interior/T_Props2_OcclusionRoughnessMetallic.uasset" 3724
"D:/GitHub/CutyKiller/GAME FOLDER/Content/Weapon_Pack/Textures/Props/Interior/T_Props2_BaseColor.uasset" 3725
"D:/GitHub/CutyKiller/GAME FOLDER/Content/Weapon_Pack/Textures/Set/T_Floor_OcclusionRoughnessMetallic.uasset" 3726
"D:/GitHub/CutyKiller/GAME FOLDER/Content/Weapon_Pack/Textures/Props/Interior/T_Props1_OcclusionRoughnessMetallic.uasset" 3727
"D:/GitHub/CutyKiller/GAME FOLDER/Content/Weapon_Pack/Textures/Props/Interior/T_Props1_BaseColor.uasset" 3728
"D:/GitHub/CutyKiller/GAME FOLDER/Content/Weapon_Pack/Textures/Props/Interior/T_Banners_OcclusionRoughnessMetallic.uasset" 3729
"D:/GitHub/CutyKiller/GAME FOLDER/Content/Weapon_Pack/Textures/Props/Interior/T_Banner_Normal.uasset" 3730
"D:/GitHub/CutyKiller/GAME FOLDER/Content/Weapon_Pack/Textures/Props/Interior/T_Banner_BaseColor.uasset" 3731
"D:/GitHub/CutyKiller/GAME FOLDER/Content/Weapon_Pack/Textures/Props/Interior/T_Banners_Normal.uasset" 3732
"D:/GitHub/CutyKiller/GAME FOLDER/Content/Weapon_Pack/Skeletal_Mesh/SK_Throwing_PhysicsAsset.uasset" 3733
"D:/GitHub/CutyKiller/GAME FOLDER/Content/Weapon_Pack/Skeletal_Mesh/SK_Throwing_Skeleton.uasset" 3734
"D:/GitHub/CutyKiller/GAME FOLDER/Content/Weapon_Pack/Textures/HDRI/HDRI_Epic_Courtyard_Daylight.uasset" 3735
"D:/GitHub/CutyKiller/GAME FOLDER/Content/Weapon_Pack/Skeletal_Mesh/SK_Sword_PhysicsAsset.uasset" 3736
"D:/GitHub/CutyKiller/GAME FOLDER/Content/Weapon_Pack/Skeletal_Mesh/SK_Sword_Skeleton.uasset" 3737
"D:/GitHub/CutyKiller/GAME FOLDER/Content/Weapon_Pack/Skeletal_Mesh/SK_Spear_Skeleton.uasset" 3738
"D:/GitHub/CutyKiller/GAME FOLDER/Content/Weapon_Pack/Skeletal_Mesh/SK_Spear_PhysicsAsset.uasset" 3739
"D:/GitHub/CutyKiller/GAME FOLDER/Content/Weapon_Pack/Skeletal_Mesh/SK_Sickle_Skeleton.uasset" 3740
"D:/GitHub/CutyKiller/GAME FOLDER/Content/Weapon_Pack/Textures/Noise/TilingNoise02.uasset" 3741
"D:/GitHub/CutyKiller/GAME FOLDER/Content/Weapon_Pack/Textures/Props/Interior/T_Props1_Normal.uasset" 3742
"D:/GitHub/CutyKiller/GAME FOLDER/Content/Weapon_Pack/Skeletal_Mesh/SK_Sickle_PhysicsAsset.uasset" 3743
"D:/GitHub/CutyKiller/GAME FOLDER/Content/Weapon_Pack/Skeletal_Mesh/SK_Shield_Skeleton.uasset" 3744
"D:/GitHub/CutyKiller/GAME FOLDER/Content/Weapon_Pack/Skeletal_Mesh/SK_Shield_PhysicsAsset.uasset" 3745
"D:/GitHub/CutyKiller/GAME FOLDER/Content/Weapon_Pack/Skeletal_Mesh/SK_H2H_Skeleton.uasset" 3746
"D:/GitHub/CutyKiller/GAME FOLDER/Content/Weapon_Pack/Skeletal_Mesh/SK_Mace_PhysicsAsset.uasset" 3747
"D:/GitHub/CutyKiller/GAME FOLDER/Content/Weapon_Pack/Skeletal_Mesh/SK_Mace_Skeleton.uasset" 3748
"D:/GitHub/CutyKiller/GAME FOLDER/Content/Weapon_Pack/Skeletal_Mesh/SK_GreatHammer_Skeleton.uasset" 3749
"D:/GitHub/CutyKiller/GAME FOLDER/Content/Weapon_Pack/Skeletal_Mesh/SK_H2H_PhysicsAsset.uasset" 3750
"D:/GitHub/CutyKiller/GAME FOLDER/Content/Weapon_Pack/Skeletal_Mesh/SK_GreatHammer_PhysicsAsset.uasset" 3751
"D:/GitHub/CutyKiller/GAME FOLDER/Content/Weapon_Pack/Skeletal_Mesh/SK_GreatAxe_Skeleton.uasset" 3752
"D:/GitHub/CutyKiller/GAME FOLDER/Content/Weapon_Pack/Skeletal_Mesh/SK_Dagger_2_Skeleton.uasset" 3753
"D:/GitHub/CutyKiller/GAME FOLDER/Content/Weapon_Pack/Skeletal_Mesh/SK_GreatAxe_PhysicsAsset.uasset" 3754
"D:/GitHub/CutyKiller/GAME FOLDER/Content/Weapon_Pack/Skeletal_Mesh/SK_Dagger_1_Skeleton.uasset" 3755
"D:/GitHub/CutyKiller/GAME FOLDER/Content/Weapon_Pack/Skeletal_Mesh/SK_Dagger_2_PhysicsAsset.uasset" 3756
"D:/GitHub/CutyKiller/GAME FOLDER/Content/Weapon_Pack/Skeletal_Mesh/SK_Dagger_1_PhysicsAsset.uasset" 3757
"D:/GitHub/CutyKiller/GAME FOLDER/Content/Weapon_Pack/Skeletal_Mesh/SK_Axe_Skeleton.uasset" 3758
"D:/GitHub/CutyKiller/GAME FOLDER/Content/Weapon_Pack/Skeletal_Mesh/SK_Axe_PhysicsAsset.uasset" 3759
"D:/GitHub/CutyKiller/GAME FOLDER/Content/DONT_USE/LPSDeluxe2TropicalEnvironment/LPSD2_Materials/SpecialMaterials/MiscMaterials/M_Torch.uasset" 3760
"D:/GitHub/CutyKiller/GAME FOLDER/Content/Weapon_Pack/Effects/VectorFields/VF_RandomNoise_01_90.uasset" 3761
"D:/GitHub/CutyKiller/GAME FOLDER/Content/DONT_USE/LPSDeluxe2TropicalEnvironment/LPSD2_Materials/SpecialMaterials/MiscMaterials/M_Glass_Window.uasset" 3762
"D:/GitHub/CutyKiller/GAME FOLDER/Content/Weapon_Pack/Effects/Textures/Snow/T_Snow01_Packed.uasset" 3763
"D:/GitHub/CutyKiller/GAME FOLDER/Content/Weapon_Pack/Effects/Textures/Noise/T_HeatTile3_N.uasset" 3764
"D:/GitHub/CutyKiller/GAME FOLDER/Content/Weapon_Pack/Blueprints/Lightshaft/Lightshaft/T_GodRay_Mask02.uasset" 3765
"D:/GitHub/CutyKiller/GAME FOLDER/Content/Weapon_Pack/Effects/Textures/Noise/T_TilingNoise16.uasset" 3766
"D:/GitHub/CutyKiller/GAME FOLDER/Content/Weapon_Pack/Effects/Textures/Noise/T_TilingNoise12.uasset" 3767
"D:/GitHub/CutyKiller/GAME FOLDER/Content/Weapon_Pack/Effects/Textures/Noise/T_TilingNoise03.uasset" 3768
"D:/GitHub/CutyKiller/GAME FOLDER/Content/Weapon_Pack/Effects/Textures/Fire/T_FireSubUV_11X11_32.uasset" 3769
"D:/GitHub/CutyKiller/GAME FOLDER/Content/Weapon_Pack/Effects/Textures/Flares/T_FlareRound_Noise.uasset" 3770
"D:/GitHub/CutyKiller/GAME FOLDER/Content/StarterContent/Textures/T_Wood_Walnut_D.uasset" 3771
"D:/GitHub/CutyKiller/GAME FOLDER/Content/StarterContent/Textures/T_Wood_Pine_N.uasset" 3772
"D:/GitHub/CutyKiller/GAME FOLDER/Content/StarterContent/Textures/T_Wood_Walnut_N.uasset" 3773
"D:/GitHub/CutyKiller/GAME FOLDER/Content/Weapon_Pack/Blueprints/Lightshaft/Lightshaft/T_GodRay_Mask01.uasset" 3774
"C:/Users/b.lapeze/AppData/Local/UnrealEngine/Common/DerivedDataCache/Buckets/LegacyMATSM/af/15/5d1906b1a6144fe3fda93a46fb8f44fbc45a.udd" 3775
"D:/GitHub/CutyKiller/GAME FOLDER/Content/StarterContent/Textures/T_Wood_Oak_D.uasset" 3776
"D:/GitHub/CutyKiller/GAME FOLDER/Content/StarterContent/Textures/T_Wood_Oak_N.uasset" 3777
"D:/GitHub/CutyKiller/GAME FOLDER/Content/StarterContent/Textures/T_Wood_Pine_D.uasset" 3778
"D:/GitHub/CutyKiller/GAME FOLDER/Content/StarterContent/Textures/T_Wood_Floor_Walnut_D.uasset" 3779
"D:/GitHub/CutyKiller/GAME FOLDER/Content/StarterContent/Textures/T_Water_M.uasset" 3780
"D:/GitHub/CutyKiller/GAME FOLDER/Content/StarterContent/Textures/T_Tech_Panel_N.uasset" 3781
"D:/GitHub/CutyKiller/GAME FOLDER/Content/StarterContent/Textures/T_Tech_Hex_Tile_M.uasset" 3782
"D:/GitHub/CutyKiller/GAME FOLDER/Content/StarterContent/Textures/T_Tech_Dot_N.uasset" 3783
"D:/GitHub/CutyKiller/GAME FOLDER/Content/StarterContent/Textures/T_Tech_Dot_M.uasset" 3784
"D:/GitHub/CutyKiller/GAME FOLDER/Content/StarterContent/Textures/T_TableRound_N.uasset" 3785
"D:/GitHub/CutyKiller/GAME FOLDER/Content/StarterContent/Textures/T_Tech_Hex_Tile_N.uasset" 3786
"D:/GitHub/CutyKiller/GAME FOLDER/Content/StarterContent/Textures/T_Water_N.uasset" 3787
"D:/GitHub/CutyKiller/GAME FOLDER/Content/StarterContent/Textures/T_Tech_Panel_M.uasset" 3788
"D:/GitHub/CutyKiller/GAME FOLDER/Content/StarterContent/Textures/T_TableRound_M.uasset" 3789
"D:/GitHub/CutyKiller/GAME FOLDER/Content/StarterContent/Textures/T_Wood_Floor_Walnut_N.uasset" 3790
"D:/GitHub/CutyKiller/GAME FOLDER/Content/StarterContent/Textures/T_Wood_Floor_Walnut_M.uasset" 3791
"D:/GitHub/CutyKiller/GAME FOLDER/Content/StarterContent/Textures/T_Statue_N.uasset" 3792
"D:/GitHub/CutyKiller/GAME FOLDER/Content/StarterContent/Textures/T_Smoke_Tiled_D.uasset" 3793
"D:/GitHub/CutyKiller/GAME FOLDER/Content/StarterContent/Textures/T_Statue_M.uasset" 3794
"D:/GitHub/CutyKiller/GAME FOLDER/Content/StarterContent/Textures/T_Spark_Core.uasset" 3795
"D:/GitHub/CutyKiller/GAME FOLDER/Content/StarterContent/Textures/T_Shelf_M.uasset" 3796
"D:/GitHub/CutyKiller/GAME FOLDER/Content/StarterContent/Textures/T_Smoke_SubUV.uasset" 3797
"D:/GitHub/CutyKiller/GAME FOLDER/Content/StarterContent/Textures/T_Rock_Smooth_Granite_D.uasset" 3798
"D:/GitHub/CutyKiller/GAME FOLDER/Content/StarterContent/Textures/T_Single_Tile_N.uasset" 3799
"D:/GitHub/CutyKiller/GAME FOLDER/Content/StarterContent/Textures/T_Shelf_N.uasset" 3800
"D:/GitHub/CutyKiller/GAME FOLDER/Content/StarterContent/Textures/T_Rock_Sandstone_D.uasset" 3801
"D:/GitHub/CutyKiller/GAME FOLDER/Content/StarterContent/Textures/T_Rock_Sandstone_N.uasset" 3802
"D:/GitHub/CutyKiller/GAME FOLDER/Content/StarterContent/Textures/T_Rock_Slate_N.uasset" 3803
"D:/GitHub/CutyKiller/GAME FOLDER/Content/StarterContent/Textures/T_Rock_Marble_Polished_D.uasset" 3804
"D:/GitHub/CutyKiller/GAME FOLDER/Content/StarterContent/Textures/T_Rock_Basalt_D.uasset" 3805
"D:/GitHub/CutyKiller/GAME FOLDER/Content/StarterContent/Textures/T_Rock_Slate_D.uasset" 3806
"D:/GitHub/CutyKiller/GAME FOLDER/Content/StarterContent/Textures/T_Rock_Basalt_N.uasset" 3807
"D:/GitHub/CutyKiller/GAME FOLDER/Content/StarterContent/Textures/T_RockMesh_N.uasset" 3808
"D:/GitHub/CutyKiller/GAME FOLDER/Content/StarterContent/Textures/T_Metal_Steel_D.uasset" 3809
"D:/GitHub/CutyKiller/GAME FOLDER/Content/StarterContent/Textures/T_Metal_Rust_D.uasset" 3810
"D:/GitHub/CutyKiller/GAME FOLDER/Content/StarterContent/Textures/T_Metal_Rust_N.uasset" 3811
"D:/GitHub/CutyKiller/GAME FOLDER/Content/StarterContent/Textures/T_Metal_Aluminum_D.uasset" 3812
"D:/GitHub/CutyKiller/GAME FOLDER/Content/StarterContent/Textures/T_Metal_Copper_D.uasset" 3813
"D:/GitHub/CutyKiller/GAME FOLDER/Content/StarterContent/Textures/T_MacroVariation.uasset" 3814
"D:/GitHub/CutyKiller/GAME FOLDER/Content/StarterContent/Textures/T_Metal_Steel_N.uasset" 3815
"D:/GitHub/CutyKiller/GAME FOLDER/Content/StarterContent/Textures/T_RockMesh_M.uasset" 3816
"D:/GitHub/CutyKiller/GAME FOLDER/Content/StarterContent/Textures/T_Metal_Gold_D.uasset" 3817
"D:/GitHub/CutyKiller/GAME FOLDER/Content/StarterContent/Textures/T_Perlin_Noise_M.uasset" 3818
"D:/GitHub/CutyKiller/GAME FOLDER/Content/StarterContent/Textures/T_Ground_Moss_N.uasset" 3819
"D:/GitHub/CutyKiller/GAME FOLDER/Content/StarterContent/Textures/T_Metal_Gold_N.uasset" 3820
"D:/GitHub/CutyKiller/GAME FOLDER/Content/StarterContent/Textures/T_Lamp_M.uasset" 3821
"D:/GitHub/CutyKiller/GAME FOLDER/Content/StarterContent/Textures/T_Lamp_N.uasset" 3822
"D:/GitHub/CutyKiller/GAME FOLDER/Content/StarterContent/Textures/T_ground_Moss_D.uasset" 3823
"D:/GitHub/CutyKiller/GAME FOLDER/Content/StarterContent/Textures/T_Gradinet_01.uasset" 3824
"D:/GitHub/CutyKiller/GAME FOLDER/Content/StarterContent/Textures/T_Ground_Gravel_N.uasset" 3825
"D:/GitHub/CutyKiller/GAME FOLDER/Content/StarterContent/Textures/T_Dust_Particle_D.uasset" 3826
"D:/GitHub/CutyKiller/GAME FOLDER/Content/StarterContent/Textures/T_Fire_Tiled_D.uasset" 3827
"D:/GitHub/CutyKiller/GAME FOLDER/Content/StarterContent/Textures/T_Fire_SubUV.uasset" 3828
"D:/GitHub/CutyKiller/GAME FOLDER/Content/StarterContent/Textures/T_Ground_Gravel_D.uasset" 3829
"D:/GitHub/CutyKiller/GAME FOLDER/Content/StarterContent/Textures/T_Frame_N.uasset" 3830
"D:/GitHub/CutyKiller/GAME FOLDER/Content/StarterContent/Textures/T_Explosion_SubUV.uasset" 3831
"D:/GitHub/CutyKiller/GAME FOLDER/Content/StarterContent/Textures/T_Frame_M.uasset" 3832
"D:/GitHub/CutyKiller/GAME FOLDER/Content/StarterContent/Textures/T_Ground_Grass_N.uasset" 3833
"D:/GitHub/CutyKiller/GAME FOLDER/Content/StarterContent/Textures/T_Concrete_Tiles_Variation_M.uasset" 3834
"D:/GitHub/CutyKiller/GAME FOLDER/Content/StarterContent/Textures/T_Door_N.uasset" 3835
"D:/GitHub/CutyKiller/GAME FOLDER/Content/StarterContent/Textures/T_Ground_Grass_D.uasset" 3836
"D:/GitHub/CutyKiller/GAME FOLDER/Content/StarterContent/Textures/T_Door_M.uasset" 3837
"D:/GitHub/CutyKiller/GAME FOLDER/Content/StarterContent/Textures/T_Detail_Rocky_N.uasset" 3838
"D:/GitHub/CutyKiller/GAME FOLDER/Content/StarterContent/Textures/T_Concrete_Tiles_N.uasset" 3839
"D:/GitHub/CutyKiller/GAME FOLDER/Content/StarterContent/Textures/T_Concrete_Panels_D.uasset" 3840
"D:/GitHub/CutyKiller/GAME FOLDER/Content/StarterContent/Textures/T_Concrete_Poured_N.uasset" 3841
"D:/GitHub/CutyKiller/GAME FOLDER/Content/StarterContent/Textures/T_Concrete_Tiles_D.uasset" 3842
"D:/GitHub/CutyKiller/GAME FOLDER/Content/DONT_USE/LPSDeluxe2TropicalEnvironment/ExampleMaps/DemoMap1_sharedassets/Wet_Sand_LayerInfo.uasset" 3843
"D:/GitHub/CutyKiller/GAME FOLDER/Content/StarterContent/Textures/T_Concrete_Poured_D.uasset" 3844
"D:/GitHub/CutyKiller/GAME FOLDER/Content/StarterContent/Textures/T_Concrete_Tiles_M.uasset" 3845
"D:/GitHub/CutyKiller/GAME FOLDER/Content/StarterContent/Textures/T_Concrete_Panels_N.uasset" 3846
"D:/GitHub/CutyKiller/GAME FOLDER/Content/StarterContent/Textures/T_CobbleStone_Smooth_M.uasset" 3847
"D:/GitHub/CutyKiller/GAME FOLDER/Content/StarterContent/Textures/T_Concrete_Grime_D.uasset" 3848
"D:/GitHub/CutyKiller/GAME FOLDER/Content/DONT_USE/LPSDeluxe2TropicalEnvironment/ExampleMaps/DemoMap1_sharedassets/Dirt_LayerInfo.uasset" 3849
"D:/GitHub/CutyKiller/GAME FOLDER/Content/DONT_USE/LPSDeluxe2TropicalEnvironment/ExampleMaps/DemoMap1_sharedassets/Sand_LayerInfo.uasset" 3850
"D:/GitHub/CutyKiller/GAME FOLDER/Content/DONT_USE/LPSDeluxe2TropicalEnvironment/ExampleMaps/DemoMap1_sharedassets/Grass_LayerInfo.uasset" 3851
"D:/GitHub/CutyKiller/GAME FOLDER/Content/DONT_USE/LPSDeluxe2TropicalEnvironment/ExampleMaps/DemoMap1_sharedassets/LavaRock_LayerInfo.uasset" 3852
"D:/GitHub/CutyKiller/GAME FOLDER/Content/DONT_USE/LPSDeluxe2TropicalEnvironment/ExampleMaps/DemoMap1_sharedassets/Rock_LayerInfo.uasset" 3853
"D:/GitHub/CutyKiller/GAME FOLDER/Content/DONT_USE/LPSDeluxe2TropicalEnvironment/ExampleMaps/DemoMap_BuiltData.uasset" 3854
"D:/GitHub/CutyKiller/GAME FOLDER/Content/StarterContent/Textures/T_CobbleStone_Smooth_N.uasset" 3855
"D:/GitHub/CutyKiller/GAME FOLDER/Content/StarterContent/Textures/T_CobbleStone_Pebble_N.uasset" 3856
"D:/GitHub/CutyKiller/GAME FOLDER/Content/DONT_USE/Characters/Mannequin_UE4/Textures/T_UELogo_Mask.uasset" 3857
"D:/GitHub/CutyKiller/GAME FOLDER/Content/DONT_USE/Characters/Mannequin_UE4/Textures/T_UELogo_N_TGA.uasset" 3858
"D:/GitHub/CutyKiller/GAME FOLDER/Content/StarterContent/Textures/T_CobbleStone_Pebble_M.uasset" 3859
"D:/GitHub/CutyKiller/GAME FOLDER/Content/DONT_USE/Characters/Mannequin_UE4/Textures/T_ML_Rubber_Blue_01_N.uasset" 3860
"D:/GitHub/CutyKiller/GAME FOLDER/Content/StarterContent/Textures/T_CobbleStone_Rough_D.uasset" 3861
"D:/GitHub/CutyKiller/GAME FOLDER/Content/StarterContent/Textures/T_CobbleStone_Rough_N.uasset" 3862
"D:/GitHub/CutyKiller/GAME FOLDER/Content/DONT_USE/Characters/Mannequin_UE4/Textures/T_UE4_Mannequin__normals.uasset" 3863
"D:/GitHub/CutyKiller/GAME FOLDER/Content/DONT_USE/Characters/Mannequin_UE4/Textures/T_UE4_Mannequin_MAT_MASKA.uasset" 3864
"D:/GitHub/CutyKiller/GAME FOLDER/Content/DONT_USE/Characters/Mannequin_UE4/Textures/T_ML_Aluminum01_N.uasset" 3865
"D:/GitHub/CutyKiller/GAME FOLDER/Content/StarterContent/Textures/T_CobbleStone_Pebble_D.uasset" 3866
"D:/GitHub/CutyKiller/GAME FOLDER/Content/DONT_USE/Characters/Mannequin_UE4/Textures/T_ML_Rubber_Blue_01_D.uasset" 3867
"D:/GitHub/CutyKiller/GAME FOLDER/Content/StarterContent/Textures/T_Checker_Noise_M.uasset" 3868
"D:/GitHub/CutyKiller/GAME FOLDER/Content/StarterContent/Textures/T_CobbleStone_Smooth_D.uasset" 3869
"D:/GitHub/CutyKiller/GAME FOLDER/Content/DONT_USE/Characters/Mannequin_UE4/Textures/T_ML_Aluminum01.uasset" 3870
"D:/GitHub/CutyKiller/GAME FOLDER/Content/StarterContent/Textures/T_Ceramic_Tile_N.uasset" 3871
"D:/GitHub/CutyKiller/GAME FOLDER/Content/StarterContent/Textures/T_Ceramic_Tile_M.uasset" 3872
"D:/GitHub/CutyKiller/GAME FOLDER/Content/DONT_USE/Characters/Mannequin_UE4/Meshes/SK_Mannequin_Skeleton.uasset" 3873
"D:/GitHub/CutyKiller/GAME FOLDER/Content/StarterContent/Textures/T_Bush_N.uasset" 3874
"D:/GitHub/CutyKiller/GAME FOLDER/Content/StarterContent/Textures/T_Bush_D.uasset" 3875
"D:/GitHub/CutyKiller/GAME FOLDER/Content/StarterContent/Textures/T_Burst_M.uasset" 3876
"D:/GitHub/CutyKiller/GAME FOLDER/Content/StarterContent/Textures/T_Chair_M.uasset" 3877
"D:/GitHub/CutyKiller/GAME FOLDER/Content/StarterContent/Textures/T_Brick_Hewn_Stone_N.uasset" 3878
"D:/GitHub/CutyKiller/GAME FOLDER/Content/DONT_USE/Characters/Mannequin_UE4/Materials/Layers/ML_ShinyPlastic_Beige.uasset" 3879
"D:/GitHub/CutyKiller/GAME FOLDER/Content/DONT_USE/Characters/Mannequin_UE4/Meshes/SK_Mannequin_PhysicsAsset.uasset" 3880
"D:/GitHub/CutyKiller/GAME FOLDER/Content/StarterContent/Textures/T_Brick_Hewn_Stone_D.uasset" 3881
"D:/GitHub/CutyKiller/GAME FOLDER/Content/StarterContent/Textures/T_Brick_Hewn_Stone_M.uasset" 3882
"D:/GitHub/CutyKiller/GAME FOLDER/Content/StarterContent/Textures/T_Brick_Cut_Stone_N.uasset" 3883
"D:/GitHub/CutyKiller/GAME FOLDER/Content/StarterContent/Textures/T_Brick_Cut_Stone_D.uasset" 3884
"D:/GitHub/CutyKiller/GAME FOLDER/Content/StarterContent/Textures/T_Chair_N.uasset" 3885
"D:/GitHub/CutyKiller/GAME FOLDER/Content/StarterContent/Textures/T_Brick_Clay_Old_N.uasset" 3886
"D:/GitHub/CutyKiller/GAME FOLDER/Content/StarterContent/Textures/T_Brick_Clay_New_D.uasset" 3887
"D:/GitHub/CutyKiller/GAME FOLDER/Content/StarterContent/Textures/T_Brick_Clay_New_N.uasset" 3888
"D:/GitHub/CutyKiller/GAME FOLDER/Content/StarterContent/Textures/T_Brick_Clay_Old_D.uasset" 3889
"D:/GitHub/CutyKiller/GAME FOLDER/Content/StarterContent/Textures/T_Brick_Clay_New_M.uasset" 3890
"D:/GitHub/CutyKiller/GAME FOLDER/Content/StarterContent/Textures/T_Brick_Clay_Beveled_M.uasset" 3891
"D:/GitHub/CutyKiller/GAME FOLDER/Content/StarterContent/Textures/T_Brick_Clay_Beveled_N.uasset" 3892
"D:/GitHub/CutyKiller/GAME FOLDER/Content/StarterContent/Textures/T_Brick_Clay_Beveled_D.uasset" 3893
"D:/GitHub/CutyKiller/GAME FOLDER/Content/DONT_USE/Characters/Mannequins/Textures/Manny/T_Manny_02_BN.uasset" 3894
"D:/GitHub/CutyKiller/GAME FOLDER/Content/DONT_USE/Characters/Mannequins/Textures/Manny/T_Manny_02_CCRCCPlastic_MSK.uasset" 3895
"D:/GitHub/CutyKiller/GAME FOLDER/Content/DONT_USE/Characters/Mannequins/Textures/Manny/T_Manny_02_D.uasset" 3896
"D:/GitHub/CutyKiller/GAME FOLDER/Content/StarterContent/Props/Materials/M_MaterialSphere_Plain.uasset" 3897
"D:/GitHub/CutyKiller/GAME FOLDER/Content/DONT_USE/Characters/Mannequins/Textures/Manny/T_Manny_02_Tan.uasset" 3898
"D:/GitHub/CutyKiller/GAME FOLDER/Content/DONT_USE/Characters/Mannequins/Textures/Manny/T_Manny_02_ASAOPMASK_MSK.uasset" 3899
"D:/GitHub/CutyKiller/GAME FOLDER/Content/DONT_USE/Characters/Mannequins/Textures/Manny/T_Manny_02_MSR_MSK.uasset" 3900
"D:/GitHub/CutyKiller/GAME FOLDER/Content/DONT_USE/Characters/Mannequins/Textures/Manny/T_Manny_02_N.uasset" 3901
"C:/Users/b.lapeze/AppData/Local/UnrealEngine/Common/DerivedDataCache/Buckets/LegacyTEXTURE/e6/22/9357af961fe6ee42bacddb83183fa9025003.udd" 3902
"C:/Users/b.lapeze/AppData/Local/UnrealEngine/Common/DerivedDataCache/Buckets/LegacyTEXTURE/87/da/d488a6189e3bdb25b4c114368329afc99a61.udd" 3903
"C:/Users/b.lapeze/AppData/Local/UnrealEngine/Common/DerivedDataCache/Buckets/LegacyTEXTURE/62/91/2b1cd497eef15a80673f84ccbbe0edd8a9f1.udd" 3904
"C:/Users/b.lapeze/AppData/Local/UnrealEngine/Common/DerivedDataCache/Buckets/LegacyTEXTURE/af/00/3935536ddded2319fc601c13af89d9720c2b.udd" 3905
"C:/Users/b.lapeze/AppData/Local/UnrealEngine/Common/DerivedDataCache/Buckets/LegacyTEXTURE/fe/b9/853b2609301ba89113380c8a82485d7378cb.udd" 3906
"C:/Users/b.lapeze/AppData/Local/UnrealEngine/Common/DerivedDataCache/Buckets/LegacyTEXTURE/0a/54/cdc928d5a711322d9951df04fa22c0839a12.udd" 3907
"C:/Users/b.lapeze/AppData/Local/UnrealEngine/Common/DerivedDataCache/Buckets/LegacyTEXTURE/4d/50/45dbb321cd7ebacd82a621fb526d9c6b787f.udd" 3908
"C:/Users/b.lapeze/AppData/Local/UnrealEngine/Common/DerivedDataCache/Buckets/LegacyTEXTURE/b4/d2/8a9a2dd1c3091d7027bf70767e9d2b20a4ba.udd" 3909
"C:/Users/b.lapeze/AppData/Local/UnrealEngine/Common/DerivedDataCache/Buckets/LegacyTEXTURE/1e/5b/bf3934eb97e06ca7ac3173e71dab15532b37.udd" 3910
"C:/Users/b.lapeze/AppData/Local/UnrealEngine/Common/DerivedDataCache/Buckets/LegacyTEXTURE/07/46/d3c6c563f47423fbda08074488ca2043fe6c.udd" 3911
"C:/Users/b.lapeze/AppData/Local/UnrealEngine/Common/DerivedDataCache/Buckets/LegacyTEXTURE/96/63/c9b08f245729798cead6739e2ef777ad0e99.udd" 3912
"C:/Users/b.lapeze/AppData/Local/UnrealEngine/Common/DerivedDataCache/Buckets/LegacyTEXTURE/3c/64/7db3afe018d48e24fb0117a9f400f7d9878f.udd" 3913
"C:/Users/b.lapeze/AppData/Local/UnrealEngine/Common/DerivedDataCache/Buckets/LegacyTEXTURE/f9/2f/1de6bbac7a1698d7b873bf697f83550edc26.udd" 3914
"C:/Users/b.lapeze/AppData/Local/UnrealEngine/Common/DerivedDataCache/Buckets/LegacyTEXTURE/68/fa/80793787fd1ecd23fd5ee1aae9a5b3525370.udd" 3915
"C:/Users/b.lapeze/AppData/Local/UnrealEngine/Common/DerivedDataCache/Buckets/LegacyTEXTURE/ce/59/5b6f5ba7b1f5738ce4a0419ab482cec4dc8f.udd" 3916
"C:/Users/b.lapeze/AppData/Local/UnrealEngine/Common/DerivedDataCache/Content/ca/f4/18a3f0ab20ed72ffc54703531187ab380c69.udd" 3917
"C:/Users/b.lapeze/AppData/Local/UnrealEngine/Common/DerivedDataCache/Buckets/LegacyTEXTURE/b1/12/54d33575cf22823983c5603cf42767b53142.udd" 3918
"C:/Users/b.lapeze/AppData/Local/UnrealEngine/Common/DerivedDataCache/Buckets/LegacyTEXTURE/67/a3/0c5e61ac468b1803dad4c72a320b4e143f3c.udd" 3919
"C:/Users/b.lapeze/AppData/Local/UnrealEngine/Common/DerivedDataCache/Buckets/LegacyTEXTURE/7a/6c/c4b22dbc896ba9caf3f93565aac280a17e9d.udd" 3920
"C:/Users/b.lapeze/AppData/Local/UnrealEngine/Common/DerivedDataCache/Buckets/LegacyTEXTURE/5b/11/1077c582de46adc5eebf0ae884e38937dcf5.udd" 3921
"C:/Users/b.lapeze/AppData/Local/UnrealEngine/Common/DerivedDataCache/Buckets/LegacyTEXTURE/93/11/2049f19d3f4c5d195528bab768393cf51ff4.udd" 3922
"C:/Users/b.lapeze/AppData/Local/UnrealEngine/Common/DerivedDataCache/Buckets/LegacyTEXTURE/9e/5d/6be3cdfa10931b443af291d9d8f326987c1a.udd" 3923
"C:/Users/b.lapeze/AppData/Local/UnrealEngine/Common/DerivedDataCache/Buckets/LegacyTEXTURE/c0/2b/a90063b571bb2fd2e7fef1ea4adf5098d882.udd" 3924
"C:/Users/b.lapeze/AppData/Local/UnrealEngine/Common/DerivedDataCache/Buckets/LegacyTEXTURE/0b/cd/718333168a4f15f4f1b83a4418cbf921fae0.udd" 3925
"C:/Users/b.lapeze/AppData/Local/UnrealEngine/Common/DerivedDataCache/Buckets/LegacyTEXTURE/38/b0/493a2033de2522bd23100ae4463037168d1e.udd" 3926
"C:/Users/b.lapeze/AppData/Local/UnrealEngine/Common/DerivedDataCache/Buckets/LegacyTEXTURE/de/10/5b9f0851920dd4a21441b74bc715a2bd1ebb.udd" 3927
"C:/Users/b.lapeze/AppData/Local/UnrealEngine/Common/DerivedDataCache/Buckets/LegacyTEXTURE/7f/cd/87f9cece50be9815abd15581d629eaa6b711.udd" 3928
"C:/Users/b.lapeze/AppData/Local/UnrealEngine/Common/DerivedDataCache/Buckets/LegacyTEXTURE/9e/05/dc4a79f6f7ed860f8b8029fff91cbe938376.udd" 3929
"C:/Users/b.lapeze/AppData/Local/UnrealEngine/Common/DerivedDataCache/Buckets/LegacyTEXTURE/17/7d/d8925dedfb7718c2113c20fbbf863d6c834e.udd" 3930
"C:/Users/b.lapeze/AppData/Local/UnrealEngine/Common/DerivedDataCache/Buckets/LegacyTEXTURE/10/67/0f55895a539a5b5f23c81113c50640d75cf6.udd" 3931
"C:/Users/b.lapeze/AppData/Local/UnrealEngine/Common/DerivedDataCache/Buckets/LegacyTEXTURE/cb/48/ed27b2dc3d59612cb847c029956f8913cc56.udd" 3932
"C:/Users/b.lapeze/AppData/Local/UnrealEngine/Common/DerivedDataCache/Buckets/LegacyTEXTURE/e7/c4/cf541e8316b70b6e36fc6a1fb93785c460b0.udd" 3933
"C:/Users/b.lapeze/AppData/Local/UnrealEngine/Common/DerivedDataCache/Buckets/LegacyTEXTURE/dc/6c/538c5d91ffc4f54a1bc4b61d352aacbf52de.udd" 3934
"C:/Users/b.lapeze/AppData/Local/UnrealEngine/Common/DerivedDataCache/Buckets/LegacyTEXTURE/62/af/c09724b753a3d14d2452c8a86fca0aafb59a.udd" 3935
"C:/Users/b.lapeze/AppData/Local/UnrealEngine/Common/DerivedDataCache/Buckets/LegacyTEXTURE/17/a7/4fa4db1c2003fbf42507b09a59d10389395c.udd" 3936
"C:/Users/b.lapeze/AppData/Local/UnrealEngine/Common/DerivedDataCache/Buckets/LegacyTEXTURE/81/24/3c5da7e89597aa87db338a3efc7cd65871f0.udd" 3937
"D:/GitHub/CutyKiller/GAME FOLDER/Content/Blueprints/Multiplayer/OnlineSaveGame.uasset" 3938
"D:/GitHub/CutyKiller/GAME FOLDER/Content/DONT_USE/Characters/Mannequins/Meshes/Mannequin_LODSettings.uasset" 3939
"D:/GitHub/CutyKiller/GAME FOLDER/Content/StarterContent/Materials/M_Basic_Floor.uasset" 3940
"D:/GitHub/CutyKiller/GAME FOLDER/Content/Blueprints/AI/BBEnemy.uasset" 3941
"D:/GitHub/CutyKiller/GAME FOLDER/Content/Blueprints/AI/FindRandomDestination.uasset" 3942
"../../../Engine/Content/MapTemplates/Sky/DaylightAmbientCubemap.uasset" 3943
"D:/GitHub/CutyKiller/GAME FOLDER/Content/StarterContent/Props/Materials/M_MaterialSphere.uasset" 3944
"D:/GitHub/CutyKiller/GAME FOLDER/Content/StarterContent/Particles/Materials/m_flare_01.uasset" 3945
"D:/GitHub/CutyKiller/GAME FOLDER/Content/Blueprints/AI/resetObj.uasset" 3946
"../../../Engine/Content/EditorMaterials/PreviewShadowIndicator.uasset" 3947
"D:/GitHub/CutyKiller/GAME FOLDER/Content/Blueprints/ExplosionAreaField.uasset" 3948
"../../../Engine/Content/EngineMaterials/DefaultCalibrationColor.uasset" 3949
"D:/GitHub/CutyKiller/GAME FOLDER/Content/StarterContent/Materials/M_Glass.uasset" 3950
"../../../Engine/Content/MobileResources/HUD/VirtualJoystick_Thumb.uasset" 3951
"../../../Engine/Content/MobileResources/HUD/VirtualJoystick_Background.uasset" 3952
"../../../Engine/Content/EngineMaterials/DefaultCalibrationGrayscale.uasset" 3953
"../../../Engine/Content/EngineSounds/Submixes/MasterEQEffectPreset.uasset" 3954
"../../../Engine/Content/EngineSounds/Submixes/MasterReverbEffectPreset.uasset" 3955
"../../../Engine/Content/Functions/Engine_MaterialFunctions02/Texturing/CustomRotator.uasset" 3956
"../../../Engine/Plugins/Bridge/Content/MSPresets/MSVTTextures/DefaultDiffuse.uasset" 3957
"../../../Engine/Plugins/Bridge/Content/MSPresets/MSVTTextures/Placeholder_Normal.uasset" 3958
"../../../Engine/Plugins/Bridge/Content/MSPresets/MSVTTextures/BlackPlaceholder.uasset" 3959
"../../../Engine/Content/EngineMaterials/DefaultNormal.uasset" 3960
"../../../Engine/Content/Engine_MI_Shaders/T_Base_Tile_Normal.uasset" 3961
"../../../Engine/Plugins/Bridge/Content/MSPresets/MSTextures/WhitePlaceholder.uasset" 3962
"../../../Engine/Plugins/Bridge/Content/MSPresets/M_MS_SurfaceBlend_Material/LayerFunctions/MF_Displacement.uasset" 3963
"../../../Engine/Plugins/Bridge/Content/MSPresets/MSTextures/BlackPlaceholder.uasset" 3964
"../../../Engine/Plugins/Bridge/Content/MSPresets/MSVTTextures/WhitePlaceholder.uasset" 3965
"../../../Engine/Plugins/Bridge/Content/MSPresets/MSTextures/Placeholder_Normal.uasset" 3966
"../../../Engine/Plugins/Bridge/Content/MSPresets/M_MS_SurfaceBlend_Material/LayerFunctions/Base/MF_BaseLayerAdjustments.uasset" 3967
"../../../Engine/Plugins/Bridge/Content/MSPresets/M_MS_SurfaceBlend_Material/LayerFunctions/Top/MF_TopLayerAdjustments.uasset" 3968
"../../../Engine/Plugins/Bridge/Content/MSPresets/M_MS_SurfaceBlend_Material/LayerFunctions/Middle/MF_MiddleLayerAdjustments.uasset" 3969
"../../../Engine/Plugins/Bridge/Content/MSPresets/MSTextures/FlatNormal.uasset" 3970
"../../../Engine/Plugins/Bridge/Content/MSPresets/MSTextures/Black.uasset" 3971
"../../../Engine/Plugins/Bridge/Content/MSPresets/M_MS_Glass_Material/Textures/Black.uasset" 3972
"../../../Engine/Plugins/Bridge/Content/MSPresets/M_MS_Glass_Material/Textures/White.uasset" 3973
"../../../Engine/Content/Functions/Engine_MaterialFunctions01/SpeedTree/SpeedTreeColorVariation.uasset" 3974
"../../../Engine/Plugins/Bridge/Content/MSPresets/M_MS_Glass_Material/Functions/MF_TranslucencyMetallic.uasset" 3975
"../../../Engine/Content/Functions/Engine_MaterialFunctions01/Texturing/FlattenNormal.uasset" 3976
"../../../Engine/Plugins/Bridge/Content/MSPresets/M_MS_Foliage_Material/Functions/MF_Translucency.uasset" 3977
"../../../Engine/Plugins/Bridge/Content/MSPresets/M_MS_Default_Fuzz_Material/Functions/MF_Fuzz.uasset" 3978
"../../../Engine/Plugins/Bridge/Content/MSPresets/MSTextures/White.uasset" 3979
"../../../Engine/Plugins/Bridge/Content/MSPresets/M_MS_Default_Material/Functions/MF_ObjAdjustments.uasset" 3980
"../../../Engine/Content/Functions/Engine_MaterialFunctions01/WorldPositionOffset/SimpleGrassWind.uasset" 3981
"../../../Engine/Content/Functions/Engine_MaterialFunctions02/WorldPositionOffset/ObjectPivotPoint.uasset" 3982
"../../../Engine/Plugins/Bridge/Content/MSPresets/M_MS_Glass_Material/Functions/MF_Refraction.uasset" 3983
"../../../Engine/Content/EngineSky/T_Sky_Clouds_M.uasset" 3984
"../../../Engine/Content/EngineSky/T_Sky_Stars.uasset" 3985
"../../../Engine/Content/Functions/Engine_MaterialFunctions01/Vectors/RotateVector.uasset" 3986
"../../../Engine/Content/BasicShapes/BasicShapeMaterial.uasset" 3987
"../../../Engine/Content/Functions/Engine_MaterialFunctions02/Math/TimeWithSpeedVariable.uasset" 3988
"../../../Engine/Content/EngineVolumetrics/Fogsheet/Materials/T_EV_BlankWhite_01.uasset" 3989
"../../../Engine/Content/Functions/Engine_MaterialFunctions02/Fresnel_Function.uasset" 3990
"../../../Engine/Content/EngineSky/T_Sky_Blue.uasset" 3991
"../../../Engine/Content/EditorMeshes/ColorCalibrator/T_ColorGrid.uasset" 3992
"../../../Engine/Content/EngineMaterials/BlendFunc_DefBase.uasset" 3993
"../../../Engine/Content/EngineMaterials/BlendFunc_DefBlend.uasset" 3994
"../../../Engine/Content/Functions/Engine_MaterialFunctions01/Gradient/RadialGradient.uasset" 3995
"../../../Engine/Content/Functions/Engine_MaterialFunctions01/AlphaBlend/WorldAlignedBlend.uasset" 3996
"../../../Engine/Content/EngineMaterials/Grid.uasset" 3997
"../../../Engine/Content/Functions/Engine_MaterialFunctions02/ScreenResolution.uasset" 3998
"../../../Engine/Content/Functions/Engine_MaterialFunctions02/Utility/BlendAngleCorrectedNormals.uasset" 3999
"../../../Engine/Content/Functions/Engine_MaterialFunctions02/Utility/VectorToRadialValue.uasset" 4000
"../../../Engine/Content/Functions/Engine_MaterialFunctions01/Opacity/AlphaOffset.uasset" 4001
"../../../Engine/Content/EngineSky/C_Sky_Cloud_Color.uasset" 4002
"../../../Engine/Content/Functions/MaterialLayerFunctions/MatLayerBlend_Simple.uasset" 4003
"../../../Engine/Content/Functions/Engine_MaterialFunctions02/TangentBasis.uasset" 4004
"../../../Engine/Content/Functions/Engine_MaterialFunctions02/Math/InverseTransformMatrix.uasset" 4005
"../../../Engine/Content/Functions/Engine_MaterialFunctions03/Procedurals/ComputeFilterWidth.uasset" 4006
"../../../Engine/Content/EditorMeshes/ColorCalibrator/M_ChromeBall.uasset" 4007
"../../../Engine/Content/EngineSky/C_Sky_Horizon_Color.uasset" 4008
"../../../Engine/Content/EngineSky/C_Sky_Zenith_Color.uasset" 4009
"../../../Engine/Content/Functions/Engine_MaterialFunctions02/Math/CreateThirdOrthogonalVector.uasset" 4010
"../../../Engine/Content/EditorMeshes/ColorCalibrator/M_ClearCoatBlack.uasset" 4011
"../../../Engine/Content/EditorMeshes/ColorCalibrator/Color_checker.uasset" 4012
"../../../Engine/Content/EditorMeshes/ColorCalibrator/M_GreyBall.uasset" 4013
"../../../Engine/Content/EditorMeshes/ColorCalibrator/M_ClearCoat.uasset" 4014
"D:/GitHub/CutyKiller/GAME FOLDER/Content/Materials/WallHack_Inst.uasset" 4015
"D:/GitHub/CutyKiller/GAME FOLDER/Content/Meshes/NewMaterial.uasset" 4016
"D:/GitHub/CutyKiller/GAME FOLDER/Content/StarterContent/Architecture/SM_AssetPlatform.uasset" 4017
"D:/GitHub/CutyKiller/GAME FOLDER/Content/LPSDeluxe2TropicalEnvironment/LPSD2_Materials/SpecialMaterials/MiscMaterials/M_LPSD2_Logo.uasset" 4018
"D:/GitHub/CutyKiller/GAME FOLDER/Content/LPSDeluxe2TropicalEnvironment/LPSD2_Materials/SpecialMaterials/MiscMaterials/M_LavaFlow_3.uasset" 4019
"D:/GitHub/CutyKiller/GAME FOLDER/Content/LPSDeluxe2TropicalEnvironment/LPSD2_Materials/SpecialMaterials/MiscMaterials/M_LavaFlow_1.uasset" 4020
"D:/GitHub/CutyKiller/GAME FOLDER/Content/LPSDeluxe2TropicalEnvironment/LPSD2_Materials/SpecialMaterials/MiscMaterials/M_LavaFlow_2.uasset" 4021
"D:/GitHub/CutyKiller/GAME FOLDER/Content/LPSDeluxe2TropicalEnvironment/LPSD2_Materials/SpecialMaterials/MiscMaterials/M_LightShaft.uasset" 4022
"D:/GitHub/CutyKiller/GAME FOLDER/Content/LPSDeluxe2TropicalEnvironment/LPSD2_Materials/SpecialMaterials/MiscMaterials/M_GoldCoin_Top_1.uasset" 4023
"D:/GitHub/CutyKiller/GAME FOLDER/Content/LPSDeluxe2TropicalEnvironment/LPSD2_Materials/SpecialMaterials/MiscMaterials/M_GoldCoin_Top_2.uasset" 4024
"D:/GitHub/CutyKiller/GAME FOLDER/Content/LPSDeluxe2TropicalEnvironment/LPSD2_Materials/SpecialMaterials/MiscMaterials/M_JollyRogerDisplay.uasset" 4025
"../../../Engine/Content/ArtTools/RenderToTexture/MaterialFunctions/CheckerPattern.uasset" 4026
"../../../../../../GitHub/CutyKiller/GAME FOLDER/Content/StarterContent/Architecture/SM_AssetPlatform.uasset" 4027
"../../../Engine/Content/Functions/Engine_MaterialFunctions02/Math/Transform3x3Matrix.uasset" 4028
"D:/GitHub/CutyKiller/GAME FOLDER/Content/MSPresets/M_MS_Default_Material_VT/Functions/MF_Transmission.uasset" 4029
"D:/GitHub/CutyKiller/GAME FOLDER/Content/MSPresets/M_MS_Glass_Material/Functions/MF_TranslucencyEmission.uasset" 4030
"D:/GitHub/CutyKiller/GAME FOLDER/Content/MSPresets/M_MS_Surface_Material/Functions/MF_Transmission.uasset" 4031
"D:/GitHub/CutyKiller/GAME FOLDER/Content/MSPresets/M_MS_Surface_Material_VT/Functions/MF_Transmission.uasset" 4032
"C:/Users/b.lapeze/AppData/Local/UnrealEngine/Common/DerivedDataCache/Buckets/LegacyDIST/8c/fb/ce048568fe280017fc2f90d0b2f0280faba3.udd" 4033
"C:/Users/b.lapeze/AppData/Local/UnrealEngine/Common/DerivedDataCache/Buckets/LegacyCARD/1d/e0/bd5144acce4cf5f5a13750cabc0db5c37484.udd" 4034
"D:/GitHub/CutyKiller/GAME FOLDER/Content/MSPresets/M_MS_Default_Material/Functions/MF_Transmission.uasset" 4035
"D:/GitHub/CutyKiller/GAME FOLDER/Content/DONT_USE/Weapon_Pack/Materials/Weapons/M_WeaponSet_1.uasset" 4036
"D:/GitHub/CutyKiller/GAME FOLDER/Content/DONT_USE/Weapon_Pack/Materials/Weapons/M_WeaponSet_2.uasset" 4037
"../../../Engine/Plugins/Bridge/Content/MSPresets/M_MS_Glass_Material/Functions/MF_TranslucencyEmission.uasset" 4038
"C:/Users/b.lapeze/AppData/Local/UnrealEngine/Common/DerivedDataCache/Buckets/LegacyMATSM/56/88/85673e86fbb5109a8152a1a1cd07c81ffc8a.udd" 4039
"C:/Users/b.lapeze/AppData/Local/UnrealEngine/Common/DerivedDataCache/Buckets/LegacyMATSM/30/77/4c9a3da7f5f00e926c39b7389d860ddec07e.udd" 4040
"C:/Users/b.lapeze/AppData/Local/UnrealEngine/Common/DerivedDataCache/Buckets/LegacyMATSM/f2/bc/58cd898c49121908093484b84267c82e427e.udd" 4041
"C:/Users/b.lapeze/AppData/Local/UnrealEngine/Common/DerivedDataCache/Buckets/LegacyMATSM/7f/bf/e30173a59895e3beb87e0eed2e73c874013d.udd" 4042
"C:/Users/b.lapeze/AppData/Local/UnrealEngine/Common/DerivedDataCache/Buckets/LegacyMATSM/25/dc/4c2c0b9a3107afe9ffeb75b940a174a75b27.udd" 4043
"C:/Users/b.lapeze/AppData/Local/UnrealEngine/Common/DerivedDataCache/Buckets/LegacyMATSM/6b/4f/040843bc342bce5ab8de260fcada6077c320.udd" 4044
"C:/Users/b.lapeze/AppData/Local/UnrealEngine/Common/DerivedDataCache/Buckets/LegacyMATSM/f3/63/aea99e7d2954e4d747d8b47e747384fdbbd5.udd" 4045
"C:/Users/b.lapeze/AppData/Local/UnrealEngine/Common/DerivedDataCache/Buckets/LegacyMATSM/10/28/16e42bc6cf8ac025b7852e716b6412fc945d.udd" 4046
"D:/GitHub/CutyKiller/GAME FOLDER/Content/DONT_USE/Weapon_Pack/Materials/Weapons/M_WeaponSet_1Dirty.uasset" 4047
"D:/GitHub/CutyKiller/GAME FOLDER/Content/DONT_USE/Weapon_Pack/Materials/Set/M_Wall_Window_Frame2.uasset" 4048
"D:/GitHub/CutyKiller/GAME FOLDER/Content/DONT_USE/Weapon_Pack/Materials/M_Stained_Glass.uasset" 4049
"../../../Engine/Plugins/Bridge/Content/MSPresets/M_MS_Default_Material/Functions/MF_Transmission.uasset" 4050
"D:/GitHub/CutyKiller/GAME FOLDER/Content/DONT_USE/Weapon_Pack/Materials/Set/M_Stone_Wall_Trim.uasset" 4051
"D:/GitHub/CutyKiller/GAME FOLDER/Content/DONT_USE/Weapon_Pack/Materials/Set/M_Window_Frames.uasset" 4052
"D:/GitHub/CutyKiller/GAME FOLDER/Content/DONT_USE/Weapon_Pack/Materials/Set/M_Wall_Window_Frame1.uasset" 4053
"D:/GitHub/CutyKiller/GAME FOLDER/Content/DONT_USE/Weapon_Pack/Materials/Weapons/M_WeaponSet_2Dirty.uasset" 4054
"D:/GitHub/CutyKiller/GAME FOLDER/Content/DONT_USE/Weapon_Pack/Materials/Set/M_Stone_Wall.uasset" 4055
"D:/GitHub/CutyKiller/GAME FOLDER/Content/DONT_USE/Weapon_Pack/Materials/Set/M_Floor.uasset" 4056
"../../../Engine/Plugins/Bridge/Content/MSPresets/M_MS_Surface_Material/Functions/MF_Transmission.uasset" 4057
"D:/GitHub/CutyKiller/GAME FOLDER/Content/DONT_USE/Weapon_Pack/Materials/Props/Interior/M_Props2.uasset" 4058
"D:/GitHub/CutyKiller/GAME FOLDER/Content/DONT_USE/Weapon_Pack/Materials/Props/Interior/M_Wood_Props.uasset" 4059
"D:/GitHub/CutyKiller/GAME FOLDER/Content/DONT_USE/Weapon_Pack/Materials/Props/Interior/M_Props3.uasset" 4060
"D:/GitHub/CutyKiller/GAME FOLDER/Content/DONT_USE/Weapon_Pack/Materials/Props/Interior/M_Props1.uasset" 4061
"D:/GitHub/CutyKiller/GAME FOLDER/Content/DONT_USE/Weapon_Pack/Effects/Materials/Fire/M_Fire_SubUV_11X11_Noise.uasset" 4062
"C:/Users/b.lapeze/AppData/Local/UnrealEngine/Common/DerivedDataCache/Buckets/LegacyMATSM/d7/d4/818c0801009f6c393d72e99ad9bc7fe456fa.udd" 4063
"C:/Users/b.lapeze/AppData/Local/UnrealEngine/Common/DerivedDataCache/Content/3e/3d/a50abefc5b16ff852737c60c8e6245c30727.udd" 4064
"D:/GitHub/CutyKiller/GAME FOLDER/Content/DONT_USE/Weapon_Pack/Effects/Materials/Flares/M_FlareRound.uasset" 4065
"D:/GitHub/CutyKiller/GAME FOLDER/Content/DONT_USE/Weapon_Pack/Effects/Materials/Sparks/M_Spark_VelocityLerp.uasset" 4066
"D:/GitHub/CutyKiller/GAME FOLDER/Content/DONT_USE/Weapon_Pack/Materials/Props/Interior/M_Banners.uasset" 4067
"D:/GitHub/CutyKiller/GAME FOLDER/Content/DONT_USE/LPSDeluxe2TropicalEnvironment/LPSD2_Materials/SpecialMaterials/MiscMaterials/M_LPSD2_Logo.uasset" 4068
"D:/GitHub/CutyKiller/GAME FOLDER/Content/DONT_USE/LPSDeluxe2TropicalEnvironment/LPSD2_Materials/SpecialMaterials/MiscMaterials/M_LightShaft.uasset" 4069
"D:/GitHub/CutyKiller/GAME FOLDER/Content/DONT_USE/LPSDeluxe2TropicalEnvironment/LPSD2_Materials/SpecialMaterials/MiscMaterials/M_LavaFlow_2.uasset" 4070
"D:/GitHub/CutyKiller/GAME FOLDER/Content/DONT_USE/LPSDeluxe2TropicalEnvironment/LPSD2_Materials/SpecialMaterials/MiscMaterials/M_LavaFlow_3.uasset" 4071
"D:/GitHub/CutyKiller/GAME FOLDER/Content/DONT_USE/LPSDeluxe2TropicalEnvironment/LPSD2_Materials/SpecialMaterials/MiscMaterials/M_JollyRogerDisplay.uasset" 4072
"D:/GitHub/CutyKiller/GAME FOLDER/Content/DONT_USE/LPSDeluxe2TropicalEnvironment/LPSD2_Materials/SpecialMaterials/MiscMaterials/M_LavaFlow_1.uasset" 4073
"C:/Users/b.lapeze/AppData/Local/UnrealEngine/Common/DerivedDataCache/Buckets/LegacyMATSM/b6/03/8fa3a390c21d0dafbe74502f7b7993689107.udd" 4074
"C:/Users/b.lapeze/AppData/Local/UnrealEngine/Common/DerivedDataCache/Buckets/LegacyMATSM/bd/30/e544a86d26fc793f0256168622b3b3884954.udd" 4075
"C:/Users/b.lapeze/AppData/Local/UnrealEngine/Common/DerivedDataCache/Buckets/LegacyMATSM/ec/d5/076f0ce14877a58f7119eb51d96f5885cc9c.udd" 4076
"C:/Users/b.lapeze/AppData/Local/UnrealEngine/Common/DerivedDataCache/Buckets/LegacyMATSM/1f/2e/c593abc723d926d0f45282e45b7cd04a44ff.udd" 4077
"D:/GitHub/CutyKiller/GAME FOLDER/Content/Blueprints/MenuGameMode.uasset" 4078
"C:/Users/b.lapeze/AppData/Local/UnrealEngine/Common/DerivedDataCache/Buckets/LegacyMATSM/02/9d/8868378bbe4a9ba24f13e1fb2eb37b856245.udd" 4079
"D:/GitHub/CutyKiller/GAME FOLDER/Content/DONT_USE/LPSDeluxe2TropicalEnvironment/LPSD2_Materials/SpecialMaterials/MiscMaterials/M_GoldCoin_Top_2.uasset" 4080
"C:/Users/b.lapeze/AppData/Local/UnrealEngine/Common/DerivedDataCache/Buckets/LegacyMATSM/84/b2/56eed188435ce1120f0dafd8fbb421b2f45d.udd" 4081
"D:/GitHub/CutyKiller/GAME FOLDER/Content/Weapon_Pack/Materials/Set/M_Wall_Window_Frame1.uasset" 4082
"C:/Users/b.lapeze/AppData/Local/UnrealEngine/Common/DerivedDataCache/Buckets/LegacyMATSM/ea/7c/01e33b3412338bc37d79364c30700fd4c759.udd" 4083
"D:/GitHub/CutyKiller/GAME FOLDER/Content/Weapon_Pack/Materials/Set/M_Stone_Wall_Trim.uasset" 4084
"D:/GitHub/CutyKiller/GAME FOLDER/Content/Weapon_Pack/Materials/Set/M_Stone_Wall.uasset" 4085
"D:/GitHub/CutyKiller/GAME FOLDER/Content/Weapon_Pack/Materials/Set/M_Wall_Window_Frame2.uasset" 4086
"D:/GitHub/CutyKiller/GAME FOLDER/Content/Weapon_Pack/Materials/Weapons/M_WeaponSet_1.uasset" 4087
"C:/Users/b.lapeze/AppData/Local/UnrealEngine/Common/DerivedDataCache/Buckets/LegacyMATSM/fd/96/3540717f3917a4f0b1362e89bdac491e2308.udd" 4088
"D:/GitHub/CutyKiller/GAME FOLDER/Content/Weapon_Pack/Materials/Weapons/M_WeaponSet_2.uasset" 4089
"D:/GitHub/CutyKiller/GAME FOLDER/Content/Weapon_Pack/Materials/Weapons/M_WeaponSet_1Dirty.uasset" 4090
"D:/GitHub/CutyKiller/GAME FOLDER/Content/Weapon_Pack/Materials/M_Stained_Glass.uasset" 4091
"D:/GitHub/CutyKiller/GAME FOLDER/Content/Weapon_Pack/Materials/Set/M_Floor.uasset" 4092
"D:/GitHub/CutyKiller/GAME FOLDER/Content/Weapon_Pack/Materials/Props/Interior/M_Wood_Props.uasset" 4093
"C:/Users/b.lapeze/AppData/Local/UnrealEngine/Common/DerivedDataCache/Buckets/LegacyMATSM/cd/04/89fa8cde829e191ae83fb1b53a8a20a136fb.udd" 4094
"D:/GitHub/CutyKiller/GAME FOLDER/Content/DONT_USE/LPSDeluxe2TropicalEnvironment/LPSD2_Materials/SpecialMaterials/MiscMaterials/M_GoldCoin_Top_1.uasset" 4095
"C:/Users/b.lapeze/AppData/Local/UnrealEngine/Common/DerivedDataCache/Buckets/LegacyMATSM/99/f0/c250f180965d6b5544371a70d166abb870d0.udd" 4096
"D:/GitHub/CutyKiller/GAME FOLDER/Content/Weapon_Pack/Materials/Props/Interior/M_Props3.uasset" 4097
"D:/GitHub/CutyKiller/GAME FOLDER/Content/Weapon_Pack/Materials/Set/M_Window_Frames.uasset" 4098
"C:/Users/b.lapeze/AppData/Local/UnrealEngine/Common/DerivedDataCache/Buckets/LegacyMATSM/88/f3/e6a92dcba7f44eef3c372cae30fb726fa14b.udd" 4099
"D:/GitHub/CutyKiller/GAME FOLDER/Content/Weapon_Pack/Materials/Weapons/M_WeaponSet_2Dirty.uasset" 4100
"C:/Users/b.lapeze/AppData/Local/UnrealEngine/Common/DerivedDataCache/Buckets/LegacyMATSM/27/e1/4411ef7aa06b082d0f61a13b1d5982c23456.udd" 4101
"C:/Users/b.lapeze/AppData/Local/UnrealEngine/Common/DerivedDataCache/Buckets/LegacyMATSM/4d/de/c977115da1427da403bd8ec7366a50706a4f.udd" 4102
"C:/Users/b.lapeze/AppData/Local/UnrealEngine/Common/DerivedDataCache/Buckets/LegacyMATSM/ea/63/78d3945338404b25ea5ae312b7fe13d4a0bc.udd" 4103
"C:/Users/b.lapeze/AppData/Local/UnrealEngine/Common/DerivedDataCache/Buckets/LegacyMATSM/fc/da/e365b2c774d63a0306390e6be654384fc177.udd" 4104
"C:/Users/b.lapeze/AppData/Local/UnrealEngine/Common/DerivedDataCache/Buckets/LegacyMATSM/65/fd/82ca67382a7fdb02837ef52ee388bcfa613d.udd" 4105
"C:/Users/b.lapeze/AppData/Local/UnrealEngine/Common/DerivedDataCache/Buckets/LegacyMATSM/18/04/6234e67db6ecb88f47b035c98a5a263aefb9.udd" 4106
"C:/Users/b.lapeze/AppData/Local/UnrealEngine/Common/DerivedDataCache/Buckets/LegacyMATSM/67/c0/5bd5ed9175efabe3b93bbc92d07e21ceba22.udd" 4107
"C:/Users/b.lapeze/AppData/Local/UnrealEngine/Common/DerivedDataCache/Buckets/LegacyMATSM/5a/1b/f1e1fdb5d2a7367917ca69ce38e82dad6d4a.udd" 4108
"D:/GitHub/CutyKiller/GAME FOLDER/Content/Weapon_Pack/Materials/Props/Interior/M_Props2.uasset" 4109
"D:/GitHub/CutyKiller/GAME FOLDER/Content/Weapon_Pack/Materials/Props/Interior/M_Props1.uasset" 4110
"D:/GitHub/CutyKiller/GAME FOLDER/Content/Weapon_Pack/Materials/Props/Interior/M_Banners.uasset" 4111
"D:/GitHub/CutyKiller/GAME FOLDER/Content/Weapon_Pack/Effects/Materials/Fire/M_Fire_SubUV_11X11_Noise.uasset" 4112
"D:/GitHub/CutyKiller/GAME FOLDER/Content/Weapon_Pack/Effects/Materials/Flares/M_FlareRound.uasset" 4113
"D:/GitHub/CutyKiller/GAME FOLDER/Content/Weapon_Pack/Effects/Materials/Sparks/M_Spark_VelocityLerp.uasset" 4114
"D:/GitHub/CutyKiller/GAME FOLDER/Content/StarterContent/Particles/Materials/M_Heat_Distortion.uasset" 4115
"D:/GitHub/CutyKiller/GAME FOLDER/Content/StarterContent/Particles/Materials/M_Spark.uasset" 4116
"D:/GitHub/CutyKiller/GAME FOLDER/Content/StarterContent/Particles/Materials/M_smoke_subUV.uasset" 4117
"D:/GitHub/CutyKiller/GAME FOLDER/Content/StarterContent/Props/Materials/M_Shelf.uasset" 4118
"D:/GitHub/CutyKiller/GAME FOLDER/Content/StarterContent/Props/Materials/M_StatueGlass.uasset" 4119
"D:/GitHub/CutyKiller/GAME FOLDER/Content/StarterContent/Props/Materials/M_TableRound.uasset" 4120
"D:/GitHub/CutyKiller/GAME FOLDER/Content/StarterContent/Props/Materials/M_Statue.uasset" 4121
"D:/GitHub/CutyKiller/GAME FOLDER/Content/Materials/MatLandscape.uasset" 4122
"D:/GitHub/CutyKiller/GAME FOLDER/Content/Materials/MatLandscape2.uasset" 4123
"D:/GitHub/CutyKiller/GAME FOLDER/Content/StarterContent/Materials/M_Water_Lake.uasset" 4124
"D:/GitHub/CutyKiller/GAME FOLDER/Content/StarterContent/Materials/M_Wood_Floor_Walnut_Polished.uasset" 4125
"D:/GitHub/CutyKiller/GAME FOLDER/Content/StarterContent/Materials/M_Wood_Walnut.uasset" 4126
"D:/GitHub/CutyKiller/GAME FOLDER/Content/StarterContent/Materials/M_Wood_Pine.uasset" 4127
"D:/GitHub/CutyKiller/GAME FOLDER/Content/StarterContent/Materials/M_Wood_Oak.uasset" 4128
"D:/GitHub/CutyKiller/GAME FOLDER/Content/StarterContent/Materials/M_Tech_Hex_Tile_Pulse.uasset" 4129
"D:/GitHub/CutyKiller/GAME FOLDER/Content/StarterContent/Materials/M_Tech_Panel.uasset" 4130
"D:/GitHub/CutyKiller/GAME FOLDER/Content/StarterContent/Materials/M_Metal_Steel.uasset" 4131
"D:/GitHub/CutyKiller/GAME FOLDER/Content/StarterContent/Materials/M_Rock_Basalt.uasset" 4132
"D:/GitHub/CutyKiller/GAME FOLDER/Content/StarterContent/Materials/M_Rock_Marble_Polished.uasset" 4133
"D:/GitHub/CutyKiller/GAME FOLDER/Content/StarterContent/Materials/M_Rock_Sandstone.uasset" 4134
"D:/GitHub/CutyKiller/GAME FOLDER/Content/StarterContent/Materials/M_Rock_Slate.uasset" 4135
"D:/GitHub/CutyKiller/GAME FOLDER/Content/StarterContent/Materials/M_Metal_Gold.uasset" 4136
"D:/GitHub/CutyKiller/GAME FOLDER/Content/StarterContent/Materials/M_Metal_Burnished_Steel.uasset" 4137
"D:/GitHub/CutyKiller/GAME FOLDER/Content/StarterContent/Materials/M_Metal_Chrome.uasset" 4138
"D:/GitHub/CutyKiller/GAME FOLDER/Content/StarterContent/Materials/M_Metal_Copper.uasset" 4139
"D:/GitHub/CutyKiller/GAME FOLDER/Content/StarterContent/Props/Materials/M_Lamp.uasset" 4140
"D:/GitHub/CutyKiller/GAME FOLDER/Content/StarterContent/Materials/M_Metal_Brushed_Nickel.uasset" 4141
"D:/GitHub/CutyKiller/GAME FOLDER/Content/StarterContent/Props/Materials/M_Door.uasset" 4142
"D:/GitHub/CutyKiller/GAME FOLDER/Content/StarterContent/Materials/M_Ground_Grass.uasset" 4143
"D:/GitHub/CutyKiller/GAME FOLDER/Content/StarterContent/Materials/M_Ground_Gravel.uasset" 4144
"D:/GitHub/CutyKiller/GAME FOLDER/Content/StarterContent/Materials/M_Ground_Moss.uasset" 4145
"D:/GitHub/CutyKiller/GAME FOLDER/Content/StarterContent/Props/Materials/M_Frame.uasset" 4146
"D:/GitHub/CutyKiller/GAME FOLDER/Content/StarterContent/Particles/Materials/M_Dust_Particle.uasset" 4147
"D:/GitHub/CutyKiller/GAME FOLDER/Content/StarterContent/Particles/Materials/M_explosion_subUV.uasset" 4148
"D:/GitHub/CutyKiller/GAME FOLDER/Content/StarterContent/Particles/Materials/M_Fire_SubUV.uasset" 4149
"D:/GitHub/CutyKiller/GAME FOLDER/Content/StarterContent/Materials/M_Concrete_Panels.uasset" 4150
"D:/GitHub/CutyKiller/GAME FOLDER/Content/StarterContent/Materials/M_Concrete_Poured.uasset" 4151
"D:/GitHub/CutyKiller/GAME FOLDER/Content/StarterContent/Materials/M_Concrete_Tiles.uasset" 4152
"D:/GitHub/CutyKiller/GAME FOLDER/Content/StarterContent/Materials/M_Concrete_Grime.uasset" 4153
"D:/GitHub/CutyKiller/GAME FOLDER/Content/StarterContent/Materials/M_CobbleStone_Smooth.uasset" 4154
"D:/GitHub/CutyKiller/GAME FOLDER/Content/DONT_USE/Characters/Mannequin_UE4/Materials/Layers/ML_ShinyPlastic_Beige_Logo.uasset" 4155
"C:/Users/b.lapeze/AppData/Local/UnrealEngine/Common/DerivedDataCache/Buckets/LegacyMATSM/b5/fb/7197f1c197f84644bf2b43a2241ff499f71d.udd" 4156
"C:/Users/b.lapeze/AppData/Local/UnrealEngine/Common/DerivedDataCache/Buckets/LegacyMATSM/df/a8/4db7c3072d762c4141f77f63d6abad8cbc23.udd" 4157
"D:/GitHub/CutyKiller/GAME FOLDER/Content/StarterContent/Materials/M_CobbleStone_Rough.uasset" 4158
"D:/GitHub/CutyKiller/GAME FOLDER/Content/StarterContent/Materials/M_Tech_Checker_Dot.uasset" 4159
"D:/GitHub/CutyKiller/GAME FOLDER/Content/StarterContent/Materials/M_CobbleStone_Pebble.uasset" 4160
"D:/GitHub/CutyKiller/GAME FOLDER/Content/StarterContent/Materials/M_Ceramic_Tile_Checker.uasset" 4161
"D:/GitHub/CutyKiller/GAME FOLDER/Content/DONT_USE/Characters/Mannequin_UE4/Materials/Layers/ML_Latex_Black.uasset" 4162
"D:/GitHub/CutyKiller/GAME FOLDER/Content/StarterContent/Props/Materials/M_Bush.uasset" 4163
"D:/GitHub/CutyKiller/GAME FOLDER/Content/StarterContent/Props/Materials/M_Chair.uasset" 4164
"D:/GitHub/CutyKiller/GAME FOLDER/Content/StarterContent/Particles/Materials/M_Burst.uasset" 4165
"D:/GitHub/CutyKiller/GAME FOLDER/Content/DONT_USE/Characters/Mannequin_UE4/Materials/Layers/ML_SoftMetal.uasset" 4166
"D:/GitHub/CutyKiller/GAME FOLDER/Content/StarterContent/Materials/M_Brick_Clay_Beveled.uasset" 4167
"D:/GitHub/CutyKiller/GAME FOLDER/Content/StarterContent/Materials/M_Brick_Clay_New.uasset" 4168
"D:/GitHub/CutyKiller/GAME FOLDER/Content/StarterContent/Materials/M_Brick_Cut_Stone.uasset" 4169
"D:/GitHub/CutyKiller/GAME FOLDER/Content/StarterContent/Materials/M_Brick_Hewn_Stone.uasset" 4170
"D:/GitHub/CutyKiller/GAME FOLDER/Content/StarterContent/Props/SM_MatPreviewMesh_02.uasset" 4171
"D:/GitHub/CutyKiller/GAME FOLDER/Content/StarterContent/Materials/M_Brick_Clay_Old.uasset" 4172
"../../../../../../GitHub/CutyKiller/GAME FOLDER/Content/StarterContent/Props/SM_MatPreviewMesh_02.uasset" 4173
"D:/GitHub/CutyKiller/GAME FOLDER/Content/DONT_USE/Characters/Mannequins/Rigs/Poses/Quinn/Quinn_upperarm_l_pose.uasset" 4174
"D:/GitHub/CutyKiller/GAME FOLDER/Content/DONT_USE/Characters/Mannequins/Rigs/Poses/Quinn/Quinn_thigh_l_pose.uasset" 4175
"D:/GitHub/CutyKiller/GAME FOLDER/Content/DONT_USE/Characters/Mannequins/Rigs/Poses/Quinn/Quinn_lowerarm_l_pose.uasset" 4176
"D:/GitHub/CutyKiller/GAME FOLDER/Content/DONT_USE/Characters/Mannequins/Rigs/Poses/Quinn/Quinn_hand_r_pose.uasset" 4177
"D:/GitHub/CutyKiller/GAME FOLDER/Content/DONT_USE/Characters/Mannequins/Rigs/Poses/Quinn/Quinn_upperarm_r_pose.uasset" 4178
"D:/GitHub/CutyKiller/GAME FOLDER/Content/DONT_USE/Characters/Mannequins/Rigs/Poses/Quinn/Quinn_lowerarm_r_pose.uasset" 4179
"D:/GitHub/CutyKiller/GAME FOLDER/Content/DONT_USE/Characters/Mannequins/Rigs/Poses/Quinn/Quinn_foot_r_pose.uasset" 4180
"D:/GitHub/CutyKiller/GAME FOLDER/Content/DONT_USE/Characters/Mannequins/Rigs/Poses/Quinn/Quinn_foot_l_pose.uasset" 4181
"D:/GitHub/CutyKiller/GAME FOLDER/Content/DONT_USE/Characters/Mannequins/Rigs/Poses/Quinn/Quinn_calf_l_pose.uasset" 4182
"D:/GitHub/CutyKiller/GAME FOLDER/Content/DONT_USE/Characters/Mannequins/Rigs/Poses/Manny/Manny_upperarm_l_pose.uasset" 4183
"D:/GitHub/CutyKiller/GAME FOLDER/Content/DONT_USE/Characters/Mannequins/Rigs/Poses/Quinn/Quinn_thigh_r_pose.uasset" 4184
"D:/GitHub/CutyKiller/GAME FOLDER/Content/DONT_USE/Characters/Mannequins/Rigs/Poses/Quinn/Quinn_hand_l_pose.uasset" 4185
"D:/GitHub/CutyKiller/GAME FOLDER/Content/DONT_USE/Characters/Mannequins/Rigs/Poses/Manny/Manny_upperarm_r_pose.uasset" 4186
"D:/GitHub/CutyKiller/GAME FOLDER/Content/DONT_USE/Characters/Mannequins/Rigs/Poses/Quinn/Quinn_clavicle_r_pose.uasset" 4187
"D:/GitHub/CutyKiller/GAME FOLDER/Content/DONT_USE/Characters/Mannequins/Rigs/Poses/Quinn/Quinn_calf_r_pose.uasset" 4188
"D:/GitHub/CutyKiller/GAME FOLDER/Content/DONT_USE/Characters/Mannequins/Rigs/Poses/Quinn/Quinn_clavicle_l_pose.uasset" 4189
"C:/Users/b.lapeze/AppData/Local/UnrealEngine/Common/DerivedDataCache/Buckets/LegacyDIST/fb/4b/d423d8988b7bcc0c1e6d612500960a2d1f16.udd" 4190
"C:/Users/b.lapeze/AppData/Local/UnrealEngine/Common/DerivedDataCache/Buckets/LegacyCARD/fd/54/bd0453d767d27d024e67fb2a73c5c39a5d7c.udd" 4191
"C:/Users/b.lapeze/AppData/Local/UnrealEngine/Common/DerivedDataCache/Buckets/LegacyDIST/5a/e7/114b82cc4d13b74df626a39b11dea68927f0.udd" 4192
"C:/Users/b.lapeze/AppData/Local/UnrealEngine/Common/DerivedDataCache/Buckets/LegacyCARD/03/c0/ef2542f54eda1b56d81a64e5f342cfc5b353.udd" 4193
"../../../../../../GitHub/CutyKiller/GAME FOLDER/Content/DONT_USE/Characters/Mannequins/Rigs/Poses/Quinn/Quinn_upperarm_r_anim.uasset" 4194
"C:/Users/b.lapeze/AppData/Local/UnrealEngine/Common/DerivedDataCache/Buckets/LegacyAnimSeq/8e/b7/7e1080b9a1934a80db37d974a03838a6f0d5.udd" 4195
"../../../../../../GitHub/CutyKiller/GAME FOLDER/Content/DONT_USE/Characters/Mannequins/Rigs/Poses/Quinn/Quinn_upperarm_l_anim.uasset" 4196
"D:/GitHub/CutyKiller/GAME FOLDER/Content/DONT_USE/Characters/Mannequins/Rigs/Poses/Manny/Manny_thigh_r_pose.uasset" 4197
"C:/Users/b.lapeze/AppData/Local/UnrealEngine/Common/DerivedDataCache/Buckets/LegacyAnimSeq/f7/c0/aa85161a82ae9196152de2a301dcb84754fc.udd" 4198
"../../../../../../GitHub/CutyKiller/GAME FOLDER/Content/DONT_USE/Characters/Mannequins/Rigs/Poses/Quinn/Quinn_thigh_r_anim.uasset" 4199
"D:/GitHub/CutyKiller/GAME FOLDER/Content/DONT_USE/Characters/Mannequins/Rigs/Poses/Manny/Manny_thigh_l_pose.uasset" 4200
"C:/Users/b.lapeze/AppData/Local/UnrealEngine/Common/DerivedDataCache/Buckets/LegacyAnimSeq/d0/0e/023b0dd3fc922e3a41c1641a30823d91f080.udd" 4201
"../../../../../../GitHub/CutyKiller/GAME FOLDER/Content/DONT_USE/Characters/Mannequins/Rigs/Poses/Quinn/Quinn_thigh_l_anim.uasset" 4202
"D:/GitHub/CutyKiller/GAME FOLDER/Content/DONT_USE/Characters/Mannequins/Rigs/Poses/Manny/Manny_lowerarm_r_pose.uasset" 4203
"C:/Users/b.lapeze/AppData/Local/UnrealEngine/Common/DerivedDataCache/Buckets/LegacyAnimSeq/1e/95/648226fb517d512d209a4384d12c4c616e76.udd" 4204
"../../../../../../GitHub/CutyKiller/GAME FOLDER/Content/DONT_USE/Characters/Mannequins/Rigs/Poses/Quinn/Quinn_lowerarm_r_anim.uasset" 4205
"D:/GitHub/CutyKiller/GAME FOLDER/Content/DONT_USE/Characters/Mannequins/Rigs/Poses/Manny/Manny_lowerarm_l_pose.uasset" 4206
"C:/Users/b.lapeze/AppData/Local/UnrealEngine/Common/DerivedDataCache/Buckets/LegacyAnimSeq/33/85/e3d6fdf2422c9103a766278761df8c07ea43.udd" 4207
"../../../../../../GitHub/CutyKiller/GAME FOLDER/Content/DONT_USE/Characters/Mannequins/Rigs/Poses/Quinn/Quinn_lowerarm_l_anim.uasset" 4208
"D:/GitHub/CutyKiller/GAME FOLDER/Content/DONT_USE/Characters/Mannequins/Rigs/Poses/Manny/Manny_hand_r_pose.uasset" 4209
"C:/Users/b.lapeze/AppData/Local/UnrealEngine/Common/DerivedDataCache/Buckets/LegacyAnimSeq/20/73/b94292e23521c105eaee4241055f97d986d2.udd" 4210
"../../../../../../GitHub/CutyKiller/GAME FOLDER/Content/DONT_USE/Characters/Mannequins/Rigs/Poses/Quinn/Quinn_hand_r_anim.uasset" 4211
"D:/GitHub/CutyKiller/GAME FOLDER/Content/DONT_USE/Characters/Mannequins/Rigs/Poses/Manny/Manny_hand_l_pose.uasset" 4212
"C:/Users/b.lapeze/AppData/Local/UnrealEngine/Common/DerivedDataCache/Buckets/LegacyAnimSeq/eb/9c/2083ccc9c123d87be49a1289f54c46160f61.udd" 4213
"D:/GitHub/CutyKiller/GAME FOLDER/Content/DONT_USE/Characters/Mannequins/Rigs/Poses/Manny/Manny_foot_r_pose.uasset" 4214
"../../../../../../GitHub/CutyKiller/GAME FOLDER/Content/DONT_USE/Characters/Mannequins/Rigs/Poses/Quinn/Quinn_hand_l_anim.uasset" 4215
"C:/Users/b.lapeze/AppData/Local/UnrealEngine/Common/DerivedDataCache/Buckets/LegacyAnimSeq/de/9e/2b2ff3eaa70cd2a2eedd1faa7f08b24dee45.udd" 4216
"D:/GitHub/CutyKiller/GAME FOLDER/Content/DONT_USE/Characters/Mannequins/Rigs/Poses/Manny/Manny_foot_l_pose.uasset" 4217
"../../../../../../GitHub/CutyKiller/GAME FOLDER/Content/DONT_USE/Characters/Mannequins/Rigs/Poses/Quinn/Quinn_foot_r_anim.uasset" 4218
"C:/Users/b.lapeze/AppData/Local/UnrealEngine/Common/DerivedDataCache/Buckets/LegacyAnimSeq/bd/bd/2ee250ec32461daed7760819c1c0a73105f5.udd" 4219
"D:/GitHub/CutyKiller/GAME FOLDER/Content/DONT_USE/Characters/Mannequins/Rigs/Poses/Manny/Manny_clavicle_r_pose.uasset" 4220
"../../../../../../GitHub/CutyKiller/GAME FOLDER/Content/DONT_USE/Characters/Mannequins/Rigs/Poses/Quinn/Quinn_foot_l_anim.uasset" 4221
"C:/Users/b.lapeze/AppData/Local/UnrealEngine/Common/DerivedDataCache/Buckets/LegacyAnimSeq/ce/ea/4e991bd3950934679f106842bb223e2d05a1.udd" 4222
"D:/GitHub/CutyKiller/GAME FOLDER/Content/DONT_USE/Characters/Mannequins/Rigs/Poses/Manny/Manny_clavicle_l_pose.uasset" 4223
"../../../../../../GitHub/CutyKiller/GAME FOLDER/Content/DONT_USE/Characters/Mannequins/Rigs/Poses/Quinn/Quinn_clavicle_r_anim.uasset" 4224
"C:/Users/b.lapeze/AppData/Local/UnrealEngine/Common/DerivedDataCache/Buckets/LegacyAnimSeq/12/5a/4fa42b5f08d475d660292e6a42900795c9a4.udd" 4225
"D:/GitHub/CutyKiller/GAME FOLDER/Content/DONT_USE/Characters/Mannequins/Rigs/Poses/Manny/Manny_calf_r_pose.uasset" 4226
"../../../../../../GitHub/CutyKiller/GAME FOLDER/Content/DONT_USE/Characters/Mannequins/Rigs/Poses/Quinn/Quinn_clavicle_l_anim.uasset" 4227
"C:/Users/b.lapeze/AppData/Local/UnrealEngine/Common/DerivedDataCache/Buckets/LegacyAnimSeq/78/f3/8ad06c23a96424c7088768d8bcc661959c0a.udd" 4228
"D:/GitHub/CutyKiller/GAME FOLDER/Content/DONT_USE/Characters/Mannequins/Rigs/Poses/Manny/Manny_calf_l_pose.uasset" 4229
"../../../../../../GitHub/CutyKiller/GAME FOLDER/Content/DONT_USE/Characters/Mannequins/Rigs/Poses/Quinn/Quinn_calf_r_anim.uasset" 4230
"C:/Users/b.lapeze/AppData/Local/UnrealEngine/Common/DerivedDataCache/Buckets/LegacyAnimSeq/5c/e6/d2cdbe0145261167f186cf73d1a9582995bc.udd" 4231
"../../../../../../GitHub/CutyKiller/GAME FOLDER/Content/DONT_USE/Characters/Mannequins/Rigs/Poses/Quinn/Quinn_calf_l_anim.uasset" 4232
"D:/GitHub/CutyKiller/GAME FOLDER/Content/StarterContent/Props/SM_GlassWindow.uasset" 4233
"C:/Users/b.lapeze/AppData/Local/UnrealEngine/Common/DerivedDataCache/Buckets/LegacyAnimSeq/eb/26/51b128764aaee18b456fdfda8c742af001ba.udd" 4234
"D:/GitHub/CutyKiller/GAME FOLDER/Content/StarterContent/Architecture/Wall_Window_400x400.uasset" 4235
"../../../../../../GitHub/CutyKiller/GAME FOLDER/Content/DONT_USE/Characters/Mannequins/Rigs/Poses/Manny/Manny_upperarm_r_anim.uasset" 4236
"C:/Users/b.lapeze/AppData/Local/UnrealEngine/Common/DerivedDataCache/Buckets/LegacyAnimSeq/72/c0/f7c4fca3bee060f76177d56d39f4567c5d0b.udd" 4237
"D:/GitHub/CutyKiller/GAME FOLDER/Content/StarterContent/Architecture/Wall_Window_400x300.uasset" 4238
"../../../../../../GitHub/CutyKiller/GAME FOLDER/Content/DONT_USE/Characters/Mannequins/Rigs/Poses/Manny/Manny_upperarm_l_anim.uasset" 4239
"C:/Users/b.lapeze/AppData/Local/UnrealEngine/Common/DerivedDataCache/Buckets/LegacyAnimSeq/a0/55/b3f7e8f946e632786d47fd0c473669322018.udd" 4240
"../../../../../../GitHub/CutyKiller/GAME FOLDER/Content/DONT_USE/Characters/Mannequins/Rigs/Poses/Manny/Manny_thigh_r_anim.uasset" 4241
"D:/GitHub/CutyKiller/GAME FOLDER/Content/StarterContent/Architecture/Wall_Door_400x400.uasset" 4242
"C:/Users/b.lapeze/AppData/Local/UnrealEngine/Common/DerivedDataCache/Buckets/LegacyAnimSeq/23/b8/cdbeef2d277c90df041e5a1739d9652cd2eb.udd" 4243
"../../../../../../GitHub/CutyKiller/GAME FOLDER/Content/DONT_USE/Characters/Mannequins/Rigs/Poses/Manny/Manny_thigh_l_anim.uasset" 4244
"D:/GitHub/CutyKiller/GAME FOLDER/Content/StarterContent/Architecture/Wall_Door_400x300.uasset" 4245
"C:/Users/b.lapeze/AppData/Local/UnrealEngine/Common/DerivedDataCache/Buckets/LegacyAnimSeq/4d/a0/98e62fb04d4f283ee0f550e65ba142039203.udd" 4246
"../../../../../../GitHub/CutyKiller/GAME FOLDER/Content/DONT_USE/Characters/Mannequins/Rigs/Poses/Manny/Manny_lowerarm_r_anim.uasset" 4247
"D:/GitHub/CutyKiller/GAME FOLDER/Content/StarterContent/Architecture/Wall_500x500.uasset" 4248
"C:/Users/b.lapeze/AppData/Local/UnrealEngine/Common/DerivedDataCache/Buckets/LegacyAnimSeq/9c/db/2bf147f1ec77a1ada5df2adb142960be0249.udd" 4249
"D:/GitHub/CutyKiller/GAME FOLDER/Content/StarterContent/Architecture/Wall_400x400.uasset" 4250
"../../../../../../GitHub/CutyKiller/GAME FOLDER/Content/DONT_USE/Characters/Mannequins/Rigs/Poses/Manny/Manny_lowerarm_l_anim.uasset" 4251
"C:/Users/b.lapeze/AppData/Local/UnrealEngine/Common/DerivedDataCache/Buckets/LegacyAnimSeq/41/00/50abf353416fdf5b722ef788f4ad6b5fa5c6.udd" 4252
"../../../../../../GitHub/CutyKiller/GAME FOLDER/Content/DONT_USE/Characters/Mannequins/Rigs/Poses/Manny/Manny_hand_r_anim.uasset" 4253
"C:/Users/b.lapeze/AppData/Local/UnrealEngine/Common/DerivedDataCache/Buckets/LegacyAnimSeq/eb/1c/dad0684e3e5a71ea76e8cb96f4b3390094d4.udd" 4254
"../../../../../../GitHub/CutyKiller/GAME FOLDER/Content/DONT_USE/Characters/Mannequins/Rigs/Poses/Manny/Manny_hand_l_anim.uasset" 4255
"C:/Users/b.lapeze/AppData/Local/UnrealEngine/Common/DerivedDataCache/Buckets/LegacyAnimSeq/92/2e/6bf6457725b74206f7a5f481350bd23870f7.udd" 4256
"D:/GitHub/CutyKiller/GAME FOLDER/Content/StarterContent/Architecture/Wall_400x300.uasset" 4257
"D:/GitHub/CutyKiller/GAME FOLDER/Content/StarterContent/Architecture/Wall_400x200.uasset" 4258
"../../../../../../GitHub/CutyKiller/GAME FOLDER/Content/DONT_USE/Characters/Mannequins/Rigs/Poses/Manny/Manny_foot_r_anim.uasset" 4259
"D:/GitHub/CutyKiller/GAME FOLDER/Content/StarterContent/Architecture/Pillar_50x500.uasset" 4260
"C:/Users/b.lapeze/AppData/Local/UnrealEngine/Common/DerivedDataCache/Buckets/LegacyAnimSeq/a3/30/2be05b13eee31d14dfd845bd733039a3bbfc.udd" 4261
"../../../../../../GitHub/CutyKiller/GAME FOLDER/Content/DONT_USE/Characters/Mannequins/Rigs/Poses/Manny/Manny_foot_l_anim.uasset" 4262
"D:/GitHub/CutyKiller/GAME FOLDER/Content/StarterContent/Shapes/Shape_WideCapsule.uasset" 4263
"C:/Users/b.lapeze/AppData/Local/UnrealEngine/Common/DerivedDataCache/Buckets/LegacyAnimSeq/19/a8/fa755d6a8d934798490969523c900c9579cf.udd" 4264
"../../../../../../GitHub/CutyKiller/GAME FOLDER/Content/DONT_USE/Characters/Mannequins/Rigs/Poses/Manny/Manny_clavicle_r_anim.uasset" 4265
"D:/GitHub/CutyKiller/GAME FOLDER/Content/StarterContent/Shapes/Shape_Wedge_B.uasset" 4266
"C:/Users/b.lapeze/AppData/Local/UnrealEngine/Common/DerivedDataCache/Buckets/LegacyAnimSeq/a0/55/94afa6dd933d06a7aafa6e6895f49f564f23.udd" 4267
"D:/GitHub/CutyKiller/GAME FOLDER/Content/StarterContent/Shapes/Shape_Wedge_A.uasset" 4268
"../../../../../../GitHub/CutyKiller/GAME FOLDER/Content/DONT_USE/Characters/Mannequins/Rigs/Poses/Manny/Manny_clavicle_l_anim.uasset" 4269
"C:/Users/b.lapeze/AppData/Local/UnrealEngine/Common/DerivedDataCache/Buckets/LegacyAnimSeq/28/d4/34fae56aab3733dbe1eac3f5949d1bd30ee2.udd" 4270
"../../../../../../GitHub/CutyKiller/GAME FOLDER/Content/DONT_USE/Characters/Mannequins/Rigs/Poses/Manny/Manny_calf_r_anim.uasset" 4271
"D:/GitHub/CutyKiller/GAME FOLDER/Content/StarterContent/Shapes/Shape_Tube.uasset" 4272
"C:/Users/b.lapeze/AppData/Local/UnrealEngine/Common/DerivedDataCache/Buckets/LegacyAnimSeq/39/79/a6dbdb1f8b5d7a662709d509591823848726.udd" 4273
"D:/GitHub/CutyKiller/GAME FOLDER/Content/StarterContent/Shapes/Shape_TriPyramid.uasset" 4274
"../../../../../../GitHub/CutyKiller/GAME FOLDER/Content/DONT_USE/Characters/Mannequins/Rigs/Poses/Manny/Manny_calf_l_anim.uasset" 4275
"C:/Users/b.lapeze/AppData/Local/UnrealEngine/Common/DerivedDataCache/Buckets/LegacyAnimSeq/d6/91/ce4c4724dc37b8ad0b4ecd7c96adce3eef8f.udd" 4276
"../../../../../../GitHub/CutyKiller/GAME FOLDER/Content/StarterContent/Props/SM_GlassWindow.uasset" 4277
"../../../../../../GitHub/CutyKiller/GAME FOLDER/Content/StarterContent/Architecture/Wall_Window_400x400.uasset" 4278
"../../../../../../GitHub/CutyKiller/GAME FOLDER/Content/StarterContent/Architecture/Wall_Window_400x300.uasset" 4279
"../../../../../../GitHub/CutyKiller/GAME FOLDER/Content/StarterContent/Architecture/Wall_Door_400x400.uasset" 4280
"D:/GitHub/CutyKiller/GAME FOLDER/Content/StarterContent/Shapes/Shape_Trim_90_In.uasset" 4281
"D:/GitHub/CutyKiller/GAME FOLDER/Content/StarterContent/Shapes/Shape_Trim_90_Out.uasset" 4282
"../../../../../../GitHub/CutyKiller/GAME FOLDER/Content/StarterContent/Architecture/Wall_Door_400x300.uasset" 4283
"../../../../../../GitHub/CutyKiller/GAME FOLDER/Content/StarterContent/Architecture/Wall_500x500.uasset" 4284
"../../../../../../GitHub/CutyKiller/GAME FOLDER/Content/StarterContent/Architecture/Wall_400x400.uasset" 4285
"../../../../../../GitHub/CutyKiller/GAME FOLDER/Content/StarterContent/Architecture/Wall_400x300.uasset" 4286
"../../../../../../GitHub/CutyKiller/GAME FOLDER/Content/StarterContent/Architecture/Wall_400x200.uasset" 4287
"../../../../../../GitHub/CutyKiller/GAME FOLDER/Content/StarterContent/Architecture/Pillar_50x500.uasset" 4288
"../../../../../../GitHub/CutyKiller/GAME FOLDER/Content/StarterContent/Shapes/Shape_WideCapsule.uasset" 4289
"../../../../../../GitHub/CutyKiller/GAME FOLDER/Content/StarterContent/Shapes/Shape_Wedge_B.uasset" 4290
"../../../../../../GitHub/CutyKiller/GAME FOLDER/Content/StarterContent/Shapes/Shape_Wedge_A.uasset" 4291
"../../../../../../GitHub/CutyKiller/GAME FOLDER/Content/StarterContent/Shapes/Shape_Tube.uasset" 4292
"../../../../../../GitHub/CutyKiller/GAME FOLDER/Content/StarterContent/Shapes/Shape_TriPyramid.uasset" 4293
"../../../../../../GitHub/CutyKiller/GAME FOLDER/Content/StarterContent/Shapes/Shape_Trim_90_Out.uasset" 4294
"../../../../../../GitHub/CutyKiller/GAME FOLDER/Content/StarterContent/Shapes/Shape_Trim_90_In.uasset" 4295
"D:/GitHub/CutyKiller/GAME FOLDER/Content/StarterContent/Shapes/Shape_Sphere.uasset" 4296
"D:/GitHub/CutyKiller/GAME FOLDER/Content/StarterContent/Shapes/Shape_Pipe_90.uasset" 4297
"D:/GitHub/CutyKiller/GAME FOLDER/Content/StarterContent/Shapes/Shape_QuadPyramid.uasset" 4298
"D:/GitHub/CutyKiller/GAME FOLDER/Content/StarterContent/Shapes/Shape_Pipe.uasset" 4299
"D:/GitHub/CutyKiller/GAME FOLDER/Content/StarterContent/Shapes/Shape_Torus.uasset" 4300
"D:/GitHub/CutyKiller/GAME FOLDER/Content/StarterContent/Shapes/Shape_Pipe_180.uasset" 4301
"D:/GitHub/CutyKiller/GAME FOLDER/Content/StarterContent/Shapes/Shape_Trim.uasset" 4302
"D:/GitHub/CutyKiller/GAME FOLDER/Content/StarterContent/Shapes/Shape_Cylinder.uasset" 4303
"D:/GitHub/CutyKiller/GAME FOLDER/Content/StarterContent/Shapes/Shape_NarrowCapsule.uasset" 4304
"D:/GitHub/CutyKiller/GAME FOLDER/Content/Blueprints/SavePseudo.uasset" 4305
"D:/GitHub/CutyKiller/GAME FOLDER/Content/StarterContent/Architecture/Floor_400x400.uasset" 4306
"D:/GitHub/CutyKiller/GAME FOLDER/Content/StarterContent/Shapes/Shape_Cube.uasset" 4307
"D:/GitHub/CutyKiller/GAME FOLDER/Content/StarterContent/Shapes/Shape_Cone.uasset" 4308
"D:/GitHub/CutyKiller/GAME FOLDER/Content/StarterContent/Props/SM_Stairs.uasset" 4309
"D:/GitHub/CutyKiller/GAME FOLDER/Content/StarterContent/Blueprints/Assets/M_LightStage_Skybox_Master.uasset" 4310
"../../../Engine/Content/EngineMaterials/PPM_DefaultCalibrationGrayscale.uasset" 4311
"C:/Users/b.lapeze/AppData/Local/UnrealEngine/Common/DerivedDataCache/Buckets/LegacyDIST/60/67/55e462562c62c1ed2c27ce2390b27b377595.udd" 4312
"C:/Users/b.lapeze/AppData/Local/UnrealEngine/Common/DerivedDataCache/Buckets/LegacyDIST/4f/8b/5ab18d2dba019d04dce4a9e658197e05470e.udd" 4313
"C:/Users/b.lapeze/AppData/Local/UnrealEngine/Common/DerivedDataCache/Buckets/LegacyCARD/3b/fc/d50852769ad7c3a5076b9021116bf3b710eb.udd" 4314
"C:/Users/b.lapeze/AppData/Local/UnrealEngine/Common/DerivedDataCache/Buckets/LegacyDIST/a0/1d/83eae042bfd586b25c98ccbb8cd01658d51c.udd" 4315
"C:/Users/b.lapeze/AppData/Local/UnrealEngine/Common/DerivedDataCache/Buckets/LegacyDIST/b7/8e/562f70638657454380253379f22ae023f634.udd" 4316
"C:/Users/b.lapeze/AppData/Local/UnrealEngine/Common/DerivedDataCache/Buckets/LegacyCARD/29/85/3dfbc313550ee98d4cb3a1828a5353ed965f.udd" 4317
"C:/Users/b.lapeze/AppData/Local/UnrealEngine/Common/DerivedDataCache/Buckets/LegacyDIST/a6/4c/06461abb26238a5348e52800f594559ff12b.udd" 4318
"C:/Users/b.lapeze/AppData/Local/UnrealEngine/Common/DerivedDataCache/Buckets/LegacyCARD/ee/d6/c239e467c6574a76c37c1be032e7a70e86ab.udd" 4319
"C:/Users/b.lapeze/AppData/Local/UnrealEngine/Common/DerivedDataCache/Buckets/LegacyCARD/bd/35/d716dac4254efac05751dd2ff7d6257d001f.udd" 4320
"C:/Users/b.lapeze/AppData/Local/UnrealEngine/Common/DerivedDataCache/Buckets/LegacyCARD/31/55/3193d4bea6c9c708bc56b9161ee2bf37a943.udd" 4321
"C:/Users/b.lapeze/AppData/Local/UnrealEngine/Common/DerivedDataCache/Buckets/LegacyDIST/03/a2/4bd4b2f07494d1d934a42e18c9fe8e677b1f.udd" 4322
"C:/Users/b.lapeze/AppData/Local/UnrealEngine/Common/DerivedDataCache/Buckets/LegacyDIST/98/8e/ec8bd0cb1478929ee5c1c4d8ada4a528afd9.udd" 4323
"C:/Users/b.lapeze/AppData/Local/UnrealEngine/Common/DerivedDataCache/Buckets/LegacyCARD/bb/65/f61132310fa63b4af4b659c61c1833071d7f.udd" 4324
"C:/Users/b.lapeze/AppData/Local/UnrealEngine/Common/DerivedDataCache/Buckets/LegacyDIST/1c/ff/891f25789fdfb889b701728d12b7b79a7dfa.udd" 4325
"C:/Users/b.lapeze/AppData/Local/UnrealEngine/Common/DerivedDataCache/Buckets/LegacyCARD/66/0d/aca68acc7b0991a4a5d34941ca226ce9eb44.udd" 4326
"C:/Users/b.lapeze/AppData/Local/UnrealEngine/Common/DerivedDataCache/Buckets/LegacyCARD/c7/ef/b3de47bfd084b50f2bae9c16aa057e34a61e.udd" 4327
"C:/Users/b.lapeze/AppData/Local/UnrealEngine/Common/DerivedDataCache/Buckets/LegacyDIST/50/09/a1fcf2ab35256696ced9bcb76ee67f4aac16.udd" 4328
"C:/Users/b.lapeze/AppData/Local/UnrealEngine/Common/DerivedDataCache/Buckets/LegacyCARD/61/ac/f0d33e4c6368572aab9fbed8f67828c4df87.udd" 4329
"C:/Users/b.lapeze/AppData/Local/UnrealEngine/Common/DerivedDataCache/Buckets/LegacyDIST/07/1f/121fefb91af5d3ee94e2606aff828ae6f177.udd" 4330
"C:/Users/b.lapeze/AppData/Local/UnrealEngine/Common/DerivedDataCache/Buckets/LegacyCARD/52/2f/d69b792c5e3d6a2e5371040367b5f69c8995.udd" 4331
"C:/Users/b.lapeze/AppData/Local/UnrealEngine/Common/DerivedDataCache/Buckets/LegacyDIST/11/d7/ee82239b0cbb8c68c465d40c6c5eecb20c9b.udd" 4332
"C:/Users/b.lapeze/AppData/Local/UnrealEngine/Common/DerivedDataCache/Buckets/LegacyDIST/18/cb/477f8a6208926bc7366efe3dfd6a91531614.udd" 4333
"C:/Users/b.lapeze/AppData/Local/UnrealEngine/Common/DerivedDataCache/Buckets/LegacyDIST/04/c5/3deb03d9601460a1089f8be5df2a3aac8883.udd" 4334
"C:/Users/b.lapeze/AppData/Local/UnrealEngine/Common/DerivedDataCache/Buckets/LegacyCARD/9d/df/acb6c154a6336131c89258f9c7748a457f5d.udd" 4335
"C:/Users/b.lapeze/AppData/Local/UnrealEngine/Common/DerivedDataCache/Buckets/LegacyDIST/cd/06/cc905427d8c4eb1a9edd5fb7db6159cfb2d0.udd" 4336
"C:/Users/b.lapeze/AppData/Local/UnrealEngine/Common/DerivedDataCache/Buckets/LegacyCARD/35/27/f174c4681ca23c3e3d6b8ae99f74e8a80d66.udd" 4337
"C:/Users/b.lapeze/AppData/Local/UnrealEngine/Common/DerivedDataCache/Buckets/LegacyCARD/03/de/5db6365602e1a342eeaa13817400ba10f418.udd" 4338
"C:/Users/b.lapeze/AppData/Local/UnrealEngine/Common/DerivedDataCache/Buckets/LegacyCARD/e2/b5/4ad0191b964c0001cc49f32b755a335971fc.udd" 4339
"C:/Users/b.lapeze/AppData/Local/UnrealEngine/Common/DerivedDataCache/Buckets/LegacyDIST/ed/68/5a43ef46dddae1e39e7fb0731068c9110d66.udd" 4340
"../../../../../../GitHub/CutyKiller/GAME FOLDER/Content/StarterContent/Shapes/Shape_Trim.uasset" 4341
"../../../../../../GitHub/CutyKiller/GAME FOLDER/Content/StarterContent/Shapes/Shape_Torus.uasset" 4342
"C:/Users/b.lapeze/AppData/Local/UnrealEngine/Common/DerivedDataCache/Buckets/LegacyCARD/69/a2/6cd27ace1d648744941d319c42fb2edbf10e.udd" 4343
"C:/Users/b.lapeze/AppData/Local/UnrealEngine/Common/DerivedDataCache/Buckets/LegacyDIST/7c/5b/c3ed5c0c804962a2c232645ba0c82cd803ee.udd" 4344
"C:/Users/b.lapeze/AppData/Local/UnrealEngine/Common/DerivedDataCache/Buckets/LegacyDIST/68/22/35dfbbd0ac5d27dff92ce84a03b944586e9a.udd" 4345
"C:/Users/b.lapeze/AppData/Local/UnrealEngine/Common/DerivedDataCache/Buckets/LegacyCARD/b2/37/f8eeeeb6a71794c71e4416304937a209e3ec.udd" 4346
"C:/Users/b.lapeze/AppData/Local/UnrealEngine/Common/DerivedDataCache/Buckets/LegacyCARD/63/04/49a5a65e236ee8258352052fc7191d6e13b9.udd" 4347
"../../../Engine/Content/EngineMaterials/PPM_DefaultCalibrationColor.uasset" 4348
"../../../../../../GitHub/CutyKiller/GAME FOLDER/Content/StarterContent/Shapes/Shape_Sphere.uasset" 4349
"../../../Engine/Content/EditorMaterials/PreviewShadowIndicatorMaterial.uasset" 4350
"../../../../../../GitHub/CutyKiller/GAME FOLDER/Content/StarterContent/Shapes/Shape_QuadPyramid.uasset" 4351
"../../../../../../GitHub/CutyKiller/GAME FOLDER/Content/StarterContent/Shapes/Shape_Pipe_90.uasset" 4352
"../../../../../../GitHub/CutyKiller/GAME FOLDER/Content/StarterContent/Shapes/Shape_Pipe_180.uasset" 4353
"../../../../../../GitHub/CutyKiller/GAME FOLDER/Content/StarterContent/Shapes/Shape_Pipe.uasset" 4354
"../../../../../../GitHub/CutyKiller/GAME FOLDER/Content/StarterContent/Shapes/Shape_NarrowCapsule.uasset" 4355
"../../../../../../GitHub/CutyKiller/GAME FOLDER/Content/StarterContent/Shapes/Shape_Cylinder.uasset" 4356
"../../../../../../GitHub/CutyKiller/GAME FOLDER/Content/StarterContent/Shapes/Shape_Cube.uasset" 4357
"../../../../../../GitHub/CutyKiller/GAME FOLDER/Content/StarterContent/Shapes/Shape_Cone.uasset" 4358
"../../../../../../GitHub/CutyKiller/GAME FOLDER/Content/StarterContent/Architecture/Floor_400x400.uasset" 4359
"../../../../../../GitHub/CutyKiller/GAME FOLDER/Content/StarterContent/Props/SM_Stairs.uasset" 4360
"D:/GitHub/CutyKiller/GAME FOLDER/Content/MSPresets/M_MS_Surface_Material/Functions/MF_Tiling.uasset" 4361
"D:/GitHub/CutyKiller/GAME FOLDER/Content/MSPresets/M_MS_Default_Material_VT/Functions/MF_Tiling.uasset" 4362
"../../../Engine/Content/MobileResources/HUD/DefaultVirtualJoysticks.uasset" 4363
"D:/GitHub/CutyKiller/GAME FOLDER/Content/MSPresets/M_MS_Default_Material/Functions/MF_Tiling.uasset" 4364
"D:/GitHub/CutyKiller/GAME FOLDER/Content/MSPresets/M_MS_Surface_Material_VT/Functions/MF_Tiling.uasset" 4365
"D:/GitHub/CutyKiller/GAME FOLDER/Content/MSPresets/M_MS_SurfaceBlend_Material/LayerFunctions/MF_NormalCorrection.uasset" 4366
"D:/GitHub/CutyKiller/GAME FOLDER/Content/MSPresets/M_MS_Default_Fuzz_Material_VT/Functions/MF_Tiling.uasset" 4367
"D:/GitHub/CutyKiller/GAME FOLDER/Content/MSPresets/M_MS_Default_Material_VT/Functions/MF_DetailNormalTiling.uasset" 4368
"D:/GitHub/CutyKiller/GAME FOLDER/Content/MSPresets/M_MS_Default_Fuzz_Material/Functions/MF_Tiling.uasset" 4369
"D:/GitHub/CutyKiller/GAME FOLDER/Content/MSPresets/M_MS_Default_Material/Functions/MF_DetailNormalTiling.uasset" 4370
"C:/Users/b.lapeze/AppData/Local/UnrealEngine/Common/DerivedDataCache/Buckets/LegacyDIST/fc/b7/50ffc814693a973cdae0738a0eaed35bfdad.udd" 4371
"D:/GitHub/CutyKiller/GAME FOLDER/Content/LPSDeluxe2TropicalEnvironment/LPSD2_Materials/SpecialMaterials/MiscMaterials/M_WoodPlank.uasset" 4372
"C:/Users/b.lapeze/AppData/Local/UnrealEngine/Common/DerivedDataCache/Buckets/LegacyCARD/03/ec/c8f10b6337640615eaebaca4dcc5d5f78da1.udd" 4373
"C:/Users/b.lapeze/AppData/Local/UnrealEngine/Common/DerivedDataCache/Buckets/LegacyDIST/aa/5c/d53e9329973564bfd9938ce186e16f694474.udd" 4374
"C:/Users/b.lapeze/AppData/Local/UnrealEngine/Common/DerivedDataCache/Buckets/LegacyDIST/f8/98/bd6fa50744ef65460793173e549e309cdb8f.udd" 4375
"C:/Users/b.lapeze/AppData/Local/UnrealEngine/Common/DerivedDataCache/Buckets/LegacyDIST/27/70/afbbc0e202f369218ea6b0dec8066aaff26a.udd" 4376
"C:/Users/b.lapeze/AppData/Local/UnrealEngine/Common/DerivedDataCache/Buckets/LegacyDIST/91/94/33458ca22d8a7d31ce42274d37841694f139.udd" 4377
"C:/Users/b.lapeze/AppData/Local/UnrealEngine/Common/DerivedDataCache/Buckets/LegacyCARD/46/e7/bc75f6fe7da7c063dde5187bf741547e1405.udd" 4378
"C:/Users/b.lapeze/AppData/Local/UnrealEngine/Common/DerivedDataCache/Buckets/LegacyCARD/de/cf/1c67cccc60452974ce76e194c10f7f5cdcd2.udd" 4379
"C:/Users/b.lapeze/AppData/Local/UnrealEngine/Common/DerivedDataCache/Buckets/LegacyCARD/3a/a1/fa7a226e9cfb38ebcd45409789789df00f42.udd" 4380
"C:/Users/b.lapeze/AppData/Local/UnrealEngine/Common/DerivedDataCache/Buckets/LegacyCARD/a0/ff/6a5454dd196322a9061db4942f95d72d8521.udd" 4381
"C:/Users/b.lapeze/AppData/Local/UnrealEngine/Common/DerivedDataCache/Buckets/LegacyDIST/c0/80/2225dd4191ec434c95667920bc6e2277b71e.udd" 4382
"C:/Users/b.lapeze/AppData/Local/UnrealEngine/Common/DerivedDataCache/Buckets/LegacyCARD/98/22/f2ce653e91e14b8ee44f7437d88519450b28.udd" 4383
"C:/Users/b.lapeze/AppData/Local/UnrealEngine/Common/DerivedDataCache/Buckets/LegacyDIST/c4/d4/97628c2c730c801aadcefcc98354b1f3df64.udd" 4384
"C:/Users/b.lapeze/AppData/Local/UnrealEngine/Common/DerivedDataCache/Buckets/LegacyCARD/38/cd/4495fd394a78a4adf4d575b25f07c4bef162.udd" 4385
"C:/Users/b.lapeze/AppData/Local/UnrealEngine/Common/DerivedDataCache/Buckets/LegacyDIST/10/1e/dfd7c61f21a0f4a9c64ba84be0d031b6431c.udd" 4386
"C:/Users/b.lapeze/AppData/Local/UnrealEngine/Common/DerivedDataCache/Buckets/LegacyDIST/bf/46/32741a6c707fc8e43ea27fb7cdd29f77d177.udd" 4387
"C:/Users/b.lapeze/AppData/Local/UnrealEngine/Common/DerivedDataCache/Buckets/LegacyDIST/f0/3a/0c81e0a8de3f33fefe44f0c5a67c846f9729.udd" 4388
"C:/Users/b.lapeze/AppData/Local/UnrealEngine/Common/DerivedDataCache/Buckets/LegacyCARD/ab/95/411a5fd291d252e9ac7550b38f9c90d92578.udd" 4389
"C:/Users/b.lapeze/AppData/Local/UnrealEngine/Common/DerivedDataCache/Buckets/LegacyCARD/0b/34/2dffe9525e9419c4000b93d20482480ddafd.udd" 4390
"C:/Users/b.lapeze/AppData/Local/UnrealEngine/Common/DerivedDataCache/Buckets/LegacyCARD/b8/54/614baa3d50dcb46196657ffa87751639522c.udd" 4391
"C:/Users/b.lapeze/AppData/Local/UnrealEngine/Common/DerivedDataCache/Buckets/LegacyDIST/42/15/5a1fad0207e76cb8027d83e96346affe0ca3.udd" 4392
"C:/Users/b.lapeze/AppData/Local/UnrealEngine/Common/DerivedDataCache/Buckets/LegacyDIST/26/50/1b7b85f2ac562f126de3e50b7b08c9968fab.udd" 4393
"C:/Users/b.lapeze/AppData/Local/UnrealEngine/Common/DerivedDataCache/Buckets/LegacyCARD/d2/c8/80d75a49f4988ca1bfa709c91984fd9cc080.udd" 4394
"C:/Users/b.lapeze/AppData/Local/UnrealEngine/Common/DerivedDataCache/Buckets/LegacyCARD/1e/4b/2efe41db889a7a236279efc86a1ecf20d1e2.udd" 4395
"C:/Users/b.lapeze/AppData/Local/UnrealEngine/Common/DerivedDataCache/Buckets/LegacyDIST/7c/de/144a85989fd4ace578ad2355872de31c1df8.udd" 4396
"C:/Users/b.lapeze/AppData/Local/UnrealEngine/Common/DerivedDataCache/Buckets/LegacyCARD/bf/43/b5660af07de5c0e8d5bb1004a0d8812c9dd1.udd" 4397
"D:/GitHub/CutyKiller/GAME FOLDER/Content/LPSDeluxe2TropicalEnvironment/LPSD2_Materials/SpecialMaterials/MiscMaterials/M_GoldCoin_Base_1.uasset" 4398
"D:/GitHub/CutyKiller/GAME FOLDER/Content/LPSDeluxe2TropicalEnvironment/LPSD2_Materials/SpecialMaterials/MiscMaterials/M_GoldCoin_Base2.uasset" 4399
"D:/GitHub/CutyKiller/GAME FOLDER/Content/MSPresets/M_MS_SurfaceBlend_Material/LayerFunctions/MF_DisplacementBlend.uasset" 4400
"D:/GitHub/CutyKiller/GAME FOLDER/Content/MSPresets/M_MS_Imperfection_Material_VT/M_MS_Imperfection_Material_Var_VT.uasset" 4401
"D:/GitHub/CutyKiller/GAME FOLDER/Content/MSPresets/M_MS_Glass_Material/Functions/MF_WindowNormalStrength.uasset" 4402
"D:/GitHub/CutyKiller/GAME FOLDER/Content/DONT_USE/LPSDeluxe2TropicalEnvironment/LPSD2_Materials/SpecialMaterials/MiscMaterials/M_WoodPlank.uasset" 4403
"D:/GitHub/CutyKiller/GAME FOLDER/Content/DONT_USE/LPSDeluxe2TropicalEnvironment/LPSD2_Materials/SpecialMaterials/MiscMaterials/M_GoldCoin_Base2.uasset" 4404
"../../../Engine/Plugins/Bridge/Content/MSPresets/M_MS_SurfaceBlend_Material/LayerFunctions/MF_NormalCorrection.uasset" 4405
"D:/GitHub/CutyKiller/GAME FOLDER/Content/MSPresets/M_MS_Imperfection_Material_Var/M_MS_Imperfection_Material_Var.uasset" 4406
"D:/GitHub/CutyKiller/GAME FOLDER/Content/MSPresets/M_MS_Imperfection_Material/M_MS_Imperfection_Material_Var.uasset" 4407
"D:/GitHub/CutyKiller/GAME FOLDER/Content/DONT_USE/LPSDeluxe2TropicalEnvironment/LPSD2_Materials/SpecialMaterials/MiscMaterials/M_GoldCoin_Base_1.uasset" 4408
"../../../Engine/Plugins/Bridge/Content/MSPresets/M_MS_Default_Fuzz_Material/Functions/MF_Tiling.uasset" 4409
"../../../Engine/Plugins/Bridge/Content/MSPresets/M_MS_Default_Material/Functions/MF_Tiling.uasset" 4410
"../../../Engine/Content/Functions/Engine_MaterialFunctions03/ComplexMotion/Motion_4WayChaos_Normal.uasset" 4411
"C:/Users/b.lapeze/AppData/Local/UnrealEngine/Common/DerivedDataCache/Buckets/LegacyMATSM/f0/9c/f3c27cbf831336bbea9eacc665ea25283764.udd" 4412
"D:/GitHub/CutyKiller/GAME FOLDER/Content/MSPresets/M_MS_Glass_Material/Functions/MF_WindowImperfection.uasset" 4413
"C:/Users/b.lapeze/AppData/Local/UnrealEngine/Common/DerivedDataCache/Buckets/LegacyMATSM/7d/d7/765c1b6d0b20583749229e4f7f53ad7b9827.udd" 4414
"D:/GitHub/CutyKiller/GAME FOLDER/Content/LPSDeluxe2TropicalEnvironment/LPSD2_Materials/SpecialMaterials/WaterMaterials/M_Water_Tropic.uasset" 4415
"D:/GitHub/CutyKiller/GAME FOLDER/Content/MSPresets/M_MS_Default_Material/M_MS_Default_Material.uasset" 4416
"D:/GitHub/CutyKiller/GAME FOLDER/Content/LPSDeluxe2TropicalEnvironment/LPSD2_Materials/SpecialMaterials/MiscMaterials/M_VolcanoSmoke.uasset" 4417
"D:/GitHub/CutyKiller/GAME FOLDER/Content/MSPresets/M_MS_Default_Material_VT/M_MS_Default_Material_VT.uasset" 4418
"C:/Users/b.lapeze/AppData/Local/UnrealEngine/Common/DerivedDataCache/Buckets/LegacyMATSM/20/79/1ba10e61e0abaf8488f8aeba2792fc5a266e.udd" 4419
"../../../Engine/Plugins/Bridge/Content/MSPresets/M_MS_Glass_Material/Functions/MF_WindowNormalStrength.uasset" 4420
"D:/GitHub/CutyKiller/GAME FOLDER/Content/LPSDeluxe2TropicalEnvironment/LPSD2_Materials/SpecialMaterials/MiscMaterials/M_WindSails.uasset" 4421
"C:/Users/b.lapeze/AppData/Local/UnrealEngine/Common/DerivedDataCache/Buckets/LegacyMATSM/e9/b9/3de1856fbaff3b240f2db55ae5e3b06aa179.udd" 4422
"../../../Engine/Plugins/Bridge/Content/MSPresets/M_MS_Glass_Material/Functions/MF_WindowImperfection.uasset" 4423
"D:/GitHub/CutyKiller/GAME FOLDER/Content/DONT_USE/LPSDeluxe2TropicalEnvironment/LPSD2_Materials/SpecialMaterials/MiscMaterials/M_WindSails.uasset" 4424
"D:/GitHub/CutyKiller/GAME FOLDER/Content/MSPresets/M_MS_Glass_Material/Functions/MF_FrameTextures.uasset" 4425
"D:/GitHub/CutyKiller/GAME FOLDER/Content/DONT_USE/LPSDeluxe2TropicalEnvironment/LPSD2_Materials/SpecialMaterials/MiscMaterials/M_VolcanoSmoke.uasset" 4426
"D:/GitHub/CutyKiller/GAME FOLDER/Content/DONT_USE/LPSDeluxe2TropicalEnvironment/LPSD2_Materials/SpecialMaterials/WindMaterials/M_Wind_Master.uasset" 4427
"C:/Users/b.lapeze/AppData/Local/UnrealEngine/Common/DerivedDataCache/Buckets/LegacyMATSM/5b/13/e732968212b6f147065b67d6b0d89cb6b060.udd" 4428
"D:/GitHub/CutyKiller/GAME FOLDER/Content/MSPresets/M_MS_Glass_Material/Functions/MF_Imperfection.uasset" 4429
"D:/GitHub/CutyKiller/GAME FOLDER/Content/LPSDeluxe2TropicalEnvironment/LPSD2_Materials/SpecialMaterials/WaterMaterials/M_Water_Waves.uasset" 4430
"D:/GitHub/CutyKiller/GAME FOLDER/Content/LPSDeluxe2TropicalEnvironment/LPSD2_Materials/SpecialMaterials/WaterMaterials/M_Water_Calm.uasset" 4431
"D:/GitHub/CutyKiller/GAME FOLDER/Content/LPSDeluxe2TropicalEnvironment/LPSD2_Materials/SpecialMaterials/WaterMaterials/M_WaterSplash.uasset" 4432
"../../../Engine/Content/EngineSky/M_Sky_Panning_Clouds2.uasset" 4433
"D:/GitHub/CutyKiller/GAME FOLDER/Content/LPSDeluxe2TropicalEnvironment/LPSD2_Materials/SpecialMaterials/WindMaterials/M_Wind_Master.uasset" 4434
"D:/GitHub/CutyKiller/GAME FOLDER/Content/DONT_USE/LPSDeluxe2TropicalEnvironment/LPSD2_Materials/SpecialMaterials/WaterMaterials/M_Water_Tropic.uasset" 4435
"D:/GitHub/CutyKiller/GAME FOLDER/Content/LPSDeluxe2TropicalEnvironment/LPSD2_Materials/SpecialMaterials/MiscMaterials/M_TreeBreeze_Display.uasset" 4436
"D:/GitHub/CutyKiller/GAME FOLDER/Content/LPSDeluxe2TropicalEnvironment/LPSD2_Materials/SpecialMaterials/WaterMaterials/M_WaterFall.uasset" 4437
"D:/GitHub/CutyKiller/GAME FOLDER/Content/LPSDeluxe2TropicalEnvironment/LPSD2_Materials/SpecialMaterials/MiscMaterials/M_TreeBreeze.uasset" 4438
"C:/Users/b.lapeze/AppData/Local/UnrealEngine/Common/DerivedDataCache/Buckets/LegacyMATSM/32/d4/6262f7c56d12822fc4a47ec803a3a85bc4a9.udd" 4439
"D:/GitHub/CutyKiller/GAME FOLDER/Content/DONT_USE/LPSDeluxe2TropicalEnvironment/LPSD2_Materials/SpecialMaterials/MiscMaterials/M_TreeBreeze_Display.uasset" 4440
"D:/GitHub/CutyKiller/GAME FOLDER/Content/DONT_USE/LPSDeluxe2TropicalEnvironment/LPSD2_Materials/SpecialMaterials/MiscMaterials/M_JollyRoger.uasset" 4441
"D:/GitHub/CutyKiller/GAME FOLDER/Content/DONT_USE/LPSDeluxe2TropicalEnvironment/LPSD2_Materials/SpecialMaterials/WaterMaterials/M_Water_Calm.uasset" 4442
"D:/GitHub/CutyKiller/GAME FOLDER/Content/DONT_USE/Weapon_Pack/Effects/Materials/Fire/M_HeatDistort.uasset" 4443
"D:/GitHub/CutyKiller/GAME FOLDER/Content/DONT_USE/LPSDeluxe2TropicalEnvironment/LPSD2_Materials/SpecialMaterials/WaterMaterials/M_WaterFall.uasset" 4444
"D:/GitHub/CutyKiller/GAME FOLDER/Content/DONT_USE/LPSDeluxe2TropicalEnvironment/LPSD2_Materials/SpecialMaterials/WaterMaterials/M_WaterSplash.uasset" 4445
"D:/GitHub/CutyKiller/GAME FOLDER/Content/LPSDeluxe2TropicalEnvironment/LPSD2_Materials/SpecialMaterials/MiscMaterials/M_JollyRoger.uasset" 4446
"C:/Users/b.lapeze/AppData/Local/UnrealEngine/Common/DerivedDataCache/Buckets/LegacyMATSM/49/1c/8917100ca69342d52c5e90c774e189242eb8.udd" 4447
"D:/GitHub/CutyKiller/GAME FOLDER/Content/LPSDeluxe2TropicalEnvironment/LPSD2_Materials/SpecialMaterials/2ToneMaterials/MI_Mount_Volcano.uasset" 4448
"D:/GitHub/CutyKiller/GAME FOLDER/Content/DONT_USE/LPSDeluxe2TropicalEnvironment/LPSD2_Materials/SpecialMaterials/2ToneMaterials/MI_Mount_Volcano.uasset" 4449
"D:/GitHub/CutyKiller/GAME FOLDER/Content/DONT_USE/LPSDeluxe2TropicalEnvironment/LPSD2_Materials/SpecialMaterials/MiscMaterials/M_TreeBreeze.uasset" 4450
"D:/GitHub/CutyKiller/GAME FOLDER/Content/Weapon_Pack/Effects/Materials/Fire/M_HeatDistort.uasset" 4451
"C:/Users/b.lapeze/AppData/Local/UnrealEngine/Common/DerivedDataCache/Buckets/LegacyMATSM/6a/5f/1abc6c0db740a199159bda098fb606e2bc44.udd" 4452
"D:/GitHub/CutyKiller/GAME FOLDER/Content/DONT_USE/LPSDeluxe2TropicalEnvironment/LPSD2_Materials/SpecialMaterials/WaterMaterials/M_Water_Waves.uasset" 4453
"C:/Users/b.lapeze/AppData/Local/UnrealEngine/Common/DerivedDataCache/Buckets/LegacyMATSM/8a/21/0b6d69fca72e5bc78de53c85b06040f600ee.udd" 4454
"C:/Users/b.lapeze/AppData/Local/UnrealEngine/Common/DerivedDataCache/Buckets/LegacyMATSM/81/40/a930b87d61c5a5f1e0a29dc31d4b43f794df.udd" 4455
"D:/GitHub/CutyKiller/GAME FOLDER/Content/Widget/OptionsBP.uasset" 4456
"C:/Users/b.lapeze/AppData/Local/UnrealEngine/Common/DerivedDataCache/Buckets/LegacyMATSM/04/4e/97f9edf01f2e2a6569b2adecc2a0e146aad8.udd" 4457
"C:/Users/b.lapeze/AppData/Local/UnrealEngine/Common/DerivedDataCache/Buckets/LegacyMATSM/8e/59/50f271c6d172fb862e895a18436599a1af1e.udd" 4458
"C:/Users/b.lapeze/AppData/Local/UnrealEngine/Common/DerivedDataCache/Buckets/LegacyMATSM/46/92/d66edafc498994429128dc8d9c35c279c51a.udd" 4459
"C:/Users/b.lapeze/AppData/Local/UnrealEngine/Common/DerivedDataCache/Buckets/LegacyMATSM/98/d3/7fcff76e1466c65ccf1ec6f89e97379b7bfc.udd" 4460
"D:/GitHub/CutyKiller/GAME FOLDER/Content/StarterContent/Particles/Materials/M_Radial_Gradient.uasset" 4461
"D:/GitHub/CutyKiller/GAME FOLDER/Content/StarterContent/Materials/M_Water_Ocean.uasset" 4462
"D:/GitHub/CutyKiller/GAME FOLDER/Content/StarterContent/Props/Materials/M_Rock.uasset" 4463
"C:/Users/b.lapeze/AppData/Local/UnrealEngine/Common/DerivedDataCache/Buckets/LegacyMATSM/15/02/2387ede772f05133cc41c6856e9b89d5669a.udd" 4464
"D:/GitHub/CutyKiller/GAME FOLDER/Content/StarterContent/Particles/Materials/M_radial_ramp.uasset" 4465
"C:/Users/b.lapeze/AppData/Local/UnrealEngine/Common/DerivedDataCache/Buckets/LegacyMATSM/ac/bc/5cd727e795c161b1fd867d033a60a2be8a76.udd" 4466
"C:/Users/b.lapeze/AppData/Local/UnrealEngine/Common/DerivedDataCache/Buckets/LegacyMATSM/69/b4/84895967338569cc8cdea1e4068fabf40730.udd" 4467
"C:/Users/b.lapeze/AppData/Local/UnrealEngine/Common/DerivedDataCache/Buckets/LegacyMATSM/e3/55/a9c52ff50e7936bcd7c6431ae51232816457.udd" 4468
"D:/GitHub/CutyKiller/GAME FOLDER/Content/Animation/Standing_React_Small_From_Front.uasset" 4469
"D:/GitHub/CutyKiller/GAME FOLDER/Content/DONT_USE/Characters/Mannequin_UE4/Animations/Jog_Fwd.uasset" 4470
"C:/Users/b.lapeze/AppData/Local/UnrealEngine/Common/DerivedDataCache/Buckets/LegacyMATSM/05/ce/49caa48b59ad3414742c603ac8a0f2e167ac.udd" 4471
"C:/Users/b.lapeze/AppData/Local/UnrealEngine/Common/DerivedDataCache/Buckets/LegacyMATSM/2d/0a/34676e66b05a8657081f068496fdbccdd487.udd" 4472
"C:/Users/b.lapeze/AppData/Local/UnrealEngine/Common/DerivedDataCache/Buckets/LegacyMATSM/86/35/5ac98107400720ea292a163a86d9016f85c5.udd" 4473
"../../../Engine/Content/Functions/Engine_MaterialFunctions03/Blends/Blend_Overlay.uasset" 4474
"D:/GitHub/CutyKiller/GAME FOLDER/Content/Animation/Standing_React_Small_From_Headshot.uasset" 4475
"D:/GitHub/CutyKiller/GAME FOLDER/Content/StarterContent/Materials/M_Tech_Hex_Tile.uasset" 4476
"D:/GitHub/CutyKiller/GAME FOLDER/Content/StarterContent/Materials/M_Wood_Floor_Walnut_Worn.uasset" 4477
"D:/GitHub/CutyKiller/GAME FOLDER/Content/StarterContent/Materials/M_Metal_Rust.uasset" 4478
"../../../Engine/Content/Functions/MaterialLayerFunctions/MatLayerBlend_NormalBlend.uasset" 4479
"D:/GitHub/CutyKiller/GAME FOLDER/Content/Animation/Flying_Back_Death.uasset" 4480
"C:/Users/b.lapeze/AppData/Local/UnrealEngine/Common/DerivedDataCache/Buckets/LegacyAnimSeq/4a/b6/5df70b799c641be0226cf0c3e9b864e9e660.udd" 4481
"../../../Engine/Content/EngineMaterials/AntiAliasedTextMaterialTranslucent.uasset" 4482
"../../../Engine/Content/ArtTools/RenderToTexture/MaterialFunctions/FoliageZRotation.uasset" 4483
"D:/GitHub/CutyKiller/GAME FOLDER/Content/Animation/Walking.uasset" 4484
"D:/GitHub/CutyKiller/GAME FOLDER/Content/LPSDeluxe2TropicalEnvironment/LPSD2_Meshes/Volcano/SM_LavaFlow_2.uasset" 4485
"D:/GitHub/CutyKiller/GAME FOLDER/Content/LPSDeluxe2TropicalEnvironment/LPSD2_Meshes/Misc/SM_SPlane_1.uasset" 4486
"D:/GitHub/CutyKiller/GAME FOLDER/Content/LPSDeluxe2TropicalEnvironment/LPSD2_Meshes/Misc/SM_LightShaft_1.uasset" 4487
"D:/GitHub/CutyKiller/GAME FOLDER/Content/StarterContent/Materials/M_ColorGrid_LowSpec.uasset" 4488
"../../../Engine/Content/Functions/Engine_MaterialFunctions02/Math/TransformToZVector.uasset" 4489
"../../../Engine/Content/EditorMeshes/ColorCalibrator/M_ColorGrid.uasset" 4490
"C:/Users/b.lapeze/AppData/Local/UnrealEngine/Common/DerivedDataCache/Buckets/LegacyAnimSeq/8f/f6/f34426c9a8cecd64a72d9fb0cb65110cb7b2.udd" 4491
"C:/Users/b.lapeze/AppData/Local/UnrealEngine/Common/DerivedDataCache/Buckets/LegacyAnimSeq/02/4c/7c18740a40e210e143ee73791ad8725f844f.udd" 4492
"../../../Engine/Content/Functions/Engine_MaterialFunctions02/Texturing/ScreenAlignedUVs.uasset" 4493
"../../../Engine/Content/Functions/Engine_MaterialFunctions01/WorldPositionOffset/SplineThicken.uasset" 4494
"C:/Users/b.lapeze/AppData/Local/UnrealEngine/Common/DerivedDataCache/Buckets/LegacyAnimSeq/84/ed/43cc693989f208e3c72a123952a0fe3941d7.udd" 4495
"C:/Users/b.lapeze/AppData/Local/UnrealEngine/Common/DerivedDataCache/Content/35/87/30b38bca48b6682cc62acd17cccab9412601.udd" 4496
"../../../Engine/Plugins/Animation/ControlRig/Content/Controls/ControlRig_Wedge_solid.uasset" 4497
"C:/Users/b.lapeze/AppData/Local/UnrealEngine/Common/DerivedDataCache/Buckets/LegacyAnimSeq/02/43/ac8ad8e0e17d8a49b7ccacd3342bd68be4cb.udd" 4498
"C:/Users/b.lapeze/AppData/Local/UnrealEngine/Common/DerivedDataCache/Content/d7/c3/426f198a42ae871593680f050db08781e2c9.udd" 4499
"../../../Engine/Plugins/Animation/ControlRig/Content/Controls/ControlRig_Wedge_3mm.uasset" 4500
"../../../Engine/Plugins/Animation/ControlRig/Content/Controls/ControlRig_Wedge_1mm.uasset" 4501
"../../../Engine/Plugins/Animation/ControlRig/Content/Controls/ControlRig_Triangle_solid.uasset" 4502
"../../../Engine/Plugins/Animation/ControlRig/Content/Controls/ControlRig_Triangle_3mm.uasset" 4503
"../../../Engine/Plugins/Animation/ControlRig/Content/Controls/ControlRig_Star4_solid.uasset" 4504
"../../../Engine/Plugins/Animation/ControlRig/Content/Controls/ControlRig_Triangle_1mm.uasset" 4505
"C:/Users/b.lapeze/AppData/Local/UnrealEngine/Common/DerivedDataCache/Buckets/StaticMesh/bd/f6/112fc752dd5ec8d850a97384d95f3e8fef01.udd" 4506
"C:/Users/b.lapeze/AppData/Local/UnrealEngine/Common/DerivedDataCache/Buckets/LegacyDIST/d6/d7/5a1d82cb6ac1a1523e02e84f615e21f7b23b.udd" 4507
"C:/Users/b.lapeze/AppData/Local/UnrealEngine/Common/DerivedDataCache/Buckets/LegacyCARD/8e/3e/c9e04d799ab3cb2bae63980c2db2f40c0e10.udd" 4508
"../../../Engine/Plugins/Animation/ControlRig/Content/Controls/ControlRig_Star4_3mm.uasset" 4509
"../../../Engine/Plugins/Animation/ControlRig/Content/Controls/ControlRig_Star4_1mm.uasset" 4510
"C:/Users/b.lapeze/AppData/Local/UnrealEngine/Common/DerivedDataCache/Buckets/LegacyChaosGeometryData/6f/09/1b9c3c55b51b8b7c659babd465bfd3c3ed93.udd" 4511
"D:/GitHub/CutyKiller/GAME FOLDER/Content/StarterContent/Blueprints/Assets/SM_Arrows.uasset" 4512
"../../../Engine/Plugins/Animation/ControlRig/Content/Controls/ControlRig_Square_solid.uasset" 4513
"C:/Users/b.lapeze/AppData/Local/UnrealEngine/Common/DerivedDataCache/Buckets/LegacyNavCollision/37/ab/6354061e590b51f33f446f1972f89abc7826.udd" 4514
"C:/Users/b.lapeze/AppData/Local/UnrealEngine/Common/DerivedDataCache/Buckets/StaticMesh/fa/f8/77e104c029a62f11fc29cecfd5cef3574b07.udd" 4515
"C:/Users/b.lapeze/AppData/Local/UnrealEngine/Common/DerivedDataCache/Buckets/StaticMesh/bc/1c/48d01cd9796a1fc7dc2c18d39f20c2e5afa0.udd" 4516
"C:/Users/b.lapeze/AppData/Local/UnrealEngine/Common/DerivedDataCache/Buckets/LegacyDIST/b8/03/1bdfc04b2ff1a80d97d665d2b550523298ed.udd" 4517
"../../../Engine/Plugins/Animation/ControlRig/Content/Controls/ControlRig_Square_3mm.uasset" 4518
"../../../Engine/Plugins/Animation/ControlRig/Content/Controls/ControlRig_Square_1mm.uasset" 4519
"C:/Users/b.lapeze/AppData/Local/UnrealEngine/Common/DerivedDataCache/Buckets/LegacyDIST/63/36/6ac90833187b8a5745f7ca9ee6e96583dddb.udd" 4520
"../../../Engine/Plugins/Animation/ControlRig/Content/Controls/ControlRig_Sphere_3mm.uasset" 4521
"../../../Engine/Plugins/Animation/ControlRig/Content/Controls/ControlRig_Sphere_1mm.uasset" 4522
"C:/Users/b.lapeze/AppData/Local/UnrealEngine/Common/DerivedDataCache/Buckets/LegacyCARD/39/b6/54fbc9d55157458d02cb6e9dddb6da16f529.udd" 4523
"C:/Users/b.lapeze/AppData/Local/UnrealEngine/Common/DerivedDataCache/Buckets/LegacyCARD/4f/a4/e065963f884b78987ff5ad808b74c00f9922.udd" 4524
"C:/Users/b.lapeze/AppData/Local/UnrealEngine/Common/DerivedDataCache/Buckets/LegacyChaosGeometryData/c2/2a/97b0e9440f8bf1d7e3f2f8feeb00ba869281.udd" 4525
"C:/Users/b.lapeze/AppData/Local/UnrealEngine/Common/DerivedDataCache/Buckets/LegacyChaosGeometryData/f9/21/5ba18463bba59d6f5f6a29205145ba894747.udd" 4526
"../../../../../../GitHub/CutyKiller/GAME FOLDER/Content/LPSDeluxe2TropicalEnvironment/LPSD2_Meshes/Misc/SM_LightShaft_1.uasset" 4527
"C:/Users/b.lapeze/AppData/Local/UnrealEngine/Common/DerivedDataCache/Buckets/LegacyNavCollision/67/49/2a5a416720b8ed9c3e10f3b9ff9596913149.udd" 4528
"../../../../../../GitHub/CutyKiller/GAME FOLDER/Content/LPSDeluxe2TropicalEnvironment/LPSD2_Meshes/Volcano/SM_LavaFlow_2.uasset" 4529
"C:/Users/b.lapeze/AppData/Local/UnrealEngine/Common/DerivedDataCache/Buckets/LegacyNavCollision/20/9e/17cc904f68b04a4dc4b2aade874ae5ced95a.udd" 4530
"../../../../../../GitHub/CutyKiller/GAME FOLDER/Content/LPSDeluxe2TropicalEnvironment/LPSD2_Meshes/Misc/SM_SPlane_1.uasset" 4531
"../../../Engine/Plugins/Animation/ControlRig/Content/Controls/ControlRig_RoundedTriangle_solid.uasset" 4532
"../../../../../../GitHub/CutyKiller/GAME FOLDER/Content/StarterContent/Blueprints/Assets/SM_Arrows.uasset" 4533
"../../../Engine/Plugins/Animation/ControlRig/Content/Controls/ControlRig_RoundedTriangle_3mm.uasset" 4534
"../../../Engine/Plugins/Animation/ControlRig/Content/Controls/ControlRig_RoundedSquare_solid.uasset" 4535
"../../../Engine/Plugins/Animation/ControlRig/Content/Controls/ControlRig_RoundedTriangle_1mm.uasset" 4536
"../../../Engine/Plugins/Animation/ControlRig/Content/Controls/ControlRig_RoundedSquare_3mm.uasset" 4537
"../../../Engine/Plugins/Animation/ControlRig/Content/Controls/ControlRig_RoundedSquare_1mm.uasset" 4538
"../../../Engine/Plugins/Animation/ControlRig/Content/Controls/ControlRig_QuarterCircle_3mm.uasset" 4539
"../../../Engine/Plugins/Animation/ControlRig/Content/Controls/ControlRig_Pyramid_3mm.uasset" 4540
"../../../Engine/Plugins/Animation/ControlRig/Content/Controls/ControlRig_Pyramid_1mm.uasset" 4541
"../../../Engine/Plugins/Animation/ControlRig/Content/Controls/ControlRig_Pyramid_solid.uasset" 4542
"../../../Engine/Plugins/Animation/ControlRig/Content/Controls/ControlRig_QuarterCircle_1mm.uasset" 4543
"../../../Engine/Plugins/Animation/ControlRig/Content/Controls/ControlRig_QuarterCircle_solid.uasset" 4544
"../../Plugins/Animation/ControlRig/Content/Controls/ControlRig_Wedge_solid.uasset" 4545
"../../Plugins/Animation/ControlRig/Content/Controls/ControlRig_Wedge_3mm.uasset" 4546
"../../Plugins/Animation/ControlRig/Content/Controls/ControlRig_Wedge_1mm.uasset" 4547
"../../Plugins/Animation/ControlRig/Content/Controls/ControlRig_Triangle_solid.uasset" 4548
"../../Plugins/Animation/ControlRig/Content/Controls/ControlRig_Triangle_3mm.uasset" 4549
"C:/Users/b.lapeze/AppData/Local/UnrealEngine/Common/DerivedDataCache/Buckets/LegacyDIST/81/3f/9bedaa9247336a27c643b45942d641c9990e.udd" 4550
"../../Plugins/Animation/ControlRig/Content/Controls/ControlRig_Triangle_1mm.uasset" 4551
"C:/Users/b.lapeze/AppData/Local/UnrealEngine/Common/DerivedDataCache/Buckets/LegacyCARD/91/d7/e3bb3cb9766353ba103eb8c87bcebf61c0ce.udd" 4552
"../../Plugins/Animation/ControlRig/Content/Controls/ControlRig_Star4_solid.uasset" 4553
"../../../Engine/Plugins/Animation/ControlRig/Content/Controls/ControlRig_Octagon_solid.uasset" 4554
"../../../Engine/Plugins/Animation/ControlRig/Content/Controls/ControlRig_Hexagon_3mm.uasset" 4555
"../../../Engine/Plugins/Animation/ControlRig/Content/Controls/ControlRig_Octagon_1mm.uasset" 4556
"../../../Engine/Plugins/Animation/ControlRig/Content/Controls/ControlRig_Octagon_3mm.uasset" 4557
"../../../Engine/Plugins/Animation/ControlRig/Content/Controls/ControlRig_Hexagon_solid.uasset" 4558
"../../../Engine/Plugins/Animation/ControlRig/Content/Controls/ControlRig_Hexagon_1mm.uasset" 4559
"../../../Engine/Plugins/Animation/ControlRig/Content/Controls/ControlRig_HalfCircle_solid.uasset" 4560
"../../../Engine/Plugins/Animation/ControlRig/Content/Controls/ControlRig_HalfCircle_3mm.uasset" 4561
"../../../Engine/Plugins/Animation/ControlRig/Content/Controls/ControlRig_Diamond_1mm.uasset" 4562
"../../../Engine/Plugins/Animation/ControlRig/Content/Controls/ControlRig_Diamond_3mm.uasset" 4563
"../../../Engine/Plugins/Animation/ControlRig/Content/Controls/ControlRig_HalfCircle_1mm.uasset" 4564
"../../../Engine/Plugins/Animation/ControlRig/Content/Controls/ControlRig_Diamond_solid.uasset" 4565
"../../../Engine/Plugins/Animation/ControlRig/Content/Controls/ControlRig_Circle_1mm.uasset" 4566
"../../../Engine/Plugins/Animation/ControlRig/Content/Controls/ControlRig_Circle_solid.uasset" 4567
"../../../Engine/Plugins/Animation/ControlRig/Content/Controls/ControlRig_Circle_3mm.uasset" 4568
"../../../Engine/Plugins/Animation/ControlRig/Content/Controls/ControlRig_Box_solid.uasset" 4569
"../../Plugins/Animation/ControlRig/Content/Controls/ControlRig_Star4_3mm.uasset" 4570
"../../Plugins/Animation/ControlRig/Content/Controls/ControlRig_Star4_1mm.uasset" 4571
"../../Plugins/Animation/ControlRig/Content/Controls/ControlRig_Square_solid.uasset" 4572
"../../Plugins/Animation/ControlRig/Content/Controls/ControlRig_Square_3mm.uasset" 4573
"../../Plugins/Animation/ControlRig/Content/Controls/ControlRig_Square_1mm.uasset" 4574
"../../Plugins/Animation/ControlRig/Content/Controls/ControlRig_Sphere_3mm.uasset" 4575
"../../Plugins/Animation/ControlRig/Content/Controls/ControlRig_Sphere_1mm.uasset" 4576
"../../Plugins/Animation/ControlRig/Content/Controls/ControlRig_RoundedTriangle_solid.uasset" 4577
"../../Plugins/Animation/ControlRig/Content/Controls/ControlRig_RoundedTriangle_3mm.uasset" 4578
"../../Plugins/Animation/ControlRig/Content/Controls/ControlRig_RoundedTriangle_1mm.uasset" 4579
"../../Plugins/Animation/ControlRig/Content/Controls/ControlRig_RoundedSquare_solid.uasset" 4580
"../../Plugins/Animation/ControlRig/Content/Controls/ControlRig_RoundedSquare_3mm.uasset" 4581
"../../Plugins/Animation/ControlRig/Content/Controls/ControlRig_RoundedSquare_1mm.uasset" 4582
"../../../Engine/Plugins/Animation/ControlRig/Content/Controls/ControlRig_Box_3mm.uasset" 4583
"../../../Engine/Plugins/Animation/ControlRig/Content/Controls/ControlRig_Box_1mm.uasset" 4584
"../../Plugins/Animation/ControlRig/Content/Controls/ControlRig_QuarterCircle_solid.uasset" 4585
"../../../Engine/Plugins/Animation/ControlRig/Content/Controls/ControlRig_Arrow_solid.uasset" 4586
"../../../Engine/Plugins/Animation/ControlRig/Content/Controls/ControlRig_Arrow_1mm.uasset" 4587
"../../../Engine/Plugins/Animation/ControlRig/Content/Controls/ControlRig_Arrow_3mm.uasset" 4588
"../../../Engine/Plugins/Animation/ControlRig/Content/Controls/ControlRig_Arrow4_solid.uasset" 4589
"../../../Engine/Plugins/Animation/ControlRig/Content/Controls/ControlRig_Arrow4_1mm.uasset" 4590
"../../../Engine/Plugins/Animation/ControlRig/Content/Controls/ControlRig_Arrow2_solid.uasset" 4591
"../../../Engine/Plugins/Animation/ControlRig/Content/Controls/ControlRig_Arrow2_3mm.uasset" 4592
"../../../Engine/Plugins/Animation/ControlRig/Content/Controls/ControlRig_Arrow2_1mm.uasset" 4593
"../../Plugins/Animation/ControlRig/Content/Controls/ControlRig_QuarterCircle_3mm.uasset" 4594
"../../../Engine/Plugins/Animation/ControlRig/Content/Controls/ControlRig_Sphere_solid.uasset" 4595
"D:/GitHub/CutyKiller/GAME FOLDER/Content/MSPresets/M_MS_Surface_Material_VT/Functions/MF_MapAdjustments.uasset" 4596
"../../Plugins/Animation/ControlRig/Content/Controls/ControlRig_QuarterCircle_1mm.uasset" 4597
"../../../Engine/Plugins/Animation/ControlRig/Content/Controls/ControlRig_Arrow4_3mm.uasset" 4598
"D:/GitHub/CutyKiller/GAME FOLDER/Content/MSPresets/M_MS_Surface_Material_VT/Functions/MF_ObjAdjustments.uasset" 4599
"D:/GitHub/CutyKiller/GAME FOLDER/Content/StarterContent/Props/MaterialSphere.uasset" 4600
"../../Plugins/Animation/ControlRig/Content/Controls/ControlRig_Pyramid_solid.uasset" 4601
"../../Plugins/Animation/ControlRig/Content/Controls/ControlRig_Pyramid_3mm.uasset" 4602
"../../Plugins/Animation/ControlRig/Content/Controls/ControlRig_Pyramid_1mm.uasset" 4603
"../../Plugins/Animation/ControlRig/Content/Controls/ControlRig_Octagon_solid.uasset" 4604
"../../Plugins/Animation/ControlRig/Content/Controls/ControlRig_Octagon_3mm.uasset" 4605
"../../Plugins/Animation/ControlRig/Content/Controls/ControlRig_Octagon_1mm.uasset" 4606
"../../Plugins/Animation/ControlRig/Content/Controls/ControlRig_Hexagon_solid.uasset" 4607
"../../Plugins/Animation/ControlRig/Content/Controls/ControlRig_Hexagon_3mm.uasset" 4608
"../../Plugins/Animation/ControlRig/Content/Controls/ControlRig_Hexagon_1mm.uasset" 4609
"../../Plugins/Animation/ControlRig/Content/Controls/ControlRig_HalfCircle_solid.uasset" 4610
"../../Plugins/Animation/ControlRig/Content/Controls/ControlRig_HalfCircle_3mm.uasset" 4611
"../../Plugins/Animation/ControlRig/Content/Controls/ControlRig_HalfCircle_1mm.uasset" 4612
"../../Plugins/Animation/ControlRig/Content/Controls/ControlRig_Diamond_solid.uasset" 4613
"../../Plugins/Animation/ControlRig/Content/Controls/ControlRig_Diamond_3mm.uasset" 4614
"D:/GitHub/CutyKiller/GAME FOLDER/Content/MSPresets/M_MS_Default_Transmission_Material_VT/Functions/MF_SSSObjAdjustments.uasset" 4615
"../../Plugins/Animation/ControlRig/Content/Controls/ControlRig_Diamond_1mm.uasset" 4616
"D:/GitHub/CutyKiller/GAME FOLDER/Content/MSPresets/M_MS_Default_Transmission_Material/Functions/MF_SSSObjAdjustments.uasset" 4617
"D:/GitHub/CutyKiller/GAME FOLDER/Content/MSPresets/M_MS_Surface_Material/Functions/MF_MapAdjustments.uasset" 4618
"D:/GitHub/CutyKiller/GAME FOLDER/Content/MSPresets/M_MS_Surface_Material/Functions/MF_ObjAdjustments.uasset" 4619
"D:/GitHub/CutyKiller/GAME FOLDER/Content/MSPresets/M_MS_Default_Material/Functions/MF_MapAdjustments.uasset" 4620
"D:/GitHub/CutyKiller/GAME FOLDER/Content/DONT_USE/Weapon_Pack/Skeletal_Mesh/SK_Mace.uasset" 4621
"D:/GitHub/CutyKiller/GAME FOLDER/Content/LevelPrototyping/Meshes/SM_ChamferCube.uasset" 4622
"D:/GitHub/CutyKiller/GAME FOLDER/Content/MSPresets/M_MS_Default_Material_VT/Functions/MF_MapAdjustments.uasset" 4623
"D:/GitHub/CutyKiller/GAME FOLDER/Content/DONT_USE/Weapon_Pack/Skeletal_Mesh/SK_H2H.uasset" 4624
"D:/GitHub/CutyKiller/GAME FOLDER/Content/DONT_USE/Weapon_Pack/Skeletal_Mesh/SK_GreatHammer.uasset" 4625
"../../../Engine/Plugins/Bridge/Content/MSPresets/M_MS_Default_Transmission_Material/Functions/MF_SSSObjAdjustments.uasset" 4626
"D:/GitHub/CutyKiller/GAME FOLDER/Content/DONT_USE/Weapon_Pack/Skeletal_Mesh/SK_GreatAxe.uasset" 4627
"../../../Engine/Plugins/Bridge/Content/MSPresets/M_MS_Default_Material/Functions/MF_MapAdjustments.uasset" 4628
"../../Plugins/Animation/ControlRig/Content/Controls/ControlRig_Circle_solid.uasset" 4629
"../../Plugins/Animation/ControlRig/Content/Controls/ControlRig_Circle_3mm.uasset" 4630
"../../Plugins/Animation/ControlRig/Content/Controls/ControlRig_Circle_1mm.uasset" 4631
"../../Plugins/Animation/ControlRig/Content/Controls/ControlRig_Box_solid.uasset" 4632
"../../Plugins/Animation/ControlRig/Content/Controls/ControlRig_Box_3mm.uasset" 4633
"../../Plugins/Animation/ControlRig/Content/Controls/ControlRig_Box_1mm.uasset" 4634
"../../Plugins/Animation/ControlRig/Content/Controls/ControlRig_Arrow_solid.uasset" 4635
"../../Plugins/Animation/ControlRig/Content/Controls/ControlRig_Arrow_3mm.uasset" 4636
"../../Plugins/Animation/ControlRig/Content/Controls/ControlRig_Arrow_1mm.uasset" 4637
"../../Plugins/Animation/ControlRig/Content/Controls/ControlRig_Arrow4_solid.uasset" 4638
"../../Plugins/Animation/ControlRig/Content/Controls/ControlRig_Arrow4_3mm.uasset" 4639
"../../Plugins/Animation/ControlRig/Content/Controls/ControlRig_Arrow4_1mm.uasset" 4640
"../../Plugins/Animation/ControlRig/Content/Controls/ControlRig_Arrow2_solid.uasset" 4641
"../../Plugins/Animation/ControlRig/Content/Controls/ControlRig_Arrow2_3mm.uasset" 4642
"../../../../../../GitHub/CutyKiller/GAME FOLDER/Content/StarterContent/Props/MaterialSphere.uasset" 4643
"D:/GitHub/CutyKiller/GAME FOLDER/Content/DONT_USE/Weapon_Pack/Skeletal_Mesh/SK_Axe.uasset" 4644
"../../Plugins/Animation/ControlRig/Content/Controls/ControlRig_Arrow2_1mm.uasset" 4645
"D:/GitHub/CutyKiller/GAME FOLDER/Content/DONT_USE/Weapon_Pack/Skeletal_Mesh/SK_Sickle.uasset" 4646
"D:/GitHub/CutyKiller/GAME FOLDER/Content/DONT_USE/Weapon_Pack/Mesh/Weapons/Weapons_Kit/SM_Mace.uasset" 4647
"D:/GitHub/CutyKiller/GAME FOLDER/Content/DONT_USE/Weapon_Pack/Mesh/Weapons/Weapons_Kit/SM_H2H.uasset" 4648
"D:/GitHub/CutyKiller/GAME FOLDER/Content/DONT_USE/Weapon_Pack/Mesh/Weapons/Weapons_Kit/SM_GreatHammer.uasset" 4649
"D:/GitHub/CutyKiller/GAME FOLDER/Content/DONT_USE/Weapon_Pack/Mesh/Weapons/Weapons_Kit/SM_Axe.uasset" 4650
"D:/GitHub/CutyKiller/GAME FOLDER/Content/DONT_USE/Weapon_Pack/Skeletal_Mesh/SK_Shield.uasset" 4651
"D:/GitHub/CutyKiller/GAME FOLDER/Content/DONT_USE/Weapon_Pack/Skeletal_Mesh/SK_Spear.uasset" 4652
"D:/GitHub/CutyKiller/GAME FOLDER/Content/DONT_USE/Weapon_Pack/Mesh/Weapons/Weapons_Kit/SM_GreatAxe.uasset" 4653
"D:/GitHub/CutyKiller/GAME FOLDER/Content/DONT_USE/Weapon_Pack/Skeletal_Mesh/SK_Throwing.uasset" 4654
"D:/GitHub/CutyKiller/GAME FOLDER/Content/DONT_USE/Weapon_Pack/Skeletal_Mesh/SK_Sword.uasset" 4655
"../../Plugins/Animation/ControlRig/Content/Controls/ControlRig_Sphere_solid.uasset" 4656
"C:/Users/b.lapeze/AppData/Local/UnrealEngine/Common/DerivedDataCache/Buckets/LegacyDIST/0f/3b/f64aeb29d27aff78944542fe4d4f8759ec3b.udd" 4657
"C:/Users/b.lapeze/AppData/Local/UnrealEngine/Common/DerivedDataCache/Buckets/LegacyCARD/c4/16/0418be01c8958edde5717b7d1e8d7be8c81a.udd" 4658
"../../../../../../GitHub/CutyKiller/GAME FOLDER/Content/__ExternalActors__/Level/Chamber/0/RC/EFL8CBYQ5YC0PD6ULT1GC4.uasset" 4659
"C:/Users/b.lapeze/AppData/Local/UnrealEngine/Common/DerivedDataCache/Buckets/LegacyChaosGeometryData/1b/bc/c3eb59178bb5566a93ef2361e2a889b01040.udd" 4660
"../../../../../../GitHub/CutyKiller/GAME FOLDER/Content/__ExternalActors__/Level/Chamber/1/MO/CIIQB8IR6NXVELJES06GZ2.uasset" 4661
"../../../../../../GitHub/CutyKiller/GAME FOLDER/Content/LevelPrototyping/Meshes/SM_Cube.uasset" 4662
"../../../../../../GitHub/CutyKiller/GAME FOLDER/Content/LevelPrototyping/Materials/MI_PrototypeGrid_Gray.uasset" 4663
"../../../../../../GitHub/CutyKiller/GAME FOLDER/Content/LevelPrototyping/Materials/M_PrototypeGrid.uasset" 4664
"../../../../../../GitHub/CutyKiller/GAME FOLDER/Content/LevelPrototyping/Materials/MF_ProcGrid.uasset" 4665
"../../../../../../GitHub/CutyKiller/GAME FOLDER/Content/__ExternalActors__/Level/Chamber/1/QG/EZSQ5FRB7EKR723BOERU1R.uasset" 4666
"../../../../../../GitHub/CutyKiller/GAME FOLDER/Content/__ExternalActors__/Level/Chamber/1/V6/4B0AT3K0Q2CZ0HUK4GIZ8Y.uasset" 4667
"../../../../../../GitHub/CutyKiller/GAME FOLDER/Content/__ExternalActors__/Level/Chamber/2/XX/VU6CJCMHFZIX1EBTNQFK4Z.uasset" 4668
"../../../../../../GitHub/CutyKiller/GAME FOLDER/Content/__ExternalActors__/Level/Chamber/3/05/YTR0WVW2AS6EB0QMFSJEXR.uasset" 4669
"../../../../../../GitHub/CutyKiller/GAME FOLDER/Content/__ExternalActors__/Level/Chamber/3/7N/33830SHHXZH2LQZD2X1ZFJ.uasset" 4670
"../../../../../../GitHub/CutyKiller/GAME FOLDER/Content/__ExternalActors__/Level/Chamber/3/UB/PWN64MRP7MDCO6YVEJ9LKH.uasset" 4671
"../../../../../../GitHub/CutyKiller/GAME FOLDER/Content/DONT_USE/LPSDeluxe2TropicalEnvironment/LPSD2_Materials/SpecialMaterials/WindMaterials/MI_Wind_3.uasset" 4672
"../../../../../../GitHub/CutyKiller/GAME FOLDER/Content/__ExternalActors__/Level/Chamber/4/0V/V4J4UUJGWYPUQGLBUQ81JG.uasset" 4673
"../../../../../../GitHub/CutyKiller/GAME FOLDER/Content/__ExternalActors__/Level/Chamber/4/F6/BAE3D349S6DV1BJ1G2L7QQ.uasset" 4674
"../../../../../../GitHub/CutyKiller/GAME FOLDER/Content/__ExternalActors__/Level/Chamber/9/T2/YUJSL76841ITULSKWVFIHW.uasset" 4675
"../../../../../../GitHub/CutyKiller/GAME FOLDER/Content/__ExternalActors__/Level/Chamber/5/DE/NBWZWW0I91NZORVPSZB8YP.uasset" 4676
"../../../Engine/Content/EngineSky/M_SimpleSkyDome.uasset" 4677
"../../../Engine/Content/EngineSky/SM_SkySphere.uasset" 4678
"../../../../../../GitHub/CutyKiller/GAME FOLDER/Content/__ExternalActors__/Level/Chamber/6/VV/0FU4X1K2QYGKK2ESEWD530.uasset" 4679
"../../../../../../GitHub/CutyKiller/GAME FOLDER/Content/__ExternalActors__/Level/Chamber/7/WF/RSBM0H9E4EPSNW3Y4IQAK9.uasset" 4680
"../../../../../../GitHub/CutyKiller/GAME FOLDER/Content/DONT_USE/LPSDeluxe2TropicalEnvironment/LPSD2_Materials/SpecialMaterials/WindMaterials/MI_Wind_2.uasset" 4681
"../../../../../../GitHub/CutyKiller/GAME FOLDER/Content/__ExternalActors__/Level/Chamber/8/7R/V1QGFLAYRGMKNPZRS8UZJ0.uasset" 4682
"../../../../../../GitHub/CutyKiller/GAME FOLDER/Content/DONT_USE/LPSDeluxe2TropicalEnvironment/LPSD2_Materials/SpecialMaterials/WindMaterials/MI_Wind_8.uasset" 4683
"../../../../../../GitHub/CutyKiller/GAME FOLDER/Content/__ExternalActors__/Level/Chamber/8/MB/81PTBVE4N25FQ6KCJCT7AW.uasset" 4684
"../../../../../../GitHub/CutyKiller/GAME FOLDER/Content/__ExternalActors__/Level/Chamber/9/6N/48GU6D0GU66F4H4KRZJAKC.uasset" 4685
"../../../../../../GitHub/CutyKiller/GAME FOLDER/Content/DONT_USE/LPSDeluxe2TropicalEnvironment/LPSD2_Materials/SpecialMaterials/WindMaterials/MI_Wind_9.uasset" 4686
"../../../../../../GitHub/CutyKiller/GAME FOLDER/Content/__ExternalActors__/Level/Chamber/9/E3/884VMFQK4A2AWT2TQ8LBTX.uasset" 4687
"../../../../../../GitHub/CutyKiller/GAME FOLDER/Content/__ExternalActors__/Level/Chamber/4/GQ/YIK679NTEYKC4LUE48DCAP.uasset" 4688
"../../../../../../GitHub/CutyKiller/GAME FOLDER/Content/__ExternalActors__/Level/Chamber/E/J1/4QM8BZ59SANLGVYK0N6I9K.uasset" 4689
"../../../../../../GitHub/CutyKiller/GAME FOLDER/Content/__ExternalActors__/Level/Chamber/B/3W/O91X72OM51F3WIGUVR67WS.uasset" 4690
"../../../../../../GitHub/CutyKiller/GAME FOLDER/Content/__ExternalActors__/Level/Chamber/B/R5/FZ7JDZTBUZHMCBP0QGDPOW.uasset" 4691
"../../../../../../GitHub/CutyKiller/GAME FOLDER/Content/DONT_USE/LPSDeluxe2TropicalEnvironment/LPSD2_Materials/SpecialMaterials/2ToneMaterials/MI_Mount_TropicBlue.uasset" 4692
"../../../../../../GitHub/CutyKiller/GAME FOLDER/Content/DONT_USE/LPSDeluxe2TropicalEnvironment/LPSD2_Materials/SpecialMaterials/2ToneMaterials/M_Mount_Master.uasset" 4693
"../../../../../../GitHub/CutyKiller/GAME FOLDER/Content/__ExternalActors__/Level/Chamber/B/RJ/8A09BBLND0K7MASEGB8BPK.uasset" 4694
"../../../../../../GitHub/CutyKiller/GAME FOLDER/Content/__ExternalActors__/Level/Chamber/B/SU/7AZA7BNTDNMAU38G7GQYPR.uasset" 4695
"../../../../../../GitHub/CutyKiller/GAME FOLDER/Content/__ExternalActors__/Level/Chamber/D/JW/JXBOLMWKEGUJASTL0QUTOX.uasset" 4696
"../../../../../../GitHub/CutyKiller/GAME FOLDER/Content/__ExternalActors__/Level/Chamber/D/PR/8GOS0OGHC05EPXILWQU2HX.uasset" 4697
"../../../../../../GitHub/CutyKiller/GAME FOLDER/Content/__ExternalActors__/Level/Chamber/D/YX/FAYAB78TLIAKQQ0PGFBMHD.uasset" 4698
"../../../../../../GitHub/CutyKiller/GAME FOLDER/Content/__ExternalActors__/Level/Chamber/E/6S/O0W9BYCUHSC41CCL8ZOLUL.uasset" 4699
"../../../../../../GitHub/CutyKiller/GAME FOLDER/Content/__ExternalActors__/Level/Chamber/A/BZ/YO9TWYIH5THD44PRVRIVG7.uasset" 4700
"../../../../../../GitHub/CutyKiller/GAME FOLDER/Content/__ExternalActors__/Level/Chamber/E/ZZ/TDT70Q9J35XVOI8VKI9DE3.uasset" 4701
"../../../../../../GitHub/CutyKiller/GAME FOLDER/Content/__ExternalActors__/Level/Chamber/8/QA/7FOOGWG2X2QN6BJ3I6LE7T.uasset" 4702
"../../../Engine/Content/EditorResources/EmptyActor.uasset" 4703
"C:/Users/b.lapeze/AppData/Local/UnrealEngine/Common/DerivedDataCache/Buckets/LegacySKELETALMESH/0a/80/55e296f372645d2f6430b24fb0099f736e16.udd" 4704
"C:/Users/b.lapeze/AppData/Local/UnrealEngine/Common/DerivedDataCache/Buckets/LegacySKELETALMESH/88/69/bec98179895f78b86b0b0c2ad285237dea72.udd" 4705
"D:/GitHub/CutyKiller/GAME FOLDER/Content/DONT_USE/Weapon_Pack/Mesh/Weapons/Weapons_Kit/SM_Sickle.uasset" 4706
"D:/GitHub/CutyKiller/GAME FOLDER/Content/DONT_USE/Weapon_Pack/Mesh/Weapons/Weapons_Kit/SM_Sword.uasset" 4707
"C:/Users/b.lapeze/AppData/Local/UnrealEngine/Common/DerivedDataCache/Buckets/LegacySKELETALMESH/ed/69/db13ee89a6b264488ba46cd2485529bdeccd.udd" 4708
"D:/GitHub/CutyKiller/GAME FOLDER/Content/DONT_USE/Weapon_Pack/Skeletal_Mesh/SK_Dagger_1.uasset" 4709
"C:/Users/b.lapeze/AppData/Local/UnrealEngine/Common/DerivedDataCache/Buckets/LegacySKELETALMESH/7a/66/4490edc5b271158ce7209afc75482b9653bc.udd" 4710
"C:/Users/b.lapeze/AppData/Local/UnrealEngine/Common/DerivedDataCache/Buckets/LegacySKELETALMESH/36/f3/d2297207c89e70eb65a3e25f0a88d13f4720.udd" 4711
"C:/Users/b.lapeze/AppData/Local/UnrealEngine/Common/DerivedDataCache/Buckets/StaticMesh/74/a8/255df4d999cd6e92f3e8ef7cdd0d451994cf.udd" 4712
"D:/GitHub/CutyKiller/GAME FOLDER/Content/DONT_USE/Weapon_Pack/Mesh/Weapons/Weapons_Kit/SM_Shield.uasset" 4713
"D:/GitHub/CutyKiller/GAME FOLDER/Content/DONT_USE/Weapon_Pack/Mesh/Weapons/Weapons_Kit/SM_Throwing.uasset" 4714
"C:/Users/b.lapeze/AppData/Local/UnrealEngine/Common/DerivedDataCache/Buckets/StaticMesh/4a/b6/d6a18c14ed71825ea8e2eee40e687d04da90.udd" 4715
"C:/Users/b.lapeze/AppData/Local/UnrealEngine/Common/DerivedDataCache/Buckets/StaticMesh/63/2a/e4aedcec04c931766596b040a341bab2aac0.udd" 4716
"C:/Users/b.lapeze/AppData/Local/UnrealEngine/Common/DerivedDataCache/Buckets/StaticMesh/7d/81/dcd2b63639dca6fec1f11fc52dfb073ee1f5.udd" 4717
"C:/Users/b.lapeze/AppData/Local/UnrealEngine/Common/DerivedDataCache/Buckets/LegacyDIST/32/a5/899151ded040b6983e59447606b47fda3d8e.udd" 4718
"C:/Users/b.lapeze/AppData/Local/UnrealEngine/Common/DerivedDataCache/Buckets/LegacyDIST/41/82/aafdf462a3554c55ebfdad227dbb4838a5ff.udd" 4719
"../../../../../../GitHub/CutyKiller/GAME FOLDER/Content/LevelPrototyping/Meshes/SM_ChamferCube.uasset" 4720
"../../../../../../GitHub/CutyKiller/GAME FOLDER/Content/DONT_USE/Weapon_Pack/Skeletal_Mesh/SK_Mace.uasset" 4721
"../../../../../../GitHub/CutyKiller/GAME FOLDER/Content/DONT_USE/Weapon_Pack/Skeletal_Mesh/SK_H2H.uasset" 4722
"C:/Users/b.lapeze/AppData/Local/UnrealEngine/Common/DerivedDataCache/Buckets/LegacyDIST/69/8d/21a4b60909e328c3b1c15b328efe95c0c726.udd" 4723
"../../../../../../GitHub/CutyKiller/GAME FOLDER/Content/DONT_USE/Weapon_Pack/Skeletal_Mesh/SK_GreatHammer.uasset" 4724
"C:/Users/b.lapeze/AppData/Local/UnrealEngine/Common/DerivedDataCache/Buckets/LegacySKELETALMESH/a5/a2/0952b45394330ef06f2a955c1abe3995f61c.udd" 4725
"D:/GitHub/CutyKiller/GAME FOLDER/Content/DONT_USE/Weapon_Pack/Mesh/Weapons/Weapons_Kit/SM_Spear.uasset" 4726
"../../../../../../GitHub/CutyKiller/GAME FOLDER/Content/DONT_USE/Weapon_Pack/Skeletal_Mesh/SK_GreatAxe.uasset" 4727
"C:/Users/b.lapeze/AppData/Local/UnrealEngine/Common/DerivedDataCache/Buckets/LegacyDIST/33/c7/99f430b442e6ba46c3f0353738490621c67b.udd" 4728
"../../../../../../GitHub/CutyKiller/GAME FOLDER/Content/DONT_USE/Weapon_Pack/Skeletal_Mesh/SK_Axe.uasset" 4729
"C:/Users/b.lapeze/AppData/Local/UnrealEngine/Common/DerivedDataCache/Buckets/LegacyCARD/54/f8/ededa8df7ea0fabe11db02ad5055bb0962d9.udd" 4730
"C:/Users/b.lapeze/AppData/Local/UnrealEngine/Common/DerivedDataCache/Buckets/LegacyCARD/1b/e8/cf733cb971679c5b71a580434f41b25d3e17.udd" 4731
"C:/Users/b.lapeze/AppData/Local/UnrealEngine/Common/DerivedDataCache/Buckets/LegacyCARD/e8/9a/40ebc73989abf94c3762bacac793d7025d09.udd" 4732
"D:/GitHub/CutyKiller/GAME FOLDER/Content/DONT_USE/Weapon_Pack/Mesh/Weapons/Weapons_Kit/SM_Dagger_2.uasset" 4733
"D:/GitHub/CutyKiller/GAME FOLDER/Content/DONT_USE/Weapon_Pack/Mesh/Weapons/Weapons_Kit/SM_Dagger_1.uasset" 4734
"C:/Users/b.lapeze/AppData/Local/UnrealEngine/Common/DerivedDataCache/Buckets/LegacyCARD/53/1c/b57e526d228fa03113eea51369907f18a3bd.udd" 4735
"C:/Users/b.lapeze/AppData/Local/UnrealEngine/Common/DerivedDataCache/Buckets/LegacyChaosGeometryData/43/d8/cdf38bae024825d80bce85ad28cb6748a1a1.udd" 4736
"C:/Users/b.lapeze/AppData/Local/UnrealEngine/Common/DerivedDataCache/Buckets/LegacyChaosGeometryData/5e/5f/e064ce564bb7ecf51fe5dcbe2f28789931ac.udd" 4737
"C:/Users/b.lapeze/AppData/Local/UnrealEngine/Common/DerivedDataCache/Buckets/LegacySKELETALMESH/87/60/6b5c86bac892518be17257d9e4616b18cd68.udd" 4738
"C:/Users/b.lapeze/AppData/Local/UnrealEngine/Common/DerivedDataCache/Buckets/LegacyChaosGeometryData/20/50/e4901b05e2459bcadebd4b081ead81571b52.udd" 4739
"C:/Users/b.lapeze/AppData/Local/UnrealEngine/Common/DerivedDataCache/Buckets/LegacyChaosGeometryData/64/bb/0b25c7277ed80e7c4589756ba28faca4569a.udd" 4740
"D:/GitHub/CutyKiller/GAME FOLDER/Content/DONT_USE/Weapon_Pack/Mesh/Set/SM_Floor.uasset" 4741
"C:/Users/b.lapeze/AppData/Local/UnrealEngine/Common/DerivedDataCache/Buckets/LegacyNavCollision/ac/98/63ba29a934f414641f03b500a7973ba92675.udd" 4742
"C:/Users/b.lapeze/AppData/Local/UnrealEngine/Common/DerivedDataCache/Buckets/LegacyNavCollision/b6/79/ae489fdae36ecf7bf0622d0517efec40376b.udd" 4743
"D:/GitHub/CutyKiller/GAME FOLDER/Content/DONT_USE/Weapon_Pack/Skeletal_Mesh/SK_Dagger_2.uasset" 4744
"../../../../../../GitHub/CutyKiller/GAME FOLDER/Content/DONT_USE/Weapon_Pack/Mesh/Weapons/Weapons_Kit/SM_Mace.uasset" 4745
"../../../../../../GitHub/CutyKiller/GAME FOLDER/Content/DONT_USE/Weapon_Pack/Mesh/Weapons/Weapons_Kit/SM_H2H.uasset" 4746
"D:/GitHub/CutyKiller/GAME FOLDER/Content/DONT_USE/Weapon_Pack/Mesh/Set/SM_Window_Wall_Tall.uasset" 4747
"C:/Users/b.lapeze/AppData/Local/UnrealEngine/Common/DerivedDataCache/Buckets/LegacyNavCollision/f9/36/54eb4eba42e2cb76c76afdb1dc10a738ab74.udd" 4748
"C:/Users/b.lapeze/AppData/Local/UnrealEngine/Common/DerivedDataCache/Buckets/LegacyNavCollision/9b/20/b7b30733a91239dff0f5debc4dff2cfa7060.udd" 4749
"../../../../../../GitHub/CutyKiller/GAME FOLDER/Content/DONT_USE/Weapon_Pack/Mesh/Weapons/Weapons_Kit/SM_GreatHammer.uasset" 4750
"D:/GitHub/CutyKiller/GAME FOLDER/Content/DONT_USE/Weapon_Pack/Mesh/Props/Interior/SM_Weapon_Rack2.uasset" 4751
"C:/Users/b.lapeze/AppData/Local/UnrealEngine/Common/DerivedDataCache/Buckets/LegacySKELETALMESH/8f/9c/fd893bda1e8ac4a88968d7600fbc4e7ad489.udd" 4752
"../../../../../../GitHub/CutyKiller/GAME FOLDER/Content/DONT_USE/Weapon_Pack/Mesh/Weapons/Weapons_Kit/SM_GreatAxe.uasset" 4753
"D:/GitHub/CutyKiller/GAME FOLDER/Content/DONT_USE/Weapon_Pack/Mesh/Props/Interior/SM_Holder.uasset" 4754
"C:/Users/b.lapeze/AppData/Local/UnrealEngine/Common/DerivedDataCache/Buckets/LegacySKELETALMESH/0a/46/b7f4559a2fa82de5491d3f096952e06cb388.udd" 4755
"C:/Users/b.lapeze/AppData/Local/UnrealEngine/Common/DerivedDataCache/Buckets/LegacySKELETALMESH/4b/37/12ad062d8d8b74a6213808b220c6a999c59f.udd" 4756
"D:/GitHub/CutyKiller/GAME FOLDER/Content/DONT_USE/Weapon_Pack/Mesh/Props/Interior/SM_Barrel.uasset" 4757
"D:/GitHub/CutyKiller/GAME FOLDER/Content/DONT_USE/Weapon_Pack/Mesh/Set/SM_Window_Frame_Large.uasset" 4758
"D:/GitHub/CutyKiller/GAME FOLDER/Content/DONT_USE/Weapon_Pack/Mesh/Set/SM_Wall.uasset" 4759
"D:/GitHub/CutyKiller/GAME FOLDER/Content/DONT_USE/Weapon_Pack/Mesh/Props/Interior/SM_Bowl.uasset" 4760
"C:/Users/b.lapeze/AppData/Local/UnrealEngine/Common/DerivedDataCache/Buckets/LegacySKELETALMESH/05/ae/8a355d1cd9c5030e845ee4dd4370c19f1315.udd" 4761
"C:/Users/b.lapeze/AppData/Local/UnrealEngine/Common/DerivedDataCache/Buckets/StaticMesh/a2/63/96730c7ab643cdf55eff3b6a811a46174f1a.udd" 4762
"C:/Users/b.lapeze/AppData/Local/UnrealEngine/Common/DerivedDataCache/Buckets/StaticMesh/6f/9b/1537b851bb76c4f460722352d659a35a9a29.udd" 4763
"C:/Users/b.lapeze/AppData/Local/UnrealEngine/Common/DerivedDataCache/Buckets/LegacySKELETALMESH/92/05/280ff12680b1766c45cfc6f9ea1f788b8455.udd" 4764
"D:/GitHub/CutyKiller/GAME FOLDER/Content/DONT_USE/Weapon_Pack/Mesh/Props/Interior/SM_Chair.uasset" 4765
"C:/Users/b.lapeze/AppData/Local/UnrealEngine/Common/DerivedDataCache/Buckets/StaticMesh/80/e2/c01a7d309f7fcd1f6577bfbaea14ac1d7d59.udd" 4766
"D:/GitHub/CutyKiller/GAME FOLDER/Content/DONT_USE/Weapon_Pack/Mesh/Props/Interior/SM_Weapon_WallMount.uasset" 4767
"D:/GitHub/CutyKiller/GAME FOLDER/Content/DONT_USE/Weapon_Pack/Mesh/Props/Interior/SM_Table.uasset" 4768
"D:/GitHub/CutyKiller/GAME FOLDER/Content/DONT_USE/Weapon_Pack/Mesh/Props/Interior/SM_Weapon_rack_1.uasset" 4769
"D:/GitHub/CutyKiller/GAME FOLDER/Content/DONT_USE/Weapon_Pack/Mesh/Props/Interior/SM_Bench.uasset" 4770
"C:/Users/b.lapeze/AppData/Local/UnrealEngine/Common/DerivedDataCache/Buckets/LegacyDIST/5a/66/405b413149f9fc3d89fccbd383ee72718ef4.udd" 4771
"D:/GitHub/CutyKiller/GAME FOLDER/Content/DONT_USE/Weapon_Pack/Mesh/Props/Interior/SM_Wall_Torch1.uasset" 4772
"C:/Users/b.lapeze/AppData/Local/UnrealEngine/Common/DerivedDataCache/Buckets/LegacyDIST/c3/63/faaea185ffe10e4a187810929be5afabf29d.udd" 4773
"D:/GitHub/CutyKiller/GAME FOLDER/Content/DONT_USE/Weapon_Pack/Mesh/Props/Interior/SM_Fire_Bowl.uasset" 4774
"C:/Users/b.lapeze/AppData/Local/UnrealEngine/Common/DerivedDataCache/Buckets/LegacyDIST/1b/3b/b7b9fc252f96cb73e260cc547a57bb73a40c.udd" 4775
"C:/Users/b.lapeze/AppData/Local/UnrealEngine/Common/DerivedDataCache/Buckets/LegacyCARD/19/1e/ca8697f5094fb266702b6124ffc4bc4ba3d1.udd" 4776
"C:/Users/b.lapeze/AppData/Local/UnrealEngine/Common/DerivedDataCache/Buckets/LegacyCARD/0d/06/1ca257efbd06dba2df1a3a2d14801631d9ef.udd" 4777
"C:/Users/b.lapeze/AppData/Local/UnrealEngine/Common/DerivedDataCache/Buckets/LegacyCARD/6e/f0/c984a5f60ab63d16b46054f9165cd6e20d1e.udd" 4778
"D:/GitHub/CutyKiller/GAME FOLDER/Content/DONT_USE/Weapon_Pack/Mesh/Props/Interior/SM_Banner_Rod1.uasset" 4779
"C:/Users/b.lapeze/AppData/Local/UnrealEngine/Common/DerivedDataCache/Buckets/LegacyChaosGeometryData/ea/42/31c84eecfce4fb7bd48b52e629cb7293c057.udd" 4780
"C:/Users/b.lapeze/AppData/Local/UnrealEngine/Common/DerivedDataCache/Buckets/LegacyChaosGeometryData/8b/0c/e7b92bb26cb583a9ac9f7f351084881a7fe1.udd" 4781
"C:/Users/b.lapeze/AppData/Local/UnrealEngine/Common/DerivedDataCache/Buckets/LegacyChaosGeometryData/c7/df/732423427bd0ad01e35edbbad83ac8fa5c05.udd" 4782
"C:/Users/b.lapeze/AppData/Local/UnrealEngine/Common/DerivedDataCache/Buckets/StaticMesh/f9/10/defcf9025b0c99ea112203f928e2503e3a7f.udd" 4783
"C:/Users/b.lapeze/AppData/Local/UnrealEngine/Common/DerivedDataCache/Buckets/LegacyNavCollision/7b/29/65532cccedba563d9ba1babd1320033fad97.udd" 4784
"C:/Users/b.lapeze/AppData/Local/UnrealEngine/Common/DerivedDataCache/Buckets/LegacyNavCollision/84/bd/0552e54afdcacf71c57b924822c0259b00a6.udd" 4785
"C:/Users/b.lapeze/AppData/Local/UnrealEngine/Common/DerivedDataCache/Buckets/LegacyNavCollision/fc/b7/60e19de066d73336ad3250a1a1d60a8c4592.udd" 4786
"../../../../../../GitHub/CutyKiller/GAME FOLDER/Content/DONT_USE/Weapon_Pack/Mesh/Weapons/Weapons_Kit/SM_Axe.uasset" 4787
"../../../../../../GitHub/CutyKiller/GAME FOLDER/Content/DONT_USE/Weapon_Pack/Skeletal_Mesh/SK_Throwing.uasset" 4788
"../../../../../../GitHub/CutyKiller/GAME FOLDER/Content/DONT_USE/Weapon_Pack/Skeletal_Mesh/SK_Sword.uasset" 4789
"../../../../../../GitHub/CutyKiller/GAME FOLDER/Content/DONT_USE/Weapon_Pack/Skeletal_Mesh/SK_Spear.uasset" 4790
"C:/Users/b.lapeze/AppData/Local/UnrealEngine/Common/DerivedDataCache/Buckets/LegacyDIST/77/91/5d56c81e9fda25bdc8b07c2b4052ec6e69c9.udd" 4791
"../../../../../../GitHub/CutyKiller/GAME FOLDER/Content/DONT_USE/Weapon_Pack/Skeletal_Mesh/SK_Sickle.uasset" 4792
"D:/GitHub/CutyKiller/GAME FOLDER/Content/DONT_USE/LPSDeluxe2TropicalEnvironment/LPSD2_Meshes/Volcano/SM_LavaFlow_2.uasset" 4793
"../../../../../../GitHub/CutyKiller/GAME FOLDER/Content/DONT_USE/Weapon_Pack/Skeletal_Mesh/SK_Shield.uasset" 4794
"C:/Users/b.lapeze/AppData/Local/UnrealEngine/Common/DerivedDataCache/Buckets/StaticMesh/cb/38/3d7e72e594740745e30eee828e4bec8d963d.udd" 4795
"C:/Users/b.lapeze/AppData/Local/UnrealEngine/Common/DerivedDataCache/Buckets/StaticMesh/ce/8a/6d3f2a78345a186123e112a378c3b20e3b51.udd" 4796
"../../../../../../GitHub/CutyKiller/GAME FOLDER/Content/DONT_USE/Weapon_Pack/Skeletal_Mesh/SK_Dagger_2.uasset" 4797
"../../../../../../GitHub/CutyKiller/GAME FOLDER/Content/DONT_USE/Weapon_Pack/Skeletal_Mesh/SK_Dagger_1.uasset" 4798
"C:/Users/b.lapeze/AppData/Local/UnrealEngine/Common/DerivedDataCache/Buckets/StaticMesh/e1/02/30871a88d2177491ae3261c7975de86271b2.udd" 4799
"../../../../../../GitHub/CutyKiller/GAME FOLDER/Content/DONT_USE/Weapon_Pack/Mesh/Weapons/Weapons_Kit/SM_Throwing.uasset" 4800
"../../../../../../GitHub/CutyKiller/GAME FOLDER/Content/DONT_USE/Weapon_Pack/Mesh/Weapons/Weapons_Kit/SM_Sword.uasset" 4801
"D:/GitHub/CutyKiller/GAME FOLDER/Content/DONT_USE/LPSDeluxe2TropicalEnvironment/LPSD2_Meshes/Misc/SM_LightShaft_1.uasset" 4802
"C:/Users/b.lapeze/AppData/Local/UnrealEngine/Common/DerivedDataCache/Buckets/LegacyCARD/cf/c0/0d25f9963458ad8876e3d454da8c172faa97.udd" 4803
"C:/Users/b.lapeze/AppData/Local/UnrealEngine/Common/DerivedDataCache/Buckets/LegacyDIST/11/4b/87d89ca152ff62027863d66bd1af386d715d.udd" 4804
"C:/Users/b.lapeze/AppData/Local/UnrealEngine/Common/DerivedDataCache/Buckets/LegacyDIST/9d/4f/603cddd72d72af5a308683b47af79add1c05.udd" 4805
"C:/Users/b.lapeze/AppData/Local/UnrealEngine/Common/DerivedDataCache/Buckets/LegacyDIST/92/ef/e9cdc2fa9df45ba950471a78d442f152be85.udd" 4806
"C:/Users/b.lapeze/AppData/Local/UnrealEngine/Common/DerivedDataCache/Buckets/LegacyCARD/7d/66/a25b906ed2f18958ccf7da69b2eb81fed9fd.udd" 4807
"C:/Users/b.lapeze/AppData/Local/UnrealEngine/Common/DerivedDataCache/Buckets/LegacyChaosGeometryData/8e/1b/ac999b671cda20320d293a43528a20cb3acc.udd" 4808
"C:/Users/b.lapeze/AppData/Local/UnrealEngine/Common/DerivedDataCache/Buckets/LegacyCARD/c7/fe/34c164759f1fccf835307cadb27bfe3e8f97.udd" 4809
"C:/Users/b.lapeze/AppData/Local/UnrealEngine/Common/DerivedDataCache/Buckets/LegacyCARD/be/b6/0b92324b5a78606a1107a522167a57706abe.udd" 4810
"D:/GitHub/CutyKiller/GAME FOLDER/Content/Weapon_Pack/Skeletal_Mesh/SK_H2H.uasset" 4811
"C:/Users/b.lapeze/AppData/Local/UnrealEngine/Common/DerivedDataCache/Buckets/StaticMesh/28/62/4d52edcca2ffccdf1311f4855812e40e13c7.udd" 4812
"D:/GitHub/CutyKiller/GAME FOLDER/Content/Weapon_Pack/Skeletal_Mesh/SK_Mace.uasset" 4813
"D:/GitHub/CutyKiller/GAME FOLDER/Content/DONT_USE/Weapon_Pack/Mesh/Props/Interior/SM_Banner_1.uasset" 4814
"C:/Users/b.lapeze/AppData/Local/UnrealEngine/Common/DerivedDataCache/Buckets/LegacyChaosGeometryData/42/16/ff9511ac68ab142756cfc0030ed3027e2f83.udd" 4815
"C:/Users/b.lapeze/AppData/Local/UnrealEngine/Common/DerivedDataCache/Buckets/LegacyNavCollision/50/94/acf46b11a5a6aaf2df7beac87553be77b99e.udd" 4816
"../../../../../../GitHub/CutyKiller/GAME FOLDER/Content/DONT_USE/Weapon_Pack/Mesh/Weapons/Weapons_Kit/SM_Spear.uasset" 4817
"C:/Users/b.lapeze/AppData/Local/UnrealEngine/Common/DerivedDataCache/Buckets/LegacyChaosGeometryData/60/23/45e800c61ed0b6dcb36e4bfe1112a1901021.udd" 4818
"C:/Users/b.lapeze/AppData/Local/UnrealEngine/Common/DerivedDataCache/Buckets/LegacyDIST/90/1a/74a34059a4daf197b0fc02612f3170c44e0e.udd" 4819
"C:/Users/b.lapeze/AppData/Local/UnrealEngine/Common/DerivedDataCache/Buckets/LegacyChaosGeometryData/1b/0f/031d9e5414e7d3764a570ef34e754d7648cf.udd" 4820
"C:/Users/b.lapeze/AppData/Local/UnrealEngine/Common/DerivedDataCache/Buckets/LegacyNavCollision/a7/37/9fd26bdb2f12422bc9f61c58263593d6ddd5.udd" 4821
"C:/Users/b.lapeze/AppData/Local/UnrealEngine/Common/DerivedDataCache/Buckets/LegacyNavCollision/e2/45/938cd242e316efba51b66ae63474db3fa9fb.udd" 4822
"../../../../../../GitHub/CutyKiller/GAME FOLDER/Content/DONT_USE/Weapon_Pack/Mesh/Weapons/Weapons_Kit/SM_Sickle.uasset" 4823
"C:/Users/b.lapeze/AppData/Local/UnrealEngine/Common/DerivedDataCache/Buckets/LegacyCARD/e5/0f/1bec43ffccb1d995de82e46ed45390a694dc.udd" 4824
"C:/Users/b.lapeze/AppData/Local/UnrealEngine/Common/DerivedDataCache/Buckets/StaticMesh/b5/af/9dadd830110529aadffdfa56f716b5dac17a.udd" 4825
"D:/GitHub/CutyKiller/GAME FOLDER/Content/DONT_USE/LPSDeluxe2TropicalEnvironment/LPSD2_Meshes/Misc/SM_SPlane_1.uasset" 4826
"C:/Users/b.lapeze/AppData/Local/UnrealEngine/Common/DerivedDataCache/Buckets/LegacyNavCollision/44/db/c2c678bc068dc7a12146191c456849eb5b0b.udd" 4827
"../../../../../../GitHub/CutyKiller/GAME FOLDER/Content/DONT_USE/Weapon_Pack/Mesh/Weapons/Weapons_Kit/SM_Shield.uasset" 4828
"C:/Users/b.lapeze/AppData/Local/UnrealEngine/Common/DerivedDataCache/Buckets/StaticMesh/e2/f3/68f8e3c4d14f7785469590c6b92475b11b27.udd" 4829
"../../../../../../GitHub/CutyKiller/GAME FOLDER/Content/DONT_USE/Weapon_Pack/Mesh/Weapons/Weapons_Kit/SM_Dagger_2.uasset" 4830
"C:/Users/b.lapeze/AppData/Local/UnrealEngine/Common/DerivedDataCache/Buckets/LegacyChaosGeometryData/8e/58/db1ef146f7fa0928ca78ee09e12038c53b16.udd" 4831
"C:/Users/b.lapeze/AppData/Local/UnrealEngine/Common/DerivedDataCache/Buckets/LegacyDIST/f6/fd/18d2534863bdcc6c8d2cc9987511ad8ffcad.udd" 4832
"C:/Users/b.lapeze/AppData/Local/UnrealEngine/Common/DerivedDataCache/Buckets/StaticMesh/19/e2/6f3f0ebbc538c2a3decf4f07478af2ffeeb5.udd" 4833
"C:/Users/b.lapeze/AppData/Local/UnrealEngine/Common/DerivedDataCache/Buckets/StaticMesh/58/4a/ee042b4c20cf3fe167dac54a8c07e2f81a05.udd" 4834
"C:/Users/b.lapeze/AppData/Local/UnrealEngine/Common/DerivedDataCache/Buckets/LegacyDIST/b9/b7/b75becee1286a41650cf089d7cfedd1cce44.udd" 4835
"C:/Users/b.lapeze/AppData/Local/UnrealEngine/Common/DerivedDataCache/Buckets/LegacyCARD/40/d0/9e1fbf870a2ffc3264e6a037aae8d82aeec1.udd" 4836
"C:/Users/b.lapeze/AppData/Local/UnrealEngine/Common/DerivedDataCache/Buckets/LegacyDIST/f7/b9/08f88c8d0f602cf1966522176799b3fd1733.udd" 4837
"C:/Users/b.lapeze/AppData/Local/UnrealEngine/Common/DerivedDataCache/Buckets/LegacyNavCollision/e8/57/105ca685d0cec0d95a50afe13f5eb02f9475.udd" 4838
"../../../../../../GitHub/CutyKiller/GAME FOLDER/Content/DONT_USE/Weapon_Pack/Mesh/Weapons/Weapons_Kit/SM_Dagger_1.uasset" 4839
"C:/Users/b.lapeze/AppData/Local/UnrealEngine/Common/DerivedDataCache/Buckets/LegacyDIST/63/06/81aed1b06664b357c32351627ca6f12fddd2.udd" 4840
"C:/Users/b.lapeze/AppData/Local/UnrealEngine/Common/DerivedDataCache/Buckets/LegacyCARD/fc/d9/585b42185e91b5d0888c4780da93ed0c3e42.udd" 4841
"C:/Users/b.lapeze/AppData/Local/UnrealEngine/Common/DerivedDataCache/Buckets/LegacyChaosGeometryData/9c/e5/dd070088419b95a5683310d0b2b3f3fe97ba.udd" 4842
"C:/Users/b.lapeze/AppData/Local/UnrealEngine/Common/DerivedDataCache/Buckets/LegacyCARD/50/86/7190064444677138e7524a81db24e5d4bb01.udd" 4843
"C:/Users/b.lapeze/AppData/Local/UnrealEngine/Common/DerivedDataCache/Buckets/LegacyCARD/0f/83/3017087633169d23bbbdd368ccec0eb7fb2c.udd" 4844
"C:/Users/b.lapeze/AppData/Local/UnrealEngine/Common/DerivedDataCache/Buckets/StaticMesh/f8/2a/f34d7fb60708a5f5405ffa954a0a5be4f8f9.udd" 4845
"C:/Users/b.lapeze/AppData/Local/UnrealEngine/Common/DerivedDataCache/Buckets/LegacyChaosGeometryData/54/cf/f24ec25c4e1877afe1c657336ae7600a47c7.udd" 4846
"C:/Users/b.lapeze/AppData/Local/UnrealEngine/Common/DerivedDataCache/Buckets/LegacyNavCollision/6d/be/502711c6b4ed93d376c7b1977196819f4d94.udd" 4847
"../../../../../../GitHub/CutyKiller/GAME FOLDER/Content/DONT_USE/Weapon_Pack/Mesh/Set/SM_Window_Wall_Tall.uasset" 4848
"C:/Users/b.lapeze/AppData/Local/UnrealEngine/Common/DerivedDataCache/Buckets/LegacyChaosGeometryData/f8/3d/407f0273eaa414dc698738b72ef4c67f49b2.udd" 4849
"C:/Users/b.lapeze/AppData/Local/UnrealEngine/Common/DerivedDataCache/Buckets/LegacyChaosGeometryData/bb/54/fd41928c87f76192296364a275cbe70f6260.udd" 4850
"C:/Users/b.lapeze/AppData/Local/UnrealEngine/Common/DerivedDataCache/Buckets/LegacyDIST/10/7c/97554de75195f8aac2e139eaa1c4b9fc364e.udd" 4851
"C:/Users/b.lapeze/AppData/Local/UnrealEngine/Common/DerivedDataCache/Buckets/LegacyNavCollision/3b/6c/bc09925f914f589b21c4ac0ce41e3213508b.udd" 4852
"C:/Users/b.lapeze/AppData/Local/UnrealEngine/Common/DerivedDataCache/Buckets/LegacyCARD/15/a2/c8f412b525a5e5613c20b7d73f3842cef8cb.udd" 4853
"C:/Users/b.lapeze/AppData/Local/UnrealEngine/Common/DerivedDataCache/Buckets/LegacyNavCollision/d4/2c/94da8a1d6922649fd90cf29f4face29844b4.udd" 4854
"C:/Users/b.lapeze/AppData/Local/UnrealEngine/Common/DerivedDataCache/Buckets/LegacyNavCollision/29/05/ef597c87bd6a21367848743096e65eba022f.udd" 4855
"C:/Users/b.lapeze/AppData/Local/UnrealEngine/Common/DerivedDataCache/Buckets/StaticMesh/b5/1b/1d7c58706b63ab852f459cd67524c59ef229.udd" 4856
"C:/Users/b.lapeze/AppData/Local/UnrealEngine/Common/DerivedDataCache/Buckets/StaticMesh/29/ec/80cbc98f300bea5f92e7da8275a15c5d4a09.udd" 4857
"C:/Users/b.lapeze/AppData/Local/UnrealEngine/Common/DerivedDataCache/Buckets/LegacyChaosGeometryData/05/8d/3870ae3151a2af517e2acd67e165627d2b91.udd" 4858
"C:/Users/b.lapeze/AppData/Local/UnrealEngine/Common/DerivedDataCache/Buckets/LegacyDIST/52/7c/94cd0a3e152811f513607f095a40b493bab8.udd" 4859
"C:/Users/b.lapeze/AppData/Local/UnrealEngine/Common/DerivedDataCache/Buckets/LegacyDIST/3a/8c/1a839f58ebccd2a643e1e72808877d3d5449.udd" 4860
"C:/Users/b.lapeze/AppData/Local/UnrealEngine/Common/DerivedDataCache/Buckets/LegacyCARD/6e/5c/cb6e312941a2e774fa4ba69e7bc577dfc0c7.udd" 4861
"C:/Users/b.lapeze/AppData/Local/UnrealEngine/Common/DerivedDataCache/Buckets/LegacyNavCollision/f5/19/78c08f3f931ef8735ced99fd9e6c680a2cc2.udd" 4862
"C:/Users/b.lapeze/AppData/Local/UnrealEngine/Common/DerivedDataCache/Buckets/LegacyCARD/83/c0/56aa24017d1b3d48eec7e9719e4f26449509.udd" 4863
"C:/Users/b.lapeze/AppData/Local/UnrealEngine/Common/DerivedDataCache/Buckets/LegacyChaosGeometryData/02/68/7cb89d04f29da46efdeec507c743565fc161.udd" 4864
"C:/Users/b.lapeze/AppData/Local/UnrealEngine/Common/DerivedDataCache/Buckets/LegacyChaosGeometryData/2e/31/f21afdac950a7e8d308b238cee2aa9632690.udd" 4865
"C:/Users/b.lapeze/AppData/Local/UnrealEngine/Common/DerivedDataCache/Buckets/LegacyNavCollision/b7/7c/be00a81354bfee49169922036017e561813d.udd" 4866
"C:/Users/b.lapeze/AppData/Local/UnrealEngine/Common/DerivedDataCache/Buckets/LegacyNavCollision/7a/a0/b326938c6f02194fb3b044988961041d8a41.udd" 4867
"D:/GitHub/CutyKiller/GAME FOLDER/Content/Weapon_Pack/Skeletal_Mesh/SK_GreatAxe.uasset" 4868
"D:/GitHub/CutyKiller/GAME FOLDER/Content/Weapon_Pack/Skeletal_Mesh/SK_GreatHammer.uasset" 4869
"D:/GitHub/CutyKiller/GAME FOLDER/Content/Weapon_Pack/Skeletal_Mesh/SK_Axe.uasset" 4870
"D:/GitHub/CutyKiller/GAME FOLDER/Content/Weapon_Pack/Skeletal_Mesh/SK_Sword.uasset" 4871
"D:/GitHub/CutyKiller/GAME FOLDER/Content/Weapon_Pack/Skeletal_Mesh/SK_Throwing.uasset" 4872
"C:/Users/b.lapeze/AppData/Local/UnrealEngine/Common/DerivedDataCache/Buckets/StaticMesh/94/62/b09991ba5118ad0088b37283902fefe1f975.udd" 4873
"C:/Users/b.lapeze/AppData/Local/UnrealEngine/Common/DerivedDataCache/Buckets/LegacyDIST/e5/b7/e2ffee394964f6518a6e158af2936d21f1b6.udd" 4874
"C:/Users/b.lapeze/AppData/Local/UnrealEngine/Common/DerivedDataCache/Buckets/LegacyCARD/36/e2/f15c98939f2635bf6d02d71a933b546cfc12.udd" 4875
"D:/GitHub/CutyKiller/GAME FOLDER/Content/Weapon_Pack/Mesh/Weapons/Weapons_Kit/SM_Axe.uasset" 4876
"C:/Users/b.lapeze/AppData/Local/UnrealEngine/Common/DerivedDataCache/Buckets/LegacyChaosGeometryData/64/03/33de173f4e23c6f29e03e5867138a332e6a7.udd" 4877
"C:/Users/b.lapeze/AppData/Local/UnrealEngine/Common/DerivedDataCache/Buckets/StaticMesh/a4/e7/fbc7f0d054cbd00a8eb0df3568ecf99cdbf5.udd" 4878
"C:/Users/b.lapeze/AppData/Local/UnrealEngine/Common/DerivedDataCache/Buckets/LegacyDIST/a2/d9/307dab7736aa1fa8b9f398fc4bc7161769e4.udd" 4879
"../../../../../../GitHub/CutyKiller/GAME FOLDER/Content/Weapon_Pack/Skeletal_Mesh/SK_Mace.uasset" 4880
"../../../../../../GitHub/CutyKiller/GAME FOLDER/Content/Weapon_Pack/Skeletal_Mesh/SK_H2H.uasset" 4881
"../../../../../../GitHub/CutyKiller/GAME FOLDER/Content/Weapon_Pack/Skeletal_Mesh/SK_GreatHammer.uasset" 4882
"C:/Users/b.lapeze/AppData/Local/UnrealEngine/Common/DerivedDataCache/Buckets/LegacyCARD/8c/52/3f4e0f357c93399042d62f318278a217b1a9.udd" 4883
"../../../../../../GitHub/CutyKiller/GAME FOLDER/Content/DONT_USE/Weapon_Pack/Mesh/Set/SM_Wall.uasset" 4884
"../../../../../../GitHub/CutyKiller/GAME FOLDER/Content/DONT_USE/Weapon_Pack/Mesh/Set/SM_Window_Frame_Large.uasset" 4885
"../../../../../../GitHub/CutyKiller/GAME FOLDER/Content/DONT_USE/Weapon_Pack/Mesh/Set/SM_Floor.uasset" 4886
"../../../../../../GitHub/CutyKiller/GAME FOLDER/Content/DONT_USE/Weapon_Pack/Mesh/Props/Interior/SM_Weapon_Rack2.uasset" 4887
"../../../../../../GitHub/CutyKiller/GAME FOLDER/Content/DONT_USE/Weapon_Pack/Mesh/Props/Interior/SM_Holder.uasset" 4888
"C:/Users/b.lapeze/AppData/Local/UnrealEngine/Common/DerivedDataCache/Buckets/LegacyChaosGeometryData/21/14/79349c0e1484503fd866d8d00e0c7ade1520.udd" 4889
"../../../../../../GitHub/CutyKiller/GAME FOLDER/Content/DONT_USE/Weapon_Pack/Mesh/Props/Interior/SM_Barrel.uasset" 4890
"C:/Users/b.lapeze/AppData/Local/UnrealEngine/Common/DerivedDataCache/Buckets/LegacyNavCollision/c1/39/3479fba22cf572e7a61b8bd4125f1ae5e490.udd" 4891
"../../../../../../GitHub/CutyKiller/GAME FOLDER/Content/DONT_USE/Weapon_Pack/Mesh/Props/Interior/SM_Chair.uasset" 4892
"C:/Users/b.lapeze/AppData/Local/UnrealEngine/Common/DerivedDataCache/Buckets/LegacyNavCollision/76/34/01f2904bc180dfae59842bec7a4b6f5b4468.udd" 4893
"../../../../../../GitHub/CutyKiller/GAME FOLDER/Content/DONT_USE/Weapon_Pack/Mesh/Props/Interior/SM_Bowl.uasset" 4894
"C:/Users/b.lapeze/AppData/Local/UnrealEngine/Common/DerivedDataCache/Buckets/LegacySKELETALMESH/a4/aa/cb4f4f0d6a622c0318d48ef09d21899e5f0b.udd" 4895
"C:/Users/b.lapeze/AppData/Local/UnrealEngine/Common/DerivedDataCache/Buckets/LegacySKELETALMESH/84/dd/060fb9078e337c98ebc63a03f8697191497f.udd" 4896
"C:/Users/b.lapeze/AppData/Local/UnrealEngine/Common/DerivedDataCache/Buckets/LegacySKELETALMESH/1c/06/76ea9d9f9b1a3bf103a44092bf57300fea7b.udd" 4897
"C:/Users/b.lapeze/AppData/Local/UnrealEngine/Common/DerivedDataCache/Buckets/StaticMesh/35/e7/a88cb24ab29a9eeda0b1a2137b35db61f31d.udd" 4898
"C:/Users/b.lapeze/AppData/Local/UnrealEngine/Common/DerivedDataCache/Buckets/LegacyDIST/6e/18/56293d724543e9c0bb441fd4476e792d9ba1.udd" 4899
"C:/Users/b.lapeze/AppData/Local/UnrealEngine/Common/DerivedDataCache/Buckets/LegacyCARD/29/80/a8f850f8b09ead0a5a65324891efe6cd20ba.udd" 4900
"C:/Users/b.lapeze/AppData/Local/UnrealEngine/Common/DerivedDataCache/Buckets/LegacyChaosGeometryData/16/84/ab2f8661cf213a9bf0534bae41a4ed89ecb0.udd" 4901
"C:/Users/b.lapeze/AppData/Local/UnrealEngine/Common/DerivedDataCache/Buckets/LegacyNavCollision/eb/b7/d4ecba614261619ca72d1644bb293d90423d.udd" 4902
"../../../../../../GitHub/CutyKiller/GAME FOLDER/Content/DONT_USE/Weapon_Pack/Mesh/Props/Interior/SM_Weapon_WallMount.uasset" 4903
"D:/GitHub/CutyKiller/GAME FOLDER/Content/Weapon_Pack/Skeletal_Mesh/SK_Spear.uasset" 4904
"D:/GitHub/CutyKiller/GAME FOLDER/Content/Weapon_Pack/Skeletal_Mesh/SK_Shield.uasset" 4905
"C:/Users/b.lapeze/AppData/Local/UnrealEngine/Common/DerivedDataCache/Buckets/StaticMesh/72/60/cbb90d06a9ae82204252cdf6742f324969bc.udd" 4906
"C:/Users/b.lapeze/AppData/Local/UnrealEngine/Common/DerivedDataCache/Buckets/LegacyDIST/31/c5/b406832990e54d7f4f452944748f50272623.udd" 4907
"D:/GitHub/CutyKiller/GAME FOLDER/Content/Weapon_Pack/Skeletal_Mesh/SK_Dagger_2.uasset" 4908
"C:/Users/b.lapeze/AppData/Local/UnrealEngine/Common/DerivedDataCache/Buckets/LegacyCARD/94/59/ff5e06d591d0ad63f710962fabce1f6149b1.udd" 4909
"D:/GitHub/CutyKiller/GAME FOLDER/Content/Weapon_Pack/Mesh/Weapons/Weapons_Kit/SM_GreatAxe.uasset" 4910
"D:/GitHub/CutyKiller/GAME FOLDER/Content/Weapon_Pack/Mesh/Weapons/Weapons_Kit/SM_H2H.uasset" 4911
"C:/Users/b.lapeze/AppData/Local/UnrealEngine/Common/DerivedDataCache/Buckets/LegacyChaosGeometryData/9a/b2/ceec100ecc733cd2d5aadcd6511cf480ae13.udd" 4912
"D:/GitHub/CutyKiller/GAME FOLDER/Content/Weapon_Pack/Skeletal_Mesh/SK_Dagger_1.uasset" 4913
"C:/Users/b.lapeze/AppData/Local/UnrealEngine/Common/DerivedDataCache/Buckets/LegacyNavCollision/9e/a1/e670ae7bcf39c58a6c65a40364d7c374b938.udd" 4914
"../../../../../../GitHub/CutyKiller/GAME FOLDER/Content/DONT_USE/Weapon_Pack/Mesh/Props/Interior/SM_Table.uasset" 4915
"C:/Users/b.lapeze/AppData/Local/UnrealEngine/Common/DerivedDataCache/Buckets/StaticMesh/4e/25/f6b8a7867642d85a97489bde77fdc37ed60b.udd" 4916
"D:/GitHub/CutyKiller/GAME FOLDER/Content/Weapon_Pack/Mesh/Weapons/Weapons_Kit/SM_Mace.uasset" 4917
"D:/GitHub/CutyKiller/GAME FOLDER/Content/Weapon_Pack/Mesh/Weapons/Weapons_Kit/SM_GreatHammer.uasset" 4918
"D:/GitHub/CutyKiller/GAME FOLDER/Content/Weapon_Pack/Mesh/Weapons/Weapons_Kit/SM_Throwing.uasset" 4919
"C:/Users/b.lapeze/AppData/Local/UnrealEngine/Common/DerivedDataCache/Buckets/StaticMesh/9f/91/2cc3e449dd29fd684d180f4062a1f1173ce3.udd" 4920
"C:/Users/b.lapeze/AppData/Local/UnrealEngine/Common/DerivedDataCache/Buckets/LegacyDIST/1d/4c/d88811ddffeb2a4eb8192d27305b0278c4dd.udd" 4921
"D:/GitHub/CutyKiller/GAME FOLDER/Content/Weapon_Pack/Skeletal_Mesh/SK_Sickle.uasset" 4922
"C:/Users/b.lapeze/AppData/Local/UnrealEngine/Common/DerivedDataCache/Buckets/StaticMesh/5a/7f/a1530c245c341e42889a261142d2f842ae3d.udd" 4923
"C:/Users/b.lapeze/AppData/Local/UnrealEngine/Common/DerivedDataCache/Buckets/StaticMesh/1c/58/b854d2867bff683a130b3fe3541f3fb355ce.udd" 4924
"C:/Users/b.lapeze/AppData/Local/UnrealEngine/Common/DerivedDataCache/Buckets/StaticMesh/0f/a3/b94c01727895571e9064fd36dcce6b8d4e04.udd" 4925
"C:/Users/b.lapeze/AppData/Local/UnrealEngine/Common/DerivedDataCache/Buckets/LegacyCARD/17/9a/13231bca1baa48dc0c23cb3d5431bf1a0ef6.udd" 4926
"C:/Users/b.lapeze/AppData/Local/UnrealEngine/Common/DerivedDataCache/Buckets/LegacyDIST/8b/78/f2029d74448227b3b5272946be91a5bfba9c.udd" 4927
"C:/Users/b.lapeze/AppData/Local/UnrealEngine/Common/DerivedDataCache/Buckets/LegacyDIST/51/5d/ca72ac852a1a340b8ea5e0e78db89ba9c8b5.udd" 4928
"C:/Users/b.lapeze/AppData/Local/UnrealEngine/Common/DerivedDataCache/Buckets/LegacyDIST/e5/6a/88411db160afa1c91ab96c8fe6a708a378cf.udd" 4929
"C:/Users/b.lapeze/AppData/Local/UnrealEngine/Common/DerivedDataCache/Buckets/LegacyCARD/11/48/973cb3fd5b5467a98ddbd8bfccce64a3716e.udd" 4930
"C:/Users/b.lapeze/AppData/Local/UnrealEngine/Common/DerivedDataCache/Buckets/LegacyDIST/f2/6d/75ba08f630654d028119acda59ae8b65b15f.udd" 4931
"C:/Users/b.lapeze/AppData/Local/UnrealEngine/Common/DerivedDataCache/Buckets/LegacyChaosGeometryData/cf/51/3e311fb421bbe26e40031632c90ace4976f3.udd" 4932
"C:/Users/b.lapeze/AppData/Local/UnrealEngine/Common/DerivedDataCache/Buckets/LegacyCARD/70/bb/c84bbed1d3d659ca6e03b6d6ee5aa5079264.udd" 4933
"C:/Users/b.lapeze/AppData/Local/UnrealEngine/Common/DerivedDataCache/Buckets/LegacyCARD/98/0c/d72c9f0eb4fa24e7b56326120ab0255be4f4.udd" 4934
"C:/Users/b.lapeze/AppData/Local/UnrealEngine/Common/DerivedDataCache/Buckets/LegacyCARD/c6/dc/6c0b7b44226a1ba726e9a39a9f2c303b4236.udd" 4935
"C:/Users/b.lapeze/AppData/Local/UnrealEngine/Common/DerivedDataCache/Buckets/LegacyChaosGeometryData/4e/3a/74d39034468a651fb760fecf68ddc8370050.udd" 4936
"C:/Users/b.lapeze/AppData/Local/UnrealEngine/Common/DerivedDataCache/Buckets/LegacyNavCollision/14/b3/cec40cde35f8a599d50c3388ce5e1348acf2.udd" 4937
"../../../../../../GitHub/CutyKiller/GAME FOLDER/Content/DONT_USE/Weapon_Pack/Mesh/Props/Interior/SM_Bench.uasset" 4938
"C:/Users/b.lapeze/AppData/Local/UnrealEngine/Common/DerivedDataCache/Buckets/LegacyChaosGeometryData/d4/b7/3bafb9c691856655739e28e72662f17bf237.udd" 4939
"C:/Users/b.lapeze/AppData/Local/UnrealEngine/Common/DerivedDataCache/Buckets/LegacyChaosGeometryData/ac/ea/6b96e55fb2c54b2ce582f03d6d0fcd7a0e8c.udd" 4940
"C:/Users/b.lapeze/AppData/Local/UnrealEngine/Common/DerivedDataCache/Buckets/LegacyNavCollision/82/03/6ad07ec4eac4a54ff8dac3cb06cfd9a69695.udd" 4941
"C:/Users/b.lapeze/AppData/Local/UnrealEngine/Common/DerivedDataCache/Buckets/LegacyChaosGeometryData/ee/4a/ef288e071c333d859892378585ec0eac04fb.udd" 4942
"../../../../../../GitHub/CutyKiller/GAME FOLDER/Content/DONT_USE/Weapon_Pack/Mesh/Props/Interior/SM_Weapon_rack_1.uasset" 4943
"C:/Users/b.lapeze/AppData/Local/UnrealEngine/Common/DerivedDataCache/Buckets/StaticMesh/92/88/1da1eabba3e78ca080ca139f292888e5dcfe.udd" 4944
"C:/Users/b.lapeze/AppData/Local/UnrealEngine/Common/DerivedDataCache/Buckets/LegacyNavCollision/5b/6f/4782d0e8c8b83b9d4e6bbde3c9ef0405c02d.udd" 4945
"C:/Users/b.lapeze/AppData/Local/UnrealEngine/Common/DerivedDataCache/Buckets/LegacyNavCollision/b7/96/7d1bb1142d6516a1f70df0ffd392cf3cbdb2.udd" 4946
"../../../../../../GitHub/CutyKiller/GAME FOLDER/Content/DONT_USE/Weapon_Pack/Mesh/Props/Interior/SM_Wall_Torch1.uasset" 4947
"../../../../../../GitHub/CutyKiller/GAME FOLDER/Content/DONT_USE/Weapon_Pack/Mesh/Props/Interior/SM_Fire_Bowl.uasset" 4948
"C:/Users/b.lapeze/AppData/Local/UnrealEngine/Common/DerivedDataCache/Buckets/LegacyNavCollision/c1/81/7681184e64913c5add684bf8267d67afe881.udd" 4949
"../../../../../../GitHub/CutyKiller/GAME FOLDER/Content/DONT_USE/Weapon_Pack/Mesh/Props/Interior/SM_Banner_Rod1.uasset" 4950
"C:/Users/b.lapeze/AppData/Local/UnrealEngine/Common/DerivedDataCache/Buckets/LegacyDIST/4b/c3/8e4397049c71e3efe5be6ac81da351fe1c65.udd" 4951
"C:/Users/b.lapeze/AppData/Local/UnrealEngine/Common/DerivedDataCache/Buckets/LegacyCARD/71/70/b91964873c9d9ff0e9fa3edf353b8d1c9697.udd" 4952
"C:/Users/b.lapeze/AppData/Local/UnrealEngine/Common/DerivedDataCache/Buckets/LegacyChaosGeometryData/f1/fd/68e7a7c10eed7c89774973cc0179614e2c33.udd" 4953
"C:/Users/b.lapeze/AppData/Local/UnrealEngine/Common/DerivedDataCache/Buckets/LegacyNavCollision/4f/df/087da38b7a9e8dbfaf8c6aa470afd55e1666.udd" 4954
"../../../../../../GitHub/CutyKiller/GAME FOLDER/Content/DONT_USE/Weapon_Pack/Mesh/Props/Interior/SM_Banner_1.uasset" 4955
"../../../../../../GitHub/CutyKiller/GAME FOLDER/Content/Weapon_Pack/Skeletal_Mesh/SK_GreatAxe.uasset" 4956
"../../../../../../GitHub/CutyKiller/GAME FOLDER/Content/Weapon_Pack/Skeletal_Mesh/SK_Axe.uasset" 4957
"D:/GitHub/CutyKiller/GAME FOLDER/Content/Weapon_Pack/Mesh/Weapons/Weapons_Kit/SM_Sword.uasset" 4958
"../../../../../../GitHub/CutyKiller/GAME FOLDER/Content/Weapon_Pack/Skeletal_Mesh/SK_Throwing.uasset" 4959
"C:/Users/b.lapeze/AppData/Local/UnrealEngine/Common/DerivedDataCache/Buckets/LegacyMESHDATAKEY/40/19/27b80c94d82f91d94ddc3ead4895e567369d.udd" 4960
"D:/GitHub/CutyKiller/GAME FOLDER/Content/Weapon_Pack/Mesh/Weapons/Weapons_Kit/SM_Spear.uasset" 4961
"C:/Users/b.lapeze/AppData/Local/UnrealEngine/Common/DerivedDataCache/Buckets/LegacySKELETALMESH/1c/ce/ce18f74dd03deecab1c2274740c524c0ded4.udd" 4962
"C:/Users/b.lapeze/AppData/Local/UnrealEngine/Common/DerivedDataCache/Buckets/LegacySKELETALMESH/33/90/e4ab6c4869cfecf7e29eaa596c440bbfd037.udd" 4963
"../../../../../../GitHub/CutyKiller/GAME FOLDER/Content/Weapon_Pack/Skeletal_Mesh/SK_Sword.uasset" 4964
"C:/Users/b.lapeze/AppData/Local/UnrealEngine/Common/DerivedDataCache/Buckets/LegacyMESHDATAKEY/c3/e1/f1927eb770cda52cec8a944af4ae8e55dfab.udd" 4965
"C:/Users/b.lapeze/AppData/Local/UnrealEngine/Common/DerivedDataCache/Buckets/LegacyMESHDATAKEY/9b/07/227ce1559eaa4592bc3fbd3c3c35d9248a79.udd" 4966
"../../../../../../GitHub/CutyKiller/GAME FOLDER/Content/Weapon_Pack/Skeletal_Mesh/SK_Spear.uasset" 4967
"../../../../../../GitHub/CutyKiller/GAME FOLDER/Content/Weapon_Pack/Skeletal_Mesh/SK_Sickle.uasset" 4968
"C:/Users/b.lapeze/AppData/Local/UnrealEngine/Common/DerivedDataCache/Buckets/StaticMesh/30/f4/345c9872ab46dad652ba3852c1fcdf7e759b.udd" 4969
"C:/Users/b.lapeze/AppData/Local/UnrealEngine/Common/DerivedDataCache/Buckets/LegacySKELETALMESH/ca/94/a5e1c51c1a2ff32042ec2fa743db077d6ac1.udd" 4970
"C:/Users/b.lapeze/AppData/Local/UnrealEngine/Common/DerivedDataCache/Buckets/StaticMesh/bb/ac/cf2d5649f3e9370f0c3b7b3cf9262e33a89a.udd" 4971
"C:/Users/b.lapeze/AppData/Local/UnrealEngine/Common/DerivedDataCache/Buckets/LegacyDIST/bb/e6/0a11f8614f56a9693b6329dd0bf7c48d361b.udd" 4972
"../../../../../../GitHub/CutyKiller/GAME FOLDER/Content/Weapon_Pack/Skeletal_Mesh/SK_Shield.uasset" 4973
"C:/Users/b.lapeze/AppData/Local/UnrealEngine/Common/DerivedDataCache/Buckets/LegacyCARD/77/16/3b0337b59c5a524167fcda01e6876451ba6e.udd" 4974
"C:/Users/b.lapeze/AppData/Local/UnrealEngine/Common/DerivedDataCache/Buckets/LegacyDIST/da/3a/d6f4ea4b97b8061654a3898302a3adfc0172.udd" 4975
"C:/Users/b.lapeze/AppData/Local/UnrealEngine/Common/DerivedDataCache/Buckets/StaticMesh/c8/45/f7376f7604b4a83c0ecdeb5649d36b89c07c.udd" 4976
"C:/Users/b.lapeze/AppData/Local/UnrealEngine/Common/DerivedDataCache/Buckets/LegacyCARD/58/fd/faaf79621c0ea7d9a516c332fa9f35a662f1.udd" 4977
"C:/Users/b.lapeze/AppData/Local/UnrealEngine/Common/DerivedDataCache/Buckets/LegacyDIST/b9/0d/63eeae0f5bfd240dbbc2a7681b8e486531a9.udd" 4978
"C:/Users/b.lapeze/AppData/Local/UnrealEngine/Common/DerivedDataCache/Buckets/LegacyCARD/e5/0f/5b4e72e96f1dfb1a63ed6d3a1dbff97d7e6e.udd" 4979
"../../../../../../GitHub/CutyKiller/GAME FOLDER/Content/Weapon_Pack/Skeletal_Mesh/SK_Dagger_2.uasset" 4980
"C:/Users/b.lapeze/AppData/Local/UnrealEngine/Common/DerivedDataCache/Buckets/LegacySKELETALMESH/1d/87/f28c7fb7a9d3782635d4d4714a67f2ca76dd.udd" 4981
"../../../../../../GitHub/CutyKiller/GAME FOLDER/Content/Weapon_Pack/Skeletal_Mesh/SK_Dagger_1.uasset" 4982
"C:/Users/b.lapeze/AppData/Local/UnrealEngine/Common/DerivedDataCache/Buckets/LegacyChaosGeometryData/2b/98/57018fa47e375a1beaa55b6c4a4b2b9b703f.udd" 4983
"C:/Users/b.lapeze/AppData/Local/UnrealEngine/Common/DerivedDataCache/Buckets/LegacyChaosGeometryData/a0/2f/27c87191c27fb5b348c497c9bd72389aa6e2.udd" 4984
"C:/Users/b.lapeze/AppData/Local/UnrealEngine/Common/DerivedDataCache/Buckets/LegacyNavCollision/3c/67/5fc1b56272e0bfb9d88ee829ae65a34c9fa0.udd" 4985
"../../../../../../GitHub/CutyKiller/GAME FOLDER/Content/DONT_USE/LPSDeluxe2TropicalEnvironment/LPSD2_Meshes/Misc/SM_LightShaft_1.uasset" 4986
"C:/Users/b.lapeze/AppData/Local/UnrealEngine/Common/DerivedDataCache/Buckets/LegacyNavCollision/94/fc/4e4f3e391d82b7bb06652eefdbaf395b7c8f.udd" 4987
"../../../../../../GitHub/CutyKiller/GAME FOLDER/Content/DONT_USE/LPSDeluxe2TropicalEnvironment/LPSD2_Meshes/Volcano/SM_LavaFlow_2.uasset" 4988
"C:/Users/b.lapeze/AppData/Local/UnrealEngine/Common/DerivedDataCache/Buckets/LegacySKELETALMESH/a3/45/cfb3e1f957ab6bee0a8b74697581ca0c4aeb.udd" 4989
"../../../../../../GitHub/CutyKiller/GAME FOLDER/Content/DONT_USE/LPSDeluxe2TropicalEnvironment/LPSD2_Meshes/Misc/SM_SPlane_1.uasset" 4990
"C:/Users/b.lapeze/AppData/Local/UnrealEngine/Common/DerivedDataCache/Buckets/LegacyChaosGeometryData/bc/90/87d5718b9db7e37f4f5b1e29d568f117d81a.udd" 4991
"C:/Users/b.lapeze/AppData/Local/UnrealEngine/Common/DerivedDataCache/Buckets/LegacyNavCollision/52/9f/7bad5b45ccd616018e3476bf192b542e920b.udd" 4992
"C:/Users/b.lapeze/AppData/Local/UnrealEngine/Common/DerivedDataCache/Buckets/LegacySKELETALMESH/f1/69/4357b853bd13588340d4b5d92236e8fa87bf.udd" 4993
"C:/Users/b.lapeze/AppData/Local/UnrealEngine/Common/DerivedDataCache/Buckets/LegacySKELETALMESH/36/a9/e1218ce10274039574b03dedc9f9bc5c5515.udd" 4994
"C:/Users/b.lapeze/AppData/Local/UnrealEngine/Common/DerivedDataCache/Buckets/LegacySKELETALMESH/fd/2e/e2b0d636691078af3be236f0590a26e477a1.udd" 4995
"C:/Users/b.lapeze/AppData/Local/UnrealEngine/Common/DerivedDataCache/Buckets/LegacySKELETALMESH/1e/f5/6f5cdccc63d4333a3304755650405bb087ed.udd" 4996
"../../../../../../GitHub/CutyKiller/GAME FOLDER/Content/Weapon_Pack/Mesh/Weapons/Weapons_Kit/SM_Mace.uasset" 4997
"../../../../../../GitHub/CutyKiller/GAME FOLDER/Content/Weapon_Pack/Mesh/Weapons/Weapons_Kit/SM_H2H.uasset" 4998
"../../../../../../GitHub/CutyKiller/GAME FOLDER/Content/Weapon_Pack/Mesh/Weapons/Weapons_Kit/SM_GreatHammer.uasset" 4999
"D:/GitHub/CutyKiller/GAME FOLDER/Content/Weapon_Pack/Mesh/Weapons/Weapons_Kit/SM_Shield.uasset" 5000
"D:/GitHub/CutyKiller/GAME FOLDER/Content/Weapon_Pack/Mesh/Weapons/Weapons_Kit/SM_Sickle.uasset" 5001
"D:/GitHub/CutyKiller/GAME FOLDER/Content/Weapon_Pack/Mesh/Weapons/Weapons_Kit/SM_Dagger_2.uasset" 5002
"C:/Users/b.lapeze/AppData/Local/UnrealEngine/Common/DerivedDataCache/Buckets/LegacyMESHDATAKEY/f3/07/4a87adb9626ab6b10dc822b953596722318f.udd" 5003
"C:/Users/b.lapeze/AppData/Local/UnrealEngine/Common/DerivedDataCache/Buckets/StaticMesh/60/9c/880eb4a0a1b0c49633b83b63731cb258a6d3.udd" 5004
"C:/Users/b.lapeze/AppData/Local/UnrealEngine/Common/DerivedDataCache/Buckets/LegacyDIST/34/76/a24df6a089e0a929700c336a2307e009c5fe.udd" 5005
"C:/Users/b.lapeze/AppData/Local/UnrealEngine/Common/DerivedDataCache/Buckets/LegacyCARD/bd/a7/6e86698a704090544daa5b7f73021284848a.udd" 5006
"C:/Users/b.lapeze/AppData/Local/UnrealEngine/Common/DerivedDataCache/Buckets/LegacyChaosGeometryData/44/8d/737aa77465ab1ba12a9bc05cfd72cbd4c1ce.udd" 5007
"D:/GitHub/CutyKiller/GAME FOLDER/Content/Weapon_Pack/Mesh/Weapons/Weapons_Kit/SM_Dagger_1.uasset" 5008
"C:/Users/b.lapeze/AppData/Local/UnrealEngine/Common/DerivedDataCache/Buckets/LegacyNavCollision/93/ac/f6f4007d8adcd2479ec82c1dccb451a364e6.udd" 5009
"../../../../../../GitHub/CutyKiller/GAME FOLDER/Content/Weapon_Pack/Mesh/Weapons/Weapons_Kit/SM_GreatAxe.uasset" 5010
"D:/GitHub/CutyKiller/GAME FOLDER/Content/Weapon_Pack/Mesh/Set/SM_Window_Wall_Tall.uasset" 5011
"D:/GitHub/CutyKiller/GAME FOLDER/Content/Weapon_Pack/Mesh/Set/SM_Window_Frame_Large.uasset" 5012
"C:/Users/b.lapeze/AppData/Local/UnrealEngine/Common/DerivedDataCache/Buckets/LegacyMESHDATAKEY/5b/09/fcc078aee9912cacd359024a27683f824e7b.udd" 5013
"D:/GitHub/CutyKiller/GAME FOLDER/Content/Weapon_Pack/Mesh/Props/Interior/SM_Weapon_Rack2.uasset" 5014
"D:/GitHub/CutyKiller/GAME FOLDER/Content/Weapon_Pack/Mesh/Set/SM_Floor.uasset" 5015
"D:/GitHub/CutyKiller/GAME FOLDER/Content/Weapon_Pack/Mesh/Props/Interior/SM_Barrel.uasset" 5016
"C:/Users/b.lapeze/AppData/Local/UnrealEngine/Common/DerivedDataCache/Buckets/StaticMesh/33/99/89cc349e67d45878dfb4ec49c0a286416162.udd" 5017
"C:/Users/b.lapeze/AppData/Local/UnrealEngine/Common/DerivedDataCache/Buckets/LegacyDIST/0f/4f/a7d61e6323c41b0fa26561a0a8d9aecbbd7a.udd" 5018
"C:/Users/b.lapeze/AppData/Local/UnrealEngine/Common/DerivedDataCache/Buckets/LegacyCARD/a6/3c/250330f9843116bfe10ecf601479a749ba19.udd" 5019
"C:/Users/b.lapeze/AppData/Local/UnrealEngine/Common/DerivedDataCache/Buckets/LegacyChaosGeometryData/c5/2e/54a69e40967eef25097f2d9805bf0f494e04.udd" 5020
"C:/Users/b.lapeze/AppData/Local/UnrealEngine/Common/DerivedDataCache/Buckets/LegacyNavCollision/9e/c5/631d0b6025a71ba83ab623454fef4efac146.udd" 5021
"../../../../../../GitHub/CutyKiller/GAME FOLDER/Content/Weapon_Pack/Mesh/Weapons/Weapons_Kit/SM_Axe.uasset" 5022
"D:/GitHub/CutyKiller/GAME FOLDER/Content/Weapon_Pack/Mesh/Props/Interior/SM_Holder.uasset" 5023
"D:/GitHub/CutyKiller/GAME FOLDER/Content/Weapon_Pack/Mesh/Props/Interior/SM_Chair.uasset" 5024
"C:/Users/b.lapeze/AppData/Local/UnrealEngine/Common/DerivedDataCache/Buckets/LegacyMESHDATAKEY/40/8b/81700434b34f72f5aa60d8d5e4d877e20772.udd" 5025
"C:/Users/b.lapeze/AppData/Local/UnrealEngine/Common/DerivedDataCache/Buckets/LegacyMESHDATAKEY/38/5b/b3e8d1e7f63d95d7e4b29344dace6a691301.udd" 5026
"C:/Users/b.lapeze/AppData/Local/UnrealEngine/Common/DerivedDataCache/Buckets/StaticMesh/78/8c/85c73aae456207e8dec3c0ed80862027d09e.udd" 5027
"C:/Users/b.lapeze/AppData/Local/UnrealEngine/Common/DerivedDataCache/Buckets/LegacyDIST/4a/de/9f14deac80730b02962fd461d98b41d6961e.udd" 5028
"C:/Users/b.lapeze/AppData/Local/UnrealEngine/Common/DerivedDataCache/Buckets/StaticMesh/07/e2/8ef604a5e3598b42b06dd2faa1883283d918.udd" 5029
"C:/Users/b.lapeze/AppData/Local/UnrealEngine/Common/DerivedDataCache/Buckets/LegacyCARD/f5/71/55e61a7dad5707df9843138b593b8977519b.udd" 5030
"C:/Users/b.lapeze/AppData/Local/UnrealEngine/Common/DerivedDataCache/Buckets/LegacyDIST/cc/71/f5272505e1bc5d7b0c3da36135e727ed4f04.udd" 5031
"C:/Users/b.lapeze/AppData/Local/UnrealEngine/Common/DerivedDataCache/Buckets/LegacyCARD/c1/74/0ac6892a7b6295b1fa446ba06b31ac031480.udd" 5032
"C:/Users/b.lapeze/AppData/Local/UnrealEngine/Common/DerivedDataCache/Buckets/LegacyChaosGeometryData/a9/98/f051fc74e564759cae271b0680311abb89d7.udd" 5033
"C:/Users/b.lapeze/AppData/Local/UnrealEngine/Common/DerivedDataCache/Buckets/LegacyChaosGeometryData/26/36/4b56520c1186850b28dd4d27e4fb2bf01c20.udd" 5034
"C:/Users/b.lapeze/AppData/Local/UnrealEngine/Common/DerivedDataCache/Buckets/LegacyNavCollision/6d/e7/0a5109f12e854b54553c57d588b0d407ba22.udd" 5035
"../../../../../../GitHub/CutyKiller/GAME FOLDER/Content/Weapon_Pack/Mesh/Weapons/Weapons_Kit/SM_Throwing.uasset" 5036
"C:/Users/b.lapeze/AppData/Local/UnrealEngine/Common/DerivedDataCache/Buckets/LegacyNavCollision/18/f6/dc2866cecd50d41485761d6014712fe53a45.udd" 5037
"../../../../../../GitHub/CutyKiller/GAME FOLDER/Content/Weapon_Pack/Mesh/Weapons/Weapons_Kit/SM_Sword.uasset" 5038
"D:/GitHub/CutyKiller/GAME FOLDER/Content/Weapon_Pack/Mesh/Set/SM_Wall.uasset" 5039
"D:/GitHub/CutyKiller/GAME FOLDER/Content/Weapon_Pack/Mesh/Props/Interior/SM_Bowl.uasset" 5040
"D:/GitHub/CutyKiller/GAME FOLDER/Content/Weapon_Pack/Mesh/Props/Interior/SM_Weapon_WallMount.uasset" 5041
"D:/GitHub/CutyKiller/GAME FOLDER/Content/Weapon_Pack/Mesh/Props/Interior/SM_Weapon_rack_1.uasset" 5042
"D:/GitHub/CutyKiller/GAME FOLDER/Content/Weapon_Pack/Mesh/Props/Interior/SM_Wall_Torch1.uasset" 5043
"D:/GitHub/CutyKiller/GAME FOLDER/Content/Weapon_Pack/Mesh/Props/Interior/SM_Fire_Bowl.uasset" 5044
"D:/GitHub/CutyKiller/GAME FOLDER/Content/Weapon_Pack/Mesh/Props/Interior/SM_Bench.uasset" 5045
"D:/GitHub/CutyKiller/GAME FOLDER/Content/Weapon_Pack/Mesh/Props/Interior/SM_Banner_Rod1.uasset" 5046
"D:/GitHub/CutyKiller/GAME FOLDER/Content/Weapon_Pack/Mesh/Props/Interior/SM_Table.uasset" 5047
"C:/Users/b.lapeze/AppData/Local/UnrealEngine/Common/DerivedDataCache/Buckets/LegacyMESHDATAKEY/fc/83/f3f908e42fe539d921dceec0c49f7e9e5de7.udd" 5048
"C:/Users/b.lapeze/AppData/Local/UnrealEngine/Common/DerivedDataCache/Buckets/LegacyMESHDATAKEY/43/66/d0c99397f79fecf4db5c7f1c6721bdc6991c.udd" 5049
"C:/Users/b.lapeze/AppData/Local/UnrealEngine/Common/DerivedDataCache/Buckets/LegacyMESHDATAKEY/d9/49/c80435cddbbf0f19eb820b76451a63021256.udd" 5050
"C:/Users/b.lapeze/AppData/Local/UnrealEngine/Common/DerivedDataCache/Buckets/LegacyMESHDATAKEY/28/7f/dd139359debe4cdd568251fa162b8760fbae.udd" 5051
"C:/Users/b.lapeze/AppData/Local/UnrealEngine/Common/DerivedDataCache/Buckets/LegacyMESHDATAKEY/5b/a9/39e729acf8b59f232e0605acc843443d75fd.udd" 5052
"C:/Users/b.lapeze/AppData/Local/UnrealEngine/Common/DerivedDataCache/Buckets/StaticMesh/e8/80/483a993f5c644f3ca082648106be334f6e93.udd" 5053
"C:/Users/b.lapeze/AppData/Local/UnrealEngine/Common/DerivedDataCache/Buckets/LegacyDIST/bf/96/c61e398e6c92742a920d503ca12214b2954e.udd" 5054
"C:/Users/b.lapeze/AppData/Local/UnrealEngine/Common/DerivedDataCache/Buckets/LegacyCARD/b6/f5/bac00edff6e6524ee3688b3cbf8ce395789e.udd" 5055
"C:/Users/b.lapeze/AppData/Local/UnrealEngine/Common/DerivedDataCache/Buckets/StaticMesh/83/d2/a28d9aba71e9a9956ca963512ba4472fbbd1.udd" 5056
"C:/Users/b.lapeze/AppData/Local/UnrealEngine/Common/DerivedDataCache/Buckets/StaticMesh/ec/fc/160770c321e774d254ea4f39d9be2aa0115e.udd" 5057
"C:/Users/b.lapeze/AppData/Local/UnrealEngine/Common/DerivedDataCache/Buckets/StaticMesh/1b/14/669a6503d4eae311e5f6ca904a4b92786506.udd" 5058
"C:/Users/b.lapeze/AppData/Local/UnrealEngine/Common/DerivedDataCache/Buckets/LegacyDIST/ee/c2/e0ace8edee88375ed65681b19e9660bbd8b8.udd" 5059
"C:/Users/b.lapeze/AppData/Local/UnrealEngine/Common/DerivedDataCache/Buckets/LegacyDIST/d2/d9/e1734be193009de0df5d7b27bc7df3a6482f.udd" 5060
"C:/Users/b.lapeze/AppData/Local/UnrealEngine/Common/DerivedDataCache/Buckets/StaticMesh/ce/b1/597d2ea720e06b2f3ea399c4fb925a1cbbd3.udd" 5061
"C:/Users/b.lapeze/AppData/Local/UnrealEngine/Common/DerivedDataCache/Buckets/LegacyCARD/86/5f/ba6410186c7ddc5a2ff345adf3e3aada8e27.udd" 5062
"C:/Users/b.lapeze/AppData/Local/UnrealEngine/Common/DerivedDataCache/Buckets/LegacyCARD/b9/25/a885032003efe0b868c800c2073c2dbd18d4.udd" 5063
"C:/Users/b.lapeze/AppData/Local/UnrealEngine/Common/DerivedDataCache/Buckets/LegacyChaosGeometryData/49/41/9a6fb58f69f70230757f60ba4b30ac4d43ba.udd" 5064
"C:/Users/b.lapeze/AppData/Local/UnrealEngine/Common/DerivedDataCache/Buckets/LegacyNavCollision/7a/e7/1be547e2da81efcdcf67fc19b3bcc6c5a0bc.udd" 5065
"../../../../../../GitHub/CutyKiller/GAME FOLDER/Content/Weapon_Pack/Mesh/Weapons/Weapons_Kit/SM_Spear.uasset" 5066
"C:/Users/b.lapeze/AppData/Local/UnrealEngine/Common/DerivedDataCache/Buckets/LegacyDIST/a3/c1/397564a03a8a719817be3861636f6696a810.udd" 5067
"C:/Users/b.lapeze/AppData/Local/UnrealEngine/Common/DerivedDataCache/Buckets/LegacyCARD/49/cc/0a3f5a7111bcbb3c3980b2c82d79f03ca25f.udd" 5068
"C:/Users/b.lapeze/AppData/Local/UnrealEngine/Common/DerivedDataCache/Buckets/LegacyDIST/0a/fc/5167dfdf0943df50a62002aa723524fb2c12.udd" 5069
"C:/Users/b.lapeze/AppData/Local/UnrealEngine/Common/DerivedDataCache/Buckets/LegacyChaosGeometryData/df/a8/aa3dfda608be28e56155f3b120f9fcf60853.udd" 5070
"C:/Users/b.lapeze/AppData/Local/UnrealEngine/Common/DerivedDataCache/Buckets/LegacyCARD/91/ac/1667e8adf73e3f197622f384e608c390c177.udd" 5071
"C:/Users/b.lapeze/AppData/Local/UnrealEngine/Common/DerivedDataCache/Buckets/LegacyNavCollision/de/b0/21a81906c8432a55a3c4cfa7b07be366a7ff.udd" 5072
"../../../../../../GitHub/CutyKiller/GAME FOLDER/Content/Weapon_Pack/Mesh/Weapons/Weapons_Kit/SM_Sickle.uasset" 5073
"C:/Users/b.lapeze/AppData/Local/UnrealEngine/Common/DerivedDataCache/Buckets/LegacyChaosGeometryData/b4/1c/9953398c462e42d1645c92da4ef10beaf374.udd" 5074
"C:/Users/b.lapeze/AppData/Local/UnrealEngine/Common/DerivedDataCache/Buckets/LegacyChaosGeometryData/46/6f/f00e10bfc847072fec487bf85849605b1260.udd" 5075
"C:/Users/b.lapeze/AppData/Local/UnrealEngine/Common/DerivedDataCache/Buckets/LegacyNavCollision/f7/fd/33a82714facc0a8ed01f79b36a9e6aa4545b.udd" 5076
"C:/Users/b.lapeze/AppData/Local/UnrealEngine/Common/DerivedDataCache/Buckets/LegacyNavCollision/4f/67/d8fc03c7c99646a76e7dbcbb7ed77d96f8ce.udd" 5077
"C:/Users/b.lapeze/AppData/Local/UnrealEngine/Common/DerivedDataCache/Buckets/LegacyMESHDATAKEY/0b/9c/1bf184285cdc5e2f42b645bedc9c21fddc8f.udd" 5078
"C:/Users/b.lapeze/AppData/Local/UnrealEngine/Common/DerivedDataCache/Buckets/LegacyChaosGeometryData/af/05/6a61cc468031de2ad1307df7d8562a31735c.udd" 5079
"C:/Users/b.lapeze/AppData/Local/UnrealEngine/Common/DerivedDataCache/Buckets/LegacyNavCollision/99/b9/449daecd28f2371f88286c1013993b81c64e.udd" 5080
"../../../../../../GitHub/CutyKiller/GAME FOLDER/Content/Weapon_Pack/Mesh/Weapons/Weapons_Kit/SM_Shield.uasset" 5081
"C:/Users/b.lapeze/AppData/Local/UnrealEngine/Common/DerivedDataCache/Buckets/StaticMesh/5c/c2/1b84d381e4eda465adc6e02d18ead315ea9b.udd" 5082
"../../../../../../GitHub/CutyKiller/GAME FOLDER/Content/Weapon_Pack/Mesh/Weapons/Weapons_Kit/SM_Dagger_2.uasset" 5083
"C:/Users/b.lapeze/AppData/Local/UnrealEngine/Common/DerivedDataCache/Buckets/LegacyDIST/8e/53/56c3e53254c9a77f8245252cf196af5cd9b3.udd" 5084
"D:/GitHub/CutyKiller/GAME FOLDER/Content/Weapon_Pack/Mesh/Props/Interior/SM_Banner_1.uasset" 5085
"C:/Users/b.lapeze/AppData/Local/UnrealEngine/Common/DerivedDataCache/Buckets/LegacyCARD/34/ba/432ef12d2708359c9d8a6a8d37abfe89fc4c.udd" 5086
"C:/Users/b.lapeze/AppData/Local/UnrealEngine/Common/DerivedDataCache/Buckets/LegacyChaosGeometryData/9e/41/3fb4efc39c57e1bb053d7db7b3daad94625b.udd" 5087
"C:/Users/b.lapeze/AppData/Local/UnrealEngine/Common/DerivedDataCache/Buckets/LegacyNavCollision/de/3a/815b5ece47bae43b1f815d64a9c9a1fe080b.udd" 5088
"../../../../../../GitHub/CutyKiller/GAME FOLDER/Content/Weapon_Pack/Mesh/Weapons/Weapons_Kit/SM_Dagger_1.uasset" 5089
"../../../../../../GitHub/CutyKiller/GAME FOLDER/Content/Weapon_Pack/Mesh/Set/SM_Window_Wall_Tall.uasset" 5090
"C:/Users/b.lapeze/AppData/Local/UnrealEngine/Common/DerivedDataCache/Buckets/LegacyMESHDATAKEY/b5/1d/ae0f7688fe56118adf75609e5083fb6e1b59.udd" 5091
"C:/Users/b.lapeze/AppData/Local/UnrealEngine/Common/DerivedDataCache/Buckets/LegacyMESHDATAKEY/23/23/4113d4c448d0860184ea02ca3c70f132048a.udd" 5092
"C:/Users/b.lapeze/AppData/Local/UnrealEngine/Common/DerivedDataCache/Buckets/LegacyMESHDATAKEY/ab/d3/51c9bb8b0c3bdd635ffd9c08e466a60bccbf.udd" 5093
"C:/Users/b.lapeze/AppData/Local/UnrealEngine/Common/DerivedDataCache/Buckets/LegacyMESHDATAKEY/5c/e4/d3b0ff110c9360e8d64d74293c4747b741cd.udd" 5094
"C:/Users/b.lapeze/AppData/Local/UnrealEngine/Common/DerivedDataCache/Buckets/LegacyMESHDATAKEY/ce/49/603d4f3309dda4f7e4fdbc97caa5faa1a16d.udd" 5095
"C:/Users/b.lapeze/AppData/Local/UnrealEngine/Common/DerivedDataCache/Buckets/StaticMesh/d3/71/30ab5dc808bff53f8668640e3e18366a1cd1.udd" 5096
"C:/Users/b.lapeze/AppData/Local/UnrealEngine/Common/DerivedDataCache/Buckets/StaticMesh/d0/f8/21ec93be34e8ca519c3b8fe5919615cbdaf2.udd" 5097
"C:/Users/b.lapeze/AppData/Local/UnrealEngine/Common/DerivedDataCache/Buckets/StaticMesh/7a/de/096e039b41a0be7c882ba1fa3fdc0729c464.udd" 5098
"C:/Users/b.lapeze/AppData/Local/UnrealEngine/Common/DerivedDataCache/Buckets/LegacyDIST/30/4f/a65c9329d5870f117f06d1b7bba80d1ab628.udd" 5099
"C:/Users/b.lapeze/AppData/Local/UnrealEngine/Common/DerivedDataCache/Buckets/LegacyDIST/ae/f1/2bce832a82cdd5af153e7e441e358d5ea1e7.udd" 5100
"C:/Users/b.lapeze/AppData/Local/UnrealEngine/Common/DerivedDataCache/Buckets/LegacyCARD/a1/2c/1914fdfee3f3228f038c3e27ab7e6c989bc3.udd" 5101
"C:/Users/b.lapeze/AppData/Local/UnrealEngine/Common/DerivedDataCache/Buckets/LegacyCARD/e9/98/4acf2d4e45f58b6b67346dd058f2946fa8c8.udd" 5102
"C:/Users/b.lapeze/AppData/Local/UnrealEngine/Common/DerivedDataCache/Buckets/StaticMesh/2a/76/3b5471fe2fd64a207024c8178ccea54dd593.udd" 5103
"C:/Users/b.lapeze/AppData/Local/UnrealEngine/Common/DerivedDataCache/Buckets/LegacyChaosGeometryData/e4/c7/b546b8664d081e708016cd75de2038516112.udd" 5104
"C:/Users/b.lapeze/AppData/Local/UnrealEngine/Common/DerivedDataCache/Buckets/StaticMesh/9c/9c/5c2137101e811e12b677a05eb9e382af91bb.udd" 5105
"C:/Users/b.lapeze/AppData/Local/UnrealEngine/Common/DerivedDataCache/Buckets/LegacyDIST/fb/00/5478f1fcc10352cd47d69c26c2de6e1bf7a0.udd" 5106
"C:/Users/b.lapeze/AppData/Local/UnrealEngine/Common/DerivedDataCache/Buckets/LegacyDIST/3c/1a/b4033f1a8224310463d4631f0ba6b9e8150d.udd" 5107
"C:/Users/b.lapeze/AppData/Local/UnrealEngine/Common/DerivedDataCache/Buckets/LegacyChaosGeometryData/30/8c/bf19378106e919924bd9833bd99bf26a91df.udd" 5108
"C:/Users/b.lapeze/AppData/Local/UnrealEngine/Common/DerivedDataCache/Buckets/LegacyCARD/86/4f/9540687529b002de1d3a2746fce437173419.udd" 5109
"C:/Users/b.lapeze/AppData/Local/UnrealEngine/Common/DerivedDataCache/Buckets/LegacyDIST/a2/14/3dfbcd774149cf9f9a49ad1d96e1cf8e5ed2.udd" 5110
"C:/Users/b.lapeze/AppData/Local/UnrealEngine/Common/DerivedDataCache/Buckets/LegacyNavCollision/6c/e3/89950c7177b9b9fbdb5506c9e84e0c698d17.udd" 5111
"C:/Users/b.lapeze/AppData/Local/UnrealEngine/Common/DerivedDataCache/Buckets/LegacyCARD/60/14/dd95292499cc7d88bd8f815f22e674599cea.udd" 5112
"C:/Users/b.lapeze/AppData/Local/UnrealEngine/Common/DerivedDataCache/Buckets/LegacyNavCollision/79/89/b90b003b950c39b3d64101ac9fab3798fc7e.udd" 5113
"../../../../../../GitHub/CutyKiller/GAME FOLDER/Content/Weapon_Pack/Mesh/Set/SM_Wall.uasset" 5114
"C:/Users/b.lapeze/AppData/Local/UnrealEngine/Common/DerivedDataCache/Buckets/LegacyChaosGeometryData/92/18/17bf8f6d787f10ecc05d8bcf11b834d4d72c.udd" 5115
"C:/Users/b.lapeze/AppData/Local/UnrealEngine/Common/DerivedDataCache/Buckets/LegacyNavCollision/ca/da/337396192668f6e58822396808c5aae3044b.udd" 5116
"C:/Users/b.lapeze/AppData/Local/UnrealEngine/Common/DerivedDataCache/Buckets/LegacyCARD/c0/38/32c2bf7bf2499a691ac6961d36b4db54ff44.udd" 5117
"C:/Users/b.lapeze/AppData/Local/UnrealEngine/Common/DerivedDataCache/Buckets/LegacyChaosGeometryData/b0/ef/8d7eef7cf09cedc9af5af6cce9beea6f5bde.udd" 5118
"C:/Users/b.lapeze/AppData/Local/UnrealEngine/Common/DerivedDataCache/Buckets/LegacyNavCollision/82/b1/217b40928e3612a41416170005fed8b7c3a8.udd" 5119
"../../../../../../GitHub/CutyKiller/GAME FOLDER/Content/Weapon_Pack/Mesh/Set/SM_Window_Frame_Large.uasset" 5120
"../../../../../../GitHub/CutyKiller/GAME FOLDER/Content/Weapon_Pack/Mesh/Set/SM_Floor.uasset" 5121
"../../../../../../GitHub/CutyKiller/GAME FOLDER/Content/Weapon_Pack/Mesh/Props/Interior/SM_Weapon_Rack2.uasset" 5122
"C:/Users/b.lapeze/AppData/Local/UnrealEngine/Common/DerivedDataCache/Buckets/LegacyChaosGeometryData/6f/43/60c3aa82deab61d96f35a5fcff885a201360.udd" 5123
"C:/Users/b.lapeze/AppData/Local/UnrealEngine/Common/DerivedDataCache/Buckets/LegacyNavCollision/f5/12/0a152ce87ed0fa9d0c4f89d9d65611339480.udd" 5124
"../../../../../../GitHub/CutyKiller/GAME FOLDER/Content/Weapon_Pack/Mesh/Props/Interior/SM_Holder.uasset" 5125
"D:/GitHub/CutyKiller/GAME FOLDER/Content/StarterContent/Props/SM_Statue.uasset" 5126
"D:/GitHub/CutyKiller/GAME FOLDER/Content/StarterContent/Props/SM_TableRound.uasset" 5127
"C:/Users/b.lapeze/AppData/Local/UnrealEngine/Common/DerivedDataCache/Buckets/LegacyMESHDATAKEY/a4/89/880bb876498a90cb4e31248a35ba426b7a2b.udd" 5128
"D:/GitHub/CutyKiller/GAME FOLDER/Content/StarterContent/Props/SM_Lamp_Ceiling.uasset" 5129
"D:/GitHub/CutyKiller/GAME FOLDER/Content/StarterContent/Props/SM_Lamp_Wall.uasset" 5130
"D:/GitHub/CutyKiller/GAME FOLDER/Content/StarterContent/Props/SM_Shelf.uasset" 5131
"C:/Users/b.lapeze/AppData/Local/UnrealEngine/Common/DerivedDataCache/Buckets/StaticMesh/ed/7d/c926d7acff9d2f1bb457c69db8e8b291ed1c.udd" 5132
"C:/Users/b.lapeze/AppData/Local/UnrealEngine/Common/DerivedDataCache/Buckets/LegacyDIST/a6/22/1ef1584610d96152a8f70b210f556d6fa026.udd" 5133
"D:/GitHub/CutyKiller/GAME FOLDER/Content/StarterContent/Props/SM_WindowFrame.uasset" 5134
"C:/Users/b.lapeze/AppData/Local/UnrealEngine/Common/DerivedDataCache/Buckets/LegacyCARD/44/79/5595a40c2df423cd5879810ce0ea3d35fc22.udd" 5135
"D:/GitHub/CutyKiller/GAME FOLDER/Content/StarterContent/Props/SM_DoorFrame.uasset" 5136
"C:/Users/b.lapeze/AppData/Local/UnrealEngine/Common/DerivedDataCache/Buckets/LegacyChaosGeometryData/23/d4/2a296ed760d5a71592e0c19615842c9085c4.udd" 5137
"C:/Users/b.lapeze/AppData/Local/UnrealEngine/Common/DerivedDataCache/Buckets/LegacyNavCollision/61/99/7acae02c5cb74f2dc40494a1bb83045a312e.udd" 5138
"../../../../../../GitHub/CutyKiller/GAME FOLDER/Content/Weapon_Pack/Mesh/Props/Interior/SM_Barrel.uasset" 5139
"D:/GitHub/CutyKiller/GAME FOLDER/Content/StarterContent/Props/SM_PillarFrame.uasset" 5140
"D:/GitHub/CutyKiller/GAME FOLDER/Content/StarterContent/Props/SM_PillarFrame300.uasset" 5141
"D:/GitHub/CutyKiller/GAME FOLDER/Content/StarterContent/Props/SM_Couch.uasset" 5142
"C:/Users/b.lapeze/AppData/Local/UnrealEngine/Common/DerivedDataCache/Buckets/LegacyMESHDATAKEY/ee/8c/b5d018a202c437adb117aef6b80b2a5a5e49.udd" 5143
"D:/GitHub/CutyKiller/GAME FOLDER/Content/StarterContent/Props/SM_Door.uasset" 5144
"C:/Users/b.lapeze/AppData/Local/UnrealEngine/Common/DerivedDataCache/Buckets/LegacyMESHDATAKEY/8e/ac/4aeacbece8a4024b410c181b64de0b4995ab.udd" 5145
"D:/GitHub/CutyKiller/GAME FOLDER/Content/StarterContent/Props/SM_CornerFrame.uasset" 5146
"C:/Users/b.lapeze/AppData/Local/UnrealEngine/Common/DerivedDataCache/Buckets/LegacyMESHDATAKEY/94/23/d8905eec5b36dcd8d58c6eee3a5a88d69072.udd" 5147
"D:/GitHub/CutyKiller/GAME FOLDER/Content/StarterContent/Particles/P_Ambient_Dust.uasset" 5148
"C:/Users/b.lapeze/AppData/Local/UnrealEngine/Common/DerivedDataCache/Buckets/LegacyMESHDATAKEY/c5/39/8a2e709e39ee1f18015b76dd02ac0d036dec.udd" 5149
"C:/Users/b.lapeze/AppData/Local/UnrealEngine/Common/DerivedDataCache/Buckets/StaticMesh/d5/09/6b32a01786dba30863fbffb5f206772211d4.udd" 5150
"C:/Users/b.lapeze/AppData/Local/UnrealEngine/Common/DerivedDataCache/Buckets/StaticMesh/5e/bf/63f55b4c1eb30b9164950393a37078569a67.udd" 5151
"C:/Users/b.lapeze/AppData/Local/UnrealEngine/Common/DerivedDataCache/Buckets/LegacyDIST/04/43/f80a61caf8ef9acb62cda9d76494cf778925.udd" 5152
"C:/Users/b.lapeze/AppData/Local/UnrealEngine/Common/DerivedDataCache/Buckets/LegacyDIST/24/f1/b78b6f3335416bfb60d95a5dc93278b19be4.udd" 5153
"C:/Users/b.lapeze/AppData/Local/UnrealEngine/Common/DerivedDataCache/Buckets/LegacyCARD/2d/b9/2fc64d088542e464f4d462451c0c32438be3.udd" 5154
"C:/Users/b.lapeze/AppData/Local/UnrealEngine/Common/DerivedDataCache/Buckets/LegacyChaosGeometryData/bb/88/513c8dcdf0b78f459baf9bb7ad66076c0cab.udd" 5155
"C:/Users/b.lapeze/AppData/Local/UnrealEngine/Common/DerivedDataCache/Buckets/StaticMesh/2f/f3/d88f4c35aeaeecf43a41316855e0a09ee772.udd" 5156
"C:/Users/b.lapeze/AppData/Local/UnrealEngine/Common/DerivedDataCache/Buckets/LegacyNavCollision/23/f2/d51802d69a07cefb76df90979c269ec338bd.udd" 5157
"C:/Users/b.lapeze/AppData/Local/UnrealEngine/Common/DerivedDataCache/Buckets/LegacyMESHDATAKEY/39/fe/f340b634e459758d80ab8d4b25e92bf23a7e.udd" 5158
"C:/Users/b.lapeze/AppData/Local/UnrealEngine/Common/DerivedDataCache/Buckets/StaticMesh/29/ab/e2f43087b0efb1f5c2c494bca7ab2e704deb.udd" 5159
"C:/Users/b.lapeze/AppData/Local/UnrealEngine/Common/DerivedDataCache/Buckets/LegacyCARD/5d/9e/9f796fd98da6637ef92ad14bce7aae4e2854.udd" 5160
"D:/GitHub/CutyKiller/GAME FOLDER/Content/StarterContent/Particles/P_Smoke.uasset" 5161
"C:/Users/b.lapeze/AppData/Local/UnrealEngine/Common/DerivedDataCache/Buckets/LegacyDIST/7d/34/cb19c2ab6d703e7a6eb0cf10672f78a0773f.udd" 5162
"C:/Users/b.lapeze/AppData/Local/UnrealEngine/Common/DerivedDataCache/Buckets/LegacyMESHDATAKEY/a6/99/b3518d89550b4a2c46f7fcedafebcb59bbde.udd" 5163
"C:/Users/b.lapeze/AppData/Local/UnrealEngine/Common/DerivedDataCache/Buckets/StaticMesh/31/90/bf749addc9c2034c543c09cdb05a747f05bd.udd" 5164
"C:/Users/b.lapeze/AppData/Local/UnrealEngine/Common/DerivedDataCache/Buckets/LegacyDIST/a9/c9/b585488aa1a504e04d2ce2d9c0cbaa207019.udd" 5165
"C:/Users/b.lapeze/AppData/Local/UnrealEngine/Common/DerivedDataCache/Buckets/LegacyCARD/03/a1/6534264efb7753db6ceaf8d64c83cb3b40f2.udd" 5166
"C:/Users/b.lapeze/AppData/Local/UnrealEngine/Common/DerivedDataCache/Buckets/LegacyDIST/50/48/bc8b579129783437d7312e41b0205ce27599.udd" 5167
"C:/Users/b.lapeze/AppData/Local/UnrealEngine/Common/DerivedDataCache/Buckets/LegacyCARD/50/ea/20d04064b73a54f75e7c7721782b389f0d45.udd" 5168
"C:/Users/b.lapeze/AppData/Local/UnrealEngine/Common/DerivedDataCache/Buckets/LegacyChaosGeometryData/b1/2d/bb13602709a41e9e29f2f4f21414c47a4db4.udd" 5169
"C:/Users/b.lapeze/AppData/Local/UnrealEngine/Common/DerivedDataCache/Buckets/LegacyChaosGeometryData/47/cb/29e1a454bb668ee843e9e374450921e4ea21.udd" 5170
"C:/Users/b.lapeze/AppData/Local/UnrealEngine/Common/DerivedDataCache/Buckets/LegacyCARD/36/e3/60e4176b8df54649b8af7e0cfcf89c8cefc5.udd" 5171
"C:/Users/b.lapeze/AppData/Local/UnrealEngine/Common/DerivedDataCache/Buckets/LegacyNavCollision/9e/ed/8383a3a155dedccec79f97f7bc17445dd4e1.udd" 5172
"../../../../../../GitHub/CutyKiller/GAME FOLDER/Content/Weapon_Pack/Mesh/Props/Interior/SM_Chair.uasset" 5173
"../../../../../../GitHub/CutyKiller/GAME FOLDER/Content/Weapon_Pack/Mesh/Props/Interior/SM_Bowl.uasset" 5174
"C:/Users/b.lapeze/AppData/Local/UnrealEngine/Common/DerivedDataCache/Buckets/StaticMesh/c3/65/2fc47cddb734d58358f43a25aa595a4417c7.udd" 5175
"D:/GitHub/CutyKiller/GAME FOLDER/Content/StarterContent/Particles/P_Steam_Lit.uasset" 5176
"C:/Users/b.lapeze/AppData/Local/UnrealEngine/Common/DerivedDataCache/Buckets/LegacyDIST/ec/07/431fa171608859288a83a44c284d93d65d09.udd" 5177
"C:/Users/b.lapeze/AppData/Local/UnrealEngine/Common/DerivedDataCache/Buckets/LegacyChaosGeometryData/e1/97/c7de3418f1b6a17d55dac596eec9f8b9f1e2.udd" 5178
"C:/Users/b.lapeze/AppData/Local/UnrealEngine/Common/DerivedDataCache/Buckets/LegacyCARD/01/08/b77acf645f76f90785dc6bf7a7a681a357f0.udd" 5179
"C:/Users/b.lapeze/AppData/Local/UnrealEngine/Common/DerivedDataCache/Buckets/LegacyMESHDATAKEY/37/5e/d95e37bed9b4304de24801c0130aa9e9edde.udd" 5180
"C:/Users/b.lapeze/AppData/Local/UnrealEngine/Common/DerivedDataCache/Buckets/LegacyChaosGeometryData/78/3c/d89deedc390e1dd9f1f9ab1499bce8fde562.udd" 5181
"C:/Users/b.lapeze/AppData/Local/UnrealEngine/Common/DerivedDataCache/Buckets/LegacyChaosGeometryData/82/2c/837a180d648414ecd49d90593d3777a1dba6.udd" 5182
"C:/Users/b.lapeze/AppData/Local/UnrealEngine/Common/DerivedDataCache/Buckets/LegacyNavCollision/a9/42/6df2be5af47e6ae1b9edb9e8c4553768cad2.udd" 5183
"C:/Users/b.lapeze/AppData/Local/UnrealEngine/Common/DerivedDataCache/Buckets/LegacyNavCollision/bf/52/a0c8bea4be3a89188d57b6095b8c30142b42.udd" 5184
"C:/Users/b.lapeze/AppData/Local/UnrealEngine/Common/DerivedDataCache/Buckets/LegacyNavCollision/77/f5/b2051bbbc8ee600d7fc083db7c79ec6be104.udd" 5185
"C:/Users/b.lapeze/AppData/Local/UnrealEngine/Common/DerivedDataCache/Buckets/StaticMesh/18/b1/e64fdfc34f02812d59e9cb002c71d4f100cc.udd" 5186
"C:/Users/b.lapeze/AppData/Local/UnrealEngine/Common/DerivedDataCache/Buckets/LegacyDIST/44/3b/df1e003d82e9d1ec6869568d0208f34044e6.udd" 5187
"C:/Users/b.lapeze/AppData/Local/UnrealEngine/Common/DerivedDataCache/Buckets/LegacyMESHDATAKEY/bb/74/096686f545279f6791ca8cdce3ceae35c637.udd" 5188
"C:/Users/b.lapeze/AppData/Local/UnrealEngine/Common/DerivedDataCache/Buckets/LegacyMESHDATAKEY/fb/30/0bdadba109a3a0d684eb2391b9e6a18b990c.udd" 5189
"C:/Users/b.lapeze/AppData/Local/UnrealEngine/Common/DerivedDataCache/Buckets/LegacyMESHDATAKEY/c4/24/31447efbf5665012987ebdd8f363eb9f87b3.udd" 5190
"C:/Users/b.lapeze/AppData/Local/UnrealEngine/Common/DerivedDataCache/Buckets/LegacyCARD/cd/f2/5c51503e05fefdccb1a3b4a09725960d5269.udd" 5191
"C:/Users/b.lapeze/AppData/Local/UnrealEngine/Common/DerivedDataCache/Buckets/StaticMesh/b8/11/f589df7757cad2b521f7c3cf2d4b5e34a29c.udd" 5192
"C:/Users/b.lapeze/AppData/Local/UnrealEngine/Common/DerivedDataCache/Buckets/LegacyNavCollision/e2/1b/b19dc74854b54fc6ba2a4dbc5232c1708c2d.udd" 5193
"../../../../../../GitHub/CutyKiller/GAME FOLDER/Content/Weapon_Pack/Mesh/Props/Interior/SM_Weapon_WallMount.uasset" 5194
"C:/Users/b.lapeze/AppData/Local/UnrealEngine/Common/DerivedDataCache/Buckets/StaticMesh/90/cc/eef67a06bd7193452910af96b3ac0c5fdb67.udd" 5195
"C:/Users/b.lapeze/AppData/Local/UnrealEngine/Common/DerivedDataCache/Buckets/LegacyDIST/3e/d0/f1820567e4b6fcf001c6cb56499dbc0b819f.udd" 5196
"../../../../../../GitHub/CutyKiller/GAME FOLDER/Content/Weapon_Pack/Mesh/Props/Interior/SM_Table.uasset" 5197
"C:/Users/b.lapeze/AppData/Local/UnrealEngine/Common/DerivedDataCache/Buckets/LegacyDIST/d9/cf/f0bdbfe1767754cafd40a19416dec004bc78.udd" 5198
"C:/Users/b.lapeze/AppData/Local/UnrealEngine/Common/DerivedDataCache/Buckets/LegacyCARD/ee/d9/cfb308e76459f1aae070d9494126a233ffb2.udd" 5199
"../../../../../../GitHub/CutyKiller/GAME FOLDER/Content/StarterContent/Props/SM_TableRound.uasset" 5200
"../../../../../../GitHub/CutyKiller/GAME FOLDER/Content/StarterContent/Props/SM_Statue.uasset" 5201
"C:/Users/b.lapeze/AppData/Local/UnrealEngine/Common/DerivedDataCache/Buckets/StaticMesh/67/54/594e9aec5855e572b473801bf7daf89e8493.udd" 5202
"C:/Users/b.lapeze/AppData/Local/UnrealEngine/Common/DerivedDataCache/Buckets/LegacyChaosGeometryData/ae/fc/89131bb3fad2e98decc8941ae45413fd718a.udd" 5203
"C:/Users/b.lapeze/AppData/Local/UnrealEngine/Common/DerivedDataCache/Buckets/LegacyChaosGeometryData/a8/92/15d82973b002f397b14a0b645c56605e6133.udd" 5204
"C:/Users/b.lapeze/AppData/Local/UnrealEngine/Common/DerivedDataCache/Buckets/LegacyCARD/d1/db/3c02324b376503ee522f7d1670a6b5749163.udd" 5205
"C:/Users/b.lapeze/AppData/Local/UnrealEngine/Common/DerivedDataCache/Buckets/LegacyNavCollision/90/a4/0794b28231f9e6fb405472799f2cb800717e.udd" 5206
"C:/Users/b.lapeze/AppData/Local/UnrealEngine/Common/DerivedDataCache/Buckets/LegacyNavCollision/7d/51/7be40ec91c92a94b0df54dbcad4fc52a5e40.udd" 5207
"C:/Users/b.lapeze/AppData/Local/UnrealEngine/Common/DerivedDataCache/Buckets/LegacyChaosGeometryData/91/59/d33aba92bc835f63f99f1e77f0e70fd2f993.udd" 5208
"C:/Users/b.lapeze/AppData/Local/UnrealEngine/Common/DerivedDataCache/Buckets/LegacyDIST/52/23/d27e299d60c9c0d3fb9f9643c4d564c1eec5.udd" 5209
"D:/GitHub/CutyKiller/GAME FOLDER/Content/StarterContent/Blueprints/Assets/M_LightStage_Skybox_HDRI.uasset" 5210
"D:/GitHub/CutyKiller/GAME FOLDER/Content/StarterContent/Props/SM_Chair.uasset" 5211
"C:/Users/b.lapeze/AppData/Local/UnrealEngine/Common/DerivedDataCache/Buckets/LegacyNavCollision/98/76/46075b27c8121d615f038dda4c476eaf8546.udd" 5212
"C:/Users/b.lapeze/AppData/Local/UnrealEngine/Common/DerivedDataCache/Buckets/LegacyCARD/c8/12/8dc588effb8076fa493875b333c48da10f2a.udd" 5213
"C:/Users/b.lapeze/AppData/Local/UnrealEngine/Common/DerivedDataCache/Buckets/LegacyDIST/e8/f0/9fb27851ceed51a86ca2810d1d3f681e0b26.udd" 5214
"C:/Users/b.lapeze/AppData/Local/UnrealEngine/Common/DerivedDataCache/Buckets/LegacyChaosGeometryData/55/6d/6730ce8c0a1ba929ee061327d2b7857eea44.udd" 5215
"C:/Users/b.lapeze/AppData/Local/UnrealEngine/Common/DerivedDataCache/Buckets/LegacyNavCollision/90/0e/1b3481341d24b1bbd0ded233c88cfdb8161a.udd" 5216
"C:/Users/b.lapeze/AppData/Local/UnrealEngine/Common/DerivedDataCache/Buckets/LegacyCARD/33/09/e2ff993247e6d7926b00caae18dce44a7cad.udd" 5217
"D:/GitHub/CutyKiller/GAME FOLDER/Content/StarterContent/Props/SM_Bush.uasset" 5218
"C:/Users/b.lapeze/AppData/Local/UnrealEngine/Common/DerivedDataCache/Buckets/LegacyDIST/00/ee/16a2aa2435f4f84723fea9c70f8efaf8954d.udd" 5219
"../../../../../../GitHub/CutyKiller/GAME FOLDER/Content/StarterContent/Props/SM_Shelf.uasset" 5220
"../../../../../../GitHub/CutyKiller/GAME FOLDER/Content/StarterContent/Props/SM_Lamp_Wall.uasset" 5221
"../../../../../../GitHub/CutyKiller/GAME FOLDER/Content/StarterContent/Props/SM_Lamp_Ceiling.uasset" 5222
"../../../../../../GitHub/CutyKiller/GAME FOLDER/Content/StarterContent/Props/SM_WindowFrame.uasset" 5223
"../../../../../../GitHub/CutyKiller/GAME FOLDER/Content/StarterContent/Props/SM_PillarFrame300.uasset" 5224
"../../../../../../GitHub/CutyKiller/GAME FOLDER/Content/StarterContent/Props/SM_PillarFrame.uasset" 5225
"C:/Users/b.lapeze/AppData/Local/UnrealEngine/Common/DerivedDataCache/Buckets/LegacyCARD/fe/d3/4535eab39731b460ada301dbc8a01765f22c.udd" 5226
"D:/GitHub/CutyKiller/GAME FOLDER/Content/StarterContent/Blueprints/Assets/M_LightStage_Skybox_Black.uasset" 5227
"../../../../../../GitHub/CutyKiller/GAME FOLDER/Content/StarterContent/Props/SM_DoorFrame.uasset" 5228
"../../../../../../GitHub/CutyKiller/GAME FOLDER/Content/StarterContent/Props/SM_CornerFrame.uasset" 5229
"D:/GitHub/CutyKiller/GAME FOLDER/Content/LPSDeluxe2TropicalEnvironment/LPSD2_Meshes/Treasure/SM_Pile_2.uasset" 5230
"D:/GitHub/CutyKiller/GAME FOLDER/Content/MSPresets/M_MS_Imperfection_Material_VT/M_MS_Imperfection_Material_VT.uasset" 5231
"D:/GitHub/CutyKiller/GAME FOLDER/Content/LPSDeluxe2TropicalEnvironment/LPSD2_Meshes/Treasure/SM_Pile_1.uasset" 5232
"D:/GitHub/CutyKiller/GAME FOLDER/Content/MSPresets/M_MS_Imperfection_Material/M_MS_Imperfection_Material.uasset" 5233
"D:/GitHub/CutyKiller/GAME FOLDER/Content/DONT_USE/LPSDeluxe2TropicalEnvironment/LPSD2_Meshes/Treasure/SM_Pile_1.uasset" 5234
"../../../../../../GitHub/CutyKiller/GAME FOLDER/Content/StarterContent/Props/SM_Door.uasset" 5235
"../../../../../../GitHub/CutyKiller/GAME FOLDER/Content/StarterContent/Props/SM_Couch.uasset" 5236
"../../../../../../GitHub/CutyKiller/GAME FOLDER/Content/StarterContent/Props/SM_Chair.uasset" 5237
"../../../../../../GitHub/CutyKiller/GAME FOLDER/Content/Weapon_Pack/Mesh/Props/Interior/SM_Bench.uasset" 5238
"D:/GitHub/CutyKiller/GAME FOLDER/Content/MSPresets/M_MS_SurfaceBlend_Material/LayerFunctions/Top/MF_TopLayerTextures.uasset" 5239
"D:/GitHub/CutyKiller/GAME FOLDER/Content/MSPresets/M_MS_SurfaceBlend_Material/LayerFunctions/Base/MF_BaseLayerTextures.uasset" 5240
"../../../Engine/Plugins/Bridge/Content/MSPresets/M_MS_SurfaceBlend_Material/LayerFunctions/MF_ScatterLayer.uasset" 5241
"D:/GitHub/CutyKiller/GAME FOLDER/Content/MSPresets/M_MS_SurfaceBlend_Material/LayerFunctions/MF_ScatterLayer.uasset" 5242
"D:/GitHub/CutyKiller/GAME FOLDER/Content/MSPresets/M_MS_SurfaceBlend_Material/LayerFunctions/Middle/MF_MiddleLayerTextures.uasset" 5243
"D:/GitHub/CutyKiller/GAME FOLDER/Content/DONT_USE/LPSDeluxe2TropicalEnvironment/LPSD2_Meshes/Treasure/SM_Pile_2.uasset" 5244
"../../../Engine/Plugins/Bridge/Content/MSPresets/M_MS_SurfaceBlend_Material/LayerFunctions/Base/MF_BaseLayerTextures.uasset" 5245
"../../../../../../GitHub/CutyKiller/GAME FOLDER/Content/Weapon_Pack/Mesh/Props/Interior/SM_Weapon_rack_1.uasset" 5246
"C:/Users/b.lapeze/AppData/Local/UnrealEngine/Common/DerivedDataCache/Buckets/LegacyDIST/77/99/23220f27ba93dea7c6745d9f2be0881970cf.udd" 5247
"../../../../../../GitHub/CutyKiller/GAME FOLDER/Content/Weapon_Pack/Mesh/Props/Interior/SM_Wall_Torch1.uasset" 5248
"../../../../../../GitHub/CutyKiller/GAME FOLDER/Content/Weapon_Pack/Mesh/Props/Interior/SM_Fire_Bowl.uasset" 5249
"../../../../../../GitHub/CutyKiller/GAME FOLDER/Content/Weapon_Pack/Mesh/Props/Interior/SM_Banner_Rod1.uasset" 5250
"../../../../../../GitHub/CutyKiller/GAME FOLDER/Content/Weapon_Pack/Mesh/Props/Interior/SM_Banner_1.uasset" 5251
"C:/Users/b.lapeze/AppData/Local/UnrealEngine/Common/DerivedDataCache/Buckets/LegacyDIST/90/90/d487f6762f9baca6474c437879be62818c42.udd" 5252
"C:/Users/b.lapeze/AppData/Local/UnrealEngine/Common/DerivedDataCache/Buckets/LegacyDIST/e7/e8/bdab5e525550f961d311030adfeb6df543cf.udd" 5253
"C:/Users/b.lapeze/AppData/Local/UnrealEngine/Common/DerivedDataCache/Buckets/LegacyDIST/a7/ca/0dfb6d9b819b4e9715172cfb950f9bba8693.udd" 5254
"C:/Users/b.lapeze/AppData/Local/UnrealEngine/Common/DerivedDataCache/Buckets/LegacyDIST/dd/08/f5733b3c76f75884dfdac946b6410209f45e.udd" 5255
"C:/Users/b.lapeze/AppData/Local/UnrealEngine/Common/DerivedDataCache/Buckets/LegacyCARD/d7/b3/389410affb220d06f34b0bc6a1406d958321.udd" 5256
"C:/Users/b.lapeze/AppData/Local/UnrealEngine/Common/DerivedDataCache/Buckets/LegacyCARD/71/45/6b3eaa50427524ad513be10b2a1da1d343b5.udd" 5257
"C:/Users/b.lapeze/AppData/Local/UnrealEngine/Common/DerivedDataCache/Buckets/LegacyCARD/e7/8d/2a8e8d4ec6880d09bea20c98c0033b6f173a.udd" 5258
"C:/Users/b.lapeze/AppData/Local/UnrealEngine/Common/DerivedDataCache/Buckets/LegacyCARD/c5/b5/05227f631ab983c79eae514dd864a3ffa1ce.udd" 5259
"C:/Users/b.lapeze/AppData/Local/UnrealEngine/Common/DerivedDataCache/Buckets/LegacyCARD/f5/fe/9db8c63c5723e60a4acc105907a8a3d2ebf0.udd" 5260
"C:/Users/b.lapeze/AppData/Local/UnrealEngine/Common/DerivedDataCache/Buckets/LegacyDIST/4c/30/5b97ff15fcb9e7a6946e8767bcb32cc131ce.udd" 5261
"C:/Users/b.lapeze/AppData/Local/UnrealEngine/Common/DerivedDataCache/Buckets/LegacyDIST/3a/f5/521e6d2b6266bb5514673acf798bb95ca07f.udd" 5262
"C:/Users/b.lapeze/AppData/Local/UnrealEngine/Common/DerivedDataCache/Buckets/LegacyDIST/53/9b/dc00b853dbe8ec4e40ae3c867d197a97f4e4.udd" 5263
"C:/Users/b.lapeze/AppData/Local/UnrealEngine/Common/DerivedDataCache/Buckets/LegacyCARD/74/30/ccef1c2ef91c995d64e1e86fe5c7a5abad42.udd" 5264
"C:/Users/b.lapeze/AppData/Local/UnrealEngine/Common/DerivedDataCache/Buckets/LegacyCARD/4d/b3/7356a47b26edfec10473173e0e551f948fe8.udd" 5265
"C:/Users/b.lapeze/AppData/Local/UnrealEngine/Common/DerivedDataCache/Buckets/LegacyCARD/21/d7/06fef2b04456c0fb1bf9e0aa86863466a3f2.udd" 5266
"C:/Users/b.lapeze/AppData/Local/UnrealEngine/Common/DerivedDataCache/Buckets/LegacyDIST/3c/cb/525a8002812459dbdea7a0478020765e0ac8.udd" 5267
"C:/Users/b.lapeze/AppData/Local/UnrealEngine/Common/DerivedDataCache/Buckets/LegacyCARD/81/6c/78fce4e59a6e60fc8f29459a534c9c486475.udd" 5268
"C:/Users/b.lapeze/AppData/Local/UnrealEngine/Common/DerivedDataCache/Buckets/LegacyDIST/9f/78/aed94adf8cd8d2ca8112b23037cc00b216d9.udd" 5269
"../../../../../../GitHub/CutyKiller/GAME FOLDER/Content/StarterContent/Props/SM_Bush.uasset" 5270
"C:/Users/b.lapeze/AppData/Local/UnrealEngine/Common/DerivedDataCache/Buckets/LegacyCARD/4f/9f/78e14bb92c2dff07a405171ba546f4b8179c.udd" 5271
"C:/Users/b.lapeze/AppData/Local/UnrealEngine/Common/DerivedDataCache/Buckets/LegacyDIST/29/5b/df47a597d1314a19c2d1bd0bce2767907047.udd" 5272
"../../../Engine/Plugins/Bridge/Content/MSPresets/M_MS_SurfaceBlend_Material/LayerFunctions/Middle/MF_MiddleLayerTextures.uasset" 5273
"../../../Engine/Plugins/Bridge/Content/MSPresets/M_MS_SurfaceBlend_Material/LayerFunctions/Top/MF_TopLayerTextures.uasset" 5274
"../../../Engine/Plugins/Bridge/Content/MSPresets/M_MS_SurfaceBlend_Material/LayerFunctions/Puddle/MF_PuddleLayer.uasset" 5275
"D:/GitHub/CutyKiller/GAME FOLDER/Content/MSPresets/M_MS_SurfaceBlend_Material/LayerFunctions/Puddle/MF_PuddleLayer.uasset" 5276
"D:/GitHub/CutyKiller/GAME FOLDER/Content/MSPresets/M_MS_Glass_Material/Functions/MF_FrameBlend.uasset" 5277
"D:/GitHub/CutyKiller/GAME FOLDER/Content/LPSDeluxe2TropicalEnvironment/LPSD2_Materials/SpecialMaterials/WindMaterials/MI_Wind_8.uasset" 5278
"D:/GitHub/CutyKiller/GAME FOLDER/Content/LPSDeluxe2TropicalEnvironment/LPSD2_Materials/SpecialMaterials/WindMaterials/MI_Wind_9.uasset" 5279
"D:/GitHub/CutyKiller/GAME FOLDER/Content/LPSDeluxe2TropicalEnvironment/LPSD2_Materials/SpecialMaterials/WindMaterials/MI_Wind_7.uasset" 5280
"C:/Users/b.lapeze/AppData/Local/UnrealEngine/Common/DerivedDataCache/Buckets/StaticMesh/87/88/2edaf972f0b55308ab1fb8e7bf36b9f4a3da.udd" 5281
"C:/Users/b.lapeze/AppData/Local/UnrealEngine/Common/DerivedDataCache/Buckets/StaticMesh/8c/b1/58d7a6f83d96aab4732e8452d3bbb20b5b14.udd" 5282
"C:/Users/b.lapeze/AppData/Local/UnrealEngine/Common/DerivedDataCache/Buckets/LegacyCARD/3c/77/df9ce4fccfde2f19aacb1df6dc86a62126f2.udd" 5283
"D:/GitHub/CutyKiller/GAME FOLDER/Content/LPSDeluxe2TropicalEnvironment/LPSD2_Materials/SpecialMaterials/WindMaterials/MI_Wind_6.uasset" 5284
"D:/GitHub/CutyKiller/GAME FOLDER/Content/LPSDeluxe2TropicalEnvironment/LPSD2_Materials/SpecialMaterials/WindMaterials/MI_Wind_4.uasset" 5285
"D:/GitHub/CutyKiller/GAME FOLDER/Content/LPSDeluxe2TropicalEnvironment/LPSD2_Materials/SpecialMaterials/WindMaterials/MI_Wind_5.uasset" 5286
"../../../Engine/Plugins/Bridge/Content/MSPresets/M_MS_Glass_Material/Functions/MF_FrameBlend.uasset" 5287
"C:/Users/b.lapeze/AppData/Local/UnrealEngine/Common/DerivedDataCache/Buckets/LegacyDIST/76/d6/e7f90d0a8dd91743a81dab0455513dc10cb7.udd" 5288
"D:/GitHub/CutyKiller/GAME FOLDER/Content/LPSDeluxe2TropicalEnvironment/LPSD2_Materials/SpecialMaterials/WindMaterials/MI_Wind_3.uasset" 5289
"D:/GitHub/CutyKiller/GAME FOLDER/Content/LPSDeluxe2TropicalEnvironment/LPSD2_Materials/SpecialMaterials/WindMaterials/MI_Wind_18.uasset" 5290
"D:/GitHub/CutyKiller/GAME FOLDER/Content/LPSDeluxe2TropicalEnvironment/LPSD2_Materials/SpecialMaterials/WindMaterials/MI_Wind_2.uasset" 5291
"C:/Users/b.lapeze/AppData/Local/UnrealEngine/Common/DerivedDataCache/Buckets/LegacyDIST/d3/e8/1b233d62133dc75940e398383a59fd62a77c.udd" 5292
"C:/Users/b.lapeze/AppData/Local/UnrealEngine/Common/DerivedDataCache/Buckets/LegacyCARD/6d/d2/bcb17b02e6035fc6189fa30d9dad01d1eff4.udd" 5293
"C:/Users/b.lapeze/AppData/Local/UnrealEngine/Common/DerivedDataCache/Buckets/LegacyCARD/f8/14/04ad88863a4206a3dbe7f0577e0aea115357.udd" 5294
"C:/Users/b.lapeze/AppData/Local/UnrealEngine/Common/DerivedDataCache/Buckets/LegacyDIST/5b/eb/f822718ef34ac3a119ab8e41571c535053fa.udd" 5295
"C:/Users/b.lapeze/AppData/Local/UnrealEngine/Common/DerivedDataCache/Buckets/LegacyDIST/23/c3/5d8d2b0996953d9175efe6ba22bfb88fd00f.udd" 5296
"C:/Users/b.lapeze/AppData/Local/UnrealEngine/Common/DerivedDataCache/Buckets/LegacyCARD/71/1b/be291a470dafc551e9b1d929e84e7e6f88c8.udd" 5297
"C:/Users/b.lapeze/AppData/Local/UnrealEngine/Common/DerivedDataCache/Buckets/LegacyChaosGeometryData/1c/46/87fd869c400d499a87bb729475d66f03be31.udd" 5298
"C:/Users/b.lapeze/AppData/Local/UnrealEngine/Common/DerivedDataCache/Buckets/LegacyCARD/53/50/bda563b79d6ea514028097584614e8c93917.udd" 5299
"C:/Users/b.lapeze/AppData/Local/UnrealEngine/Common/DerivedDataCache/Buckets/LegacyNavCollision/78/ea/173e86e138376a82fbc352bd100af6dbe0ac.udd" 5300
"C:/Users/b.lapeze/AppData/Local/UnrealEngine/Common/DerivedDataCache/Buckets/LegacyChaosGeometryData/76/6c/70d1f1e9726f8fe3b56ec9704cb433726f20.udd" 5301
"C:/Users/b.lapeze/AppData/Local/UnrealEngine/Common/DerivedDataCache/Buckets/LegacyNavCollision/f5/c1/8ab0573466b57632da51e9eef57a0a9d55dc.udd" 5302
"../../../../../../GitHub/CutyKiller/GAME FOLDER/Content/LPSDeluxe2TropicalEnvironment/LPSD2_Meshes/Treasure/SM_Pile_1.uasset" 5303
"../../../../../../GitHub/CutyKiller/GAME FOLDER/Content/LPSDeluxe2TropicalEnvironment/LPSD2_Meshes/Treasure/SM_Pile_2.uasset" 5304
"../../../../../../GitHub/CutyKiller/GAME FOLDER/Content/DONT_USE/LPSDeluxe2TropicalEnvironment/LPSD2_Meshes/Treasure/SM_Pile_1.uasset" 5305
"../../../../../../GitHub/CutyKiller/GAME FOLDER/Content/DONT_USE/LPSDeluxe2TropicalEnvironment/LPSD2_Meshes/Treasure/SM_Pile_2.uasset" 5306
"C:/Users/b.lapeze/AppData/Local/UnrealEngine/Common/DerivedDataCache/Buckets/LegacyMATSM/f0/83/7761c8867257223cebe84dfdda7edddb9d05.udd" 5307
"D:/GitHub/CutyKiller/GAME FOLDER/Content/LPSDeluxe2TropicalEnvironment/LPSD2_Materials/SpecialMaterials/WindMaterials/MI_Wind_17.uasset" 5308
"D:/GitHub/CutyKiller/GAME FOLDER/Content/LPSDeluxe2TropicalEnvironment/LPSD2_Materials/SpecialMaterials/WindMaterials/MI_Wind_16.uasset" 5309
"D:/GitHub/CutyKiller/GAME FOLDER/Content/LPSDeluxe2TropicalEnvironment/LPSD2_Materials/SpecialMaterials/WindMaterials/MI_Wind_15.uasset" 5310
"D:/GitHub/CutyKiller/GAME FOLDER/Content/LPSDeluxe2TropicalEnvironment/LPSD2_Materials/SpecialMaterials/WindMaterials/MI_Wind_13.uasset" 5311
"D:/GitHub/CutyKiller/GAME FOLDER/Content/LPSDeluxe2TropicalEnvironment/LPSD2_Materials/SpecialMaterials/WindMaterials/MI_Wind_1.uasset" 5312
"D:/GitHub/CutyKiller/GAME FOLDER/Content/LPSDeluxe2TropicalEnvironment/LPSD2_Materials/SpecialMaterials/WindMaterials/MI_Wind_14.uasset" 5313
"D:/GitHub/CutyKiller/GAME FOLDER/Content/LPSDeluxe2TropicalEnvironment/LPSD2_Materials/SpecialMaterials/WindMaterials/MI_Wind_12.uasset" 5314
"D:/GitHub/CutyKiller/GAME FOLDER/Content/LPSDeluxe2TropicalEnvironment/LPSD2_Meshes/Water/SM_Water_CircleLarge.uasset" 5315
"D:/GitHub/CutyKiller/GAME FOLDER/Content/LPSDeluxe2TropicalEnvironment/LPSD2_Materials/SpecialMaterials/WindMaterials/MI_Wind_11.uasset" 5316
"D:/GitHub/CutyKiller/GAME FOLDER/Content/LPSDeluxe2TropicalEnvironment/LPSD2_Meshes/Volcano/SM_VolcanoSmoke_1.uasset" 5317
"D:/GitHub/CutyKiller/GAME FOLDER/Content/LPSDeluxe2TropicalEnvironment/LPSD2_Materials/SpecialMaterials/WindMaterials/MI_Wind_10.uasset" 5318
"D:/GitHub/CutyKiller/GAME FOLDER/Content/DONT_USE/LPSDeluxe2TropicalEnvironment/LPSD2_Materials/SpecialMaterials/WindMaterials/MI_Wind_7.uasset" 5319
"D:/GitHub/CutyKiller/GAME FOLDER/Content/DONT_USE/LPSDeluxe2TropicalEnvironment/LPSD2_Materials/SpecialMaterials/WindMaterials/MI_Wind_6.uasset" 5320
"D:/GitHub/CutyKiller/GAME FOLDER/Content/DONT_USE/LPSDeluxe2TropicalEnvironment/LPSD2_Materials/SpecialMaterials/WindMaterials/MI_Wind_5.uasset" 5321
"D:/GitHub/CutyKiller/GAME FOLDER/Content/LPSDeluxe2TropicalEnvironment/LPSD2_Meshes/Water/SM_Water_CircleMed.uasset" 5322
"D:/GitHub/CutyKiller/GAME FOLDER/Content/LPSDeluxe2TropicalEnvironment/LPSD2_Meshes/Water/SM_Water_CircleSmall.uasset" 5323
"D:/GitHub/CutyKiller/GAME FOLDER/Content/DONT_USE/LPSDeluxe2TropicalEnvironment/LPSD2_Materials/SpecialMaterials/WindMaterials/MI_Wind_13.uasset" 5324
"D:/GitHub/CutyKiller/GAME FOLDER/Content/DONT_USE/LPSDeluxe2TropicalEnvironment/LPSD2_Materials/SpecialMaterials/WindMaterials/MI_Wind_14.uasset" 5325
"D:/GitHub/CutyKiller/GAME FOLDER/Content/DONT_USE/LPSDeluxe2TropicalEnvironment/LPSD2_Materials/SpecialMaterials/WindMaterials/MI_Wind_4.uasset" 5326
"D:/GitHub/CutyKiller/GAME FOLDER/Content/DONT_USE/LPSDeluxe2TropicalEnvironment/LPSD2_Materials/SpecialMaterials/WindMaterials/MI_Wind_12.uasset" 5327
"D:/GitHub/CutyKiller/GAME FOLDER/Content/DONT_USE/LPSDeluxe2TropicalEnvironment/LPSD2_Materials/SpecialMaterials/WindMaterials/MI_Wind_11.uasset" 5328
"D:/GitHub/CutyKiller/GAME FOLDER/Content/DONT_USE/LPSDeluxe2TropicalEnvironment/LPSD2_Materials/SpecialMaterials/WindMaterials/MI_Wind_15.uasset" 5329
"D:/GitHub/CutyKiller/GAME FOLDER/Content/DONT_USE/LPSDeluxe2TropicalEnvironment/LPSD2_Materials/SpecialMaterials/WindMaterials/MI_Wind_17.uasset" 5330
"D:/GitHub/CutyKiller/GAME FOLDER/Content/DONT_USE/LPSDeluxe2TropicalEnvironment/LPSD2_Materials/SpecialMaterials/WindMaterials/MI_Wind_16.uasset" 5331
"D:/GitHub/CutyKiller/GAME FOLDER/Content/DONT_USE/LPSDeluxe2TropicalEnvironment/LPSD2_Materials/SpecialMaterials/WindMaterials/MI_Wind_18.uasset" 5332
"C:/Users/b.lapeze/AppData/Local/UnrealEngine/Common/DerivedDataCache/Buckets/StaticMesh/0a/59/78de7b7fe4d14d933740edb29f301d259d93.udd" 5333
"C:/Users/b.lapeze/AppData/Local/UnrealEngine/Common/DerivedDataCache/Buckets/StaticMesh/1d/c6/588089ea97e8e117124f4a577356aa889157.udd" 5334
"C:/Users/b.lapeze/AppData/Local/UnrealEngine/Common/DerivedDataCache/Buckets/StaticMesh/ce/95/4770dffa780f13d24ace9060329ec5d5199d.udd" 5335
"C:/Users/b.lapeze/AppData/Local/UnrealEngine/Common/DerivedDataCache/Buckets/StaticMesh/a5/62/03ad751b427b3cbca6dd9e65b2008e6cd4ee.udd" 5336
"C:/Users/b.lapeze/AppData/Local/UnrealEngine/Common/DerivedDataCache/Content/db/07/adba73eedc9bf19b21b95582b4e9171d9717.udd" 5337
"C:/Users/b.lapeze/AppData/Local/UnrealEngine/Common/DerivedDataCache/Buckets/LegacyDIST/15/3a/f188a126ce902c9eb1176b09222b08917fa6.udd" 5338
"D:/GitHub/CutyKiller/GAME FOLDER/Content/DONT_USE/LPSDeluxe2TropicalEnvironment/LPSD2_Materials/SpecialMaterials/WindMaterials/MI_Wind_10.uasset" 5339
"C:/Users/b.lapeze/AppData/Local/UnrealEngine/Common/DerivedDataCache/Buckets/LegacyDIST/77/ee/65f947364b4e2f724f6ab0161935aefdc5b7.udd" 5340
"C:/Users/b.lapeze/AppData/Local/UnrealEngine/Common/DerivedDataCache/Buckets/LegacyDIST/c3/ab/717e1dc8775641c5be9e42fe279a5cb435fe.udd" 5341
"C:/Users/b.lapeze/AppData/Local/UnrealEngine/Common/DerivedDataCache/Buckets/LegacyCARD/23/cc/c167376c4cbd59433ac279b9ec36cc599461.udd" 5342
"C:/Users/b.lapeze/AppData/Local/UnrealEngine/Common/DerivedDataCache/Buckets/LegacyCARD/8a/be/417ca01176ceae5fcb0ed0c85fd34f93d4dc.udd" 5343
"C:/Users/b.lapeze/AppData/Local/UnrealEngine/Common/DerivedDataCache/Buckets/LegacyCARD/24/da/2625f3c0f2942df9ae25a4a9cdeea72b2a57.udd" 5344
"D:/GitHub/CutyKiller/GAME FOLDER/Content/DONT_USE/LPSDeluxe2TropicalEnvironment/LPSD2_Materials/SpecialMaterials/WindMaterials/MI_Wind_1.uasset" 5345
"C:/Users/b.lapeze/AppData/Local/UnrealEngine/Common/DerivedDataCache/Buckets/LegacyChaosGeometryData/d7/f9/1b2a5bf870d59b62161ce2f4bcc2d176fd1e.udd" 5346
"C:/Users/b.lapeze/AppData/Local/UnrealEngine/Common/DerivedDataCache/Buckets/LegacyChaosGeometryData/14/1d/f5f9a73f68fd949107ce35196abae4f30833.udd" 5347
"C:/Users/b.lapeze/AppData/Local/UnrealEngine/Common/DerivedDataCache/Buckets/LegacyDIST/21/bc/95eefaf51487414eeb8f4e46094f86d42e0d.udd" 5348
"C:/Users/b.lapeze/AppData/Local/UnrealEngine/Common/DerivedDataCache/Buckets/LegacyChaosGeometryData/ec/94/4a40a86e7caead5e3aa3b798697afbaeb3c9.udd" 5349
"C:/Users/b.lapeze/AppData/Local/UnrealEngine/Common/DerivedDataCache/Buckets/LegacyNavCollision/b0/fe/3823413ae6104f071f450222eff3359c48bd.udd" 5350
"../../../../../../GitHub/CutyKiller/GAME FOLDER/Content/LPSDeluxe2TropicalEnvironment/LPSD2_Meshes/Water/SM_Water_CircleSmall.uasset" 5351
"C:/Users/b.lapeze/AppData/Local/UnrealEngine/Common/DerivedDataCache/Buckets/LegacyNavCollision/a6/3a/9c3718803c0d306277d05b393a09282266d7.udd" 5352
"C:/Users/b.lapeze/AppData/Local/UnrealEngine/Common/DerivedDataCache/Buckets/LegacyNavCollision/4e/b2/61ad85419c44fd65a07f567b2237da77db7e.udd" 5353
"../../../../../../GitHub/CutyKiller/GAME FOLDER/Content/LPSDeluxe2TropicalEnvironment/LPSD2_Meshes/Water/SM_Water_CircleMed.uasset" 5354
"C:/Users/b.lapeze/AppData/Local/UnrealEngine/Common/DerivedDataCache/Buckets/LegacyCARD/9d/e1/e8c05060aa56f07ad52e2ccf82231fc81212.udd" 5355
"C:/Users/b.lapeze/AppData/Local/UnrealEngine/Common/DerivedDataCache/Buckets/LegacyChaosGeometryData/d6/02/6dba8d8d535d11a15ecf629f0f4559d8af6a.udd" 5356
"D:/GitHub/CutyKiller/GAME FOLDER/Content/DONT_USE/LPSDeluxe2TropicalEnvironment/LPSD2_Meshes/Water/SM_Water_CircleMed.uasset" 5357
"C:/Users/b.lapeze/AppData/Local/UnrealEngine/Common/DerivedDataCache/Content/6e/db/7cf4f50fd6d672f7cc92d018d1cfb5187b04.udd" 5358
"D:/GitHub/CutyKiller/GAME FOLDER/Content/DONT_USE/LPSDeluxe2TropicalEnvironment/LPSD2_Meshes/Water/SM_Water_CircleLarge.uasset" 5359
"C:/Users/b.lapeze/AppData/Local/UnrealEngine/Common/DerivedDataCache/Buckets/LegacyNavCollision/48/b3/a7d0b8039534acd00918fcb68b6cb17dbebe.udd" 5360
"../../../../../../GitHub/CutyKiller/GAME FOLDER/Content/LPSDeluxe2TropicalEnvironment/LPSD2_Meshes/Water/SM_Water_CircleLarge.uasset" 5361
"D:/GitHub/CutyKiller/GAME FOLDER/Content/LPSDeluxe2TropicalEnvironment/LPSD2_Meshes/Water/SM_PixelWater_1.uasset" 5362
"../../../../../../GitHub/CutyKiller/GAME FOLDER/Content/LPSDeluxe2TropicalEnvironment/LPSD2_Meshes/Volcano/SM_VolcanoSmoke_1.uasset" 5363
"D:/GitHub/CutyKiller/GAME FOLDER/Content/LPSDeluxe2TropicalEnvironment/LPSD2_Meshes/Water/SM_PixelWater_2.uasset" 5364
"D:/GitHub/CutyKiller/GAME FOLDER/Content/LPSDeluxe2TropicalEnvironment/LPSD2_Meshes/Water/SM_WaterFallSplash_1.uasset" 5365
"D:/GitHub/CutyKiller/GAME FOLDER/Content/LPSDeluxe2TropicalEnvironment/LPSD2_Meshes/Water/SM_WaterFallSplash_2.uasset" 5366
"D:/GitHub/CutyKiller/GAME FOLDER/Content/LPSDeluxe2TropicalEnvironment/LPSD2_Meshes/Water/SM_TropicWaterFall_1.uasset" 5367
"D:/GitHub/CutyKiller/GAME FOLDER/Content/DONT_USE/LPSDeluxe2TropicalEnvironment/LPSD2_Meshes/Volcano/SM_VolcanoSmoke_1.uasset" 5368
"D:/GitHub/CutyKiller/GAME FOLDER/Content/DONT_USE/LPSDeluxe2TropicalEnvironment/LPSD2_Meshes/Water/SM_PixelWater_2.uasset" 5369
"D:/GitHub/CutyKiller/GAME FOLDER/Content/DONT_USE/LPSDeluxe2TropicalEnvironment/LPSD2_Meshes/Water/SM_PixelWater_1.uasset" 5370
"D:/GitHub/CutyKiller/GAME FOLDER/Content/MSPresets/M_MS_SurfaceBlend_Material/LayerFunctions/MF_BlendScatter.uasset" 5371
"D:/GitHub/CutyKiller/GAME FOLDER/Content/MSPresets/M_MS_SurfaceBlend_Material/LayerFunctions/MF_MaterialBlend.uasset" 5372
"D:/GitHub/CutyKiller/GAME FOLDER/Content/DONT_USE/LPSDeluxe2TropicalEnvironment/LPSD2_Meshes/Water/SM_Water_CircleSmall.uasset" 5373
"D:/GitHub/CutyKiller/GAME FOLDER/Content/DONT_USE/LPSDeluxe2TropicalEnvironment/LPSD2_Meshes/Water/SM_WaterFallSplash_2.uasset" 5374
"D:/GitHub/CutyKiller/GAME FOLDER/Content/DONT_USE/LPSDeluxe2TropicalEnvironment/LPSD2_Meshes/Water/SM_TropicWaterFall_1.uasset" 5375
"D:/GitHub/CutyKiller/GAME FOLDER/Content/DONT_USE/LPSDeluxe2TropicalEnvironment/LPSD2_Meshes/Water/SM_WaterFallSplash_1.uasset" 5376
"C:/Users/b.lapeze/AppData/Local/UnrealEngine/Common/DerivedDataCache/Buckets/StaticMesh/c7/87/bc20e1c6e03d532953579271b8397bcec307.udd" 5377
"C:/Users/b.lapeze/AppData/Local/UnrealEngine/Common/DerivedDataCache/Buckets/StaticMesh/e3/2b/bd8a939d9f224e694d1d1d6fcdf9cf094b33.udd" 5378
"../../../../../../GitHub/CutyKiller/GAME FOLDER/Content/DONT_USE/LPSDeluxe2TropicalEnvironment/LPSD2_Meshes/Water/SM_Water_CircleSmall.uasset" 5379
"C:/Users/b.lapeze/AppData/Local/UnrealEngine/Common/DerivedDataCache/Content/3a/c7/1f6d261e0e8205241bf19a7ce27415999b7a.udd" 5380
"../../../../../../GitHub/CutyKiller/GAME FOLDER/Content/DONT_USE/LPSDeluxe2TropicalEnvironment/LPSD2_Meshes/Water/SM_Water_CircleMed.uasset" 5381
"C:/Users/b.lapeze/AppData/Local/UnrealEngine/Common/DerivedDataCache/Buckets/LegacyDIST/99/3d/cdbfe829b8c3771a96ad6ce4f2d1579478da.udd" 5382
"../../../Engine/Plugins/Bridge/Content/MSPresets/M_MS_SurfaceBlend_Material/LayerFunctions/MF_BlendScatter.uasset" 5383
"C:/Users/b.lapeze/AppData/Local/UnrealEngine/Common/DerivedDataCache/Buckets/LegacyCARD/f6/53/45636dca5c1ce204624cec90f9deffcffe94.udd" 5384
"../../../Engine/Plugins/Bridge/Content/MSPresets/M_MS_SurfaceBlend_Material/LayerFunctions/MF_MaterialBlend.uasset" 5385
"D:/GitHub/CutyKiller/GAME FOLDER/Content/StarterContent/Particles/P_Sparks.uasset" 5386
"C:/Users/b.lapeze/AppData/Local/UnrealEngine/Common/DerivedDataCache/Buckets/LegacyChaosGeometryData/d7/81/127a09e93f6c1a2c6b6dbafba8a222d3c450.udd" 5387
"../../../../../../GitHub/CutyKiller/GAME FOLDER/Content/DONT_USE/LPSDeluxe2TropicalEnvironment/LPSD2_Meshes/Water/SM_Water_CircleLarge.uasset" 5388
"C:/Users/b.lapeze/AppData/Local/UnrealEngine/Common/DerivedDataCache/Buckets/LegacyNavCollision/cc/e7/c3284b87e73ed40cbee269870828cc806c04.udd" 5389
"C:/Users/b.lapeze/AppData/Local/UnrealEngine/Common/DerivedDataCache/Buckets/LegacyDIST/cd/fa/2b0ffe60af6c6ddf3539ecfa0b46ef8c3b48.udd" 5390
"D:/GitHub/CutyKiller/GAME FOLDER/Content/StarterContent/Props/SM_Rock.uasset" 5391
"C:/Users/b.lapeze/AppData/Local/UnrealEngine/Common/DerivedDataCache/Buckets/LegacyCARD/6c/eb/ddac29314fdd9d6687be18c0583b0f042b0b.udd" 5392
"../../../../../../GitHub/CutyKiller/GAME FOLDER/Content/DONT_USE/LPSDeluxe2TropicalEnvironment/LPSD2_Meshes/Volcano/SM_VolcanoSmoke_1.uasset" 5393
"C:/Users/b.lapeze/AppData/Local/UnrealEngine/Common/DerivedDataCache/Buckets/LegacyChaosGeometryData/fa/df/65124244169d9d3eca9420f544ec63417bcf.udd" 5394
"D:/GitHub/CutyKiller/GAME FOLDER/Content/StarterContent/Particles/P_Fire.uasset" 5395
"C:/Users/b.lapeze/AppData/Local/UnrealEngine/Common/DerivedDataCache/Content/be/9a/e37b6fd3025189b3c59dc32e50a9dae31e19.udd" 5396
"D:/GitHub/CutyKiller/GAME FOLDER/Content/StarterContent/Particles/P_Explosion.uasset" 5397
"../../../Engine/Content/EditorMeshes/ColorCalibrator/SM_ColorCalibrator.uasset" 5398
"D:/GitHub/CutyKiller/GAME FOLDER/Content/DONT_USE/Weapon_Pack/Effects/Particles/Fire/P_TorchFire.uasset" 5399
"C:/Users/b.lapeze/AppData/Local/UnrealEngine/Common/DerivedDataCache/Buckets/StaticMesh/11/ad/a6ab88778dc641e63378feed3cb51001e8b3.udd" 5400
"C:/Users/b.lapeze/AppData/Local/UnrealEngine/Common/DerivedDataCache/Buckets/StaticMesh/4c/94/f20163603dbee694781d157cb7f7502600c7.udd" 5401
"C:/Users/b.lapeze/AppData/Local/UnrealEngine/Common/DerivedDataCache/Buckets/LegacyDIST/3c/89/4860c0d192e30691bf7b48041e1c4f7357d8.udd" 5402
"C:/Users/b.lapeze/AppData/Local/UnrealEngine/Common/DerivedDataCache/Buckets/LegacyDIST/58/48/012fc28c8d93886c8f18a6965be2ee369d58.udd" 5403
"C:/Users/b.lapeze/AppData/Local/UnrealEngine/Common/DerivedDataCache/Buckets/StaticMesh/4f/03/f8e38029506e766eecc49dc55162eaa0331a.udd" 5404
"C:/Users/b.lapeze/AppData/Local/UnrealEngine/Common/DerivedDataCache/Buckets/LegacyCARD/22/ba/b9af31caf509e1a7a9be692c03dbff3b98f3.udd" 5405
"C:/Users/b.lapeze/AppData/Local/UnrealEngine/Common/DerivedDataCache/Buckets/LegacyNavCollision/ac/89/870a730e5af2e8e36fc86e9c6abe87ba995c.udd" 5406
"../../../../../../GitHub/CutyKiller/GAME FOLDER/Content/LPSDeluxe2TropicalEnvironment/LPSD2_Meshes/Water/SM_PixelWater_2.uasset" 5407
"C:/Users/b.lapeze/AppData/Local/UnrealEngine/Common/DerivedDataCache/Buckets/LegacyCARD/18/4a/c0f38a241e0b16cf0823c2c28a5b73ad0ecd.udd" 5408
"C:/Users/b.lapeze/AppData/Local/UnrealEngine/Common/DerivedDataCache/Buckets/LegacyChaosGeometryData/7f/7e/630e8021204c9730428731a5519b1c5a0f04.udd" 5409
"C:/Users/b.lapeze/AppData/Local/UnrealEngine/Common/DerivedDataCache/Buckets/LegacyChaosGeometryData/c2/a3/d1e33ab1963d5d200278cecdef5f6221444d.udd" 5410
"C:/Users/b.lapeze/AppData/Local/UnrealEngine/Common/DerivedDataCache/Buckets/LegacyDIST/76/82/5a73fc753d5df069cc35d181fb8c20a5f55c.udd" 5411
"C:/Users/b.lapeze/AppData/Local/UnrealEngine/Common/DerivedDataCache/Buckets/LegacyNavCollision/4a/6a/6eb85bc05ca1965d2462ba59320253617157.udd" 5412
"C:/Users/b.lapeze/AppData/Local/UnrealEngine/Common/DerivedDataCache/Buckets/LegacyNavCollision/d5/25/6c77163dbc504ed9ec193dc1c93e6d360634.udd" 5413
"C:/Users/b.lapeze/AppData/Local/UnrealEngine/Common/DerivedDataCache/Buckets/LegacyCARD/ad/9c/ff9c66f26f4976a44b2c82f77660fac6626f.udd" 5414
"../../../../../../GitHub/CutyKiller/GAME FOLDER/Content/LPSDeluxe2TropicalEnvironment/LPSD2_Meshes/Water/SM_PixelWater_1.uasset" 5415
"C:/Users/b.lapeze/AppData/Local/UnrealEngine/Common/DerivedDataCache/Buckets/LegacyChaosGeometryData/f8/be/16a3a764b142ad8a9bc3c1f278c382ff5831.udd" 5416
"../../../../../../GitHub/CutyKiller/GAME FOLDER/Content/LPSDeluxe2TropicalEnvironment/LPSD2_Meshes/Water/SM_WaterFallSplash_2.uasset" 5417
"C:/Users/b.lapeze/AppData/Local/UnrealEngine/Common/DerivedDataCache/Buckets/LegacyNavCollision/a4/35/65c667e9419942141eded4ead40bc612d8b7.udd" 5418
"D:/GitHub/CutyKiller/GAME FOLDER/Content/DONT_USE/Characters/Mannequin_UE4/Materials/M_MannequinUE4_Body.uasset" 5419
"D:/GitHub/CutyKiller/GAME FOLDER/Content/MSPresets/M_MS_Decal_Material_VT/MF_QuixelDecalPOM.uasset" 5420
"../../../../../../GitHub/CutyKiller/GAME FOLDER/Content/LPSDeluxe2TropicalEnvironment/LPSD2_Meshes/Water/SM_WaterFallSplash_1.uasset" 5421
"../../../../../../GitHub/CutyKiller/GAME FOLDER/Content/LPSDeluxe2TropicalEnvironment/LPSD2_Meshes/Water/SM_TropicWaterFall_1.uasset" 5422
"D:/GitHub/CutyKiller/GAME FOLDER/Content/MSPresets/M_MS_Billboard_Material/M_MS_Billboard_Material.uasset" 5423
"../../../../../../GitHub/CutyKiller/GAME FOLDER/Content/DONT_USE/LPSDeluxe2TropicalEnvironment/LPSD2_Meshes/Water/SM_PixelWater_2.uasset" 5424
"D:/GitHub/CutyKiller/GAME FOLDER/Content/MSPresets/M_MS_Foliage_Material/M_MS_Foliage_Material.uasset" 5425
"D:/GitHub/CutyKiller/GAME FOLDER/Content/Weapon_Pack/Effects/Particles/Fire/P_TorchFire.uasset" 5426
"D:/GitHub/CutyKiller/GAME FOLDER/Content/MSPresets/M_MS_Decal_Material/MF_QuixelDecalPOM.uasset" 5427
"../../../../../../GitHub/CutyKiller/GAME FOLDER/Content/DONT_USE/LPSDeluxe2TropicalEnvironment/LPSD2_Meshes/Water/SM_PixelWater_1.uasset" 5428
"../../../../../../GitHub/CutyKiller/GAME FOLDER/Content/DONT_USE/LPSDeluxe2TropicalEnvironment/LPSD2_Meshes/Water/SM_WaterFallSplash_2.uasset" 5429
"../../../../../../GitHub/CutyKiller/GAME FOLDER/Content/DONT_USE/LPSDeluxe2TropicalEnvironment/LPSD2_Meshes/Water/SM_WaterFallSplash_1.uasset" 5430
"../../../../../../GitHub/CutyKiller/GAME FOLDER/Content/DONT_USE/LPSDeluxe2TropicalEnvironment/LPSD2_Meshes/Water/SM_TropicWaterFall_1.uasset" 5431
"../../../Engine/Content/EditorMaterials/Thumbnails/SkySphereMaterial.uasset" 5432
"../../../../../../GitHub/CutyKiller/GAME FOLDER/Content/StarterContent/Props/SM_Rock.uasset" 5433
"../../../Engine/Content/Functions/Engine_MaterialFunctions01/Texturing/ParallaxOcclusionMapping.uasset" 5434
"../../../Engine/Plugins/Bridge/Content/MSPresets/M_MS_Decal_Material/MF_QuixelDecalPOM.uasset" 5435
"D:/GitHub/CutyKiller/GAME FOLDER/Content/MSPresets/M_MS_Default_Fuzz_Material_VT/M_MS_Default_Fuzz_Material_VT.uasset" 5436
"D:/GitHub/CutyKiller/GAME FOLDER/Content/DONT_USE/Weapon_Pack/Blueprints/Lightshaft/Lightshaft/M_GodRay.uasset" 5437
"D:/GitHub/CutyKiller/GAME FOLDER/Content/Weapon_Pack/Blueprints/Lightshaft/Lightshaft/M_GodRay.uasset" 5438
"D:/GitHub/CutyKiller/GAME FOLDER/Content/MSPresets/M_MS_Surface_Material_VT/M_MS_Surface_Material_VT.uasset" 5439
"D:/GitHub/CutyKiller/GAME FOLDER/Content/MSPresets/M_MS_Default_Fuzz_Material/M_MS_Default_Fuzz_Material.uasset" 5440
"D:/GitHub/CutyKiller/GAME FOLDER/Content/MSPresets/M_MS_Surface_Material/M_MS_Surface_Material.uasset" 5441
"C:/Users/b.lapeze/AppData/Local/UnrealEngine/Common/DerivedDataCache/Buckets/LegacyDIST/b9/dc/d032473f824fabf83115044273db15019749.udd" 5442
"C:/Users/b.lapeze/AppData/Local/UnrealEngine/Common/DerivedDataCache/Buckets/LegacyCARD/5f/aa/81fcd41b99c6a5ac5c060b32bfd76dcc1452.udd" 5443
"D:/GitHub/CutyKiller/GAME FOLDER/Content/MSPresets/M_MS_Default_Transmission_Material_VT/M_MS_Default_Transmission_Material_VT.uasset" 5444
"D:/GitHub/CutyKiller/GAME FOLDER/Content/MSPresets/M_MS_Default_Transmission_Material/M_MS_Default_Transmission_Material.uasset" 5445
"C:/Users/b.lapeze/AppData/Local/UnrealEngine/Common/DerivedDataCache/Buckets/LegacyTEXTURE/33/de/970a73e17c11a9498a17df179b9e2f56bed5.udd" 5446
"D:/GitHub/CutyKiller/GAME FOLDER/Content/StarterContent/Blueprints/Blueprint_Effect_Steam.uasset" 5447
"C:/Users/b.lapeze/AppData/Local/UnrealEngine/Common/DerivedDataCache/Buckets/LegacyTEXTURE/ca/cc/54f77b177dbb0983aad60b95f4155757c725.udd" 5448
"C:/Users/b.lapeze/AppData/Local/UnrealEngine/Common/DerivedDataCache/Buckets/LegacyMATSM/a1/5e/6e4011ea4aff21a2a24f31261c3943cd81e1.udd" 5449
"C:/Users/b.lapeze/AppData/Local/UnrealEngine/Common/DerivedDataCache/Buckets/LegacyTEXTURE/7e/5d/3ae6a20f776b5fd43c12b04fb5e4d1a94709.udd" 5450
"D:/GitHub/CutyKiller/GAME FOLDER/Content/Blueprints/Sword.uasset" 5451
"C:/Users/b.lapeze/AppData/Local/UnrealEngine/Common/DerivedDataCache/Buckets/LegacyDIST/74/e2/89f51be179119bf2b5ca99e1f012e4f17ce4.udd" 5452
"C:/Users/b.lapeze/AppData/Local/UnrealEngine/Common/DerivedDataCache/Buckets/LegacyTEXTURE/14/6b/aac8b910ddbea76aaf3211affc666d03cfec.udd" 5453
"C:/Users/b.lapeze/AppData/Local/UnrealEngine/Common/DerivedDataCache/Buckets/LegacyCARD/bf/c1/29c53b05b5514a19eebf8ce7443f305b2bee.udd" 5454
"C:/Users/b.lapeze/AppData/Local/UnrealEngine/Common/DerivedDataCache/Buckets/LegacyMATSM/2a/f7/fc974505f6fa7a2042cf72f07abc3d603ad0.udd" 5455
"C:/Users/b.lapeze/AppData/Local/UnrealEngine/Common/DerivedDataCache/Buckets/LegacyMATSM/8e/ae/7202b86e0d6767b31e4cdde0ac412630e89b.udd" 5456
"D:/GitHub/CutyKiller/GAME FOLDER/Content/StarterContent/Blueprints/Blueprint_WallSconce.uasset" 5457
"../../../Engine/Content/EngineSky/BP_Sky_Sphere.uasset" 5458
"C:/Users/b.lapeze/AppData/Local/UnrealEngine/Common/DerivedDataCache/Buckets/LegacyMATSM/63/3c/b7dde4c660070a7520561af112388d7a72cc.udd" 5459
"D:/GitHub/CutyKiller/GAME FOLDER/Content/StarterContent/Blueprints/Blueprint_CeilingLight.uasset" 5460
"D:/GitHub/CutyKiller/GAME FOLDER/Content/StarterContent/Blueprints/Blueprint_Effect_Smoke.uasset" 5461
"D:/GitHub/CutyKiller/GAME FOLDER/Content/MSPresets/M_MS_Glass_Material/M_MS_Glass_Material.uasset" 5462
"D:/GitHub/CutyKiller/GAME FOLDER/Content/LPSDeluxe2TropicalEnvironment/LPSD2_Meshes/Flora/SM_TropicCover_1.uasset" 5463
"D:/GitHub/CutyKiller/GAME FOLDER/Content/LPSDeluxe2TropicalEnvironment/LPSD2_Meshes/Flora/Sm_Plumeria_1.uasset" 5464
"D:/GitHub/CutyKiller/GAME FOLDER/Content/LPSDeluxe2TropicalEnvironment/LPSD2_Meshes/Flora/Sm_TropicFlower_1.uasset" 5465
"D:/GitHub/CutyKiller/GAME FOLDER/Content/LPSDeluxe2TropicalEnvironment/LPSD2_Meshes/Flora/SM_TropicGrass_1.uasset" 5466
"D:/GitHub/CutyKiller/GAME FOLDER/Content/LPSDeluxe2TropicalEnvironment/LPSD2_Meshes/Flora/Sm_Plumeria_2.uasset" 5467
"D:/GitHub/CutyKiller/GAME FOLDER/Content/LPSDeluxe2TropicalEnvironment/LPSD2_Meshes/Flora/SM_LeafyCover_1.uasset" 5468
"D:/GitHub/CutyKiller/GAME FOLDER/Content/LPSDeluxe2TropicalEnvironment/LPSD2_Meshes/Flora/SM_BirdofParadise_1.uasset" 5469
"../../../Engine/Plugins/Bridge/Content/MSPresets/M_MS_Glass_Material/M_MS_Glass_Material.uasset" 5470
"D:/GitHub/CutyKiller/GAME FOLDER/Content/LPSDeluxe2TropicalEnvironment/LPSD2_Meshes/Flora/SM_SmallPalm_1.uasset" 5471
"C:/Users/b.lapeze/AppData/Local/UnrealEngine/Common/DerivedDataCache/Buckets/LegacyMATSM/fe/0d/3052119334b24ece204f99d2a02a8074b9d2.udd" 5472
"C:/Users/b.lapeze/AppData/Local/UnrealEngine/Common/DerivedDataCache/Buckets/LegacyMATSM/f2/bd/1d319e95892d2c04370ebd07a637e67ad3a9.udd" 5473
"D:/GitHub/CutyKiller/GAME FOLDER/Content/LPSDeluxe2TropicalEnvironment/LPSD2_Meshes/Flora/SM_LushPatch_1.uasset" 5474
"D:/GitHub/CutyKiller/GAME FOLDER/Content/LPSDeluxe2TropicalEnvironment/LPSD2_Meshes/Flora/SM_BananaTree_1.uasset" 5475
"D:/GitHub/CutyKiller/GAME FOLDER/Content/LPSDeluxe2TropicalEnvironment/LPSD2_Meshes/Flora/SM_PalmTree_1.uasset" 5476
"D:/GitHub/CutyKiller/GAME FOLDER/Content/LPSDeluxe2TropicalEnvironment/LPSD2_Meshes/Flora/SM_CoconutPalm_1.uasset" 5477
"D:/GitHub/CutyKiller/GAME FOLDER/Content/DONT_USE/LPSDeluxe2TropicalEnvironment/LPSD2_Meshes/Flora/SM_TropicGrass_1.uasset" 5478
"C:/Users/b.lapeze/AppData/Local/UnrealEngine/Common/DerivedDataCache/Buckets/StaticMesh/ea/18/6ad953aaad7a11c7b79a667342275087fe6a.udd" 5479
"C:/Users/b.lapeze/AppData/Local/UnrealEngine/Common/DerivedDataCache/Buckets/StaticMesh/f6/96/71a2b21fcd075395ae995c5e7cd0c5d47d74.udd" 5480
"C:/Users/b.lapeze/AppData/Local/UnrealEngine/Common/DerivedDataCache/Buckets/StaticMesh/98/3f/7248673db0650091c3ee8ac5eaebd3fa6533.udd" 5481
"D:/GitHub/CutyKiller/GAME FOLDER/Content/DONT_USE/LPSDeluxe2TropicalEnvironment/LPSD2_Meshes/Flora/SM_TropicCover_1.uasset" 5482
"C:/Users/b.lapeze/AppData/Local/UnrealEngine/Common/DerivedDataCache/Buckets/LegacyDIST/aa/1e/c658f0edab7ffcb6ad4135ae4b146be9ca29.udd" 5483
"C:/Users/b.lapeze/AppData/Local/UnrealEngine/Common/DerivedDataCache/Buckets/LegacyDIST/db/00/bf376c791bb635cfbf44c88dcfa61dbbb783.udd" 5484
"C:/Users/b.lapeze/AppData/Local/UnrealEngine/Common/DerivedDataCache/Buckets/LegacyDIST/88/e1/5c9ef8be0198934664097dbd10596f83bafe.udd" 5485
"C:/Users/b.lapeze/AppData/Local/UnrealEngine/Common/DerivedDataCache/Buckets/LegacyMATSM/bb/76/79d1cad7a71f73efe4b0ba3415fae514bd92.udd" 5486
"C:/Users/b.lapeze/AppData/Local/UnrealEngine/Common/DerivedDataCache/Buckets/LegacyCARD/92/27/00e3e594332ed8184908124d5d6761c786b5.udd" 5487
"D:/GitHub/CutyKiller/GAME FOLDER/Content/DONT_USE/LPSDeluxe2TropicalEnvironment/LPSD2_Meshes/Flora/Sm_Plumeria_1.uasset" 5488
"D:/GitHub/CutyKiller/GAME FOLDER/Content/DONT_USE/LPSDeluxe2TropicalEnvironment/LPSD2_Meshes/Flora/Sm_Plumeria_2.uasset" 5489
"C:/Users/b.lapeze/AppData/Local/UnrealEngine/Common/DerivedDataCache/Buckets/LegacyCARD/f4/d9/2ab613f9337d67d3f576cb61e156a760a299.udd" 5490
"C:/Users/b.lapeze/AppData/Local/UnrealEngine/Common/DerivedDataCache/Buckets/LegacyCARD/ae/0c/9160165405a156ffe3e007f6e8bca41efbae.udd" 5491
"D:/GitHub/CutyKiller/GAME FOLDER/Content/DONT_USE/LPSDeluxe2TropicalEnvironment/LPSD2_Meshes/Flora/SM_LeafyCover_1.uasset" 5492
"C:/Users/b.lapeze/AppData/Local/UnrealEngine/Common/DerivedDataCache/Buckets/LegacyChaosGeometryData/04/7c/5f9a39c40117884f6bd94b83c85689bf880a.udd" 5493
"C:/Users/b.lapeze/AppData/Local/UnrealEngine/Common/DerivedDataCache/Buckets/LegacyChaosGeometryData/62/49/b17ec499c80070cf7150e2e465af6b018e19.udd" 5494
"C:/Users/b.lapeze/AppData/Local/UnrealEngine/Common/DerivedDataCache/Buckets/StaticMesh/34/4a/aa9697185723878bcc20e0233d414c90e91a.udd" 5495
"C:/Users/b.lapeze/AppData/Local/UnrealEngine/Common/DerivedDataCache/Buckets/LegacyChaosGeometryData/b0/b2/7df14e769e1fe2bbbb90b861bfa6c0dde731.udd" 5496
"D:/GitHub/CutyKiller/GAME FOLDER/Content/DONT_USE/LPSDeluxe2TropicalEnvironment/LPSD2_Meshes/Flora/SM_SmallPalm_1.uasset" 5497
"D:/GitHub/CutyKiller/GAME FOLDER/Content/DONT_USE/LPSDeluxe2TropicalEnvironment/LPSD2_Meshes/Flora/SM_BananaTree_1.uasset" 5498
"D:/GitHub/CutyKiller/GAME FOLDER/Content/DONT_USE/LPSDeluxe2TropicalEnvironment/LPSD2_Meshes/Flora/Sm_TropicFlower_1.uasset" 5499
"D:/GitHub/CutyKiller/GAME FOLDER/Content/DONT_USE/LPSDeluxe2TropicalEnvironment/LPSD2_Meshes/Flora/SM_LushPatch_1.uasset" 5500
"C:/Users/b.lapeze/AppData/Local/UnrealEngine/Common/DerivedDataCache/Buckets/LegacyNavCollision/9d/27/d735e23f61a82e05953330330917b7b81e74.udd" 5501
"C:/Users/b.lapeze/AppData/Local/UnrealEngine/Common/DerivedDataCache/Buckets/StaticMesh/15/6a/82b34a1ec0773b3901f4d8fa8db025f6a83d.udd" 5502
"C:/Users/b.lapeze/AppData/Local/UnrealEngine/Common/DerivedDataCache/Buckets/LegacyDIST/84/1d/ec6dda3ab5a55ddc58c7846fcabf68090259.udd" 5503
"C:/Users/b.lapeze/AppData/Local/UnrealEngine/Common/DerivedDataCache/Buckets/LegacyNavCollision/eb/ed/5cf4897c57a8bf0fe0423dbcc883b7a161ec.udd" 5504
"C:/Users/b.lapeze/AppData/Local/UnrealEngine/Common/DerivedDataCache/Buckets/LegacyNavCollision/b3/01/af47cf91219c5a959663b6f9076c5bd218fb.udd" 5505
"C:/Users/b.lapeze/AppData/Local/UnrealEngine/Common/DerivedDataCache/Buckets/LegacyCARD/e2/32/ccb24d61ec546002c59e5fd17b47e439611a.udd" 5506
"C:/Users/b.lapeze/AppData/Local/UnrealEngine/Common/DerivedDataCache/Buckets/StaticMesh/d7/d1/7a04bac2b1d6d34699e2885d4e990fa3e56a.udd" 5507
"C:/Users/b.lapeze/AppData/Local/UnrealEngine/Common/DerivedDataCache/Buckets/StaticMesh/c0/56/f61f9a30f885ea9111bdb78889b31df52057.udd" 5508
"C:/Users/b.lapeze/AppData/Local/UnrealEngine/Common/DerivedDataCache/Buckets/LegacyDIST/a2/17/606cc0f0cb3eaf996c15d219c9012d915a46.udd" 5509
"D:/GitHub/CutyKiller/GAME FOLDER/Content/DONT_USE/LPSDeluxe2TropicalEnvironment/LPSD2_Meshes/Flora/SM_BirdofParadise_1.uasset" 5510
"C:/Users/b.lapeze/AppData/Local/UnrealEngine/Common/DerivedDataCache/Buckets/LegacyCARD/4b/b6/43042a252f26267e53dd3d9736633a75ca45.udd" 5511
"C:/Users/b.lapeze/AppData/Local/UnrealEngine/Common/DerivedDataCache/Buckets/LegacyChaosGeometryData/e5/e6/7b241ea5c9882ccfe31baa175abd9ce63118.udd" 5512
"C:/Users/b.lapeze/AppData/Local/UnrealEngine/Common/DerivedDataCache/Buckets/LegacyDIST/a0/39/570dc11f78b4689d1528eb46e7e868edeb2f.udd" 5513
"C:/Users/b.lapeze/AppData/Local/UnrealEngine/Common/DerivedDataCache/Buckets/LegacyDIST/39/cc/9cfd01436e10eb44a72d56d1c56b939a8bd9.udd" 5514
"C:/Users/b.lapeze/AppData/Local/UnrealEngine/Common/DerivedDataCache/Buckets/LegacyNavCollision/a1/3c/ef1f2499e4b3ddc89c93c0a334281a19a211.udd" 5515
"C:/Users/b.lapeze/AppData/Local/UnrealEngine/Common/DerivedDataCache/Buckets/LegacyCARD/87/58/adee5e0d715f3c719845aa2e0204ca095d55.udd" 5516
"C:/Users/b.lapeze/AppData/Local/UnrealEngine/Common/DerivedDataCache/Buckets/LegacyChaosGeometryData/6e/81/65ce246f79826f640bca66449b57ae2fc4ba.udd" 5517
"C:/Users/b.lapeze/AppData/Local/UnrealEngine/Common/DerivedDataCache/Buckets/LegacyCARD/85/3d/eb5f6da037851b94273b4f042ab911770a4e.udd" 5518
"C:/Users/b.lapeze/AppData/Local/UnrealEngine/Common/DerivedDataCache/Buckets/LegacyChaosGeometryData/36/66/f01f988516c365f4bc1486036f543bbad262.udd" 5519
"C:/Users/b.lapeze/AppData/Local/UnrealEngine/Common/DerivedDataCache/Buckets/LegacyChaosGeometryData/68/0c/d9a5b84e345a9d337c1b7587db55c21c4862.udd" 5520
"C:/Users/b.lapeze/AppData/Local/UnrealEngine/Common/DerivedDataCache/Buckets/LegacyNavCollision/3d/c7/ab0fffcb7fcfc152c55a6e0abb32358aabf3.udd" 5521
"C:/Users/b.lapeze/AppData/Local/UnrealEngine/Common/DerivedDataCache/Buckets/LegacyNavCollision/df/c4/865e143966fc442352dbd5b4af905baabc3a.udd" 5522
"C:/Users/b.lapeze/AppData/Local/UnrealEngine/Common/DerivedDataCache/Buckets/LegacyNavCollision/22/2a/3604a714837c7eaca9f4fc5f6555546255f3.udd" 5523
"../../../../../../GitHub/CutyKiller/GAME FOLDER/Content/LPSDeluxe2TropicalEnvironment/LPSD2_Meshes/Flora/SM_SmallPalm_1.uasset" 5524
"C:/Users/b.lapeze/AppData/Local/UnrealEngine/Common/DerivedDataCache/Buckets/StaticMesh/ae/5d/243ab3dde8010d7c7f30202d37bdc34df6fa.udd" 5525
"C:/Users/b.lapeze/AppData/Local/UnrealEngine/Common/DerivedDataCache/Buckets/StaticMesh/63/b5/9770c2c8a3d61695882ddfad926eff10c037.udd" 5526
"C:/Users/b.lapeze/AppData/Local/UnrealEngine/Common/DerivedDataCache/Buckets/StaticMesh/fb/6b/b60f2d4b52c6a2c8ca6f1a8a0437afad62ed.udd" 5527
"C:/Users/b.lapeze/AppData/Local/UnrealEngine/Common/DerivedDataCache/Buckets/StaticMesh/fe/52/c79d5de6560d33a6f462264d071e25d13ab5.udd" 5528
"C:/Users/b.lapeze/AppData/Local/UnrealEngine/Common/DerivedDataCache/Buckets/LegacyDIST/d4/aa/6b1935e87cab7446db1fafe6779442626074.udd" 5529
"D:/GitHub/CutyKiller/GAME FOLDER/Content/DONT_USE/LPSDeluxe2TropicalEnvironment/LPSD2_Meshes/Flora/SM_PalmTree_1.uasset" 5530
"C:/Users/b.lapeze/AppData/Local/UnrealEngine/Common/DerivedDataCache/Buckets/LegacyDIST/67/6d/72e6edc057482bf950e05d4ca464e5337887.udd" 5531
"../../../../../../GitHub/CutyKiller/GAME FOLDER/Content/LPSDeluxe2TropicalEnvironment/LPSD2_Meshes/Flora/SM_TropicGrass_1.uasset" 5532
"C:/Users/b.lapeze/AppData/Local/UnrealEngine/Common/DerivedDataCache/Buckets/StaticMesh/e4/46/cead6d667f5a9d6799a1b98ad810ac7a8792.udd" 5533
"C:/Users/b.lapeze/AppData/Local/UnrealEngine/Common/DerivedDataCache/Buckets/LegacyDIST/f0/d2/102b0f8a601e74739bc64bdfbd2978451148.udd" 5534
"../../../../../../GitHub/CutyKiller/GAME FOLDER/Content/LPSDeluxe2TropicalEnvironment/LPSD2_Meshes/Flora/SM_TropicCover_1.uasset" 5535
"C:/Users/b.lapeze/AppData/Local/UnrealEngine/Common/DerivedDataCache/Buckets/LegacyCARD/6c/0c/7d0645d9cb1bc8991ed8690acb5a91579631.udd" 5536
"C:/Users/b.lapeze/AppData/Local/UnrealEngine/Common/DerivedDataCache/Buckets/LegacyDIST/75/cf/2205104db2688bdda2f4a660c76958841d3a.udd" 5537
"../../../../../../GitHub/CutyKiller/GAME FOLDER/Content/LPSDeluxe2TropicalEnvironment/LPSD2_Meshes/Flora/Sm_Plumeria_1.uasset" 5538
"C:/Users/b.lapeze/AppData/Local/UnrealEngine/Common/DerivedDataCache/Buckets/LegacyCARD/c3/93/c3fbce16a8467d1797846f0c37aa322cd4ed.udd" 5539
"C:/Users/b.lapeze/AppData/Local/UnrealEngine/Common/DerivedDataCache/Buckets/LegacyCARD/c4/11/51ca8d940dd8d43a0dcaab25f1f60ac675e2.udd" 5540
"../../../../../../GitHub/CutyKiller/GAME FOLDER/Content/LPSDeluxe2TropicalEnvironment/LPSD2_Meshes/Flora/Sm_TropicFlower_1.uasset" 5541
"C:/Users/b.lapeze/AppData/Local/UnrealEngine/Common/DerivedDataCache/Buckets/LegacyDIST/a9/f5/907c4b83d996ad60760f05a6f256860383aa.udd" 5542
"../../../../../../GitHub/CutyKiller/GAME FOLDER/Content/LPSDeluxe2TropicalEnvironment/LPSD2_Meshes/Flora/SM_BirdofParadise_1.uasset" 5543
"../../../../../../GitHub/CutyKiller/GAME FOLDER/Content/LPSDeluxe2TropicalEnvironment/LPSD2_Meshes/Flora/Sm_Plumeria_2.uasset" 5544
"C:/Users/b.lapeze/AppData/Local/UnrealEngine/Common/DerivedDataCache/Buckets/LegacyChaosGeometryData/ed/60/20f3a972eac6679548df3414c3472b01c52a.udd" 5545
"C:/Users/b.lapeze/AppData/Local/UnrealEngine/Common/DerivedDataCache/Buckets/LegacyCARD/2b/47/383f83469fa1699b0b889a96b69b62c5ef30.udd" 5546
"C:/Users/b.lapeze/AppData/Local/UnrealEngine/Common/DerivedDataCache/Buckets/LegacyChaosGeometryData/09/41/b147d2be4f36a85da0807e69df81c4bed8b4.udd" 5547
"C:/Users/b.lapeze/AppData/Local/UnrealEngine/Common/DerivedDataCache/Buckets/LegacyChaosGeometryData/a6/6d/f206c10408c6509bd6e7a45eb6c4e6f608b7.udd" 5548
"D:/GitHub/CutyKiller/GAME FOLDER/Content/DONT_USE/LPSDeluxe2TropicalEnvironment/LPSD2_Meshes/Flora/SM_CoconutPalm_1.uasset" 5549
"C:/Users/b.lapeze/AppData/Local/UnrealEngine/Common/DerivedDataCache/Buckets/LegacyCARD/e7/67/70f24ba38f4844e6381441ee74908037f7dd.udd" 5550
"C:/Users/b.lapeze/AppData/Local/UnrealEngine/Common/DerivedDataCache/Buckets/LegacyChaosGeometryData/6c/b8/e1b02d3c71443266f81a94e3d9bbf498edb4.udd" 5551
"C:/Users/b.lapeze/AppData/Local/UnrealEngine/Common/DerivedDataCache/Buckets/LegacyNavCollision/ab/fb/72ddd737b86b3ab9c5b2a0b3d1932631c92a.udd" 5552
"C:/Users/b.lapeze/AppData/Local/UnrealEngine/Common/DerivedDataCache/Buckets/LegacyNavCollision/57/ac/dd8b78ca1a70396de211545d8ffb5126eaee.udd" 5553
"D:/GitHub/CutyKiller/GAME FOLDER/Content/LPSDeluxe2TropicalEnvironment/LPSD2_Materials/SpecialMaterials/2ToneMaterials/M_Mount_Master.uasset" 5554
"../../../../../../GitHub/CutyKiller/GAME FOLDER/Content/LPSDeluxe2TropicalEnvironment/LPSD2_Meshes/Flora/SM_LeafyCover_1.uasset" 5555
"C:/Users/b.lapeze/AppData/Local/UnrealEngine/Common/DerivedDataCache/Buckets/LegacyChaosGeometryData/a7/e7/fdd196242d1c0c2a47e273ea61eccd9f6ef9.udd" 5556
"C:/Users/b.lapeze/AppData/Local/UnrealEngine/Common/DerivedDataCache/Buckets/LegacyNavCollision/7e/59/976f814935abde8bd4f0ef144722dff97fa9.udd" 5557
"../../../../../../GitHub/CutyKiller/GAME FOLDER/Content/LPSDeluxe2TropicalEnvironment/LPSD2_Meshes/Flora/SM_BananaTree_1.uasset" 5558
"../../../../../../GitHub/CutyKiller/GAME FOLDER/Content/LPSDeluxe2TropicalEnvironment/LPSD2_Meshes/Flora/SM_LushPatch_1.uasset" 5559
"C:/Users/b.lapeze/AppData/Local/UnrealEngine/Common/DerivedDataCache/Buckets/LegacyNavCollision/43/87/f1beb3ae15d3b9be007bbb9429e5e1411681.udd" 5560
"../../../../../../GitHub/CutyKiller/GAME FOLDER/Content/LPSDeluxe2TropicalEnvironment/LPSD2_Meshes/Flora/SM_PalmTree_1.uasset" 5561
"C:/Users/b.lapeze/AppData/Local/UnrealEngine/Common/DerivedDataCache/Buckets/LegacyNavCollision/bd/b9/39e72ca51affe215b43ccc1433f40eaf6689.udd" 5562
"../../../../../../GitHub/CutyKiller/GAME FOLDER/Content/LPSDeluxe2TropicalEnvironment/LPSD2_Meshes/Flora/SM_CoconutPalm_1.uasset" 5563
"D:/GitHub/CutyKiller/GAME FOLDER/Content/MSPresets/M_MS_SurfaceBlend_Material/M_MS_SurfaceBlend_Material.uasset" 5564
"../../../../../../GitHub/CutyKiller/GAME FOLDER/Content/DONT_USE/LPSDeluxe2TropicalEnvironment/LPSD2_Meshes/Flora/SM_SmallPalm_1.uasset" 5565
"D:/GitHub/CutyKiller/GAME FOLDER/Content/LPSDeluxe2TropicalEnvironment/LPSD2_Materials/SpecialMaterials/2SidedMaterials/M_2Side_Master.uasset" 5566
"../../../../../../GitHub/CutyKiller/GAME FOLDER/Content/DONT_USE/LPSDeluxe2TropicalEnvironment/LPSD2_Meshes/Flora/SM_TropicGrass_1.uasset" 5567
"D:/GitHub/CutyKiller/GAME FOLDER/Content/DONT_USE/LPSDeluxe2TropicalEnvironment/LPSD2_Materials/Landscape/M_Landscape_LowPolyTropical.uasset" 5568
"D:/GitHub/CutyKiller/GAME FOLDER/Content/StarterContent/Blueprints/Blueprint_Effect_Sparks.uasset" 5569
"../../../../../../GitHub/CutyKiller/GAME FOLDER/Content/DONT_USE/LPSDeluxe2TropicalEnvironment/LPSD2_Meshes/Flora/SM_TropicCover_1.uasset" 5570
"../../../../../../GitHub/CutyKiller/GAME FOLDER/Content/DONT_USE/LPSDeluxe2TropicalEnvironment/LPSD2_Meshes/Flora/Sm_Plumeria_1.uasset" 5571
"D:/GitHub/CutyKiller/GAME FOLDER/Content/DONT_USE/LPSDeluxe2TropicalEnvironment/LPSD2_Materials/SpecialMaterials/2SidedMaterials/M_2Side_Master.uasset" 5572
"D:/GitHub/CutyKiller/GAME FOLDER/Content/DONT_USE/LPSDeluxe2TropicalEnvironment/LPSD2_Materials/SpecialMaterials/2ToneMaterials/MI_Mount_LightGray.uasset" 5573
"D:/GitHub/CutyKiller/GAME FOLDER/Content/DONT_USE/LPSDeluxe2TropicalEnvironment/LPSD2_Materials/SpecialMaterials/2ToneMaterials/MI_Mount_Green_2.uasset" 5574
"D:/GitHub/CutyKiller/GAME FOLDER/Content/StarterContent/Blueprints/Blueprint_Effect_Fire.uasset" 5575
"D:/GitHub/CutyKiller/GAME FOLDER/Content/LPSDeluxe2TropicalEnvironment/LPSD2_Materials/Landscape/M_Landscape_LowPolyTropical.uasset" 5576
"../../../../../../GitHub/CutyKiller/GAME FOLDER/Content/DONT_USE/LPSDeluxe2TropicalEnvironment/LPSD2_Meshes/Flora/Sm_TropicFlower_1.uasset" 5577
"D:/GitHub/CutyKiller/GAME FOLDER/Content/StarterContent/Blueprints/Blueprint_Effect_Explosion.uasset" 5578
"../../../../../../GitHub/CutyKiller/GAME FOLDER/Content/DONT_USE/LPSDeluxe2TropicalEnvironment/LPSD2_Meshes/Flora/SM_BirdofParadise_1.uasset" 5579
"../../../../../../GitHub/CutyKiller/GAME FOLDER/Content/DONT_USE/LPSDeluxe2TropicalEnvironment/LPSD2_Meshes/Flora/Sm_Plumeria_2.uasset" 5580
"../../../../../../GitHub/CutyKiller/GAME FOLDER/Content/DONT_USE/LPSDeluxe2TropicalEnvironment/LPSD2_Meshes/Flora/SM_LeafyCover_1.uasset" 5581
"../../../../../../GitHub/CutyKiller/GAME FOLDER/Content/DONT_USE/LPSDeluxe2TropicalEnvironment/LPSD2_Meshes/Flora/SM_BananaTree_1.uasset" 5582
"../../../../../../GitHub/CutyKiller/GAME FOLDER/Content/DONT_USE/LPSDeluxe2TropicalEnvironment/LPSD2_Meshes/Flora/SM_LushPatch_1.uasset" 5583
"../../../../../../GitHub/CutyKiller/GAME FOLDER/Content/DONT_USE/LPSDeluxe2TropicalEnvironment/LPSD2_Meshes/Flora/SM_PalmTree_1.uasset" 5584
"D:/GitHub/CutyKiller/GAME FOLDER/Content/DONT_USE/Characters/Mannequins/Rigs/ABP_Quinn_PostProcess.uasset" 5585
"../../../../../../GitHub/CutyKiller/GAME FOLDER/Content/DONT_USE/LPSDeluxe2TropicalEnvironment/LPSD2_Meshes/Flora/SM_CoconutPalm_1.uasset" 5586
"D:/GitHub/CutyKiller/GAME FOLDER/Content/LPSDeluxe2TropicalEnvironment/LPSD2_Materials/SpecialMaterials/2ToneMaterials/MI_Mount_Green_2.uasset" 5587
"D:/GitHub/CutyKiller/GAME FOLDER/Content/LPSDeluxe2TropicalEnvironment/LPSD2_Materials/SpecialMaterials/2ToneMaterials/MI_Mount_LightGray.uasset" 5588
"D:/GitHub/CutyKiller/GAME FOLDER/Content/DONT_USE/Characters/Mannequins/Rigs/ABP_Manny_PostProcess.uasset" 5589
"D:/GitHub/CutyKiller/GAME FOLDER/Content/MSPresets/M_MS_ImperfectionDecal_Material_VT/M_MS_ImperfectionDecal_Material_VT.uasset" 5590
"D:/GitHub/CutyKiller/GAME FOLDER/Content/DONT_USE/Characters/Mannequin_UE4/Materials/M_MannequinUE4_ChestLogo.uasset" 5591
"../../../Engine/Content/EditorMaterials/GeometryCollection/SelectedGeometryMaterial.uasset" 5592
"C:/Users/b.lapeze/AppData/Local/UnrealEngine/Common/DerivedDataCache/Buckets/LegacyMATSM/1a/7a/91a7aa3c76dba053703f4dba2385386f23c1.udd" 5593
"../../../Engine/Content/EditorMeshes/EditorSkySphere.uasset" 5594
"C:/Users/b.lapeze/AppData/Local/UnrealEngine/Common/DerivedDataCache/Buckets/LegacyMATSM/68/1e/1b4e2dd5ecb5cebdd59f5301ff69a229e43b.udd" 5595
"C:/Users/b.lapeze/AppData/Local/UnrealEngine/Common/DerivedDataCache/Buckets/LegacyMATSM/08/66/4d06bba206d1839e53a12cced4acedea58d0.udd" 5596
"C:/Users/b.lapeze/AppData/Local/UnrealEngine/Common/DerivedDataCache/Buckets/LegacyMATSM/99/aa/818bbe14b41d78023417a1fede019ab2e205.udd" 5597
"C:/Users/b.lapeze/AppData/Local/UnrealEngine/Common/DerivedDataCache/Buckets/LegacyMATSM/2c/ee/987c9f92db3881f92b84969af8ae73bc1e65.udd" 5598
"C:/Users/b.lapeze/AppData/Local/UnrealEngine/Common/DerivedDataCache/Buckets/LegacyMATSM/52/48/102b2d45c62aa5e18be4f6a326c0b284c501.udd" 5599
"D:/GitHub/CutyKiller/GAME FOLDER/Content/StarterContent/Blueprints/Assets/Skybox.uasset" 5600
"D:/GitHub/CutyKiller/GAME FOLDER/Content/DONT_USE/Characters/Mannequins/Materials/Instances/Manny/MI_Manny_01.uasset" 5601
"D:/GitHub/CutyKiller/GAME FOLDER/Content/Megascans/Surfaces/Beach_Sand_vletdha/MI_Beach_Sand_vletdha_2K.uasset" 5602
"D:/GitHub/CutyKiller/GAME FOLDER/Content/Beta_HighLimbsGeoSG2.uasset" 5603
"D:/GitHub/CutyKiller/GAME FOLDER/Content/Beta_Joints_MAT.uasset" 5604
"D:/GitHub/CutyKiller/GAME FOLDER/Content/MSPresets/M_MS_Glass_Material/MI_MS_Glass_Material_Inst.uasset" 5605
"D:/GitHub/CutyKiller/GAME FOLDER/Content/Weapon_Pack/Blueprints/Lightshaft/Lightshaft/M_GodRay_Inst_Animated.uasset" 5606
"D:/GitHub/CutyKiller/GAME FOLDER/Content/MSPresets/M_MS_Decal_Material/M_MS_Decal_Material.uasset" 5607
"D:/GitHub/CutyKiller/GAME FOLDER/Content/MSPresets/M_MS_Decal_Material_VT/M_MS_Decal_Material_VT.uasset" 5608
"D:/GitHub/CutyKiller/GAME FOLDER/Content/DONT_USE/Weapon_Pack/Blueprints/Lightshaft/Lightshaft/M_GodRay_Inst_Animated.uasset" 5609
"D:/GitHub/CutyKiller/GAME FOLDER/Content/MSPresets/M_MS_ImperfectionDecal_Material/M_MS_ImperfectionDecal_Material.uasset" 5610
"D:/GitHub/CutyKiller/GAME FOLDER/Content/StarterContent/Maps/Minimal_Default.umap" 5611
"D:/GitHub/CutyKiller/GAME FOLDER/Content/LevelPrototyping/Materials/MI_PrototypeGrid_TopDark.uasset" 5612
"D:/GitHub/CutyKiller/GAME FOLDER/Content/LevelPrototyping/Materials/MI_PrototypeGrid_Gray_02.uasset" 5613
"D:/GitHub/CutyKiller/GAME FOLDER/Content/LPSDeluxe2TropicalEnvironment/LPSD2_Materials/SpecialMaterials/2ToneMaterials/MI_Mount_CreamOrange.uasset" 5614
"D:/GitHub/CutyKiller/GAME FOLDER/Content/LPSDeluxe2TropicalEnvironment/LPSD2_Materials/SpecialMaterials/2ToneMaterials/MI_Mount_TropicBlue.uasset" 5615
"D:/GitHub/CutyKiller/GAME FOLDER/Content/LPSDeluxe2TropicalEnvironment/LPSD2_Materials/SpecialMaterials/2ToneMaterials/MI_Mount_Tan.uasset" 5616
"D:/GitHub/CutyKiller/GAME FOLDER/Content/LPSDeluxe2TropicalEnvironment/LPSD2_Materials/SpecialMaterials/2ToneMaterials/MI_Mount_Gray.uasset" 5617
"D:/GitHub/CutyKiller/GAME FOLDER/Content/LPSDeluxe2TropicalEnvironment/LPSD2_Materials/SpecialMaterials/2ToneMaterials/MI_Mount_Purple.uasset" 5618
"D:/GitHub/CutyKiller/GAME FOLDER/Content/LPSDeluxe2TropicalEnvironment/LPSD2_Materials/SpecialMaterials/2ToneMaterials/MI_Mount_Slate.uasset" 5619
"D:/GitHub/CutyKiller/GAME FOLDER/Content/LPSDeluxe2TropicalEnvironment/LPSD2_Materials/SpecialMaterials/2ToneMaterials/MI_Mount_Green.uasset" 5620
"D:/GitHub/CutyKiller/GAME FOLDER/Content/LPSDeluxe2TropicalEnvironment/LPSD2_Materials/SpecialMaterials/2ToneMaterials/MI_Mount_Red.uasset" 5621
"D:/GitHub/CutyKiller/GAME FOLDER/Content/LPSDeluxe2TropicalEnvironment/LPSD2_Meshes/Volcano/SM_LavaCave_3.uasset" 5622
"D:/GitHub/CutyKiller/GAME FOLDER/Content/LPSDeluxe2TropicalEnvironment/LPSD2_Meshes/Volcano/SM_LavaCave_2.uasset" 5623
"D:/GitHub/CutyKiller/GAME FOLDER/Content/LPSDeluxe2TropicalEnvironment/LPSD2_Meshes/Volcano/SM_LavaFlow_1.uasset" 5624
"C:/Users/b.lapeze/AppData/Local/UnrealEngine/Common/DerivedDataCache/Buckets/LegacyDIST/8e/9d/64f122f52e51094e5079cfdfbc27b76560b7.udd" 5625
"C:/Users/b.lapeze/AppData/Local/UnrealEngine/Common/DerivedDataCache/Buckets/LegacyCARD/69/a4/1cc7fc0ca1ea725250c9c658f9abcb89a0ca.udd" 5626
"C:/Users/b.lapeze/AppData/Local/UnrealEngine/Common/DerivedDataCache/Buckets/LegacyDIST/ff/0e/17594c9a69350d657052955e1ff5b390f9e6.udd" 5627
"C:/Users/b.lapeze/AppData/Local/UnrealEngine/Common/DerivedDataCache/Buckets/LegacyCARD/77/32/e7e70792769464b02ef1dfd3a83e5973d9e2.udd" 5628
"C:/Users/b.lapeze/AppData/Local/UnrealEngine/Common/DerivedDataCache/Buckets/LegacyMATSM/75/f9/47e8e692a8068a6d0c7feeda3adc38aa66a2.udd" 5629
"C:/Users/b.lapeze/AppData/Local/UnrealEngine/Common/DerivedDataCache/Buckets/LegacyMATSM/58/d1/fde8758d50f0b8110d2624e369b26b5e855f.udd" 5630
"C:/Users/b.lapeze/AppData/Local/UnrealEngine/Common/DerivedDataCache/Buckets/LegacyMATSM/00/13/b06795ac859f5f550f8b22854d0235044376.udd" 5631
"C:/Users/b.lapeze/AppData/Local/UnrealEngine/Common/DerivedDataCache/Buckets/LegacyMATSM/59/2d/678c4d1e1dffc7f479461478b55bcd62f389.udd" 5632
"C:/Users/b.lapeze/AppData/Local/UnrealEngine/Common/DerivedDataCache/Buckets/LegacyMATSM/78/27/0daca1809500d8b5a0e4a7112a668646ddd8.udd" 5633
"C:/Users/b.lapeze/AppData/Local/UnrealEngine/Common/DerivedDataCache/Buckets/LegacyMATSM/d4/c4/9e048af29ac818254d9b4d301eb4e56286a4.udd" 5634
"../../../../../../GitHub/CutyKiller/GAME FOLDER/Content/StarterContent/Blueprints/Assets/Skybox.uasset" 5635
"D:/GitHub/CutyKiller/GAME FOLDER/Content/LPSDeluxe2TropicalEnvironment/LPSD2_Meshes/Platform/SM_PlatformTall_1.uasset" 5636
"../../../../../../GitHub/CutyKiller/GAME FOLDER/Content/StarterContent/Maps/Minimal_Default.umap" 5637
"D:/GitHub/CutyKiller/GAME FOLDER/Content/LPSDeluxe2TropicalEnvironment/LPSD2_Meshes/Volcano/SM_LavaCave_1.uasset" 5638
"D:/GitHub/CutyKiller/GAME FOLDER/Content/LPSDeluxe2TropicalEnvironment/LPSD2_Meshes/Mountain/SM_TropicMountain_5.uasset" 5639
"D:/GitHub/CutyKiller/GAME FOLDER/Content/LPSDeluxe2TropicalEnvironment/LPSD2_Meshes/Mountain/SM_TropicMountain_1.uasset" 5640
"D:/GitHub/CutyKiller/GAME FOLDER/Content/LPSDeluxe2TropicalEnvironment/LPSD2_Meshes/Mountain/SM_TropicMountain_4.uasset" 5641
"D:/GitHub/CutyKiller/GAME FOLDER/Content/LPSDeluxe2TropicalEnvironment/LPSD2_Meshes/Mountain/SM_CliffSide_4.uasset" 5642
"D:/GitHub/CutyKiller/GAME FOLDER/Content/LPSDeluxe2TropicalEnvironment/LPSD2_Meshes/Mountain/SM_CliffSide_2.uasset" 5643
"D:/GitHub/CutyKiller/GAME FOLDER/Content/LPSDeluxe2TropicalEnvironment/LPSD2_Meshes/Mountain/SM_CliffTop_2.uasset" 5644
"D:/GitHub/CutyKiller/GAME FOLDER/Content/LPSDeluxe2TropicalEnvironment/LPSD2_Meshes/Mountain/SM_CliffSide_3.uasset" 5645
"D:/GitHub/CutyKiller/GAME FOLDER/Content/LPSDeluxe2TropicalEnvironment/LPSD2_Meshes/Mountain/SM_TropicMountain_3.uasset" 5646
"D:/GitHub/CutyKiller/GAME FOLDER/Content/LPSDeluxe2TropicalEnvironment/LPSD2_Meshes/Mountain/SM_CliffSide_1_.uasset" 5647
"D:/GitHub/CutyKiller/GAME FOLDER/Content/LPSDeluxe2TropicalEnvironment/LPSD2_Meshes/Mountain/SM_CliffTop_1.uasset" 5648
"D:/GitHub/CutyKiller/GAME FOLDER/Content/LPSDeluxe2TropicalEnvironment/LPSD2_Meshes/Mountain/SM_CliffSide_5.uasset" 5649
"D:/GitHub/CutyKiller/GAME FOLDER/Content/LPSDeluxe2TropicalEnvironment/LPSD2_Meshes/Platform/SM_RockyPlatform_1.uasset" 5650
"C:/Users/b.lapeze/AppData/Local/UnrealEngine/Common/DerivedDataCache/Buckets/StaticMesh/69/db/67ce590cc68c38895d20f4538a8f60af639b.udd" 5651
"D:/GitHub/CutyKiller/GAME FOLDER/Content/LPSDeluxe2TropicalEnvironment/LPSD2_Meshes/Mountain/SM_TropicMountain_2.uasset" 5652
"C:/Users/b.lapeze/AppData/Local/UnrealEngine/Common/DerivedDataCache/Buckets/StaticMesh/dd/66/50198b69186922fd2c825d44245bdff75f89.udd" 5653
"C:/Users/b.lapeze/AppData/Local/UnrealEngine/Common/DerivedDataCache/Buckets/StaticMesh/74/15/e36325b294c1d1790607521c3ecec655e69d.udd" 5654
"C:/Users/b.lapeze/AppData/Local/UnrealEngine/Common/DerivedDataCache/Buckets/LegacyDIST/09/3c/0817d46bec0928284a572ebd370baa7f0a00.udd" 5655
"C:/Users/b.lapeze/AppData/Local/UnrealEngine/Common/DerivedDataCache/Buckets/LegacyDIST/c7/5b/cf9d0cba9bb694d05f9465c5ed82d246ed47.udd" 5656
"C:/Users/b.lapeze/AppData/Local/UnrealEngine/Common/DerivedDataCache/Buckets/LegacyDIST/8c/6e/54594f884d6decb023f8ce9ad27d0b5fa017.udd" 5657
"C:/Users/b.lapeze/AppData/Local/UnrealEngine/Common/DerivedDataCache/Content/39/e1/c1400d0f324dbc3e534fb636aaeaac1c6308.udd" 5658
"C:/Users/b.lapeze/AppData/Local/UnrealEngine/Common/DerivedDataCache/Content/1c/58/96be5826abad170119b9f5615527603cba46.udd" 5659
"C:/Users/b.lapeze/AppData/Local/UnrealEngine/Common/DerivedDataCache/Content/a5/3d/377afd26c47f0d48b4600711a89e9bc25367.udd" 5660
"C:/Users/b.lapeze/AppData/Local/UnrealEngine/Common/DerivedDataCache/Buckets/LegacyCARD/99/37/57954e2613795a1deb0a99ac765f43721f2a.udd" 5661
"C:/Users/b.lapeze/AppData/Local/UnrealEngine/Common/DerivedDataCache/Buckets/LegacyCARD/8b/5f/d9f433fceac752cd04fd349b413ab9a847c4.udd" 5662
"C:/Users/b.lapeze/AppData/Local/UnrealEngine/Common/DerivedDataCache/Buckets/LegacyCARD/2f/cd/82cc1f09377018114322ff6ce2ac02c5385e.udd" 5663
"C:/Users/b.lapeze/AppData/Local/UnrealEngine/Common/DerivedDataCache/Buckets/LegacyMATSM/c5/56/17f36c7b7ae0622f3bdf579078c9e2c5cefe.udd" 5664
"C:/Users/b.lapeze/AppData/Local/UnrealEngine/Common/DerivedDataCache/Buckets/LegacyChaosGeometryData/98/7c/b66b433097823718fffb68bfc93654ca0b13.udd" 5665
"../../../Engine/Content/EditorResources/LightIcons/S_LightError.uasset" 5666
"C:/Users/b.lapeze/AppData/Local/UnrealEngine/Common/DerivedDataCache/Buckets/LegacyChaosGeometryData/3c/0f/cbd129b1ed7b70d66b4cae40be1a085807ee.udd" 5667
"C:/Users/b.lapeze/AppData/Local/UnrealEngine/Common/DerivedDataCache/Buckets/LegacyChaosGeometryData/2d/3b/0daef42ebe3243e666593f6a00c30375d9e5.udd" 5668
"C:/Users/b.lapeze/AppData/Local/UnrealEngine/Common/DerivedDataCache/Buckets/LegacyNavCollision/ef/4c/1a365e6cf0ab2f406bb9c513d6137131a5c1.udd" 5669
"C:/Users/b.lapeze/AppData/Local/UnrealEngine/Common/DerivedDataCache/Buckets/LegacyNavCollision/0e/61/dfb8d5ef1cdc945d84251f8059b1ce35d12e.udd" 5670
"C:/Users/b.lapeze/AppData/Local/UnrealEngine/Common/DerivedDataCache/Buckets/LegacyNavCollision/60/ce/2ab8d23800f749fe6ca938b329d86de9bffd.udd" 5671
"../../../Engine/Content/EditorResources/AudioIcons/S_AudioComponent_AutoActivate.uasset" 5672
"C:/Users/b.lapeze/AppData/Local/UnrealEngine/Common/DerivedDataCache/Buckets/StaticMesh/a6/d1/a54c35801cd1fd91556a89005c66a8a57f1f.udd" 5673
"C:/Users/b.lapeze/AppData/Local/UnrealEngine/Common/DerivedDataCache/Buckets/StaticMesh/ae/54/ea76fbf3cbda831e8207a46b6c7e3399b0aa.udd" 5674
"C:/Users/b.lapeze/AppData/Local/UnrealEngine/Common/DerivedDataCache/Buckets/StaticMesh/63/0c/3d92d508eca340eda1838d9b7b534b635657.udd" 5675
"C:/Users/b.lapeze/AppData/Local/UnrealEngine/Common/DerivedDataCache/Buckets/StaticMesh/0b/d5/b536ca0a89c10cd5574c9d47771c9081d874.udd" 5676
"C:/Users/b.lapeze/AppData/Local/UnrealEngine/Common/DerivedDataCache/Buckets/LegacyDIST/48/e2/059f2770f7233d6f1e64a5f0f32b4372e3b8.udd" 5677
"C:/Users/b.lapeze/AppData/Local/UnrealEngine/Common/DerivedDataCache/Buckets/LegacyDIST/d2/2b/3effcd51e7fbe707d84471fb57ca0df1d5c9.udd" 5678
"C:/Users/b.lapeze/AppData/Local/UnrealEngine/Common/DerivedDataCache/Buckets/LegacyDIST/a7/e5/bbb196d799af4d74511ea8ef28dc3a550583.udd" 5679
"C:/Users/b.lapeze/AppData/Local/UnrealEngine/Common/DerivedDataCache/Buckets/LegacyDIST/b5/d4/e9cfa9b89db246a3577a854dfc27bf3cbfcf.udd" 5680
"C:/Users/b.lapeze/AppData/Local/UnrealEngine/Common/DerivedDataCache/Content/af/4b/6b3835bbabdefa3b3594ec148be322690977.udd" 5681
"D:/GitHub/CutyKiller/GAME FOLDER/Content/LPSDeluxe2TropicalEnvironment/LPSD2_Materials/SpecialMaterials/2SidedMaterials/M_2Side_White.uasset" 5682
"C:/Users/b.lapeze/AppData/Local/UnrealEngine/Common/DerivedDataCache/Buckets/LegacyCARD/8f/6a/89903fd1f7d972711d7ea5fa7f6c989a47a7.udd" 5683
"C:/Users/b.lapeze/AppData/Local/UnrealEngine/Common/DerivedDataCache/Buckets/LegacyCARD/ae/7c/86c121301e4209944fcc0acb7f3848833796.udd" 5684
"C:/Users/b.lapeze/AppData/Local/UnrealEngine/Common/DerivedDataCache/Buckets/LegacyCARD/3e/20/a6776520bc96f3e2ad787b02b2fc051afd16.udd" 5685
"C:/Users/b.lapeze/AppData/Local/UnrealEngine/Common/DerivedDataCache/Buckets/LegacyChaosGeometryData/17/15/fae29a5d0bf505496a12fd0d46ab2584799d.udd" 5686
"C:/Users/b.lapeze/AppData/Local/UnrealEngine/Common/DerivedDataCache/Buckets/LegacyCARD/56/be/b7a3932e4d719673c5fc1ee4e49544c9ee32.udd" 5687
"C:/Users/b.lapeze/AppData/Local/UnrealEngine/Common/DerivedDataCache/Buckets/LegacyNavCollision/0b/ba/90da93ce607d27e7fa5feb8bf33f9e25e119.udd" 5688
"C:/Users/b.lapeze/AppData/Local/UnrealEngine/Common/DerivedDataCache/Buckets/LegacyChaosGeometryData/2b/90/a173281241f551e385db688292043e1053aa.udd" 5689
"C:/Users/b.lapeze/AppData/Local/UnrealEngine/Common/DerivedDataCache/Buckets/LegacyChaosGeometryData/0e/a9/c1ac030b71c573b17f39a0ae743c1fc5eb83.udd" 5690
"D:/GitHub/CutyKiller/GAME FOLDER/Content/LPSDeluxe2TropicalEnvironment/LPSD2_Materials/SpecialMaterials/2SidedMaterials/MI_2Side_TropicBlue.uasset" 5691
"C:/Users/b.lapeze/AppData/Local/UnrealEngine/Common/DerivedDataCache/Buckets/LegacyNavCollision/43/a5/3a12ea85f5a346fd3d2f3f38edca320e1863.udd" 5692
"C:/Users/b.lapeze/AppData/Local/UnrealEngine/Common/DerivedDataCache/Buckets/LegacyChaosGeometryData/2c/1e/6bb58a13eb7504dcb760712cda81524cf406.udd" 5693
"D:/GitHub/CutyKiller/GAME FOLDER/Content/LPSDeluxe2TropicalEnvironment/LPSD2_Materials/SpecialMaterials/2SidedMaterials/MI_2Side_Purple.uasset" 5694
"C:/Users/b.lapeze/AppData/Local/UnrealEngine/Common/DerivedDataCache/Buckets/LegacyNavCollision/08/29/2a9442a040e7a3fde758381f64c9c50fed4e.udd" 5695
"C:/Users/b.lapeze/AppData/Local/UnrealEngine/Common/DerivedDataCache/Buckets/LegacyNavCollision/46/46/c92572914645673fdbdd8505681b9f29371a.udd" 5696
"D:/GitHub/CutyKiller/GAME FOLDER/Content/LPSDeluxe2TropicalEnvironment/LPSD2_Materials/SpecialMaterials/2SidedMaterials/MI_2Side_LightBrown_2.uasset" 5697
"D:/GitHub/CutyKiller/GAME FOLDER/Content/LPSDeluxe2TropicalEnvironment/LPSD2_Materials/SpecialMaterials/2SidedMaterials/MI_2Side_Lime.uasset" 5698
"D:/GitHub/CutyKiller/GAME FOLDER/Content/LPSDeluxe2TropicalEnvironment/LPSD2_Materials/SpecialMaterials/2SidedMaterials/MI_2Side_OffWhite.uasset" 5699
"D:/GitHub/CutyKiller/GAME FOLDER/Content/LPSDeluxe2TropicalEnvironment/LPSD2_Materials/SpecialMaterials/2SidedMaterials/MI_2Side_LightBrown.uasset" 5700
"../../../../../../GitHub/CutyKiller/GAME FOLDER/Content/LPSDeluxe2TropicalEnvironment/LPSD2_Meshes/Volcano/SM_LavaFlow_1.uasset" 5701
"../../../../../../GitHub/CutyKiller/GAME FOLDER/Content/LPSDeluxe2TropicalEnvironment/LPSD2_Meshes/Volcano/SM_LavaCave_3.uasset" 5702
"../../../../../../GitHub/CutyKiller/GAME FOLDER/Content/LPSDeluxe2TropicalEnvironment/LPSD2_Meshes/Volcano/SM_LavaCave_2.uasset" 5703
"D:/GitHub/CutyKiller/GAME FOLDER/Content/LPSDeluxe2TropicalEnvironment/LPSD2_Materials/SpecialMaterials/2SidedMaterials/MI_2Side_Red.uasset" 5704
"D:/GitHub/CutyKiller/GAME FOLDER/Content/LPSDeluxe2TropicalEnvironment/LPSD2_Materials/SpecialMaterials/2SidedMaterials/MI_2Side_HotPink.uasset" 5705
"../../../../../../GitHub/CutyKiller/GAME FOLDER/Content/LPSDeluxe2TropicalEnvironment/LPSD2_Meshes/Volcano/SM_LavaCave_1.uasset" 5706
"D:/GitHub/CutyKiller/GAME FOLDER/Content/LPSDeluxe2TropicalEnvironment/LPSD2_Materials/SpecialMaterials/2SidedMaterials/MI_2Side_Green.uasset" 5707
"D:/GitHub/CutyKiller/GAME FOLDER/Content/LPSDeluxe2TropicalEnvironment/LPSD2_Materials/SpecialMaterials/2SidedMaterials/MI_2Side_Green_3.uasset" 5708
"../../../../../../GitHub/CutyKiller/GAME FOLDER/Content/LPSDeluxe2TropicalEnvironment/LPSD2_Meshes/Platform/SM_PlatformTall_1.uasset" 5709
"D:/GitHub/CutyKiller/GAME FOLDER/Content/LPSDeluxe2TropicalEnvironment/LPSD2_Materials/SpecialMaterials/2SidedMaterials/MI_2Side_Green_4.uasset" 5710
"D:/GitHub/CutyKiller/GAME FOLDER/Content/LPSDeluxe2TropicalEnvironment/LPSD2_Materials/SpecialMaterials/2SidedMaterials/MI_2Side_DarkPurple.uasset" 5711
"C:/Users/b.lapeze/AppData/Local/UnrealEngine/Common/DerivedDataCache/Buckets/StaticMesh/5c/07/ef7c1eb11ab70a2d821fb444c395696ed325.udd" 5712
"../../../../../../GitHub/CutyKiller/GAME FOLDER/Content/LPSDeluxe2TropicalEnvironment/LPSD2_Meshes/Platform/SM_RockyPlatform_1.uasset" 5713
"D:/GitHub/CutyKiller/GAME FOLDER/Content/LPSDeluxe2TropicalEnvironment/LPSD2_Materials/SpecialMaterials/2SidedMaterials/MI_2Side_Green_5.uasset" 5714
"../../../../../../GitHub/CutyKiller/GAME FOLDER/Content/LPSDeluxe2TropicalEnvironment/LPSD2_Meshes/Mountain/SM_TropicMountain_5.uasset" 5715
"C:/Users/b.lapeze/AppData/Local/UnrealEngine/Common/DerivedDataCache/Buckets/LegacyDIST/cc/e2/96d8f4f963c4af42a914bc86392f1f6bf7f7.udd" 5716
"C:/Users/b.lapeze/AppData/Local/UnrealEngine/Common/DerivedDataCache/Buckets/StaticMesh/25/0b/309f65e78b005b6a0cd9e741715b52929d78.udd" 5717
"C:/Users/b.lapeze/AppData/Local/UnrealEngine/Common/DerivedDataCache/Buckets/StaticMesh/e5/37/0a4d92a0e5511b74a91b98fc6df69b74e975.udd" 5718
"C:/Users/b.lapeze/AppData/Local/UnrealEngine/Common/DerivedDataCache/Buckets/StaticMesh/89/12/56dd6e74ad096c8228248259d5954828ab49.udd" 5719
"D:/GitHub/CutyKiller/GAME FOLDER/Content/LPSDeluxe2TropicalEnvironment/LPSD2_Materials/SpecialMaterials/2SidedMaterials/MI_2Side_Coconut.uasset" 5720
"D:/GitHub/CutyKiller/GAME FOLDER/Content/LPSDeluxe2TropicalEnvironment/LPSD2_Materials/SpecialMaterials/2SidedMaterials/MI_2Side_Green_2.uasset" 5721
"C:/Users/b.lapeze/AppData/Local/UnrealEngine/Common/DerivedDataCache/Buckets/StaticMesh/34/0e/b6168b41821a439d9a84df0857850edd3cf5.udd" 5722
"C:/Users/b.lapeze/AppData/Local/UnrealEngine/Common/DerivedDataCache/Buckets/LegacyCARD/56/da/8e0704bf0135cf6d0b4c7278da5307716614.udd" 5723
"C:/Users/b.lapeze/AppData/Local/UnrealEngine/Common/DerivedDataCache/Buckets/LegacyDIST/4a/d9/a274d033db42bfef34705bc7afa64252c2f1.udd" 5724
"C:/Users/b.lapeze/AppData/Local/UnrealEngine/Common/DerivedDataCache/Buckets/LegacyDIST/ba/2f/86aa79985120362767c2af64ee9196ebb531.udd" 5725
"C:/Users/b.lapeze/AppData/Local/UnrealEngine/Common/DerivedDataCache/Buckets/LegacyDIST/11/86/dc7bf64c74e168114041e914d918697bd92d.udd" 5726
"C:/Users/b.lapeze/AppData/Local/UnrealEngine/Common/DerivedDataCache/Buckets/LegacyDIST/43/6f/241622c7e5ae6c8b19dc14759363b42285b2.udd" 5727
"C:/Users/b.lapeze/AppData/Local/UnrealEngine/Common/DerivedDataCache/Buckets/LegacyChaosGeometryData/9f/8e/3bc4ca0bd9f4ed0d09b143e08273d8fbabd0.udd" 5728
"C:/Users/b.lapeze/AppData/Local/UnrealEngine/Common/DerivedDataCache/Buckets/LegacyCARD/f9/9b/ac31eec430f277ad26f292a4776edfa35cd1.udd" 5729
"C:/Users/b.lapeze/AppData/Local/UnrealEngine/Common/DerivedDataCache/Content/82/80/d6d09e44ea369e38a29303033b21b0ca277d.udd" 5730
"C:/Users/b.lapeze/AppData/Local/UnrealEngine/Common/DerivedDataCache/Buckets/LegacyCARD/32/aa/5b1073be2366101ec9070f93b6e3ae813c06.udd" 5731
"C:/Users/b.lapeze/AppData/Local/UnrealEngine/Common/DerivedDataCache/Buckets/LegacyCARD/5d/07/2214b2859f57ad7b9d60adc986701b816f56.udd" 5732
"C:/Users/b.lapeze/AppData/Local/UnrealEngine/Common/DerivedDataCache/Buckets/LegacyNavCollision/d6/de/e7d58eaa207a8a1141c6559781c838a5a4ad.udd" 5733
"../../../../../../GitHub/CutyKiller/GAME FOLDER/Content/LPSDeluxe2TropicalEnvironment/LPSD2_Meshes/Mountain/SM_TropicMountain_4.uasset" 5734
"C:/Users/b.lapeze/AppData/Local/UnrealEngine/Common/DerivedDataCache/Buckets/LegacyChaosGeometryData/3c/9c/6b9e58476f850c029949fb11f168835477f1.udd" 5735
"C:/Users/b.lapeze/AppData/Local/UnrealEngine/Common/DerivedDataCache/Buckets/LegacyCARD/8c/27/f49c4d48ec5c99c6aab4019b93cc6523f807.udd" 5736
"C:/Users/b.lapeze/AppData/Local/UnrealEngine/Common/DerivedDataCache/Buckets/LegacyChaosGeometryData/eb/15/ffd7ade1c189b8c159fc8cdbd6aea268207e.udd" 5737
"C:/Users/b.lapeze/AppData/Local/UnrealEngine/Common/DerivedDataCache/Buckets/StaticMesh/19/94/6d9e40e0c52fd0a7c837d0c0515ded8bc2f9.udd" 5738
"C:/Users/b.lapeze/AppData/Local/UnrealEngine/Common/DerivedDataCache/Buckets/LegacyChaosGeometryData/21/af/8e34e7370bdfb40e4f20147cbe82eb6387e0.udd" 5739
"C:/Users/b.lapeze/AppData/Local/UnrealEngine/Common/DerivedDataCache/Buckets/LegacyChaosGeometryData/42/57/aeffb20c499a8e849b4ef7785d80e0f49c9e.udd" 5740
"C:/Users/b.lapeze/AppData/Local/UnrealEngine/Common/DerivedDataCache/Buckets/LegacyNavCollision/03/cf/1f1b527ae19ef5eec35aa5c5890a11f0308b.udd" 5741
"../../../../../../GitHub/CutyKiller/GAME FOLDER/Content/LPSDeluxe2TropicalEnvironment/LPSD2_Meshes/Mountain/SM_TropicMountain_3.uasset" 5742
"C:/Users/b.lapeze/AppData/Local/UnrealEngine/Common/DerivedDataCache/Buckets/LegacyNavCollision/86/16/982dba4a7f42c873c5c086c8d19301de0e92.udd" 5743
"../../../../../../GitHub/CutyKiller/GAME FOLDER/Content/LPSDeluxe2TropicalEnvironment/LPSD2_Meshes/Mountain/SM_TropicMountain_2.uasset" 5744
"C:/Users/b.lapeze/AppData/Local/UnrealEngine/Common/DerivedDataCache/Buckets/LegacyDIST/46/ef/90b439ec46295332390d23a7d9656ccd4556.udd" 5745
"C:/Users/b.lapeze/AppData/Local/UnrealEngine/Common/DerivedDataCache/Buckets/LegacyNavCollision/82/cd/bf2bd37d9061f5f2c4d5e8c0351e0e279740.udd" 5746
"C:/Users/b.lapeze/AppData/Local/UnrealEngine/Common/DerivedDataCache/Buckets/StaticMesh/b3/cc/742196f880a4c73b305db399a1295e8b6b69.udd" 5747
"C:/Users/b.lapeze/AppData/Local/UnrealEngine/Common/DerivedDataCache/Buckets/LegacyNavCollision/c2/60/ce5291a6b326d208ca642f674d8dbb93f958.udd" 5748
"../../../../../../GitHub/CutyKiller/GAME FOLDER/Content/LPSDeluxe2TropicalEnvironment/LPSD2_Meshes/Mountain/SM_TropicMountain_1.uasset" 5749
"C:/Users/b.lapeze/AppData/Local/UnrealEngine/Common/DerivedDataCache/Content/0d/2d/a02489f51ad157920b9a2d617011bcf2deb7.udd" 5750
"../../../../../../GitHub/CutyKiller/GAME FOLDER/Content/LPSDeluxe2TropicalEnvironment/LPSD2_Meshes/Mountain/SM_CliffTop_2.uasset" 5751
"C:/Users/b.lapeze/AppData/Local/UnrealEngine/Common/DerivedDataCache/Buckets/StaticMesh/7c/b4/796a3e147b8294de228386b4eeeb6bcafeb0.udd" 5752
"C:/Users/b.lapeze/AppData/Local/UnrealEngine/Common/DerivedDataCache/Buckets/LegacyDIST/62/82/81a9182db054a880fa9c1b75d1870780e996.udd" 5753
"C:/Users/b.lapeze/AppData/Local/UnrealEngine/Common/DerivedDataCache/Buckets/StaticMesh/1b/bb/3b93f77c628f0592fa86fde7cda57f051f60.udd" 5754
"C:/Users/b.lapeze/AppData/Local/UnrealEngine/Common/DerivedDataCache/Buckets/StaticMesh/de/b2/84b486fc003f286b0282f644c1bc7f3f4a02.udd" 5755
"D:/GitHub/CutyKiller/GAME FOLDER/Content/LPSDeluxe2TropicalEnvironment/LPSD2_Materials/SpecialMaterials/2SidedMaterials/MI_2Side_Black.uasset" 5756
"D:/GitHub/CutyKiller/GAME FOLDER/Content/LPSDeluxe2TropicalEnvironment/LPSD2_Materials/SpecialMaterials/2SidedMaterials/MI_2Side_Brown.uasset" 5757
"C:/Users/b.lapeze/AppData/Local/UnrealEngine/Common/DerivedDataCache/Buckets/LegacyDIST/3a/51/1abe602b9d4e993e2c29402b8991bb2a6c9e.udd" 5758
"C:/Users/b.lapeze/AppData/Local/UnrealEngine/Common/DerivedDataCache/Buckets/LegacyCARD/29/7c/41d19314321f3dbef0b5cbe2da960c141ec9.udd" 5759
"C:/Users/b.lapeze/AppData/Local/UnrealEngine/Common/DerivedDataCache/Content/5f/00/69086d0953329e3ec7420be75c9c92a8c5de.udd" 5760
"C:/Users/b.lapeze/AppData/Local/UnrealEngine/Common/DerivedDataCache/Buckets/LegacyDIST/92/e5/db3753caa03c16d6f2308d8a00d29cd79e04.udd" 5761
"D:/GitHub/CutyKiller/GAME FOLDER/Content/LPSDeluxe2TropicalEnvironment/LPSD2_Materials/SpecialMaterials/2SidedMaterials/MI_2Side_BrightOrange.uasset" 5762
"C:/Users/b.lapeze/AppData/Local/UnrealEngine/Common/DerivedDataCache/Buckets/LegacyDIST/f5/02/3e626148811c7530e402fc60dfa8386401bc.udd" 5763
"C:/Users/b.lapeze/AppData/Local/UnrealEngine/Common/DerivedDataCache/Content/e7/85/444f53ee5743dfbc8baff76e31e203c6f1fe.udd" 5764
"C:/Users/b.lapeze/AppData/Local/UnrealEngine/Common/DerivedDataCache/Buckets/LegacyChaosGeometryData/3f/1b/03b06934d7ea961bb2cf9b856ceef6712a68.udd" 5765
"D:/GitHub/CutyKiller/GAME FOLDER/Content/LPSDeluxe2TropicalEnvironment/LPSD2_Materials/Materials/Master_Color_Instances/MI_Metal_Iron.uasset" 5766
"C:/Users/b.lapeze/AppData/Local/UnrealEngine/Common/DerivedDataCache/Content/49/8d/da1ffccc3bef04044f9a6f21eb238dd5b7da.udd" 5767
"C:/Users/b.lapeze/AppData/Local/UnrealEngine/Common/DerivedDataCache/Buckets/LegacyCARD/ec/84/93f89e2499e91484fc1c504870f67d3bc815.udd" 5768
"C:/Users/b.lapeze/AppData/Local/UnrealEngine/Common/DerivedDataCache/Content/c8/3b/a22ca6965f7576b264869695ccc331758b0f.udd" 5769
"C:/Users/b.lapeze/AppData/Local/UnrealEngine/Common/DerivedDataCache/Buckets/LegacyCARD/c6/33/3c490df88637447e5b5142a5083af38f46bf.udd" 5770
"C:/Users/b.lapeze/AppData/Local/UnrealEngine/Common/DerivedDataCache/Buckets/LegacyNavCollision/0f/b3/95ef760d7085cb168e3f44b7631cce1820bc.udd" 5771
"../../../../../../GitHub/CutyKiller/GAME FOLDER/Content/LPSDeluxe2TropicalEnvironment/LPSD2_Meshes/Mountain/SM_CliffTop_1.uasset" 5772
"C:/Users/b.lapeze/AppData/Local/UnrealEngine/Common/DerivedDataCache/Buckets/LegacyChaosGeometryData/d1/f2/a4b3772ba31e0b57c09503dcefa3d49ec62f.udd" 5773
"C:/Users/b.lapeze/AppData/Local/UnrealEngine/Common/DerivedDataCache/Buckets/LegacyCARD/42/b8/f8d3f76d651dafee52bb405b708664fe698c.udd" 5774
"C:/Users/b.lapeze/AppData/Local/UnrealEngine/Common/DerivedDataCache/Buckets/LegacyCARD/ca/80/25793216fa4caf780986f22dd912ec1a15b9.udd" 5775
"C:/Users/b.lapeze/AppData/Local/UnrealEngine/Common/DerivedDataCache/Buckets/LegacyChaosGeometryData/93/3b/00a4fd257e35ab134d7adcbcc55028ea731a.udd" 5776
"C:/Users/b.lapeze/AppData/Local/UnrealEngine/Common/DerivedDataCache/Buckets/LegacyNavCollision/aa/ff/34ed707183f0651d89e754ac912ac4961474.udd" 5777
"../../../../../../GitHub/CutyKiller/GAME FOLDER/Content/LPSDeluxe2TropicalEnvironment/LPSD2_Meshes/Mountain/SM_CliffSide_5.uasset" 5778
"C:/Users/b.lapeze/AppData/Local/UnrealEngine/Common/DerivedDataCache/Buckets/LegacyChaosGeometryData/c9/9f/072d2600aa68f3e061e6410efe05fe7b9832.udd" 5779
"C:/Users/b.lapeze/AppData/Local/UnrealEngine/Common/DerivedDataCache/Buckets/LegacyChaosGeometryData/1e/4f/49b89c134f54576b0f5bf9a667a36e33ec32.udd" 5780
"C:/Users/b.lapeze/AppData/Local/UnrealEngine/Common/DerivedDataCache/Buckets/LegacyNavCollision/36/a4/6fc8429af8264e399ae7d35064535571b83f.udd" 5781
"C:/Users/b.lapeze/AppData/Local/UnrealEngine/Common/DerivedDataCache/Buckets/LegacyNavCollision/a9/59/4e80835a5c5c63104f570678e23a8b0732c6.udd" 5782
"C:/Users/b.lapeze/AppData/Local/UnrealEngine/Common/DerivedDataCache/Buckets/LegacyNavCollision/8d/84/b3b5495b1f6fd95d80510f5c278ef69de724.udd" 5783
"../../../../../../GitHub/CutyKiller/GAME FOLDER/Content/LPSDeluxe2TropicalEnvironment/LPSD2_Meshes/Mountain/SM_CliffSide_4.uasset" 5784
"../../../../../../GitHub/CutyKiller/GAME FOLDER/Content/LPSDeluxe2TropicalEnvironment/LPSD2_Meshes/Mountain/SM_CliffSide_3.uasset" 5785
"../../../../../../GitHub/CutyKiller/GAME FOLDER/Content/LPSDeluxe2TropicalEnvironment/LPSD2_Meshes/Mountain/SM_CliffSide_2.uasset" 5786
"D:/GitHub/CutyKiller/GAME FOLDER/Content/LPSDeluxe2TropicalEnvironment/LPSD2_Materials/Materials/Master_Color_Instances/MI_Metal_Gold.uasset" 5787
"D:/GitHub/CutyKiller/GAME FOLDER/Content/LPSDeluxe2TropicalEnvironment/LPSD2_Materials/Materials/Master_Color_Instances/MI_Metal_Silver.uasset" 5788
"C:/Users/b.lapeze/AppData/Local/UnrealEngine/Common/DerivedDataCache/Buckets/StaticMesh/2b/77/d3684cc62c45014da4975c66c0259fd235ca.udd" 5789
"C:/Users/b.lapeze/AppData/Local/UnrealEngine/Common/DerivedDataCache/Buckets/LegacyDIST/1c/0e/7653b991aeddb6eb4ffd4b43cb301c16cb70.udd" 5790
"D:/GitHub/CutyKiller/GAME FOLDER/Content/LPSDeluxe2TropicalEnvironment/LPSD2_Materials/Materials/Master_Color_Instances/MI_Metal_Steel.uasset" 5791
"D:/GitHub/CutyKiller/GAME FOLDER/Content/LPSDeluxe2TropicalEnvironment/LPSD2_Materials/Materials/Master_Color_Instances/MI_Metal_Brass.uasset" 5792
"D:/GitHub/CutyKiller/GAME FOLDER/Content/LPSDeluxe2TropicalEnvironment/LPSD2_Materials/Materials/Master_Color_Instances/MI_Metal_Bronze.uasset" 5793
"D:/GitHub/CutyKiller/GAME FOLDER/Content/LPSDeluxe2TropicalEnvironment/LPSD2_Materials/Materials/Master_Color_Instances/MI_Metal_Copper.uasset" 5794
"D:/GitHub/CutyKiller/GAME FOLDER/Content/LPSDeluxe2TropicalEnvironment/LPSD2_Materials/Materials/Master_Color_Instances/MI_Metal_Aluminum.uasset" 5795
"C:/Users/b.lapeze/AppData/Local/UnrealEngine/Common/DerivedDataCache/Content/9e/65/78d62ead4c5e8e8a5335888bb4fe9cf3b4f6.udd" 5796
"D:/GitHub/CutyKiller/GAME FOLDER/Content/LPSDeluxe2TropicalEnvironment/LPSD2_Materials/Materials/Master_Color_Instances/MI_Glow_Yellow.uasset" 5797
"D:/GitHub/CutyKiller/GAME FOLDER/Content/LPSDeluxe2TropicalEnvironment/LPSD2_Materials/Materials/Master_Color_Instances/MI_Glow_Sky.uasset" 5798
"D:/GitHub/CutyKiller/GAME FOLDER/Content/LPSDeluxe2TropicalEnvironment/LPSD2_Materials/Materials/Master_Color_Instances/MI_Glow_White.uasset" 5799
"D:/GitHub/CutyKiller/GAME FOLDER/Content/LPSDeluxe2TropicalEnvironment/LPSD2_Materials/Materials/Master_Color_Instances/MI_Glow_Orange.uasset" 5800
"C:/Users/b.lapeze/AppData/Local/UnrealEngine/Common/DerivedDataCache/Buckets/LegacyCARD/7b/15/eca206069771d3d1d87174508b334d70f3ef.udd" 5801
"C:/Users/b.lapeze/AppData/Local/UnrealEngine/Common/DerivedDataCache/Buckets/LegacyChaosGeometryData/8c/f6/a002845989e2dfedddbb6bc5049d4e5184d4.udd" 5802
"C:/Users/b.lapeze/AppData/Local/UnrealEngine/Common/DerivedDataCache/Buckets/LegacyNavCollision/40/2d/772ac0272e4474fdca2f13123819c1032814.udd" 5803
"../../../../../../GitHub/CutyKiller/GAME FOLDER/Content/LPSDeluxe2TropicalEnvironment/LPSD2_Meshes/Mountain/SM_CliffSide_1_.uasset" 5804
"C:/Users/b.lapeze/AppData/Local/UnrealEngine/Common/DerivedDataCache/Buckets/LegacyMATSM/4c/26/765c12caea69d208e79f18362f9790794085.udd" 5805
"D:/GitHub/CutyKiller/GAME FOLDER/Content/LPSDeluxe2TropicalEnvironment/LPSD2_Materials/Materials/Master_Color_Instances/MI_Glow_Lava_2.uasset" 5806
"D:/GitHub/CutyKiller/GAME FOLDER/Content/LPSDeluxe2TropicalEnvironment/LPSD2_Materials/Materials/Master_Color_Instances/MI_Glow_Blue.uasset" 5807
"D:/GitHub/CutyKiller/GAME FOLDER/Content/LPSDeluxe2TropicalEnvironment/LPSD2_Materials/Materials/Master_Color_Instances/MI_Glow_Lava.uasset" 5808
"D:/GitHub/CutyKiller/GAME FOLDER/Content/LPSDeluxe2TropicalEnvironment/LPSD2_Materials/Materials/Master_Color_Instances/MI_Glow_Cloud.uasset" 5809
"D:/GitHub/CutyKiller/GAME FOLDER/Content/LPSDeluxe2TropicalEnvironment/LPSD2_Materials/Materials/Master_Color_Instances/MI_Gem_Turquoise.uasset" 5810
"D:/GitHub/CutyKiller/GAME FOLDER/Content/LPSDeluxe2TropicalEnvironment/LPSD2_Materials/Materials/Master_Color_Instances/MI_Gem_Emerald.uasset" 5811
"D:/GitHub/CutyKiller/GAME FOLDER/Content/LPSDeluxe2TropicalEnvironment/LPSD2_Materials/Materials/Master_Color_Instances/MI_Color_TropicBlue.uasset" 5812
"D:/GitHub/CutyKiller/GAME FOLDER/Content/LPSDeluxe2TropicalEnvironment/LPSD2_Materials/Materials/Master_Color_Instances/MI_Color_White.uasset" 5813
"D:/GitHub/CutyKiller/GAME FOLDER/Content/LPSDeluxe2TropicalEnvironment/LPSD2_Materials/Materials/Master_Color_Instances/MI_Gem_Amethyst.uasset" 5814
"D:/GitHub/CutyKiller/GAME FOLDER/Content/LPSDeluxe2TropicalEnvironment/LPSD2_Materials/Materials/Master_Color_Instances/MI_Color_Tawny.uasset" 5815
"D:/GitHub/CutyKiller/GAME FOLDER/Content/LPSDeluxe2TropicalEnvironment/LPSD2_Materials/Materials/Master_Color_Instances/MI_Gem_Ruby.uasset" 5816
"D:/GitHub/CutyKiller/GAME FOLDER/Content/LPSDeluxe2TropicalEnvironment/LPSD2_Materials/Materials/Master_Color_Instances/MI_Gem_LightAmethyst.uasset" 5817
"D:/GitHub/CutyKiller/GAME FOLDER/Content/LPSDeluxe2TropicalEnvironment/LPSD2_Materials/Materials/Master_Color_Instances/MI_Color_Yellow.uasset" 5818
"D:/GitHub/CutyKiller/GAME FOLDER/Content/LPSDeluxe2TropicalEnvironment/LPSD2_Materials/Materials/Master_Color_Instances/MI_Gem_Quartz.uasset" 5819
"D:/GitHub/CutyKiller/GAME FOLDER/Content/LPSDeluxe2TropicalEnvironment/LPSD2_Materials/Materials/Master_Color_Instances/MI_Gem_Sapphire.uasset" 5820
"D:/GitHub/CutyKiller/GAME FOLDER/Content/LPSDeluxe2TropicalEnvironment/LPSD2_Materials/Materials/Master_Color_Instances/MI_Color_Shamrock.uasset" 5821
"D:/GitHub/CutyKiller/GAME FOLDER/Content/LPSDeluxe2TropicalEnvironment/LPSD2_Materials/Materials/Master_Color_Instances/MI_Color_Sky.uasset" 5822
"D:/GitHub/CutyKiller/GAME FOLDER/Content/LPSDeluxe2TropicalEnvironment/LPSD2_Materials/Materials/Master_Color_Instances/MI_Color_Pink.uasset" 5823
"D:/GitHub/CutyKiller/GAME FOLDER/Content/LPSDeluxe2TropicalEnvironment/LPSD2_Materials/Materials/Master_Color_Instances/MI_Color_Pewter.uasset" 5824
"D:/GitHub/CutyKiller/GAME FOLDER/Content/LPSDeluxe2TropicalEnvironment/LPSD2_Materials/Materials/Master_Color_Instances/MI_Color_Ocean.uasset" 5825
"D:/GitHub/CutyKiller/GAME FOLDER/Content/LPSDeluxe2TropicalEnvironment/LPSD2_Materials/Materials/Master_Color_Instances/MI_Color_Purple.uasset" 5826
"D:/GitHub/CutyKiller/GAME FOLDER/Content/LPSDeluxe2TropicalEnvironment/LPSD2_Materials/Materials/Master_Color_Instances/MI_Color_Red.uasset" 5827
"D:/GitHub/CutyKiller/GAME FOLDER/Content/LPSDeluxe2TropicalEnvironment/LPSD2_Materials/Materials/Master_Color_Instances/MI_Color_Pine.uasset" 5828
"D:/GitHub/CutyKiller/GAME FOLDER/Content/LPSDeluxe2TropicalEnvironment/LPSD2_Materials/Materials/Master_Color_Instances/MI_Color_Lime.uasset" 5829
"D:/GitHub/CutyKiller/GAME FOLDER/Content/LPSDeluxe2TropicalEnvironment/LPSD2_Materials/Materials/Master_Color_Instances/MI_Color_Navy.uasset" 5830
"D:/GitHub/CutyKiller/GAME FOLDER/Content/LPSDeluxe2TropicalEnvironment/LPSD2_Materials/Materials/Master_Color_Instances/MI_Color_Oak.uasset" 5831
"D:/GitHub/CutyKiller/GAME FOLDER/Content/LPSDeluxe2TropicalEnvironment/LPSD2_Materials/Materials/Master_Color_Instances/MI_Color_Gray.uasset" 5832
"D:/GitHub/CutyKiller/GAME FOLDER/Content/LPSDeluxe2TropicalEnvironment/LPSD2_Materials/Materials/Master_Color_Instances/MI_Color_Green.uasset" 5833
"D:/GitHub/CutyKiller/GAME FOLDER/Content/LPSDeluxe2TropicalEnvironment/LPSD2_Materials/Materials/Master_Color_Instances/MI_Color_Coral.uasset" 5834
"D:/GitHub/CutyKiller/GAME FOLDER/Content/LPSDeluxe2TropicalEnvironment/LPSD2_Materials/Materials/Master_Color_Instances/MI_Color_Forest.uasset" 5835
"D:/GitHub/CutyKiller/GAME FOLDER/Content/LPSDeluxe2TropicalEnvironment/LPSD2_Materials/Materials/Master_Color_Instances/MI_Color_CreamOrange.uasset" 5836
"D:/GitHub/CutyKiller/GAME FOLDER/Content/LPSDeluxe2TropicalEnvironment/LPSD2_Materials/Materials/Master_Color_Instances/MI_Color_Clay.uasset" 5837
"D:/GitHub/CutyKiller/GAME FOLDER/Content/LPSDeluxe2TropicalEnvironment/LPSD2_Materials/Materials/Master_Color_Instances/MI_Color_Charcoal.uasset" 5838
"D:/GitHub/CutyKiller/GAME FOLDER/Content/LPSDeluxe2TropicalEnvironment/LPSD2_Materials/Materials/Master_Color_Instances/MI_Color_Caramel_2.uasset" 5839
"D:/GitHub/CutyKiller/GAME FOLDER/Content/LPSDeluxe2TropicalEnvironment/LPSD2_Materials/Materials/Master_Color_Instances/MI_Color_Canvas.uasset" 5840
"D:/GitHub/CutyKiller/GAME FOLDER/Content/LPSDeluxe2TropicalEnvironment/LPSD2_Materials/Materials/Master_Color_Instances/MI_Color_Caramel.uasset" 5841
"D:/GitHub/CutyKiller/GAME FOLDER/Content/LPSDeluxe2TropicalEnvironment/LPSD2_Materials/Materials/Master_Color_Instances/MI_Color_Caramel_3.uasset" 5842
"D:/GitHub/CutyKiller/GAME FOLDER/Content/LPSDeluxe2TropicalEnvironment/LPSD2_Materials/Materials/Master_Color_Instances/MI_Color_2S_Pine.uasset" 5843
"D:/GitHub/CutyKiller/GAME FOLDER/Content/LPSDeluxe2TropicalEnvironment/LPSD2_Materials/Materials/Master_Color_Instances/MI_Color_BabyBlue.uasset" 5844
"D:/GitHub/CutyKiller/GAME FOLDER/Content/LPSDeluxe2TropicalEnvironment/LPSD2_Materials/Materials/Master_Color_Instances/MI_Color_Bamboo.uasset" 5845
"D:/GitHub/CutyKiller/GAME FOLDER/Content/LPSDeluxe2TropicalEnvironment/LPSD2_Materials/Materials/Master_Color_Instances/MI_Color_BrownGlass.uasset" 5846
"D:/GitHub/CutyKiller/GAME FOLDER/Content/LPSDeluxe2TropicalEnvironment/LPSD2_Materials/Materials/Master_Color_Instances/MI_Color_Black.uasset" 5847
"D:/GitHub/CutyKiller/GAME FOLDER/Content/LPSDeluxe2TropicalEnvironment/LPSD2_Materials/Materials/Master_Color_Instances/MI_Color_Bamboo_2.uasset" 5848
"D:/GitHub/CutyKiller/GAME FOLDER/Content/DONT_USE/LPSDeluxe2TropicalEnvironment/LPSD2_Materials/SpecialMaterials/2ToneMaterials/MI_Mount_Green.uasset" 5849
"D:/GitHub/CutyKiller/GAME FOLDER/Content/DONT_USE/LPSDeluxe2TropicalEnvironment/LPSD2_Materials/SpecialMaterials/2ToneMaterials/MI_Mount_Gray.uasset" 5850
"D:/GitHub/CutyKiller/GAME FOLDER/Content/DONT_USE/LPSDeluxe2TropicalEnvironment/LPSD2_Materials/SpecialMaterials/2ToneMaterials/MI_Mount_Red.uasset" 5851
"D:/GitHub/CutyKiller/GAME FOLDER/Content/DONT_USE/LPSDeluxe2TropicalEnvironment/LPSD2_Materials/SpecialMaterials/2ToneMaterials/MI_Mount_Slate.uasset" 5852
"D:/GitHub/CutyKiller/GAME FOLDER/Content/DONT_USE/LPSDeluxe2TropicalEnvironment/LPSD2_Materials/SpecialMaterials/2ToneMaterials/MI_Mount_Purple.uasset" 5853
"D:/GitHub/CutyKiller/GAME FOLDER/Content/DONT_USE/LPSDeluxe2TropicalEnvironment/LPSD2_Materials/SpecialMaterials/2ToneMaterials/MI_Mount_Tan.uasset" 5854
"D:/GitHub/CutyKiller/GAME FOLDER/Content/DONT_USE/LPSDeluxe2TropicalEnvironment/LPSD2_Materials/SpecialMaterials/2ToneMaterials/MI_Mount_CreamOrange.uasset" 5855
"D:/GitHub/CutyKiller/GAME FOLDER/Content/DONT_USE/LPSDeluxe2TropicalEnvironment/LPSD2_Meshes/Volcano/SM_LavaFlow_1.uasset" 5856
"D:/GitHub/CutyKiller/GAME FOLDER/Content/DONT_USE/LPSDeluxe2TropicalEnvironment/LPSD2_Meshes/Mountain/SM_TropicMountain_2.uasset" 5857
"D:/GitHub/CutyKiller/GAME FOLDER/Content/DONT_USE/LPSDeluxe2TropicalEnvironment/LPSD2_Meshes/Mountain/SM_TropicMountain_4.uasset" 5858
"D:/GitHub/CutyKiller/GAME FOLDER/Content/DONT_USE/LPSDeluxe2TropicalEnvironment/LPSD2_Meshes/Mountain/SM_TropicMountain_3.uasset" 5859
"D:/GitHub/CutyKiller/GAME FOLDER/Content/DONT_USE/LPSDeluxe2TropicalEnvironment/LPSD2_Meshes/Platform/SM_PlatformTall_1.uasset" 5860
"D:/GitHub/CutyKiller/GAME FOLDER/Content/DONT_USE/LPSDeluxe2TropicalEnvironment/LPSD2_Meshes/Platform/SM_RockyPlatform_1.uasset" 5861
"D:/GitHub/CutyKiller/GAME FOLDER/Content/DONT_USE/LPSDeluxe2TropicalEnvironment/LPSD2_Meshes/Volcano/SM_LavaCave_3.uasset" 5862
"D:/GitHub/CutyKiller/GAME FOLDER/Content/DONT_USE/LPSDeluxe2TropicalEnvironment/LPSD2_Meshes/Mountain/SM_TropicMountain_5.uasset" 5863
"D:/GitHub/CutyKiller/GAME FOLDER/Content/DONT_USE/LPSDeluxe2TropicalEnvironment/LPSD2_Meshes/Mountain/SM_TropicMountain_1.uasset" 5864
"D:/GitHub/CutyKiller/GAME FOLDER/Content/DONT_USE/LPSDeluxe2TropicalEnvironment/LPSD2_Meshes/Mountain/SM_CliffTop_1.uasset" 5865
"D:/GitHub/CutyKiller/GAME FOLDER/Content/DONT_USE/LPSDeluxe2TropicalEnvironment/LPSD2_Meshes/Volcano/SM_LavaCave_1.uasset" 5866
"D:/GitHub/CutyKiller/GAME FOLDER/Content/DONT_USE/LPSDeluxe2TropicalEnvironment/LPSD2_Meshes/Volcano/SM_LavaCave_2.uasset" 5867
"D:/GitHub/CutyKiller/GAME FOLDER/Content/DONT_USE/LPSDeluxe2TropicalEnvironment/LPSD2_Meshes/Mountain/SM_CliffSide_5.uasset" 5868
"D:/GitHub/CutyKiller/GAME FOLDER/Content/DONT_USE/LPSDeluxe2TropicalEnvironment/LPSD2_Meshes/Mountain/SM_CliffTop_2.uasset" 5869
"D:/GitHub/CutyKiller/GAME FOLDER/Content/DONT_USE/LPSDeluxe2TropicalEnvironment/LPSD2_Meshes/Mountain/SM_CliffSide_4.uasset" 5870
"D:/GitHub/CutyKiller/GAME FOLDER/Content/DONT_USE/LPSDeluxe2TropicalEnvironment/LPSD2_Meshes/Mountain/SM_CliffSide_3.uasset" 5871
"../../../../../../GitHub/CutyKiller/GAME FOLDER/Content/DONT_USE/LPSDeluxe2TropicalEnvironment/LPSD2_Meshes/Volcano/SM_LavaFlow_1.uasset" 5872
"../../../../../../GitHub/CutyKiller/GAME FOLDER/Content/DONT_USE/LPSDeluxe2TropicalEnvironment/LPSD2_Meshes/Volcano/SM_LavaCave_3.uasset" 5873
"../../../../../../GitHub/CutyKiller/GAME FOLDER/Content/DONT_USE/LPSDeluxe2TropicalEnvironment/LPSD2_Meshes/Volcano/SM_LavaCave_2.uasset" 5874
"../../../../../../GitHub/CutyKiller/GAME FOLDER/Content/DONT_USE/LPSDeluxe2TropicalEnvironment/LPSD2_Meshes/Volcano/SM_LavaCave_1.uasset" 5875
"../../../../../../GitHub/CutyKiller/GAME FOLDER/Content/DONT_USE/LPSDeluxe2TropicalEnvironment/LPSD2_Meshes/Platform/SM_PlatformTall_1.uasset" 5876
"../../../../../../GitHub/CutyKiller/GAME FOLDER/Content/DONT_USE/LPSDeluxe2TropicalEnvironment/LPSD2_Meshes/Platform/SM_RockyPlatform_1.uasset" 5877
"../../../../../../GitHub/CutyKiller/GAME FOLDER/Content/DONT_USE/LPSDeluxe2TropicalEnvironment/LPSD2_Meshes/Mountain/SM_TropicMountain_5.uasset" 5878
"D:/GitHub/CutyKiller/GAME FOLDER/Content/DONT_USE/LPSDeluxe2TropicalEnvironment/LPSD2_Meshes/Mountain/SM_CliffSide_2.uasset" 5879
"D:/GitHub/CutyKiller/GAME FOLDER/Content/DONT_USE/LPSDeluxe2TropicalEnvironment/LPSD2_Meshes/Mountain/SM_CliffSide_1_.uasset" 5880
"D:/GitHub/CutyKiller/GAME FOLDER/Content/DONT_USE/LPSDeluxe2TropicalEnvironment/LPSD2_Materials/SpecialMaterials/2SidedMaterials/MI_2Side_LightBrown.uasset" 5881
"../../../../../../GitHub/CutyKiller/GAME FOLDER/Content/DONT_USE/LPSDeluxe2TropicalEnvironment/LPSD2_Meshes/Mountain/SM_TropicMountain_4.uasset" 5882
"D:/GitHub/CutyKiller/GAME FOLDER/Content/DONT_USE/LPSDeluxe2TropicalEnvironment/LPSD2_Materials/SpecialMaterials/2SidedMaterials/MI_2Side_Red.uasset" 5883
"D:/GitHub/CutyKiller/GAME FOLDER/Content/DONT_USE/LPSDeluxe2TropicalEnvironment/LPSD2_Materials/SpecialMaterials/2SidedMaterials/MI_2Side_OffWhite.uasset" 5884
"../../../../../../GitHub/CutyKiller/GAME FOLDER/Content/DONT_USE/LPSDeluxe2TropicalEnvironment/LPSD2_Meshes/Mountain/SM_TropicMountain_3.uasset" 5885
"D:/GitHub/CutyKiller/GAME FOLDER/Content/DONT_USE/LPSDeluxe2TropicalEnvironment/LPSD2_Materials/SpecialMaterials/2SidedMaterials/MI_2Side_Lime.uasset" 5886
"../../../../../../GitHub/CutyKiller/GAME FOLDER/Content/DONT_USE/LPSDeluxe2TropicalEnvironment/LPSD2_Meshes/Mountain/SM_TropicMountain_2.uasset" 5887
"D:/GitHub/CutyKiller/GAME FOLDER/Content/DONT_USE/LPSDeluxe2TropicalEnvironment/LPSD2_Materials/SpecialMaterials/2SidedMaterials/MI_2Side_TropicBlue.uasset" 5888
"D:/GitHub/CutyKiller/GAME FOLDER/Content/DONT_USE/LPSDeluxe2TropicalEnvironment/LPSD2_Materials/SpecialMaterials/2SidedMaterials/MI_2Side_Purple.uasset" 5889
"D:/GitHub/CutyKiller/GAME FOLDER/Content/DONT_USE/LPSDeluxe2TropicalEnvironment/LPSD2_Materials/SpecialMaterials/2SidedMaterials/MI_2Side_LightBrown_2.uasset" 5890
"D:/GitHub/CutyKiller/GAME FOLDER/Content/DONT_USE/LPSDeluxe2TropicalEnvironment/LPSD2_Materials/SpecialMaterials/2SidedMaterials/MI_2Side_HotPink.uasset" 5891
"D:/GitHub/CutyKiller/GAME FOLDER/Content/DONT_USE/LPSDeluxe2TropicalEnvironment/LPSD2_Materials/SpecialMaterials/2SidedMaterials/MI_2Side_Green_4.uasset" 5892
"D:/GitHub/CutyKiller/GAME FOLDER/Content/DONT_USE/LPSDeluxe2TropicalEnvironment/LPSD2_Materials/SpecialMaterials/2SidedMaterials/MI_2Side_Green_3.uasset" 5893
"D:/GitHub/CutyKiller/GAME FOLDER/Content/DONT_USE/LPSDeluxe2TropicalEnvironment/LPSD2_Materials/SpecialMaterials/2SidedMaterials/MI_2Side_Green_5.uasset" 5894
"D:/GitHub/CutyKiller/GAME FOLDER/Content/DONT_USE/LPSDeluxe2TropicalEnvironment/LPSD2_Materials/SpecialMaterials/2SidedMaterials/MI_2Side_Green_2.uasset" 5895
"D:/GitHub/CutyKiller/GAME FOLDER/Content/DONT_USE/LPSDeluxe2TropicalEnvironment/LPSD2_Materials/SpecialMaterials/2SidedMaterials/M_2Side_White.uasset" 5896
"../../../../../../GitHub/CutyKiller/GAME FOLDER/Content/DONT_USE/LPSDeluxe2TropicalEnvironment/LPSD2_Meshes/Mountain/SM_TropicMountain_1.uasset" 5897
"../../../../../../GitHub/CutyKiller/GAME FOLDER/Content/DONT_USE/LPSDeluxe2TropicalEnvironment/LPSD2_Meshes/Mountain/SM_CliffTop_2.uasset" 5898
"D:/GitHub/CutyKiller/GAME FOLDER/Content/DONT_USE/LPSDeluxe2TropicalEnvironment/LPSD2_Materials/SpecialMaterials/2SidedMaterials/MI_2Side_Green.uasset" 5899
"../../../../../../GitHub/CutyKiller/GAME FOLDER/Content/DONT_USE/LPSDeluxe2TropicalEnvironment/LPSD2_Meshes/Mountain/SM_CliffTop_1.uasset" 5900
"D:/GitHub/CutyKiller/GAME FOLDER/Content/DONT_USE/LPSDeluxe2TropicalEnvironment/LPSD2_Materials/SpecialMaterials/2SidedMaterials/MI_2Side_Coconut.uasset" 5901
"../../../../../../GitHub/CutyKiller/GAME FOLDER/Content/DONT_USE/LPSDeluxe2TropicalEnvironment/LPSD2_Meshes/Mountain/SM_CliffSide_5.uasset" 5902
"D:/GitHub/CutyKiller/GAME FOLDER/Content/DONT_USE/LPSDeluxe2TropicalEnvironment/LPSD2_Materials/SpecialMaterials/2SidedMaterials/MI_2Side_DarkPurple.uasset" 5903
"D:/GitHub/CutyKiller/GAME FOLDER/Content/DONT_USE/LPSDeluxe2TropicalEnvironment/LPSD2_Materials/SpecialMaterials/2SidedMaterials/MI_2Side_Black.uasset" 5904
"D:/GitHub/CutyKiller/GAME FOLDER/Content/DONT_USE/LPSDeluxe2TropicalEnvironment/LPSD2_Materials/SpecialMaterials/2SidedMaterials/MI_2Side_Brown.uasset" 5905
"D:/GitHub/CutyKiller/GAME FOLDER/Content/DONT_USE/LPSDeluxe2TropicalEnvironment/LPSD2_Materials/SpecialMaterials/2SidedMaterials/MI_2Side_BrightOrange.uasset" 5906
"../../../../../../GitHub/CutyKiller/GAME FOLDER/Content/DONT_USE/LPSDeluxe2TropicalEnvironment/LPSD2_Meshes/Mountain/SM_CliffSide_4.uasset" 5907
"D:/GitHub/CutyKiller/GAME FOLDER/Content/DONT_USE/LPSDeluxe2TropicalEnvironment/LPSD2_Materials/Materials/Master_Color_Instances/MI_Metal_Iron.uasset" 5908
"../../../../../../GitHub/CutyKiller/GAME FOLDER/Content/DONT_USE/LPSDeluxe2TropicalEnvironment/LPSD2_Meshes/Mountain/SM_CliffSide_3.uasset" 5909
"../../../../../../GitHub/CutyKiller/GAME FOLDER/Content/DONT_USE/LPSDeluxe2TropicalEnvironment/LPSD2_Meshes/Mountain/SM_CliffSide_2.uasset" 5910
"D:/GitHub/CutyKiller/GAME FOLDER/Content/DONT_USE/LPSDeluxe2TropicalEnvironment/LPSD2_Materials/Materials/Master_Color_Instances/MI_Green_2.uasset" 5911
"../../../../../../GitHub/CutyKiller/GAME FOLDER/Content/DONT_USE/LPSDeluxe2TropicalEnvironment/LPSD2_Meshes/Mountain/SM_CliffSide_1_.uasset" 5912
"D:/GitHub/CutyKiller/GAME FOLDER/Content/DONT_USE/LPSDeluxe2TropicalEnvironment/LPSD2_Materials/Materials/Master_Color_Instances/MI_Metal_Silver.uasset" 5913
"D:/GitHub/CutyKiller/GAME FOLDER/Content/DONT_USE/LPSDeluxe2TropicalEnvironment/LPSD2_Materials/Materials/Master_Color_Instances/MI_Metal_Brass.uasset" 5914
"D:/GitHub/CutyKiller/GAME FOLDER/Content/DONT_USE/LPSDeluxe2TropicalEnvironment/LPSD2_Materials/Materials/Master_Color_Instances/MI_Glow_White.uasset" 5915
"D:/GitHub/CutyKiller/GAME FOLDER/Content/DONT_USE/LPSDeluxe2TropicalEnvironment/LPSD2_Materials/Materials/Master_Color_Instances/MI_Metal_Copper.uasset" 5916
"D:/GitHub/CutyKiller/GAME FOLDER/Content/DONT_USE/LPSDeluxe2TropicalEnvironment/LPSD2_Materials/Materials/Master_Color_Instances/MI_Metal_Bronze.uasset" 5917
"D:/GitHub/CutyKiller/GAME FOLDER/Content/DONT_USE/LPSDeluxe2TropicalEnvironment/LPSD2_Materials/Materials/Master_Color_Instances/MI_Metal_Steel.uasset" 5918
"D:/GitHub/CutyKiller/GAME FOLDER/Content/DONT_USE/LPSDeluxe2TropicalEnvironment/LPSD2_Materials/Materials/Master_Color_Instances/MI_Glow_Yellow.uasset" 5919
"D:/GitHub/CutyKiller/GAME FOLDER/Content/DONT_USE/LPSDeluxe2TropicalEnvironment/LPSD2_Materials/Materials/Master_Color_Instances/MI_Metal_Aluminum.uasset" 5920
"D:/GitHub/CutyKiller/GAME FOLDER/Content/DONT_USE/LPSDeluxe2TropicalEnvironment/LPSD2_Materials/Materials/Master_Color_Instances/MI_Glow_Sky.uasset" 5921
"D:/GitHub/CutyKiller/GAME FOLDER/Content/DONT_USE/LPSDeluxe2TropicalEnvironment/LPSD2_Materials/Materials/Master_Color_Instances/MI_Glow_Orange.uasset" 5922
"D:/GitHub/CutyKiller/GAME FOLDER/Content/DONT_USE/LPSDeluxe2TropicalEnvironment/LPSD2_Materials/Materials/Master_Color_Instances/MI_Glow_Lava_2.uasset" 5923
"D:/GitHub/CutyKiller/GAME FOLDER/Content/DONT_USE/LPSDeluxe2TropicalEnvironment/LPSD2_Materials/Materials/Master_Color_Instances/MI_Glow_Cloud.uasset" 5924
"D:/GitHub/CutyKiller/GAME FOLDER/Content/DONT_USE/LPSDeluxe2TropicalEnvironment/LPSD2_Materials/Materials/Master_Color_Instances/MI_Glow_Blue.uasset" 5925
"D:/GitHub/CutyKiller/GAME FOLDER/Content/DONT_USE/LPSDeluxe2TropicalEnvironment/LPSD2_Materials/Materials/Master_Color_Instances/MI_Glow_Lava.uasset" 5926
"D:/GitHub/CutyKiller/GAME FOLDER/Content/DONT_USE/LPSDeluxe2TropicalEnvironment/LPSD2_Materials/Materials/Master_Color_Instances/MI_Gem_Turquoise.uasset" 5927
"D:/GitHub/CutyKiller/GAME FOLDER/Content/DONT_USE/LPSDeluxe2TropicalEnvironment/LPSD2_Materials/Materials/Master_Color_Instances/MI_Gem_Sapphire.uasset" 5928
"D:/GitHub/CutyKiller/GAME FOLDER/Content/DONT_USE/LPSDeluxe2TropicalEnvironment/LPSD2_Materials/Materials/Master_Color_Instances/MI_Gem_Quartz.uasset" 5929
"D:/GitHub/CutyKiller/GAME FOLDER/Content/DONT_USE/LPSDeluxe2TropicalEnvironment/LPSD2_Materials/Materials/Master_Color_Instances/MI_Gem_Ruby.uasset" 5930
"D:/GitHub/CutyKiller/GAME FOLDER/Content/DONT_USE/LPSDeluxe2TropicalEnvironment/LPSD2_Materials/Materials/Master_Color_Instances/MI_Gem_LightAmethyst.uasset" 5931
"D:/GitHub/CutyKiller/GAME FOLDER/Content/DONT_USE/LPSDeluxe2TropicalEnvironment/LPSD2_Materials/Materials/Master_Color_Instances/MI_Color_White.uasset" 5932
"D:/GitHub/CutyKiller/GAME FOLDER/Content/DONT_USE/LPSDeluxe2TropicalEnvironment/LPSD2_Materials/Materials/Master_Color_Instances/MI_Color_Red.uasset" 5933
"D:/GitHub/CutyKiller/GAME FOLDER/Content/DONT_USE/LPSDeluxe2TropicalEnvironment/LPSD2_Materials/Materials/Master_Color_Instances/MI_Color_Shamrock.uasset" 5934
"D:/GitHub/CutyKiller/GAME FOLDER/Content/DONT_USE/LPSDeluxe2TropicalEnvironment/LPSD2_Materials/Materials/Master_Color_Instances/MI_Color_Pine.uasset" 5935
"D:/GitHub/CutyKiller/GAME FOLDER/Content/DONT_USE/LPSDeluxe2TropicalEnvironment/LPSD2_Materials/Materials/Master_Color_Instances/MI_Gem_Amethyst.uasset" 5936
"D:/GitHub/CutyKiller/GAME FOLDER/Content/DONT_USE/LPSDeluxe2TropicalEnvironment/LPSD2_Materials/Materials/Master_Color_Instances/MI_Gem_Emerald.uasset" 5937
"D:/GitHub/CutyKiller/GAME FOLDER/Content/DONT_USE/LPSDeluxe2TropicalEnvironment/LPSD2_Materials/Materials/Master_Color_Instances/MI_Color_TropicBlue.uasset" 5938
"D:/GitHub/CutyKiller/GAME FOLDER/Content/DONT_USE/LPSDeluxe2TropicalEnvironment/LPSD2_Materials/Materials/Master_Color_Instances/MI_Color_Yellow.uasset" 5939
"D:/GitHub/CutyKiller/GAME FOLDER/Content/DONT_USE/LPSDeluxe2TropicalEnvironment/LPSD2_Materials/Materials/Master_Color_Instances/MI_Color_Sky.uasset" 5940
"D:/GitHub/CutyKiller/GAME FOLDER/Content/DONT_USE/LPSDeluxe2TropicalEnvironment/LPSD2_Materials/Materials/Master_Color_Instances/MI_Color_Purple.uasset" 5941
"D:/GitHub/CutyKiller/GAME FOLDER/Content/DONT_USE/LPSDeluxe2TropicalEnvironment/LPSD2_Materials/Materials/Master_Color_Instances/MI_Color_Pink.uasset" 5942
"D:/GitHub/CutyKiller/GAME FOLDER/Content/DONT_USE/LPSDeluxe2TropicalEnvironment/LPSD2_Materials/Materials/Master_Color_Instances/MI_Color_Tawny.uasset" 5943
"D:/GitHub/CutyKiller/GAME FOLDER/Content/DONT_USE/LPSDeluxe2TropicalEnvironment/LPSD2_Materials/Materials/Master_Color_Instances/MI_Color_Pewter.uasset" 5944
"D:/GitHub/CutyKiller/GAME FOLDER/Content/DONT_USE/LPSDeluxe2TropicalEnvironment/LPSD2_Materials/Materials/Master_Color_Instances/MI_Color_Navy.uasset" 5945
"D:/GitHub/CutyKiller/GAME FOLDER/Content/DONT_USE/LPSDeluxe2TropicalEnvironment/LPSD2_Materials/Materials/Master_Color_Instances/MI_Color_Ocean.uasset" 5946
"D:/GitHub/CutyKiller/GAME FOLDER/Content/DONT_USE/LPSDeluxe2TropicalEnvironment/LPSD2_Materials/Materials/Master_Color_Instances/MI_Color_Oak.uasset" 5947
"D:/GitHub/CutyKiller/GAME FOLDER/Content/DONT_USE/LPSDeluxe2TropicalEnvironment/LPSD2_Materials/Materials/Master_Color_Instances/MI_Color_Lime.uasset" 5948
"D:/GitHub/CutyKiller/GAME FOLDER/Content/DONT_USE/LPSDeluxe2TropicalEnvironment/LPSD2_Materials/Materials/Master_Color_Instances/MI_Color_Green.uasset" 5949
"D:/GitHub/CutyKiller/GAME FOLDER/Content/DONT_USE/LPSDeluxe2TropicalEnvironment/LPSD2_Materials/Materials/Master_Color_Instances/MI_Color_Forest.uasset" 5950
"D:/GitHub/CutyKiller/GAME FOLDER/Content/DONT_USE/LPSDeluxe2TropicalEnvironment/LPSD2_Materials/Materials/Master_Color_Instances/MI_Color_Coral.uasset" 5951
"D:/GitHub/CutyKiller/GAME FOLDER/Content/DONT_USE/LPSDeluxe2TropicalEnvironment/LPSD2_Materials/Materials/Master_Color_Instances/MI_Color_Charcoal.uasset" 5952
"D:/GitHub/CutyKiller/GAME FOLDER/Content/DONT_USE/LPSDeluxe2TropicalEnvironment/LPSD2_Materials/Materials/Master_Color_Instances/MI_Color_CreamOrange.uasset" 5953
"D:/GitHub/CutyKiller/GAME FOLDER/Content/DONT_USE/LPSDeluxe2TropicalEnvironment/LPSD2_Materials/Materials/Master_Color_Instances/MI_Color_Gray.uasset" 5954
"D:/GitHub/CutyKiller/GAME FOLDER/Content/DONT_USE/LPSDeluxe2TropicalEnvironment/LPSD2_Materials/Materials/Master_Color_Instances/MI_Color_BrownGlass.uasset" 5955
"D:/GitHub/CutyKiller/GAME FOLDER/Content/DONT_USE/LPSDeluxe2TropicalEnvironment/LPSD2_Materials/Materials/Master_Color_Instances/MI_Color_Caramel.uasset" 5956
"D:/GitHub/CutyKiller/GAME FOLDER/Content/DONT_USE/LPSDeluxe2TropicalEnvironment/LPSD2_Materials/Materials/Master_Color_Instances/MI_Color_Caramel_2.uasset" 5957
"D:/GitHub/CutyKiller/GAME FOLDER/Content/DONT_USE/LPSDeluxe2TropicalEnvironment/LPSD2_Materials/Materials/Master_Color_Instances/MI_Color_Clay.uasset" 5958
"D:/GitHub/CutyKiller/GAME FOLDER/Content/DONT_USE/LPSDeluxe2TropicalEnvironment/LPSD2_Materials/Materials/Master_Color_Instances/MI_Color_Canvas.uasset" 5959
"D:/GitHub/CutyKiller/GAME FOLDER/Content/DONT_USE/LPSDeluxe2TropicalEnvironment/LPSD2_Materials/Materials/Master_Color_Instances/MI_Color_Black.uasset" 5960
"D:/GitHub/CutyKiller/GAME FOLDER/Content/DONT_USE/LPSDeluxe2TropicalEnvironment/LPSD2_Materials/Materials/Master_Color_Instances/MI_Color_Caramel_3.uasset" 5961
"D:/GitHub/CutyKiller/GAME FOLDER/Content/DONT_USE/LPSDeluxe2TropicalEnvironment/LPSD2_Materials/Materials/Master_Color_Instances/MI_Color_Bamboo_2.uasset" 5962
"D:/GitHub/CutyKiller/GAME FOLDER/Content/DONT_USE/LPSDeluxe2TropicalEnvironment/LPSD2_Materials/Materials/Master_Color_Instances/MI_Color_2S_Pine.uasset" 5963
"D:/GitHub/CutyKiller/GAME FOLDER/Content/DONT_USE/LPSDeluxe2TropicalEnvironment/LPSD2_Materials/Materials/Master_Color_Instances/MI_Color_BabyBlue.uasset" 5964
"D:/GitHub/CutyKiller/GAME FOLDER/Content/DONT_USE/LPSDeluxe2TropicalEnvironment/LPSD2_Materials/Materials/Master_Color_Instances/MI_Color_Bamboo.uasset" 5965
"D:/GitHub/CutyKiller/GAME FOLDER/Content/StarterContent/Maps/StarterMap.umap" 5966
"D:/GitHub/CutyKiller/GAME FOLDER/Content/DONT_USE/Characters/Mannequin_UE4/Meshes/SK_Mannequin.uasset" 5967
"D:/GitHub/CutyKiller/GAME FOLDER/Content/DONT_USE/Weapon_Pack/Blueprints/Lightshaft/Lightshaft/SM_GodRay_Plane.uasset" 5968
"D:/GitHub/CutyKiller/GAME FOLDER/Content/StarterContent/Blueprints/BP_LightStudio.uasset" 5969
"D:/GitHub/CutyKiller/GAME FOLDER/Content/Weapon_Pack/Blueprints/Lightshaft/Lightshaft/SM_GodRay_Plane.uasset" 5970
"D:/GitHub/CutyKiller/GAME FOLDER/Content/DONT_USE/Characters/Mannequins/Materials/Instances/Manny/MI_Manny_02.uasset" 5971
"D:/GitHub/CutyKiller/GAME FOLDER/Content/Meshes/Cube_GeometryCollection.uasset" 5972
"D:/GitHub/CutyKiller/GAME FOLDER/Content/LevelPrototyping/Meshes/SM_Ramp.uasset" 5973
"D:/GitHub/CutyKiller/GAME FOLDER/Content/LevelPrototyping/Meshes/SM_QuarterCylinder.uasset" 5974
"D:/GitHub/CutyKiller/GAME FOLDER/Content/LevelPrototyping/Meshes/SM_Cylinder.uasset" 5975
"D:/GitHub/CutyKiller/GAME FOLDER/Content/Cube_GeometryCollection.uasset" 5976
"D:/GitHub/CutyKiller/GAME FOLDER/Content/LPSDeluxe2TropicalEnvironment/LPSD2_Meshes/Beach/SM_BeachUmb_1.uasset" 5977
"D:/GitHub/CutyKiller/GAME FOLDER/Content/LPSDeluxe2TropicalEnvironment/LPSD2_Meshes/Beach/SM_Seashell_1.uasset" 5978
"D:/GitHub/CutyKiller/GAME FOLDER/Content/LPSDeluxe2TropicalEnvironment/LPSD2_Meshes/Flora/Sm_Underbrush_1.uasset" 5979
"D:/GitHub/CutyKiller/GAME FOLDER/Content/LPSDeluxe2TropicalEnvironment/LPSD2_Meshes/Tiki/SM_CoconutDrink_1.uasset" 5980
"D:/GitHub/CutyKiller/GAME FOLDER/Content/LPSDeluxe2TropicalEnvironment/LPSD2_Meshes/Pirate/SM_JailKeys_1.uasset" 5981
"C:/Users/b.lapeze/AppData/Local/UnrealEngine/Common/DerivedDataCache/Buckets/LegacyGeometryCollection/a1/01/c12ddd71cb619171005f707973ac8d37ede0.udd" 5982
"C:/Users/b.lapeze/AppData/Local/UnrealEngine/Common/DerivedDataCache/Content/90/46/6abcb177596922f1b1ba351f43f0900c6cba.udd" 5983
"D:/GitHub/CutyKiller/GAME FOLDER/Content/LPSDeluxe2TropicalEnvironment/LPSD2_Meshes/Beach/SM_BeachChair_1.uasset" 5984
"C:/Users/b.lapeze/AppData/Local/UnrealEngine/Common/DerivedDataCache/Buckets/LegacyGeometryCollection/8a/7a/9c5a47a8039606146c4ff1763a51a4c798c7.udd" 5985
"C:/Users/b.lapeze/AppData/Local/UnrealEngine/Common/DerivedDataCache/Content/2a/0b/ea9d06ac3f65d39c2b51363d159ccccfc677.udd" 5986
"D:/GitHub/CutyKiller/GAME FOLDER/Content/LPSDeluxe2TropicalEnvironment/LPSD2_Meshes/Treasure/SM_TreasureBar_1.uasset" 5987
"../../../../../../GitHub/CutyKiller/GAME FOLDER/Content/StarterContent/Maps/StarterMap.umap" 5988
"D:/GitHub/CutyKiller/GAME FOLDER/Content/LPSDeluxe2TropicalEnvironment/LPSD2_Meshes/Treasure/SM_SmallCoin_1.uasset" 5989
"C:/Users/b.lapeze/AppData/Local/UnrealEngine/Common/DerivedDataCache/Buckets/LegacyMESHDATAKEY/86/10/6db75607ef6dd64685b367902a2c6dbce095.udd" 5990
"C:/Users/b.lapeze/AppData/Local/UnrealEngine/Common/DerivedDataCache/Buckets/StaticMesh/eb/fd/371bdec5ba1927d2457559dc306795b00a5a.udd" 5991
"D:/GitHub/CutyKiller/GAME FOLDER/Content/LPSDeluxe2TropicalEnvironment/LPSD2_Meshes/Treasure/SM_MediumCoin_3.uasset" 5992
"C:/Users/b.lapeze/AppData/Local/UnrealEngine/Common/DerivedDataCache/Buckets/LegacySKELETALMESH/59/d0/ede916b07b7a792c158f66afb79c81f940c7.udd" 5993
"C:/Users/b.lapeze/AppData/Local/UnrealEngine/Common/DerivedDataCache/Buckets/LegacyDIST/de/d2/a3fcf60d2268b7fc4d206cf46d19f15d9753.udd" 5994
"D:/GitHub/CutyKiller/GAME FOLDER/Content/LPSDeluxe2TropicalEnvironment/LPSD2_Meshes/Treasure/SM_MediumCoin_2.uasset" 5995
"C:/Users/b.lapeze/AppData/Local/UnrealEngine/Common/DerivedDataCache/Buckets/StaticMesh/b0/c9/d09b9be4fdfbf76699aede845a0f7f8b0dca.udd" 5996
"D:/GitHub/CutyKiller/GAME FOLDER/Content/LPSDeluxe2TropicalEnvironment/LPSD2_Meshes/Treasure/SM_MediumCoin_1.uasset" 5997
"C:/Users/b.lapeze/AppData/Local/UnrealEngine/Common/DerivedDataCache/Buckets/LegacyDIST/d3/84/927d3a45efeed5c0bcaf111e3d3d1c8f9a7d.udd" 5998
"C:/Users/b.lapeze/AppData/Local/UnrealEngine/Common/DerivedDataCache/Buckets/LegacyCARD/01/21/ca5560e5ae16e5c04d591712f47e1aac6e48.udd" 5999
"C:/Users/b.lapeze/AppData/Local/UnrealEngine/Common/DerivedDataCache/Content/84/27/45375eed4fad6db9a5e62f1fd65747418a3d.udd" 6000
"C:/Users/b.lapeze/AppData/Local/UnrealEngine/Common/DerivedDataCache/Buckets/LegacyCARD/1e/f3/72db3cb700f400e4d6ef39e5c15b6047a32a.udd" 6001
"C:/Users/b.lapeze/AppData/Local/UnrealEngine/Common/DerivedDataCache/Buckets/LegacyChaosGeometryData/0b/56/c858d4f300e6f43eb8efd960d65b29425aba.udd" 6002
"C:/Users/b.lapeze/AppData/Local/UnrealEngine/Common/DerivedDataCache/Buckets/LegacyChaosGeometryData/f2/84/7de8e083be474e9ac513b659a48b7a5466ce.udd" 6003
"C:/Users/b.lapeze/AppData/Local/UnrealEngine/Common/DerivedDataCache/Buckets/LegacyNavCollision/74/93/ab1159d1df309efaddfd878786588d78fee3.udd" 6004
"C:/Users/b.lapeze/AppData/Local/UnrealEngine/Common/DerivedDataCache/Buckets/LegacyNavCollision/3b/38/2795c5b949ee3025034ed8d83741bbf67a06.udd" 6005
"D:/GitHub/CutyKiller/GAME FOLDER/Content/LPSDeluxe2TropicalEnvironment/LPSD2_Meshes/Beach/SM_Buoy_1.uasset" 6006
"D:/GitHub/CutyKiller/GAME FOLDER/Content/LPSDeluxe2TropicalEnvironment/LPSD2_Meshes/Treasure/SM_LargeCoin_1.uasset" 6007
"D:/GitHub/CutyKiller/GAME FOLDER/Content/LPSDeluxe2TropicalEnvironment/LPSD2_Meshes/Treasure/SM_TreasureVase_1.uasset" 6008
"D:/GitHub/CutyKiller/GAME FOLDER/Content/LPSDeluxe2TropicalEnvironment/LPSD2_Meshes/Misc/SM_SkyDome_1.uasset" 6009
"../../../../../../GitHub/CutyKiller/GAME FOLDER/Content/DONT_USE/Characters/Mannequin_UE4/Meshes/SK_Mannequin.uasset" 6010
"../../../Engine/Content/EditorResources/AudioIcons/S_AudioComponent.uasset" 6011
"../../../../../../GitHub/CutyKiller/GAME FOLDER/Content/DONT_USE/Weapon_Pack/Blueprints/Lightshaft/Lightshaft/SM_GodRay_Plane.uasset" 6012
"../../../../../../GitHub/CutyKiller/GAME FOLDER/Content/Weapon_Pack/Blueprints/Lightshaft/Lightshaft/SM_GodRay_Plane.uasset" 6013
"C:/Users/b.lapeze/AppData/Local/UnrealEngine/Common/DerivedDataCache/Buckets/StaticMesh/c1/56/376b7e311ecca7d41e2e23196388e3a01db6.udd" 6014
"C:/Users/b.lapeze/AppData/Local/UnrealEngine/Common/DerivedDataCache/Buckets/StaticMesh/e9/ee/a340ce1368c2be4f12b1560d8c43aadfd813.udd" 6015
"C:/Users/b.lapeze/AppData/Local/UnrealEngine/Common/DerivedDataCache/Buckets/StaticMesh/b3/4f/359fe57058fd15eddc3e1149b716525cb5e7.udd" 6016
"C:/Users/b.lapeze/AppData/Local/UnrealEngine/Common/DerivedDataCache/Buckets/StaticMesh/3a/2d/47d6e3d391ab7acdd4df2e621ec21a55721a.udd" 6017
"C:/Users/b.lapeze/AppData/Local/UnrealEngine/Common/DerivedDataCache/Buckets/StaticMesh/60/9b/228afecc5949057906ed0632f277c1fdbc87.udd" 6018
"C:/Users/b.lapeze/AppData/Local/UnrealEngine/Common/DerivedDataCache/Buckets/LegacyDIST/48/22/5a63be85adcbb69bf727227ed12e6b571146.udd" 6019
"C:/Users/b.lapeze/AppData/Local/UnrealEngine/Common/DerivedDataCache/Buckets/LegacyDIST/aa/42/4b038424b9d61c1024b4c97604580211e647.udd" 6020
"C:/Users/b.lapeze/AppData/Local/UnrealEngine/Common/DerivedDataCache/Buckets/LegacyDIST/ea/76/8997d0c1e9aab90540765e9de24ebe40aaa0.udd" 6021
"C:/Users/b.lapeze/AppData/Local/UnrealEngine/Common/DerivedDataCache/Buckets/LegacyDIST/ea/c1/5d820764433b11aaff24022cb4950d8ef7db.udd" 6022
"C:/Users/b.lapeze/AppData/Local/UnrealEngine/Common/DerivedDataCache/Buckets/LegacyDIST/c2/6d/a9171c2e4bdaba8b10968c0042e980e378d6.udd" 6023
"C:/Users/b.lapeze/AppData/Local/UnrealEngine/Common/DerivedDataCache/Buckets/LegacyCARD/5b/e0/af9c3709c1855ab748815ffc7c4a3a9e8e24.udd" 6024
"C:/Users/b.lapeze/AppData/Local/UnrealEngine/Common/DerivedDataCache/Buckets/LegacyCARD/24/5e/4f4e2c2e1ea9932d107fec175b7d0e69ad52.udd" 6025
"C:/Users/b.lapeze/AppData/Local/UnrealEngine/Common/DerivedDataCache/Buckets/LegacyCARD/e6/91/2e2be9428b95dec5d76f29c5258b3f77ca80.udd" 6026
"D:/GitHub/CutyKiller/GAME FOLDER/Content/LPSDeluxe2TropicalEnvironment/LPSD2_Meshes/Volcano/SM_LargeVolcano_1.uasset" 6027
"C:/Users/b.lapeze/AppData/Local/UnrealEngine/Common/DerivedDataCache/Buckets/LegacyCARD/0b/58/4ef59e8d902174a6a444169c21574db6dfc7.udd" 6028
"D:/GitHub/CutyKiller/GAME FOLDER/Content/LPSDeluxe2TropicalEnvironment/LPSD2_Meshes/Treasure/SM_TreasureGlowStone_1.uasset" 6029
"D:/GitHub/CutyKiller/GAME FOLDER/Content/LPSDeluxe2TropicalEnvironment/LPSD2_Meshes/Water/SM_TropicCloud_2.uasset" 6030
"C:/Users/b.lapeze/AppData/Local/UnrealEngine/Common/DerivedDataCache/Buckets/LegacyCARD/bb/44/92517f9ce318949046337123454d56c79d52.udd" 6031
"C:/Users/b.lapeze/AppData/Local/UnrealEngine/Common/DerivedDataCache/Buckets/LegacyChaosGeometryData/5e/08/a6bd3c0df0e86e9280e3f81c913be5fcd165.udd" 6032
"C:/Users/b.lapeze/AppData/Local/UnrealEngine/Common/DerivedDataCache/Buckets/LegacyChaosGeometryData/35/18/dbe374e237a21ca479c9a89d59fe3a82b3d8.udd" 6033
"C:/Users/b.lapeze/AppData/Local/UnrealEngine/Common/DerivedDataCache/Buckets/LegacyChaosGeometryData/93/59/1b97ff51cd6cd9f5a887499503dc5a476c9f.udd" 6034
"C:/Users/b.lapeze/AppData/Local/UnrealEngine/Common/DerivedDataCache/Buckets/LegacyChaosGeometryData/ef/aa/8d8508614b72c6cf957f4e0d9820f7f3b19e.udd" 6035
"C:/Users/b.lapeze/AppData/Local/UnrealEngine/Common/DerivedDataCache/Buckets/LegacyChaosGeometryData/fc/8c/b61636a01b7ae5cea14b7f527d3ab139d2aa.udd" 6036
"C:/Users/b.lapeze/AppData/Local/UnrealEngine/Common/DerivedDataCache/Buckets/LegacyNavCollision/c7/f1/501e30ee364ae753cb1cc9a3bc4a36d036d0.udd" 6037
"C:/Users/b.lapeze/AppData/Local/UnrealEngine/Common/DerivedDataCache/Buckets/LegacyNavCollision/01/48/4628a8cfff3769d4752b2e2f5dd53cda0c56.udd" 6038
"D:/GitHub/CutyKiller/GAME FOLDER/Content/LPSDeluxe2TropicalEnvironment/LPSD2_Meshes/Water/SM_TropicCloud_1.uasset" 6039
"C:/Users/b.lapeze/AppData/Local/UnrealEngine/Common/DerivedDataCache/Buckets/LegacyNavCollision/e2/d5/1af0c1810c2e52e41bdb3955472e90c3a6bd.udd" 6040
"D:/GitHub/CutyKiller/GAME FOLDER/Content/LPSDeluxe2TropicalEnvironment/LPSD2_Meshes/Treasure/SM_TreasureGem_1.uasset" 6041
"D:/GitHub/CutyKiller/GAME FOLDER/Content/LPSDeluxe2TropicalEnvironment/LPSD2_Meshes/Water/SM_TropicalCloud_3.uasset" 6042
"C:/Users/b.lapeze/AppData/Local/UnrealEngine/Common/DerivedDataCache/Buckets/LegacyNavCollision/0f/0b/d0234ddcec4663a01e213ad5228c42b8a78a.udd" 6043
"D:/GitHub/CutyKiller/GAME FOLDER/Content/LPSDeluxe2TropicalEnvironment/LPSD2_Meshes/Treasure/SM_TreasureGem_3.uasset" 6044
"D:/GitHub/CutyKiller/GAME FOLDER/Content/LPSDeluxe2TropicalEnvironment/LPSD2_Meshes/Treasure/SM_TreasureCrown_1.uasset" 6045
"C:/Users/b.lapeze/AppData/Local/UnrealEngine/Common/DerivedDataCache/Buckets/LegacyNavCollision/59/d0/c8e4e2f6291a7e2b9e21e00d45bca6f9de1f.udd" 6046
"D:/GitHub/CutyKiller/GAME FOLDER/Content/LPSDeluxe2TropicalEnvironment/LPSD2_Meshes/Treasure/SM_TreasureGem_4.uasset" 6047
"C:/Users/b.lapeze/AppData/Local/UnrealEngine/Common/DerivedDataCache/Buckets/StaticMesh/0f/59/b8c00f0b33e80dd0e5fbd206bfcaeb7d1af0.udd" 6048
"D:/GitHub/CutyKiller/GAME FOLDER/Content/LPSDeluxe2TropicalEnvironment/LPSD2_Meshes/Treasure/SM_TreasurePearls_1.uasset" 6049
"C:/Users/b.lapeze/AppData/Local/UnrealEngine/Common/DerivedDataCache/Buckets/StaticMesh/d6/27/4a19463db438d58e6ec5fe2ecd56bf6cf439.udd" 6050
"D:/GitHub/CutyKiller/GAME FOLDER/Content/LPSDeluxe2TropicalEnvironment/LPSD2_Meshes/Treasure/SM_TreasureGem_5.uasset" 6051
"C:/Users/b.lapeze/AppData/Local/UnrealEngine/Common/DerivedDataCache/Buckets/StaticMesh/d9/4f/499b16496b3ac5408086d5eb984a9039629b.udd" 6052
"D:/GitHub/CutyKiller/GAME FOLDER/Content/LPSDeluxe2TropicalEnvironment/LPSD2_Meshes/Tiki/SM_Ukulele_1.uasset" 6053
"D:/GitHub/CutyKiller/GAME FOLDER/Content/LPSDeluxe2TropicalEnvironment/LPSD2_Meshes/Treasure/Sm_TreasureChalice_1.uasset" 6054
"D:/GitHub/CutyKiller/GAME FOLDER/Content/LPSDeluxe2TropicalEnvironment/LPSD2_Meshes/Pirate/SM_Spyglass_1.uasset" 6055
"C:/Users/b.lapeze/AppData/Local/UnrealEngine/Common/DerivedDataCache/Buckets/LegacyDIST/76/06/09ec786b81e383d3ec8d6aa4a2dbe8cff23d.udd" 6056
"C:/Users/b.lapeze/AppData/Local/UnrealEngine/Common/DerivedDataCache/Buckets/LegacyDIST/62/e4/46343e4ced11070cd7d723f390fe77b6c3a1.udd" 6057
"C:/Users/b.lapeze/AppData/Local/UnrealEngine/Common/DerivedDataCache/Buckets/StaticMesh/67/a1/b04d0e59c6ee135944904c15770c5135e125.udd" 6058
"C:/Users/b.lapeze/AppData/Local/UnrealEngine/Common/DerivedDataCache/Buckets/LegacyDIST/04/6a/696a549a5cf53a52a643a38ad659a78fe9c7.udd" 6059
"../../../../../../GitHub/CutyKiller/GAME FOLDER/Content/LevelPrototyping/Meshes/SM_Ramp.uasset" 6060
"C:/Users/b.lapeze/AppData/Local/UnrealEngine/Common/DerivedDataCache/Buckets/StaticMesh/78/e2/0fd5d7e95ecf2fcbbd253be8f01d196ea689.udd" 6061
"../../../../../../GitHub/CutyKiller/GAME FOLDER/Content/LevelPrototyping/Meshes/SM_QuarterCylinder.uasset" 6062
"../../../../../../GitHub/CutyKiller/GAME FOLDER/Content/LevelPrototyping/Meshes/SM_Cylinder.uasset" 6063
"C:/Users/b.lapeze/AppData/Local/UnrealEngine/Common/DerivedDataCache/Buckets/LegacyCARD/ba/09/b61045cc27cb61982c3c3b54ad59efe71b2e.udd" 6064
"../../../../../../GitHub/CutyKiller/GAME FOLDER/Content/LPSDeluxe2TropicalEnvironment/LPSD2_Meshes/Beach/SM_BeachUmb_1.uasset" 6065
"../../../../../../GitHub/CutyKiller/GAME FOLDER/Content/LPSDeluxe2TropicalEnvironment/LPSD2_Meshes/Beach/SM_Seashell_1.uasset" 6066
"C:/Users/b.lapeze/AppData/Local/UnrealEngine/Common/DerivedDataCache/Buckets/LegacyDIST/e1/29/babecbef224317f7e3a8537a3f07315777c9.udd" 6067
"C:/Users/b.lapeze/AppData/Local/UnrealEngine/Common/DerivedDataCache/Buckets/LegacyCARD/d2/e5/df825c10dc16e22ee7b847a7894a3e818788.udd" 6068
"../../../../../../GitHub/CutyKiller/GAME FOLDER/Content/LPSDeluxe2TropicalEnvironment/LPSD2_Meshes/Flora/Sm_Underbrush_1.uasset" 6069
"C:/Users/b.lapeze/AppData/Local/UnrealEngine/Common/DerivedDataCache/Buckets/LegacyDIST/28/ee/cb45616ca1aeaa985befc1aae7abef62de0b.udd" 6070
"../../../../../../GitHub/CutyKiller/GAME FOLDER/Content/LPSDeluxe2TropicalEnvironment/LPSD2_Meshes/Tiki/SM_CoconutDrink_1.uasset" 6071
"../../../../../../GitHub/CutyKiller/GAME FOLDER/Content/LPSDeluxe2TropicalEnvironment/LPSD2_Meshes/Pirate/SM_JailKeys_1.uasset" 6072
"C:/Users/b.lapeze/AppData/Local/UnrealEngine/Common/DerivedDataCache/Buckets/LegacyCARD/26/b1/6e32fda80ee7f15d18c9ed7b8430c1d3f36c.udd" 6073
"D:/GitHub/CutyKiller/GAME FOLDER/Content/LPSDeluxe2TropicalEnvironment/LPSD2_Meshes/Pirate/SM_PRug_1.uasset" 6074
"C:/Users/b.lapeze/AppData/Local/UnrealEngine/Common/DerivedDataCache/Buckets/LegacyChaosGeometryData/f0/15/32a26b7485fb506639432f974180e75e45f7.udd" 6075
"C:/Users/b.lapeze/AppData/Local/UnrealEngine/Common/DerivedDataCache/Buckets/LegacyCARD/3c/21/6a8adb0c88f8be08ca994c5a232c03b59571.udd" 6076
"C:/Users/b.lapeze/AppData/Local/UnrealEngine/Common/DerivedDataCache/Buckets/LegacyCARD/61/ca/8e4c7fb7cc075384e1eff1e1f3b24e00f6ae.udd" 6077
"C:/Users/b.lapeze/AppData/Local/UnrealEngine/Common/DerivedDataCache/Buckets/LegacyChaosGeometryData/00/52/c6ce9e08096acb72d1565b8694e353943aaa.udd" 6078
"C:/Users/b.lapeze/AppData/Local/UnrealEngine/Common/DerivedDataCache/Buckets/LegacyChaosGeometryData/3a/e9/7a375533915e3b069698629cd5f626d93e1f.udd" 6079
"C:/Users/b.lapeze/AppData/Local/UnrealEngine/Common/DerivedDataCache/Buckets/LegacyNavCollision/9c/6a/dd7f630f6239248075f2a7c9156b4de3f3ce.udd" 6080
"C:/Users/b.lapeze/AppData/Local/UnrealEngine/Common/DerivedDataCache/Buckets/LegacyChaosGeometryData/e7/1f/b52a94c4ece26fb091215084a50b339a9989.udd" 6081
"C:/Users/b.lapeze/AppData/Local/UnrealEngine/Common/DerivedDataCache/Buckets/LegacyChaosGeometryData/18/ae/6d0f8593378f387e624c1524edb121f49757.udd" 6082
"C:/Users/b.lapeze/AppData/Local/UnrealEngine/Common/DerivedDataCache/Buckets/LegacyNavCollision/47/21/8e44280511f0d616abc6b514433d78d3a73f.udd" 6083
"../../../../../../GitHub/CutyKiller/GAME FOLDER/Content/LPSDeluxe2TropicalEnvironment/LPSD2_Meshes/Beach/SM_BeachChair_1.uasset" 6084
"C:/Users/b.lapeze/AppData/Local/UnrealEngine/Common/DerivedDataCache/Buckets/StaticMesh/fc/88/bd39271b3d04d7e1f0d72199b4e2173918cc.udd" 6085
"C:/Users/b.lapeze/AppData/Local/UnrealEngine/Common/DerivedDataCache/Buckets/LegacyNavCollision/82/51/9b93d004768741a4c1590e217daa0649d555.udd" 6086
"../../../../../../GitHub/CutyKiller/GAME FOLDER/Content/LPSDeluxe2TropicalEnvironment/LPSD2_Meshes/Treasure/SM_TreasureBar_1.uasset" 6087
"../../../../../../GitHub/CutyKiller/GAME FOLDER/Content/LPSDeluxe2TropicalEnvironment/LPSD2_Meshes/Treasure/SM_SmallCoin_1.uasset" 6088
"C:/Users/b.lapeze/AppData/Local/UnrealEngine/Common/DerivedDataCache/Buckets/LegacyNavCollision/80/80/aa938750c75e8ec826559384f8d2a93003c0.udd" 6089
"C:/Users/b.lapeze/AppData/Local/UnrealEngine/Common/DerivedDataCache/Buckets/LegacyNavCollision/d7/93/e3c657abe27daac7f0d7f0bdba285ec5ebb5.udd" 6090
"../../../../../../GitHub/CutyKiller/GAME FOLDER/Content/LPSDeluxe2TropicalEnvironment/LPSD2_Meshes/Treasure/SM_MediumCoin_3.uasset" 6091
"C:/Users/b.lapeze/AppData/Local/UnrealEngine/Common/DerivedDataCache/Buckets/StaticMesh/ee/8a/db2a61f382b1f8b6e4e704e97731bac4c77b.udd" 6092
"C:/Users/b.lapeze/AppData/Local/UnrealEngine/Common/DerivedDataCache/Buckets/StaticMesh/17/81/4f0c234bd363c4a304f64a0e2ce60f4de8de.udd" 6093
"C:/Users/b.lapeze/AppData/Local/UnrealEngine/Common/DerivedDataCache/Buckets/LegacyDIST/56/c6/edfbefd5b0a6fbc99f993a741de3e4b0fa0c.udd" 6094
"C:/Users/b.lapeze/AppData/Local/UnrealEngine/Common/DerivedDataCache/Buckets/StaticMesh/2c/ee/daaf406462dc23b63503b77207277909e25d.udd" 6095
"D:/GitHub/CutyKiller/GAME FOLDER/Content/LPSDeluxe2TropicalEnvironment/LPSD2_Meshes/Beach/SM_Longboard_1.uasset" 6096
"C:/Users/b.lapeze/AppData/Local/UnrealEngine/Common/DerivedDataCache/Buckets/LegacyDIST/0b/33/e4e706ef07d54c5bdce0ad39386cdf963164.udd" 6097
"C:/Users/b.lapeze/AppData/Local/UnrealEngine/Common/DerivedDataCache/Buckets/StaticMesh/fd/d4/976e78958f2686a3f81f7ba8dc95ffeb02bd.udd" 6098
"C:/Users/b.lapeze/AppData/Local/UnrealEngine/Common/DerivedDataCache/Buckets/LegacyCARD/71/c4/2ae9b5f5715c5b2cff7470cf6906dbc0d32c.udd" 6099
"D:/GitHub/CutyKiller/GAME FOLDER/Content/LPSDeluxe2TropicalEnvironment/LPSD2_Meshes/Beach/SM_BeachBall_1.uasset" 6100
"C:/Users/b.lapeze/AppData/Local/UnrealEngine/Common/DerivedDataCache/Buckets/LegacyDIST/c3/c5/50c1f9b6b5fb38ea107e399ce5daeafd1120.udd" 6101
"D:/GitHub/CutyKiller/GAME FOLDER/Content/LPSDeluxe2TropicalEnvironment/LPSD2_Meshes/Pirate/SM_PirateSword_1.uasset" 6102
"D:/GitHub/CutyKiller/GAME FOLDER/Content/LPSDeluxe2TropicalEnvironment/LPSD2_Meshes/Pirate/SM_FlintLock_1.uasset" 6103
"C:/Users/b.lapeze/AppData/Local/UnrealEngine/Common/DerivedDataCache/Buckets/LegacyDIST/d5/9d/87a540d8411ccc74c7f72dd53149d841f14c.udd" 6104
"C:/Users/b.lapeze/AppData/Local/UnrealEngine/Common/DerivedDataCache/Buckets/LegacyCARD/2e/74/7ac0257a15473c6c00f68e94a7b5bf8d7184.udd" 6105
"C:/Users/b.lapeze/AppData/Local/UnrealEngine/Common/DerivedDataCache/Buckets/LegacyCARD/d9/58/2c29fb65cadf81f6b8a10f4045cf637fa1b0.udd" 6106
"C:/Users/b.lapeze/AppData/Local/UnrealEngine/Common/DerivedDataCache/Buckets/LegacyChaosGeometryData/cb/53/e32edf483da7d657b9832ed54429fab93ea8.udd" 6107
"../../../../../../GitHub/CutyKiller/GAME FOLDER/Content/LPSDeluxe2TropicalEnvironment/LPSD2_Meshes/Treasure/SM_MediumCoin_2.uasset" 6108
"C:/Users/b.lapeze/AppData/Local/UnrealEngine/Common/DerivedDataCache/Buckets/LegacyChaosGeometryData/5c/92/399f12cfee8899710a4299f85147e29cd8d7.udd" 6109
"C:/Users/b.lapeze/AppData/Local/UnrealEngine/Common/DerivedDataCache/Buckets/LegacyNavCollision/18/54/9d9cd80b7112ec3ca2dde5a8c4d5b7459a1e.udd" 6110
"C:/Users/b.lapeze/AppData/Local/UnrealEngine/Common/DerivedDataCache/Buckets/LegacyCARD/63/b1/0949b407663fbecbbe654ae88ea40adbf480.udd" 6111
"../../../../../../GitHub/CutyKiller/GAME FOLDER/Content/LPSDeluxe2TropicalEnvironment/LPSD2_Meshes/Treasure/SM_MediumCoin_1.uasset" 6112
"C:/Users/b.lapeze/AppData/Local/UnrealEngine/Common/DerivedDataCache/Buckets/LegacyChaosGeometryData/c0/ed/0d004129fef330f969ceec93c1110ddd023a.udd" 6113
"C:/Users/b.lapeze/AppData/Local/UnrealEngine/Common/DerivedDataCache/Buckets/LegacyDIST/e4/03/efa7e38ac230efa4ecbd4f5d89d9aa238932.udd" 6114
"C:/Users/b.lapeze/AppData/Local/UnrealEngine/Common/DerivedDataCache/Buckets/LegacyNavCollision/2c/09/a66399e2b3830f84e7b4d679499f40dace5c.udd" 6115
"C:/Users/b.lapeze/AppData/Local/UnrealEngine/Common/DerivedDataCache/Buckets/LegacyChaosGeometryData/bd/1b/d70b026a9fd3cc45952ebf90551528cd383c.udd" 6116
"../../../../../../GitHub/CutyKiller/GAME FOLDER/Content/LPSDeluxe2TropicalEnvironment/LPSD2_Meshes/Treasure/SM_LargeCoin_1.uasset" 6117
"C:/Users/b.lapeze/AppData/Local/UnrealEngine/Common/DerivedDataCache/Buckets/LegacyNavCollision/c9/41/8c67bb024ad8587e9e084d0787d0e244fadf.udd" 6118
"../../../../../../GitHub/CutyKiller/GAME FOLDER/Content/LPSDeluxe2TropicalEnvironment/LPSD2_Meshes/Treasure/SM_TreasureVase_1.uasset" 6119
"C:/Users/b.lapeze/AppData/Local/UnrealEngine/Common/DerivedDataCache/Buckets/LegacyNavCollision/bf/cc/be5e787b726492fda355e5af6dc0c9d54572.udd" 6120
"../../../../../../GitHub/CutyKiller/GAME FOLDER/Content/LPSDeluxe2TropicalEnvironment/LPSD2_Meshes/Beach/SM_Buoy_1.uasset" 6121
"C:/Users/b.lapeze/AppData/Local/UnrealEngine/Common/DerivedDataCache/Buckets/LegacyCARD/29/50/7ac43a5d870bff989b836555114e1334efb4.udd" 6122
"D:/GitHub/CutyKiller/GAME FOLDER/Content/LPSDeluxe2TropicalEnvironment/LPSD2_Meshes/Pirate/SM_Crate_1.uasset" 6123
"D:/GitHub/CutyKiller/GAME FOLDER/Content/LPSDeluxe2TropicalEnvironment/LPSD2_Meshes/Pirate/SM_CaptainsChair_1.uasset" 6124
"D:/GitHub/CutyKiller/GAME FOLDER/Content/LPSDeluxe2TropicalEnvironment/LPSD2_Meshes/Platform/SM_XLPlatform_1.uasset" 6125
"D:/GitHub/CutyKiller/GAME FOLDER/Content/LPSDeluxe2TropicalEnvironment/LPSD2_Meshes/Platform/SM_TPlatform_3.uasset" 6126
"D:/GitHub/CutyKiller/GAME FOLDER/Content/LPSDeluxe2TropicalEnvironment/LPSD2_Meshes/Beach/SM_BeachTowel_1.uasset" 6127
"C:/Users/b.lapeze/AppData/Local/UnrealEngine/Common/DerivedDataCache/Buckets/LegacyChaosGeometryData/a8/b3/9f763e7aee136a1655416012da494613820b.udd" 6128
"C:/Users/b.lapeze/AppData/Local/UnrealEngine/Common/DerivedDataCache/Buckets/StaticMesh/6b/c5/2bef6571803e85188f90ebc616a130242223.udd" 6129
"C:/Users/b.lapeze/AppData/Local/UnrealEngine/Common/DerivedDataCache/Buckets/StaticMesh/6b/a6/a1cdf627779567ee3923cd8cd02f2febb1df.udd" 6130
"D:/GitHub/CutyKiller/GAME FOLDER/Content/LPSDeluxe2TropicalEnvironment/LPSD2_Meshes/Pirate/SM_CaptainTable_1.uasset" 6131
"C:/Users/b.lapeze/AppData/Local/UnrealEngine/Common/DerivedDataCache/Buckets/LegacyNavCollision/31/20/a0a7cd04ce5a0fa9023f41af1a148b26fd3e.udd" 6132
"../../../../../../GitHub/CutyKiller/GAME FOLDER/Content/LPSDeluxe2TropicalEnvironment/LPSD2_Meshes/Misc/SM_SkyDome_1.uasset" 6133
"D:/GitHub/CutyKiller/GAME FOLDER/Content/LPSDeluxe2TropicalEnvironment/LPSD2_Meshes/Platform/SM_TPlatform_2.uasset" 6134
"D:/GitHub/CutyKiller/GAME FOLDER/Content/LPSDeluxe2TropicalEnvironment/LPSD2_Meshes/Platform/SM_TPlatform_1.uasset" 6135
"D:/GitHub/CutyKiller/GAME FOLDER/Content/LPSDeluxe2TropicalEnvironment/LPSD2_Meshes/Platform/SM_LStoneBlock_1.uasset" 6136
"C:/Users/b.lapeze/AppData/Local/UnrealEngine/Common/DerivedDataCache/Buckets/LegacyDIST/58/94/27ab1ede2f8c5423b9b0d589aa0a1e16a73a.udd" 6137
"C:/Users/b.lapeze/AppData/Local/UnrealEngine/Common/DerivedDataCache/Buckets/LegacyDIST/2f/4f/bda68c200796c3b8eb54d36444542362886c.udd" 6138
"C:/Users/b.lapeze/AppData/Local/UnrealEngine/Common/DerivedDataCache/Buckets/StaticMesh/13/be/a0cae466e0c003896e111bd5bdee295be80a.udd" 6139
"C:/Users/b.lapeze/AppData/Local/UnrealEngine/Common/DerivedDataCache/Buckets/StaticMesh/c3/8b/3ea372f93edaee35e95cbc2864cf45c00d01.udd" 6140
"C:/Users/b.lapeze/AppData/Local/UnrealEngine/Common/DerivedDataCache/Buckets/StaticMesh/c4/8d/0904fb340322b5fb9de886012f0e17381c37.udd" 6141
"D:/GitHub/CutyKiller/GAME FOLDER/Content/LPSDeluxe2TropicalEnvironment/LPSD2_Meshes/Mountain/SM_TRock_1.uasset" 6142
"D:/GitHub/CutyKiller/GAME FOLDER/Content/LPSDeluxe2TropicalEnvironment/LPSD2_Meshes/Mountain/SM_TRock_3.uasset" 6143
"C:/Users/b.lapeze/AppData/Local/UnrealEngine/Common/DerivedDataCache/Content/ee/26/0c45e1c5f84de888686687fa5fef6d3f4dff.udd" 6144
"C:/Users/b.lapeze/AppData/Local/UnrealEngine/Common/DerivedDataCache/Buckets/LegacyDIST/b6/15/4381e51c0f335f4a7e2883f2a478f854f87e.udd" 6145
"C:/Users/b.lapeze/AppData/Local/UnrealEngine/Common/DerivedDataCache/Buckets/LegacyDIST/2b/72/5ede700d216c91f94fede935bbc62a1565f9.udd" 6146
"C:/Users/b.lapeze/AppData/Local/UnrealEngine/Common/DerivedDataCache/Buckets/LegacyDIST/f6/70/dbb4e0a9eda11145631c2b30204f59ab2eee.udd" 6147
"D:/GitHub/CutyKiller/GAME FOLDER/Content/LPSDeluxe2TropicalEnvironment/LPSD2_Meshes/Mountain/SM_TRock_2.uasset" 6148
"C:/Users/b.lapeze/AppData/Local/UnrealEngine/Common/DerivedDataCache/Buckets/LegacyCARD/8c/e8/9ab7dfc8b0f73423fa47648e495b1ef92090.udd" 6149
"C:/Users/b.lapeze/AppData/Local/UnrealEngine/Common/DerivedDataCache/Buckets/LegacyCARD/26/92/de4354ca8c46a664389b9ba62a66e06672b2.udd" 6150
"C:/Users/b.lapeze/AppData/Local/UnrealEngine/Common/DerivedDataCache/Content/3e/40/c1f2dd44da1f80aa83a82d78c55c9269d671.udd" 6151
"C:/Users/b.lapeze/AppData/Local/UnrealEngine/Common/DerivedDataCache/Content/93/a8/1b7b42b1d451205da64ebbfd9129874b4564.udd" 6152
"C:/Users/b.lapeze/AppData/Local/UnrealEngine/Common/DerivedDataCache/Buckets/LegacyCARD/6f/d7/c174a6466db2f20c22a595e59cbbb8723ef5.udd" 6153
"C:/Users/b.lapeze/AppData/Local/UnrealEngine/Common/DerivedDataCache/Buckets/LegacyChaosGeometryData/8f/c2/3b8ed408dcba963e85812c22610aa960296f.udd" 6154
"C:/Users/b.lapeze/AppData/Local/UnrealEngine/Common/DerivedDataCache/Buckets/LegacyChaosGeometryData/b2/f8/7919e419eb6f7735cca83e97ff43d5978d1f.udd" 6155
"C:/Users/b.lapeze/AppData/Local/UnrealEngine/Common/DerivedDataCache/Buckets/LegacyChaosGeometryData/ef/34/dbe4ccd23255f18217f53a47635596b09d2d.udd" 6156
"C:/Users/b.lapeze/AppData/Local/UnrealEngine/Common/DerivedDataCache/Buckets/LegacyCARD/1e/8d/37949f063260e5a007168c0682a227f222ed.udd" 6157
"C:/Users/b.lapeze/AppData/Local/UnrealEngine/Common/DerivedDataCache/Buckets/LegacyCARD/73/b8/57b90f90012980a21d12188b4d19d0e3f3ce.udd" 6158
"C:/Users/b.lapeze/AppData/Local/UnrealEngine/Common/DerivedDataCache/Buckets/LegacyNavCollision/8a/b6/a8c655abdd8777411331b946b80b460f7fdb.udd" 6159
"../../../../../../GitHub/CutyKiller/GAME FOLDER/Content/LPSDeluxe2TropicalEnvironment/LPSD2_Meshes/Volcano/SM_LargeVolcano_1.uasset" 6160
"C:/Users/b.lapeze/AppData/Local/UnrealEngine/Common/DerivedDataCache/Buckets/LegacyNavCollision/8b/11/657dd2778770bbadc609f78a02254bad2208.udd" 6161
"C:/Users/b.lapeze/AppData/Local/UnrealEngine/Common/DerivedDataCache/Buckets/LegacyNavCollision/22/63/58a226b72fbd17da89ffc190cc9a5082209e.udd" 6162
"../../../../../../GitHub/CutyKiller/GAME FOLDER/Content/LPSDeluxe2TropicalEnvironment/LPSD2_Meshes/Water/SM_TropicCloud_2.uasset" 6163
"C:/Users/b.lapeze/AppData/Local/UnrealEngine/Common/DerivedDataCache/Buckets/LegacyChaosGeometryData/08/54/734008d772ed22d03e82ba8fe628462cfd24.udd" 6164
"C:/Users/b.lapeze/AppData/Local/UnrealEngine/Common/DerivedDataCache/Buckets/LegacyChaosGeometryData/c9/9a/8c2639b153046b16ea30d1c7ac1818da233a.udd" 6165
"C:/Users/b.lapeze/AppData/Local/UnrealEngine/Common/DerivedDataCache/Buckets/StaticMesh/1c/37/7903a2c86ec40800517a5ca8b7ee84b2a707.udd" 6166
"C:/Users/b.lapeze/AppData/Local/UnrealEngine/Common/DerivedDataCache/Buckets/StaticMesh/df/d8/d7b2f9f7ed530c93112f5bc5c7bc3d5da69f.udd" 6167
"C:/Users/b.lapeze/AppData/Local/UnrealEngine/Common/DerivedDataCache/Buckets/StaticMesh/a5/ef/6491877998de999c3cf39b00c70be47f1c5f.udd" 6168
"C:/Users/b.lapeze/AppData/Local/UnrealEngine/Common/DerivedDataCache/Buckets/LegacyNavCollision/28/91/2231db9c7c8a9fd80a3287e6ebb5f4b2fd58.udd" 6169
"C:/Users/b.lapeze/AppData/Local/UnrealEngine/Common/DerivedDataCache/Buckets/LegacyNavCollision/44/1a/dbc3e58b1f5110e770232bd012c330cd644b.udd" 6170
"C:/Users/b.lapeze/AppData/Local/UnrealEngine/Common/DerivedDataCache/Buckets/LegacyDIST/0a/54/447607a006c7c8230b8fda11b7c5697e0005.udd" 6171
"C:/Users/b.lapeze/AppData/Local/UnrealEngine/Common/DerivedDataCache/Buckets/LegacyDIST/45/4b/3d1fae61b6790d794021bb0cbf0de6401c2d.udd" 6172
"../../../../../../GitHub/CutyKiller/GAME FOLDER/Content/LPSDeluxe2TropicalEnvironment/LPSD2_Meshes/Water/SM_TropicCloud_1.uasset" 6173
"../../../../../../GitHub/CutyKiller/GAME FOLDER/Content/LPSDeluxe2TropicalEnvironment/LPSD2_Meshes/Water/SM_TropicalCloud_3.uasset" 6174
"C:/Users/b.lapeze/AppData/Local/UnrealEngine/Common/DerivedDataCache/Buckets/LegacyDIST/85/1a/09ecd87359b457ab9a7a88cf121eba295c22.udd" 6175
"../../../../../../GitHub/CutyKiller/GAME FOLDER/Content/LPSDeluxe2TropicalEnvironment/LPSD2_Meshes/Treasure/SM_TreasureGlowStone_1.uasset" 6176
"C:/Users/b.lapeze/AppData/Local/UnrealEngine/Common/DerivedDataCache/Buckets/LegacyCARD/a6/82/7858ea7c058658154cfa092e192fd44ac35b.udd" 6177
"C:/Users/b.lapeze/AppData/Local/UnrealEngine/Common/DerivedDataCache/Buckets/LegacyCARD/81/8c/d786b604e73c8d920cae4776d314d2dd4b74.udd" 6178
"C:/Users/b.lapeze/AppData/Local/UnrealEngine/Common/DerivedDataCache/Buckets/StaticMesh/9a/5f/44a3a87328e193c236afb24d6ed950c7d29e.udd" 6179
"C:/Users/b.lapeze/AppData/Local/UnrealEngine/Common/DerivedDataCache/Buckets/StaticMesh/a9/0a/d46748ce16ed06d9e83b8c1f40731b1cc167.udd" 6180
"C:/Users/b.lapeze/AppData/Local/UnrealEngine/Common/DerivedDataCache/Buckets/LegacyCARD/85/5e/8bc285d488a1822ec83ff29b0094fcb76ed7.udd" 6181
"C:/Users/b.lapeze/AppData/Local/UnrealEngine/Common/DerivedDataCache/Buckets/LegacyDIST/f7/b7/70f463d3f03dd244de0d146c16e62fff7581.udd" 6182
"C:/Users/b.lapeze/AppData/Local/UnrealEngine/Common/DerivedDataCache/Buckets/LegacyDIST/2f/c1/5c7c094bf3ebc63db7b78d3a631050dea0e1.udd" 6183
"C:/Users/b.lapeze/AppData/Local/UnrealEngine/Common/DerivedDataCache/Buckets/LegacyChaosGeometryData/57/31/ace6a19c5c2cb3b2fa6a8398bc6b9133f058.udd" 6184
"C:/Users/b.lapeze/AppData/Local/UnrealEngine/Common/DerivedDataCache/Buckets/LegacyChaosGeometryData/b8/56/d3e6aa6656184d40e6adf91d48a1d974e818.udd" 6185
"C:/Users/b.lapeze/AppData/Local/UnrealEngine/Common/DerivedDataCache/Buckets/LegacyCARD/2a/ce/da5f315b3b20be03a421f7758f0664df11d7.udd" 6186
"C:/Users/b.lapeze/AppData/Local/UnrealEngine/Common/DerivedDataCache/Buckets/LegacyChaosGeometryData/8d/33/a47ccf5a31a1f632e7727d1d97c48db02ea8.udd" 6187
"C:/Users/b.lapeze/AppData/Local/UnrealEngine/Common/DerivedDataCache/Buckets/LegacyCARD/36/6f/1964c3a2cbfb3f89e45cf2048b7b10c91eea.udd" 6188
"C:/Users/b.lapeze/AppData/Local/UnrealEngine/Common/DerivedDataCache/Buckets/LegacyNavCollision/22/6b/bd6078805c2a58debb966fbdd9a1b834bac6.udd" 6189
"C:/Users/b.lapeze/AppData/Local/UnrealEngine/Common/DerivedDataCache/Buckets/LegacyNavCollision/e6/28/7c6a327ad107a6f84380a7b1f31f5df6218b.udd" 6190
"../../../../../../GitHub/CutyKiller/GAME FOLDER/Content/LPSDeluxe2TropicalEnvironment/LPSD2_Meshes/Treasure/SM_TreasureGem_3.uasset" 6191
"../../../../../../GitHub/CutyKiller/GAME FOLDER/Content/LPSDeluxe2TropicalEnvironment/LPSD2_Meshes/Treasure/SM_TreasureGem_1.uasset" 6192
"C:/Users/b.lapeze/AppData/Local/UnrealEngine/Common/DerivedDataCache/Buckets/LegacyNavCollision/c3/45/bea4531b9108733d2b6d592361dca484f1f5.udd" 6193
"C:/Users/b.lapeze/AppData/Local/UnrealEngine/Common/DerivedDataCache/Buckets/StaticMesh/ea/bb/777250a0377ca3ac01a8f8b934dc6db4ccc6.udd" 6194
"../../../../../../GitHub/CutyKiller/GAME FOLDER/Content/LPSDeluxe2TropicalEnvironment/LPSD2_Meshes/Treasure/SM_TreasureCrown_1.uasset" 6195
"C:/Users/b.lapeze/AppData/Local/UnrealEngine/Common/DerivedDataCache/Buckets/LegacyChaosGeometryData/24/3c/470e06986c4722ea9e582c4e247e50f20e17.udd" 6196
"C:/Users/b.lapeze/AppData/Local/UnrealEngine/Common/DerivedDataCache/Buckets/StaticMesh/57/42/0da54587d6c6c063dcd0a74c8f16d8a19556.udd" 6197
"C:/Users/b.lapeze/AppData/Local/UnrealEngine/Common/DerivedDataCache/Buckets/LegacyChaosGeometryData/4e/79/976bfaaa6b6a5005ca5a99e7ff27e82d0709.udd" 6198
"C:/Users/b.lapeze/AppData/Local/UnrealEngine/Common/DerivedDataCache/Buckets/StaticMesh/0d/a6/256443f0555b5512d27d69001859dc6377e5.udd" 6199
"C:/Users/b.lapeze/AppData/Local/UnrealEngine/Common/DerivedDataCache/Buckets/LegacyDIST/6b/30/ef7f99a51351ba7578b881bed7e3068e1d21.udd" 6200
"C:/Users/b.lapeze/AppData/Local/UnrealEngine/Common/DerivedDataCache/Buckets/LegacyNavCollision/62/ad/ecff4b4a8597f366eeb30ac320e619019d20.udd" 6201
"C:/Users/b.lapeze/AppData/Local/UnrealEngine/Common/DerivedDataCache/Buckets/LegacyDIST/09/82/c217ec6898eafbf299883a82c6644bfa8669.udd" 6202
"../../../../../../GitHub/CutyKiller/GAME FOLDER/Content/LPSDeluxe2TropicalEnvironment/LPSD2_Meshes/Treasure/SM_TreasurePearls_1.uasset" 6203
"C:/Users/b.lapeze/AppData/Local/UnrealEngine/Common/DerivedDataCache/Buckets/LegacyNavCollision/54/5f/227c73e780390ca384d27206a289dc6ab50d.udd" 6204
"../../../../../../GitHub/CutyKiller/GAME FOLDER/Content/LPSDeluxe2TropicalEnvironment/LPSD2_Meshes/Treasure/SM_TreasureGem_4.uasset" 6205
"C:/Users/b.lapeze/AppData/Local/UnrealEngine/Common/DerivedDataCache/Buckets/LegacyDIST/3e/c5/a29241dfe0357ad758d59ae188fb6535b56e.udd" 6206
"C:/Users/b.lapeze/AppData/Local/UnrealEngine/Common/DerivedDataCache/Buckets/StaticMesh/79/ef/019e5bd40c929336d7d714319c6045ed83ab.udd" 6207
"C:/Users/b.lapeze/AppData/Local/UnrealEngine/Common/DerivedDataCache/Buckets/LegacyCARD/53/55/26d3e6d5bbb629590846e70e3c1a650ad9d4.udd" 6208
"C:/Users/b.lapeze/AppData/Local/UnrealEngine/Common/DerivedDataCache/Buckets/StaticMesh/8e/8c/08abd057a26a49b2d5cb9b0cf778d916e5d0.udd" 6209
"C:/Users/b.lapeze/AppData/Local/UnrealEngine/Common/DerivedDataCache/Buckets/LegacyCARD/8e/04/b4b3af26cfc3ac89b554cfcf452f5becceb3.udd" 6210
"C:/Users/b.lapeze/AppData/Local/UnrealEngine/Common/DerivedDataCache/Buckets/LegacyCARD/fa/f5/29b89afa2cc6aa8d553a33ae111cbcee5bfd.udd" 6211
"C:/Users/b.lapeze/AppData/Local/UnrealEngine/Common/DerivedDataCache/Buckets/LegacyDIST/e9/f5/4a0987b2c82bab2a61f64411d741d5994324.udd" 6212
"C:/Users/b.lapeze/AppData/Local/UnrealEngine/Common/DerivedDataCache/Buckets/LegacyDIST/cd/8d/7b22dd3693f93d27f9ee687b88a447660218.udd" 6213
"C:/Users/b.lapeze/AppData/Local/UnrealEngine/Common/DerivedDataCache/Buckets/LegacyChaosGeometryData/4a/ff/c878b3b9fa1bb101533cab800ff04c92aa5e.udd" 6214
"C:/Users/b.lapeze/AppData/Local/UnrealEngine/Common/DerivedDataCache/Buckets/LegacyChaosGeometryData/04/f0/ad1432859789155840128b70928da1899878.udd" 6215
"C:/Users/b.lapeze/AppData/Local/UnrealEngine/Common/DerivedDataCache/Buckets/LegacyCARD/b2/01/4fdfcf02b181cc4db470913f0902634dd80f.udd" 6216
"C:/Users/b.lapeze/AppData/Local/UnrealEngine/Common/DerivedDataCache/Buckets/LegacyChaosGeometryData/6f/a5/1f463e97775963faa9c6078d4b9fe684bc79.udd" 6217
"C:/Users/b.lapeze/AppData/Local/UnrealEngine/Common/DerivedDataCache/Buckets/LegacyCARD/03/84/3d65cef8f6d1e81aa6901aa30e6474b0c729.udd" 6218
"C:/Users/b.lapeze/AppData/Local/UnrealEngine/Common/DerivedDataCache/Buckets/LegacyNavCollision/fd/75/2c796aaf3f048683cd63348a2c9ca3ad66d5.udd" 6219
"../../../../../../GitHub/CutyKiller/GAME FOLDER/Content/LPSDeluxe2TropicalEnvironment/LPSD2_Meshes/Treasure/Sm_TreasureChalice_1.uasset" 6220
"C:/Users/b.lapeze/AppData/Local/UnrealEngine/Common/DerivedDataCache/Buckets/LegacyNavCollision/f2/c2/df5fe0e8430d78f7694788bba4b6c953733b.udd" 6221
"../../../../../../GitHub/CutyKiller/GAME FOLDER/Content/LPSDeluxe2TropicalEnvironment/LPSD2_Meshes/Treasure/SM_TreasureGem_5.uasset" 6222
"C:/Users/b.lapeze/AppData/Local/UnrealEngine/Common/DerivedDataCache/Buckets/LegacyNavCollision/91/2f/933c534167940f9feae1e632c9055ae8e2d8.udd" 6223
"C:/Users/b.lapeze/AppData/Local/UnrealEngine/Common/DerivedDataCache/Buckets/LegacyChaosGeometryData/fd/f2/b8f52a7b3addbf4f835053a0122c8792816c.udd" 6224
"../../../../../../GitHub/CutyKiller/GAME FOLDER/Content/LPSDeluxe2TropicalEnvironment/LPSD2_Meshes/Tiki/SM_Ukulele_1.uasset" 6225
"C:/Users/b.lapeze/AppData/Local/UnrealEngine/Common/DerivedDataCache/Buckets/LegacyChaosGeometryData/3e/cd/9dcde5deabe219b7ef368fa1096fa5d24636.udd" 6226
"C:/Users/b.lapeze/AppData/Local/UnrealEngine/Common/DerivedDataCache/Buckets/LegacyNavCollision/44/40/633f21050a3650cf12209ddc3de54f0fa9b1.udd" 6227
"../../../../../../GitHub/CutyKiller/GAME FOLDER/Content/LPSDeluxe2TropicalEnvironment/LPSD2_Meshes/Pirate/SM_PRug_1.uasset" 6228
"C:/Users/b.lapeze/AppData/Local/UnrealEngine/Common/DerivedDataCache/Buckets/LegacyNavCollision/ce/c8/85f78ae74c065e7f61cb3334281ef6fe7325.udd" 6229
"../../../../../../GitHub/CutyKiller/GAME FOLDER/Content/LPSDeluxe2TropicalEnvironment/LPSD2_Meshes/Pirate/SM_Spyglass_1.uasset" 6230
"D:/GitHub/CutyKiller/GAME FOLDER/Content/LPSDeluxe2TropicalEnvironment/LPSD2_Meshes/Platform/SM_TRockColumn_1.uasset" 6231
"D:/GitHub/CutyKiller/GAME FOLDER/Content/LPSDeluxe2TropicalEnvironment/LPSD2_Meshes/Volcano/SM_LavaField_1.uasset" 6232
"D:/GitHub/CutyKiller/GAME FOLDER/Content/LPSDeluxe2TropicalEnvironment/LPSD2_Meshes/Beach/SM_StarFish_1.uasset" 6233
"D:/GitHub/CutyKiller/GAME FOLDER/Content/LPSDeluxe2TropicalEnvironment/LPSD2_Meshes/Platform/SM_LavaPlatform_1.uasset" 6234
"C:/Users/b.lapeze/AppData/Local/UnrealEngine/Common/DerivedDataCache/Buckets/StaticMesh/b0/86/4ac47b4823c52f9b19af4532ffb5d364145e.udd" 6235
"C:/Users/b.lapeze/AppData/Local/UnrealEngine/Common/DerivedDataCache/Buckets/LegacyDIST/19/fd/5d27472a8b3accb55ed822a65392529e84fe.udd" 6236
"C:/Users/b.lapeze/AppData/Local/UnrealEngine/Common/DerivedDataCache/Buckets/LegacyCARD/2f/89/1b00c59073f1a4b45315afb056284741e8c0.udd" 6237
"C:/Users/b.lapeze/AppData/Local/UnrealEngine/Common/DerivedDataCache/Buckets/LegacyChaosGeometryData/01/d2/144e1b5fd33b512c9a6faf330ec41a8832c9.udd" 6238
"D:/GitHub/CutyKiller/GAME FOLDER/Content/LPSDeluxe2TropicalEnvironment/LPSD2_Meshes/Flora/SM_IslandTree_1.uasset" 6239
"D:/GitHub/CutyKiller/GAME FOLDER/Content/LPSDeluxe2TropicalEnvironment/LPSD2_Meshes/Mountain/SM_FlatRockClust_1.uasset" 6240
"C:/Users/b.lapeze/AppData/Local/UnrealEngine/Common/DerivedDataCache/Buckets/LegacyNavCollision/b6/45/ed3e03172db809af0442378d015f4a332e57.udd" 6241
"../../../../../../GitHub/CutyKiller/GAME FOLDER/Content/LPSDeluxe2TropicalEnvironment/LPSD2_Meshes/Beach/SM_Longboard_1.uasset" 6242
"D:/GitHub/CutyKiller/GAME FOLDER/Content/LPSDeluxe2TropicalEnvironment/LPSD2_Meshes/Tiki/SM_TikiSpear_1.uasset" 6243
"D:/GitHub/CutyKiller/GAME FOLDER/Content/LPSDeluxe2TropicalEnvironment/LPSD2_Meshes/Pirate/SM_ShipBarrel_3.uasset" 6244
"D:/GitHub/CutyKiller/GAME FOLDER/Content/LPSDeluxe2TropicalEnvironment/LPSD2_Meshes/Pirate/SM_BarrellTap_1.uasset" 6245
"D:/GitHub/CutyKiller/GAME FOLDER/Content/LPSDeluxe2TropicalEnvironment/LPSD2_Meshes/Pirate/SM_ShipBarrel_1.uasset" 6246
"D:/GitHub/CutyKiller/GAME FOLDER/Content/LPSDeluxe2TropicalEnvironment/LPSD2_Meshes/Tiki/SM_TikiPole_1.uasset" 6247
"D:/GitHub/CutyKiller/GAME FOLDER/Content/LPSDeluxe2TropicalEnvironment/LPSD2_Meshes/Pirate/SM_ShipBarrel_2.uasset" 6248
"C:/Users/b.lapeze/AppData/Local/UnrealEngine/Common/DerivedDataCache/Buckets/StaticMesh/49/15/b45d12ddbf684e8480ce8adc126b3a20cc9c.udd" 6249
"D:/GitHub/CutyKiller/GAME FOLDER/Content/LPSDeluxe2TropicalEnvironment/LPSD2_Meshes/Pirate/SM_Chalice_1.uasset" 6250
"C:/Users/b.lapeze/AppData/Local/UnrealEngine/Common/DerivedDataCache/Buckets/LegacyDIST/01/e0/7e221aa39e32d4a298cd4225ac985e540920.udd" 6251
"C:/Users/b.lapeze/AppData/Local/UnrealEngine/Common/DerivedDataCache/Buckets/LegacyCARD/43/e6/cc0d4be4c26a561ee8c35606e8cf49c30ab6.udd" 6252
"C:/Users/b.lapeze/AppData/Local/UnrealEngine/Common/DerivedDataCache/Buckets/LegacyChaosGeometryData/eb/a0/b3375636c37cf88b530531ca026c23525ef2.udd" 6253
"C:/Users/b.lapeze/AppData/Local/UnrealEngine/Common/DerivedDataCache/Buckets/LegacyNavCollision/0d/30/a7340cce825896f571a5066f02f2685cf3a6.udd" 6254
"../../../../../../GitHub/CutyKiller/GAME FOLDER/Content/LPSDeluxe2TropicalEnvironment/LPSD2_Meshes/Beach/SM_BeachBall_1.uasset" 6255
"C:/Users/b.lapeze/AppData/Local/UnrealEngine/Common/DerivedDataCache/Buckets/StaticMesh/dd/b6/169765f31e1704a64a5d086f9c1458de5908.udd" 6256
"C:/Users/b.lapeze/AppData/Local/UnrealEngine/Common/DerivedDataCache/Buckets/LegacyDIST/b7/e9/713d5d6d8a0cbb4110bf40032ec49d29a79a.udd" 6257
"C:/Users/b.lapeze/AppData/Local/UnrealEngine/Common/DerivedDataCache/Buckets/LegacyCARD/ce/9c/9a7f31c1bdee274dd1ab4975bd8052e6172d.udd" 6258
"C:/Users/b.lapeze/AppData/Local/UnrealEngine/Common/DerivedDataCache/Buckets/LegacyChaosGeometryData/16/eb/91770be9ca42515152c6f4f62f581772487e.udd" 6259
"C:/Users/b.lapeze/AppData/Local/UnrealEngine/Common/DerivedDataCache/Buckets/LegacyNavCollision/86/2a/357a476b466a659ed29cb66ac9d72405d131.udd" 6260
"../../../../../../GitHub/CutyKiller/GAME FOLDER/Content/LPSDeluxe2TropicalEnvironment/LPSD2_Meshes/Pirate/SM_PirateSword_1.uasset" 6261
"D:/GitHub/CutyKiller/GAME FOLDER/Content/LPSDeluxe2TropicalEnvironment/LPSD2_Meshes/Pirate/SM_PirateChest_1.uasset" 6262
"D:/GitHub/CutyKiller/GAME FOLDER/Content/LPSDeluxe2TropicalEnvironment/LPSD2_Meshes/Pirate/SM_PirateCompass_2.uasset" 6263
"D:/GitHub/CutyKiller/GAME FOLDER/Content/LPSDeluxe2TropicalEnvironment/LPSD2_Meshes/Pirate/SM_PirateChest_3.uasset" 6264
"C:/Users/b.lapeze/AppData/Local/UnrealEngine/Common/DerivedDataCache/Buckets/StaticMesh/97/70/818da70cc306c902dda4aa9e3239f458a9bb.udd" 6265
"C:/Users/b.lapeze/AppData/Local/UnrealEngine/Common/DerivedDataCache/Buckets/StaticMesh/e5/89/12ac7f36fb0b7cbe30fc7ff5ada1cbbfbf5f.udd" 6266
"C:/Users/b.lapeze/AppData/Local/UnrealEngine/Common/DerivedDataCache/Buckets/StaticMesh/fc/4e/f82e7385fd88a14404a2da3270ed5b2cb65a.udd" 6267
"C:/Users/b.lapeze/AppData/Local/UnrealEngine/Common/DerivedDataCache/Buckets/StaticMesh/09/c2/ec25f1d91092570c61c1f8e82528efe94f08.udd" 6268
"C:/Users/b.lapeze/AppData/Local/UnrealEngine/Common/DerivedDataCache/Buckets/StaticMesh/c4/f2/d87fd6b9821beaa23c3ad02b714797c45198.udd" 6269
"C:/Users/b.lapeze/AppData/Local/UnrealEngine/Common/DerivedDataCache/Buckets/LegacyDIST/15/5f/92a8e6fb080e6da9af69ba970f838afc2cdd.udd" 6270
"C:/Users/b.lapeze/AppData/Local/UnrealEngine/Common/DerivedDataCache/Buckets/LegacyDIST/45/71/c8f076643819f40090ce8448faee8bab39bd.udd" 6271
"C:/Users/b.lapeze/AppData/Local/UnrealEngine/Common/DerivedDataCache/Buckets/LegacyDIST/b3/82/eb369131924e7e7313cb5caf8afc5d52e9e5.udd" 6272
"C:/Users/b.lapeze/AppData/Local/UnrealEngine/Common/DerivedDataCache/Buckets/LegacyDIST/a7/89/71952bd452fc3d3c2b50f7118e04c78dcadc.udd" 6273
"C:/Users/b.lapeze/AppData/Local/UnrealEngine/Common/DerivedDataCache/Buckets/LegacyDIST/2c/7c/fb3382fb6864b1ffaa96ea7fa90ff550b9d4.udd" 6274
"C:/Users/b.lapeze/AppData/Local/UnrealEngine/Common/DerivedDataCache/Buckets/LegacyCARD/5d/f6/9fb8cc35de1ccbefc0e00a58c93e49c603a5.udd" 6275
"C:/Users/b.lapeze/AppData/Local/UnrealEngine/Common/DerivedDataCache/Buckets/LegacyCARD/7d/a6/f3aeec57aeeefb9a3d3713a1d0eacd073803.udd" 6276
"C:/Users/b.lapeze/AppData/Local/UnrealEngine/Common/DerivedDataCache/Buckets/LegacyCARD/e6/e7/874fe1b87f7faede8df6f65dc267a87dc892.udd" 6277
"C:/Users/b.lapeze/AppData/Local/UnrealEngine/Common/DerivedDataCache/Buckets/LegacyCARD/d6/4d/deeccd1a2e846f948d8c6c1310d0c743c50a.udd" 6278
"C:/Users/b.lapeze/AppData/Local/UnrealEngine/Common/DerivedDataCache/Buckets/LegacyCARD/dd/b4/7fe7bde4c9b24f09cb4aa4784c258a1e8f1c.udd" 6279
"C:/Users/b.lapeze/AppData/Local/UnrealEngine/Common/DerivedDataCache/Buckets/LegacyChaosGeometryData/11/90/a69e9072ec1e2e54882c91ae1a9f88a2471c.udd" 6280
"C:/Users/b.lapeze/AppData/Local/UnrealEngine/Common/DerivedDataCache/Buckets/LegacyChaosGeometryData/53/d7/868607f489c389dbfb117f74f90c5a604e36.udd" 6281
"C:/Users/b.lapeze/AppData/Local/UnrealEngine/Common/DerivedDataCache/Buckets/LegacyChaosGeometryData/9c/a0/defa4f729b0db854ad69815d7656110cbd85.udd" 6282
"C:/Users/b.lapeze/AppData/Local/UnrealEngine/Common/DerivedDataCache/Buckets/LegacyChaosGeometryData/a8/7e/f28d47b8542bbe18ace95c914c1487beb18a.udd" 6283
"C:/Users/b.lapeze/AppData/Local/UnrealEngine/Common/DerivedDataCache/Buckets/LegacyNavCollision/c3/6c/80fd43644362f554f52cb5d52a61e4f1aeb7.udd" 6284
"C:/Users/b.lapeze/AppData/Local/UnrealEngine/Common/DerivedDataCache/Buckets/LegacyChaosGeometryData/f4/73/b48331242488c7409cd8becdd26226c1b565.udd" 6285
"C:/Users/b.lapeze/AppData/Local/UnrealEngine/Common/DerivedDataCache/Buckets/LegacyNavCollision/34/c6/084175071c525148c4c0b67f3f087eb17af2.udd" 6286
"C:/Users/b.lapeze/AppData/Local/UnrealEngine/Common/DerivedDataCache/Buckets/LegacyNavCollision/59/ea/8d44fb8bdc06522563a28ff2968a0a86f63f.udd" 6287
"C:/Users/b.lapeze/AppData/Local/UnrealEngine/Common/DerivedDataCache/Buckets/LegacyNavCollision/5e/48/2486ca1f2c0b867e0a2f67afee22a17d282a.udd" 6288
"C:/Users/b.lapeze/AppData/Local/UnrealEngine/Common/DerivedDataCache/Buckets/StaticMesh/fd/d2/be42471b64b0932038339316bba655a02a2a.udd" 6289
"../../../../../../GitHub/CutyKiller/GAME FOLDER/Content/LPSDeluxe2TropicalEnvironment/LPSD2_Meshes/Pirate/SM_FlintLock_1.uasset" 6290
"C:/Users/b.lapeze/AppData/Local/UnrealEngine/Common/DerivedDataCache/Buckets/LegacyNavCollision/83/e8/4f3e5abcb92b27afa456f8799ae549be2a4f.udd" 6291
"../../../../../../GitHub/CutyKiller/GAME FOLDER/Content/LPSDeluxe2TropicalEnvironment/LPSD2_Meshes/Pirate/SM_Crate_1.uasset" 6292
"C:/Users/b.lapeze/AppData/Local/UnrealEngine/Common/DerivedDataCache/Buckets/LegacyDIST/64/7f/aa5e3992590ce909220de9d5db77b1207f29.udd" 6293
"C:/Users/b.lapeze/AppData/Local/UnrealEngine/Common/DerivedDataCache/Buckets/StaticMesh/fe/8c/1ac6c480805550187f84526f7faedaff3f45.udd" 6294
"C:/Users/b.lapeze/AppData/Local/UnrealEngine/Common/DerivedDataCache/Buckets/StaticMesh/ca/87/8e05dd049bbc5997f56bb86df1968d7bd3a8.udd" 6295
"C:/Users/b.lapeze/AppData/Local/UnrealEngine/Common/DerivedDataCache/Buckets/StaticMesh/f0/66/9b05b58880e2db735a0b3b55d17d4a1bbab2.udd" 6296
"C:/Users/b.lapeze/AppData/Local/UnrealEngine/Common/DerivedDataCache/Buckets/StaticMesh/0b/0a/b2bc0e14ba95ea84f208054950648b64156c.udd" 6297
"C:/Users/b.lapeze/AppData/Local/UnrealEngine/Common/DerivedDataCache/Buckets/LegacyCARD/0d/0e/b5130fbb98dd76b8deabe64261bb9eb06bc3.udd" 6298
"C:/Users/b.lapeze/AppData/Local/UnrealEngine/Common/DerivedDataCache/Buckets/LegacyDIST/53/0c/bbe4eb134e9ae78680cda2351d6895fcf8e0.udd" 6299
"C:/Users/b.lapeze/AppData/Local/UnrealEngine/Common/DerivedDataCache/Buckets/LegacyDIST/45/3a/b965ce76560834bef3cd4fe651cc83893fd5.udd" 6300
"C:/Users/b.lapeze/AppData/Local/UnrealEngine/Common/DerivedDataCache/Buckets/LegacyDIST/c8/5f/0d5dc3170d9fd886d0ea2e31d3fda4e675e9.udd" 6301
"C:/Users/b.lapeze/AppData/Local/UnrealEngine/Common/DerivedDataCache/Buckets/LegacyDIST/ec/8f/7d07c8ff71c4dabbd38f3d011b0ba87ff710.udd" 6302
"C:/Users/b.lapeze/AppData/Local/UnrealEngine/Common/DerivedDataCache/Buckets/LegacyCARD/8a/6b/b54b9f97c164a9c8c280f0f152380f6e279a.udd" 6303
"C:/Users/b.lapeze/AppData/Local/UnrealEngine/Common/DerivedDataCache/Buckets/LegacyCARD/6b/25/02606a10e91c302950bd363e3c44ccb8b408.udd" 6304
"C:/Users/b.lapeze/AppData/Local/UnrealEngine/Common/DerivedDataCache/Buckets/LegacyChaosGeometryData/44/8c/17fdc9b4062089d1a3a46b9b92ac8cfa5c1b.udd" 6305
"C:/Users/b.lapeze/AppData/Local/UnrealEngine/Common/DerivedDataCache/Buckets/LegacyCARD/6a/1f/2cc9086bf829470fb49e2b22bedf5e1191e2.udd" 6306
"C:/Users/b.lapeze/AppData/Local/UnrealEngine/Common/DerivedDataCache/Buckets/LegacyCARD/21/99/096d31309d50d5f7b8e7819264cb8f015f14.udd" 6307
"C:/Users/b.lapeze/AppData/Local/UnrealEngine/Common/DerivedDataCache/Buckets/LegacyChaosGeometryData/97/1e/22de2b953c0a5db9d1ee4d538a800c5e33b7.udd" 6308
"C:/Users/b.lapeze/AppData/Local/UnrealEngine/Common/DerivedDataCache/Buckets/LegacyNavCollision/8e/57/b33eea9f152dd43353b3410babf4d9648cf7.udd" 6309
"C:/Users/b.lapeze/AppData/Local/UnrealEngine/Common/DerivedDataCache/Buckets/LegacyChaosGeometryData/ed/64/a6b003a9517054d7fc471302ab8fab0e2bd6.udd" 6310
"../../../../../../GitHub/CutyKiller/GAME FOLDER/Content/LPSDeluxe2TropicalEnvironment/LPSD2_Meshes/Pirate/SM_CaptainTable_1.uasset" 6311
"C:/Users/b.lapeze/AppData/Local/UnrealEngine/Common/DerivedDataCache/Buckets/LegacyChaosGeometryData/6d/39/20ee240eaed5b098d5ff9cbe5132e25c3af4.udd" 6312
"C:/Users/b.lapeze/AppData/Local/UnrealEngine/Common/DerivedDataCache/Buckets/LegacyChaosGeometryData/5c/ab/de8078790d870f53b4a5013ae486ce3e021a.udd" 6313
"../../../../../../GitHub/CutyKiller/GAME FOLDER/Content/LPSDeluxe2TropicalEnvironment/LPSD2_Meshes/Pirate/SM_CaptainsChair_1.uasset" 6314
"../../../../../../GitHub/CutyKiller/GAME FOLDER/Content/LPSDeluxe2TropicalEnvironment/LPSD2_Meshes/Beach/SM_BeachTowel_1.uasset" 6315
"../../../../../../GitHub/CutyKiller/GAME FOLDER/Content/LPSDeluxe2TropicalEnvironment/LPSD2_Meshes/Platform/SM_XLPlatform_1.uasset" 6316
"C:/Users/b.lapeze/AppData/Local/UnrealEngine/Common/DerivedDataCache/Buckets/LegacyNavCollision/43/31/be985ef47732eead8ee86baddd3a10746454.udd" 6317
"C:/Users/b.lapeze/AppData/Local/UnrealEngine/Common/DerivedDataCache/Buckets/StaticMesh/bf/d9/439b19bee480baecb7c03078fa5c8c8887fe.udd" 6318
"C:/Users/b.lapeze/AppData/Local/UnrealEngine/Common/DerivedDataCache/Buckets/LegacyNavCollision/bc/cb/95c45b4d88ad2030fd4980658109a12fc6bb.udd" 6319
"C:/Users/b.lapeze/AppData/Local/UnrealEngine/Common/DerivedDataCache/Buckets/LegacyNavCollision/51/0a/092eebdd43fdefa2f01921752a543a66394c.udd" 6320
"C:/Users/b.lapeze/AppData/Local/UnrealEngine/Common/DerivedDataCache/Buckets/LegacyNavCollision/64/01/0b66048c18c52319f621d3628f82b19d99a9.udd" 6321
"../../../../../../GitHub/CutyKiller/GAME FOLDER/Content/LPSDeluxe2TropicalEnvironment/LPSD2_Meshes/Platform/SM_TPlatform_3.uasset" 6322
"C:/Users/b.lapeze/AppData/Local/UnrealEngine/Common/DerivedDataCache/Buckets/StaticMesh/2e/d5/673f90289bdf1a08894183436af03f9f58e9.udd" 6323
"C:/Users/b.lapeze/AppData/Local/UnrealEngine/Common/DerivedDataCache/Buckets/StaticMesh/be/b3/ef259f6448f59e45a153e4002175c1f61bf8.udd" 6324
"C:/Users/b.lapeze/AppData/Local/UnrealEngine/Common/DerivedDataCache/Buckets/LegacyDIST/e7/21/bf5492df225f624d3115079ae32e80817660.udd" 6325
"C:/Users/b.lapeze/AppData/Local/UnrealEngine/Common/DerivedDataCache/Buckets/StaticMesh/79/35/f9b2900980accb7999d7b3486658fcf8f16f.udd" 6326
"C:/Users/b.lapeze/AppData/Local/UnrealEngine/Common/DerivedDataCache/Buckets/StaticMesh/9d/28/90b07dfafd4d9dd5d39ea3ee255cd0456aab.udd" 6327
"C:/Users/b.lapeze/AppData/Local/UnrealEngine/Common/DerivedDataCache/Buckets/LegacyDIST/a7/e6/9bbea297b17033850cd1c105813522f5fd7d.udd" 6328
"D:/GitHub/CutyKiller/GAME FOLDER/Content/LPSDeluxe2TropicalEnvironment/LPSD2_Meshes/Beach/SM_SmallBoat_1.uasset" 6329
"C:/Users/b.lapeze/AppData/Local/UnrealEngine/Common/DerivedDataCache/Buckets/LegacyCARD/94/3e/3a1ddc3f6de62df2a5af157028dabc064cdd.udd" 6330
"C:/Users/b.lapeze/AppData/Local/UnrealEngine/Common/DerivedDataCache/Buckets/LegacyDIST/02/fe/3af6c63ae53ef6b2bc0c8e58d6af427b9562.udd" 6331
"C:/Users/b.lapeze/AppData/Local/UnrealEngine/Common/DerivedDataCache/Buckets/LegacyDIST/57/43/2eb0881c1fd1bb4bd0a423671639502a4f62.udd" 6332
"C:/Users/b.lapeze/AppData/Local/UnrealEngine/Common/DerivedDataCache/Buckets/LegacyDIST/0c/34/26e97f1783a3d980033f8fd8f07ae2660794.udd" 6333
"../../../../../../GitHub/CutyKiller/GAME FOLDER/Content/LPSDeluxe2TropicalEnvironment/LPSD2_Meshes/Platform/SM_TPlatform_2.uasset" 6334
"C:/Users/b.lapeze/AppData/Local/UnrealEngine/Common/DerivedDataCache/Buckets/LegacyCARD/e3/65/74873acc90c40470fbb2550f9e62b115279e.udd" 6335
"../../../../../../GitHub/CutyKiller/GAME FOLDER/Content/LPSDeluxe2TropicalEnvironment/LPSD2_Meshes/Platform/SM_TPlatform_1.uasset" 6336
"C:/Users/b.lapeze/AppData/Local/UnrealEngine/Common/DerivedDataCache/Buckets/LegacyChaosGeometryData/f8/74/82fd1a0de46eff47792b5cced339b83fb9d8.udd" 6337
"C:/Users/b.lapeze/AppData/Local/UnrealEngine/Common/DerivedDataCache/Buckets/LegacyCARD/13/c4/2043599bef96473fe0a2daa29ecdd603b835.udd" 6338
"../../../../../../GitHub/CutyKiller/GAME FOLDER/Content/LPSDeluxe2TropicalEnvironment/LPSD2_Meshes/Platform/SM_LStoneBlock_1.uasset" 6339
"C:/Users/b.lapeze/AppData/Local/UnrealEngine/Common/DerivedDataCache/Buckets/LegacyCARD/1d/7b/87ce789cbd20c5ed7cf16f80df00490a7617.udd" 6340
"C:/Users/b.lapeze/AppData/Local/UnrealEngine/Common/DerivedDataCache/Buckets/LegacyCARD/c4/ae/5108c2bc0414a9e79de671e6381bfcf8c957.udd" 6341
"C:/Users/b.lapeze/AppData/Local/UnrealEngine/Common/DerivedDataCache/Buckets/LegacyChaosGeometryData/1c/a6/b83f45ae785b7f836f13152357a2411a620e.udd" 6342
"C:/Users/b.lapeze/AppData/Local/UnrealEngine/Common/DerivedDataCache/Buckets/LegacyChaosGeometryData/0d/ff/fe7b39af5c888d0a57e4f05672cecfa38cac.udd" 6343
"C:/Users/b.lapeze/AppData/Local/UnrealEngine/Common/DerivedDataCache/Buckets/LegacyNavCollision/c2/4d/33113dcc342a419da647a05601f5501d93a6.udd" 6344
"../../../../../../GitHub/CutyKiller/GAME FOLDER/Content/LPSDeluxe2TropicalEnvironment/LPSD2_Meshes/Mountain/SM_TRock_3.uasset" 6345
"C:/Users/b.lapeze/AppData/Local/UnrealEngine/Common/DerivedDataCache/Buckets/LegacyChaosGeometryData/0a/5c/aae4685593dbf6d8a0ab4b7091005161904f.udd" 6346
"C:/Users/b.lapeze/AppData/Local/UnrealEngine/Common/DerivedDataCache/Buckets/LegacyChaosGeometryData/74/2d/dc84000fd077d121f68716694ae4ca2aca65.udd" 6347
"C:/Users/b.lapeze/AppData/Local/UnrealEngine/Common/DerivedDataCache/Buckets/LegacyNavCollision/91/3d/4ff7197577b2e2690cd9df1adb3917a2010b.udd" 6348
"../../../../../../GitHub/CutyKiller/GAME FOLDER/Content/LPSDeluxe2TropicalEnvironment/LPSD2_Meshes/Mountain/SM_TRock_2.uasset" 6349
"C:/Users/b.lapeze/AppData/Local/UnrealEngine/Common/DerivedDataCache/Buckets/LegacyNavCollision/c8/c9/7b985dfa08e8ed4517f88d95340d8cb2cb9d.udd" 6350
"C:/Users/b.lapeze/AppData/Local/UnrealEngine/Common/DerivedDataCache/Buckets/LegacyNavCollision/d2/fe/69a03127d2ebf57c13dbce75011a37437ec3.udd" 6351
"../../../../../../GitHub/CutyKiller/GAME FOLDER/Content/LPSDeluxe2TropicalEnvironment/LPSD2_Meshes/Mountain/SM_TRock_1.uasset" 6352
"C:/Users/b.lapeze/AppData/Local/UnrealEngine/Common/DerivedDataCache/Buckets/LegacyNavCollision/19/c6/641f2a382e4bfc67df8c02326a9f28d75b46.udd" 6353
"../../../../../../GitHub/CutyKiller/GAME FOLDER/Content/LPSDeluxe2TropicalEnvironment/LPSD2_Meshes/Mountain/SM_FlatRockClust_1.uasset" 6354
"../../../../../../GitHub/CutyKiller/GAME FOLDER/Content/LPSDeluxe2TropicalEnvironment/LPSD2_Meshes/Beach/SM_StarFish_1.uasset" 6355
"D:/GitHub/CutyKiller/GAME FOLDER/Content/LPSDeluxe2TropicalEnvironment/LPSD2_Meshes/Treasure/SM_PirateChest_3.uasset" 6356
"D:/GitHub/CutyKiller/GAME FOLDER/Content/SM_PirateChest_1_GeometryCollection.uasset" 6357
"D:/GitHub/CutyKiller/GAME FOLDER/Content/LPSDeluxe2TropicalEnvironment/LPSD2_Meshes/Treasure/SM_TreasureGem_2.uasset" 6358
"D:/GitHub/CutyKiller/GAME FOLDER/Content/LPSDeluxe2TropicalEnvironment/LPSD2_Meshes/Beach/SM_BeachDock_1.uasset" 6359
"D:/GitHub/CutyKiller/GAME FOLDER/Content/LPSDeluxe2TropicalEnvironment/LPSD2_Meshes/Pirate/SM_PirateCompass_1.uasset" 6360
"C:/Users/b.lapeze/AppData/Local/UnrealEngine/Common/DerivedDataCache/Buckets/StaticMesh/e4/a0/b1f6fb0b825522e559b3eb53f78515c6ed52.udd" 6361
"C:/Users/b.lapeze/AppData/Local/UnrealEngine/Common/DerivedDataCache/Buckets/LegacyDIST/ca/10/704be5d8ad4e98048752f708a700e1fc3451.udd" 6362
"C:/Users/b.lapeze/AppData/Local/UnrealEngine/Common/DerivedDataCache/Buckets/LegacyCARD/07/23/ba092e04830534592aeef1a3a6a81e87f103.udd" 6363
"C:/Users/b.lapeze/AppData/Local/UnrealEngine/Common/DerivedDataCache/Buckets/LegacyChaosGeometryData/e1/70/8fa3dbf7a557bd2f5e8cf24dadc108b84c90.udd" 6364
"C:/Users/b.lapeze/AppData/Local/UnrealEngine/Common/DerivedDataCache/Buckets/LegacyNavCollision/2d/4b/3b9af091b521a5e68ad32c7467ffa80fd4f8.udd" 6365
"../../../../../../GitHub/CutyKiller/GAME FOLDER/Content/LPSDeluxe2TropicalEnvironment/LPSD2_Meshes/Volcano/SM_LavaField_1.uasset" 6366
"D:/GitHub/CutyKiller/GAME FOLDER/Content/LPSDeluxe2TropicalEnvironment/LPSD2_Meshes/Pirate/SM_PirateChest_2.uasset" 6367
"D:/GitHub/CutyKiller/GAME FOLDER/Content/LPSDeluxe2TropicalEnvironment/LPSD2_Meshes/Beach/SM_TropicalLighthouse_1.uasset" 6368
"D:/GitHub/CutyKiller/GAME FOLDER/Content/LPSDeluxe2TropicalEnvironment/LPSD2_Meshes/Beach/SM_Boombox_1.uasset" 6369
"D:/GitHub/CutyKiller/GAME FOLDER/Content/LPSDeluxe2TropicalEnvironment/LPSD2_Meshes/Pirate/SM_MessageBottle_1.uasset" 6370
"D:/GitHub/CutyKiller/GAME FOLDER/Content/LPSDeluxe2TropicalEnvironment/LPSD2_Meshes/Flora/SM_Bamboo_1.uasset" 6371
"D:/GitHub/CutyKiller/GAME FOLDER/Content/LPSDeluxe2TropicalEnvironment/LPSD2_Meshes/Pirate/SM_Book_1.uasset" 6372
"D:/GitHub/CutyKiller/GAME FOLDER/Content/LPSDeluxe2TropicalEnvironment/LPSD2_Meshes/Pirate/SM_RumBottle_1.uasset" 6373
"C:/Users/b.lapeze/AppData/Local/UnrealEngine/Common/DerivedDataCache/Buckets/StaticMesh/4e/b2/44def805d6db7baebfd6eb3c0c0d683d31a4.udd" 6374
"D:/GitHub/CutyKiller/GAME FOLDER/Content/LPSDeluxe2TropicalEnvironment/LPSD2_Meshes/Tiki/SM_TikiTorch_1.uasset" 6375
"D:/GitHub/CutyKiller/GAME FOLDER/Content/LPSDeluxe2TropicalEnvironment/LPSD2_Meshes/Pirate/SM_PirateShip_1.uasset" 6376
"C:/Users/b.lapeze/AppData/Local/UnrealEngine/Common/DerivedDataCache/Buckets/StaticMesh/9a/1e/915a247126aaf95b2d813417e9181a40da88.udd" 6377
"C:/Users/b.lapeze/AppData/Local/UnrealEngine/Common/DerivedDataCache/Buckets/StaticMesh/2a/3c/ad97f30a6d5d9ddb5560b601817a5a70b2af.udd" 6378
"C:/Users/b.lapeze/AppData/Local/UnrealEngine/Common/DerivedDataCache/Buckets/StaticMesh/d7/c9/155206eb428b9540f7d831b195833b68279a.udd" 6379
"C:/Users/b.lapeze/AppData/Local/UnrealEngine/Common/DerivedDataCache/Buckets/StaticMesh/e6/f5/410fa431bdc593a31b6c9260237c63f73a65.udd" 6380
"C:/Users/b.lapeze/AppData/Local/UnrealEngine/Common/DerivedDataCache/Buckets/LegacyDIST/88/36/d3768a2be20c5282e5539cfe235794a454a1.udd" 6381
"C:/Users/b.lapeze/AppData/Local/UnrealEngine/Common/DerivedDataCache/Buckets/LegacyDIST/26/ce/b4db608b9c392fb1740dbc271b5cd6900646.udd" 6382
"C:/Users/b.lapeze/AppData/Local/UnrealEngine/Common/DerivedDataCache/Buckets/LegacyDIST/37/0d/3af65b58905abd3458db406db076a1dee972.udd" 6383
"C:/Users/b.lapeze/AppData/Local/UnrealEngine/Common/DerivedDataCache/Buckets/LegacyDIST/2d/9a/e615a36f3850784472d5e70af65554f5649b.udd" 6384
"C:/Users/b.lapeze/AppData/Local/UnrealEngine/Common/DerivedDataCache/Buckets/LegacyCARD/73/f0/f7ebde062636ee83d7a27adc52ab8dc024f1.udd" 6385
"C:/Users/b.lapeze/AppData/Local/UnrealEngine/Common/DerivedDataCache/Buckets/LegacyCARD/d2/a1/bb48ce52273af96522179550e1983bf59bd7.udd" 6386
"C:/Users/b.lapeze/AppData/Local/UnrealEngine/Common/DerivedDataCache/Buckets/LegacyCARD/8a/c7/4dc309dc4be5750ce12173cd053f02d5b199.udd" 6387
"C:/Users/b.lapeze/AppData/Local/UnrealEngine/Common/DerivedDataCache/Buckets/LegacyCARD/09/02/6eaec6f39131763330bce224fa1352d919b1.udd" 6388
"C:/Users/b.lapeze/AppData/Local/UnrealEngine/Common/DerivedDataCache/Buckets/LegacyChaosGeometryData/3b/ef/fa6ddbdf5d6e9759b1dcc6008a6d0c8ad50c.udd" 6389
"C:/Users/b.lapeze/AppData/Local/UnrealEngine/Common/DerivedDataCache/Buckets/LegacyDIST/70/6a/bfe6c1d20f1ee0a0bbcc17aea27784aac256.udd" 6390
"C:/Users/b.lapeze/AppData/Local/UnrealEngine/Common/DerivedDataCache/Buckets/LegacyChaosGeometryData/52/10/e2f45958b9bbd86eb0c8af0eaf6843678957.udd" 6391
"C:/Users/b.lapeze/AppData/Local/UnrealEngine/Common/DerivedDataCache/Buckets/LegacyChaosGeometryData/df/cf/0d6ff6e0bb3a8ba06ec91cfe733d7eca1616.udd" 6392
"C:/Users/b.lapeze/AppData/Local/UnrealEngine/Common/DerivedDataCache/Buckets/LegacyNavCollision/70/c9/27769c7aeb30e2b98455a2c7b21bb54bd24c.udd" 6393
"C:/Users/b.lapeze/AppData/Local/UnrealEngine/Common/DerivedDataCache/Buckets/LegacyChaosGeometryData/a9/9e/d7bfba7f3c81d21f6cda3db93791337dc0db.udd" 6394
"C:/Users/b.lapeze/AppData/Local/UnrealEngine/Common/DerivedDataCache/Buckets/LegacyNavCollision/20/d4/38ebb7eb964b67e8fdb24b57a42e0e278f08.udd" 6395
"C:/Users/b.lapeze/AppData/Local/UnrealEngine/Common/DerivedDataCache/Buckets/LegacyNavCollision/8d/4e/dd984ce208fe5863722e49f7d3bd6f777e8c.udd" 6396
"C:/Users/b.lapeze/AppData/Local/UnrealEngine/Common/DerivedDataCache/Buckets/LegacyCARD/87/38/3294bb6f0cc777473a3963aaeda4a7a20c01.udd" 6397
"C:/Users/b.lapeze/AppData/Local/UnrealEngine/Common/DerivedDataCache/Buckets/LegacyNavCollision/db/46/297dc87d237fd1f1ee79727a193219fc1310.udd" 6398
"C:/Users/b.lapeze/AppData/Local/UnrealEngine/Common/DerivedDataCache/Buckets/StaticMesh/54/03/316c946a3d4a51d0a8e5db64d960c116a713.udd" 6399
"C:/Users/b.lapeze/AppData/Local/UnrealEngine/Common/DerivedDataCache/Buckets/StaticMesh/6b/f6/ef48dd778d23fa3048e3898cb116a047551e.udd" 6400
"C:/Users/b.lapeze/AppData/Local/UnrealEngine/Common/DerivedDataCache/Buckets/StaticMesh/9a/44/a6019d788d5cc01b43c8f0a4896caca09b50.udd" 6401
"C:/Users/b.lapeze/AppData/Local/UnrealEngine/Common/DerivedDataCache/Buckets/LegacyChaosGeometryData/ae/f0/f2a1f90489ca2119246525f2ee00fe06f32f.udd" 6402
"C:/Users/b.lapeze/AppData/Local/UnrealEngine/Common/DerivedDataCache/Buckets/StaticMesh/7a/9c/8a3491dbe1628e55e828dd6c339e7aa3f57b.udd" 6403
"C:/Users/b.lapeze/AppData/Local/UnrealEngine/Common/DerivedDataCache/Buckets/LegacyDIST/d7/e9/29518d3aef5e1c743c5d23461b335d745217.udd" 6404
"C:/Users/b.lapeze/AppData/Local/UnrealEngine/Common/DerivedDataCache/Buckets/LegacyNavCollision/a1/3d/e386e280f103e42011c281b3affd9b0942a5.udd" 6405
"C:/Users/b.lapeze/AppData/Local/UnrealEngine/Common/DerivedDataCache/Buckets/LegacyDIST/88/09/30a2d69cc1ac9677f506559bad0a0118071f.udd" 6406
"C:/Users/b.lapeze/AppData/Local/UnrealEngine/Common/DerivedDataCache/Buckets/LegacyDIST/e4/74/ff893095e2c6b7ff7f8cd383a32c49a9f843.udd" 6407
"../../../../../../GitHub/CutyKiller/GAME FOLDER/Content/LPSDeluxe2TropicalEnvironment/LPSD2_Meshes/Platform/SM_TRockColumn_1.uasset" 6408
"C:/Users/b.lapeze/AppData/Local/UnrealEngine/Common/DerivedDataCache/Buckets/LegacyCARD/b3/4c/e27139d19e635d6d19fc8b0986d231586fec.udd" 6409
"C:/Users/b.lapeze/AppData/Local/UnrealEngine/Common/DerivedDataCache/Buckets/LegacyDIST/fb/4b/e3b22e272f6aab1b19c4c762e0f9e7562c77.udd" 6410
"../../../../../../GitHub/CutyKiller/GAME FOLDER/Content/LPSDeluxe2TropicalEnvironment/LPSD2_Meshes/Platform/SM_LavaPlatform_1.uasset" 6411
"C:/Users/b.lapeze/AppData/Local/UnrealEngine/Common/DerivedDataCache/Buckets/LegacyCARD/13/e5/d2e4b7b82b90a5583bcccb769229241f0bbd.udd" 6412
"C:/Users/b.lapeze/AppData/Local/UnrealEngine/Common/DerivedDataCache/Buckets/StaticMesh/4f/01/f861def180180cc9345e67208e4c55cfaa25.udd" 6413
"C:/Users/b.lapeze/AppData/Local/UnrealEngine/Common/DerivedDataCache/Buckets/LegacyCARD/f2/3b/5b1e978c205234e8b5261affd9a4622fe11c.udd" 6414
"C:/Users/b.lapeze/AppData/Local/UnrealEngine/Common/DerivedDataCache/Buckets/LegacyChaosGeometryData/eb/bf/0e45ef580702ed3da73d912c507bb6117a51.udd" 6415
"C:/Users/b.lapeze/AppData/Local/UnrealEngine/Common/DerivedDataCache/Buckets/LegacyCARD/2a/b0/542f1d9d24bd879efcabb488c2184eec9cc0.udd" 6416
"C:/Users/b.lapeze/AppData/Local/UnrealEngine/Common/DerivedDataCache/Buckets/LegacyDIST/0c/93/0c0f6e3a93cf37ba11928393b3715e4b11ab.udd" 6417
"C:/Users/b.lapeze/AppData/Local/UnrealEngine/Common/DerivedDataCache/Buckets/LegacyChaosGeometryData/b5/50/ee614bf6bf7c9931464cfe44db2ceae42c0e.udd" 6418
"C:/Users/b.lapeze/AppData/Local/UnrealEngine/Common/DerivedDataCache/Buckets/LegacyNavCollision/fd/56/aa4a663bc607e441559eba9e034a020aa717.udd" 6419
"C:/Users/b.lapeze/AppData/Local/UnrealEngine/Common/DerivedDataCache/Buckets/LegacyChaosGeometryData/f6/63/f162b451c9742c3ae545411219c7361f0bce.udd" 6420
"C:/Users/b.lapeze/AppData/Local/UnrealEngine/Common/DerivedDataCache/Buckets/LegacyChaosGeometryData/87/6a/c1db428e888e830a90c0dead1e6c50113c89.udd" 6421
"C:/Users/b.lapeze/AppData/Local/UnrealEngine/Common/DerivedDataCache/Buckets/LegacyCARD/f4/7e/13627d3482922cd6c7e70e34a3846cb149fa.udd" 6422
"C:/Users/b.lapeze/AppData/Local/UnrealEngine/Common/DerivedDataCache/Buckets/LegacyNavCollision/d8/95/51e56c4ce6d12a6c9938dd118a2112890052.udd" 6423
"C:/Users/b.lapeze/AppData/Local/UnrealEngine/Common/DerivedDataCache/Buckets/LegacyNavCollision/4e/a5/66319574d767e8c155d73ce4f480381703d5.udd" 6424
"C:/Users/b.lapeze/AppData/Local/UnrealEngine/Common/DerivedDataCache/Buckets/StaticMesh/0d/e8/f6f7367aec56f549100f514300c83410ece3.udd" 6425
"C:/Users/b.lapeze/AppData/Local/UnrealEngine/Common/DerivedDataCache/Buckets/LegacyNavCollision/e6/49/fcd8ab98db6a9e425ed295c9bf2ea7d74640.udd" 6426
"C:/Users/b.lapeze/AppData/Local/UnrealEngine/Common/DerivedDataCache/Buckets/LegacyChaosGeometryData/32/06/8418d7401bbb715f3366a7d6845d75409e6d.udd" 6427
"../../../../../../GitHub/CutyKiller/GAME FOLDER/Content/LPSDeluxe2TropicalEnvironment/LPSD2_Meshes/Flora/SM_IslandTree_1.uasset" 6428
"C:/Users/b.lapeze/AppData/Local/UnrealEngine/Common/DerivedDataCache/Buckets/LegacyDIST/93/73/d506d028f464fc582c56ae02bc857b70f208.udd" 6429
"C:/Users/b.lapeze/AppData/Local/UnrealEngine/Common/DerivedDataCache/Buckets/StaticMesh/6f/15/72dbfede479942dc6b47d266fbab096632a1.udd" 6430
"../../../../../../GitHub/CutyKiller/GAME FOLDER/Content/LPSDeluxe2TropicalEnvironment/LPSD2_Meshes/Pirate/SM_Chalice_1.uasset" 6431
"../../../../../../GitHub/CutyKiller/GAME FOLDER/Content/LPSDeluxe2TropicalEnvironment/LPSD2_Meshes/Pirate/SM_BarrellTap_1.uasset" 6432
"C:/Users/b.lapeze/AppData/Local/UnrealEngine/Common/DerivedDataCache/Buckets/LegacyDIST/8d/36/4da4a7a17e5f6cced7d32db31d890b9da42d.udd" 6433
"C:/Users/b.lapeze/AppData/Local/UnrealEngine/Common/DerivedDataCache/Buckets/LegacyNavCollision/05/ef/f437434bee3818d251be0d1590d434ba36bf.udd" 6434
"C:/Users/b.lapeze/AppData/Local/UnrealEngine/Common/DerivedDataCache/Buckets/LegacyCARD/32/68/8f21bb7f615b4183b43175d322a3585e0831.udd" 6435
"../../../../../../GitHub/CutyKiller/GAME FOLDER/Content/LPSDeluxe2TropicalEnvironment/LPSD2_Meshes/Tiki/SM_TikiSpear_1.uasset" 6436
"../../../../../../GitHub/CutyKiller/GAME FOLDER/Content/LPSDeluxe2TropicalEnvironment/LPSD2_Meshes/Tiki/SM_TikiPole_1.uasset" 6437
"C:/Users/b.lapeze/AppData/Local/UnrealEngine/Common/DerivedDataCache/Buckets/LegacyCARD/a8/b7/ca6d3241c232ee70bebb72642431a63cefa8.udd" 6438
"C:/Users/b.lapeze/AppData/Local/UnrealEngine/Common/DerivedDataCache/Buckets/LegacyChaosGeometryData/82/1c/74d260828b97218b4254be7c6605790342d7.udd" 6439
"C:/Users/b.lapeze/AppData/Local/UnrealEngine/Common/DerivedDataCache/Buckets/StaticMesh/7b/52/c9b114c8bb7de8371a8d4f5bd8c55dbd7230.udd" 6440
"D:/GitHub/CutyKiller/GAME FOLDER/Content/LPSDeluxe2TropicalEnvironment/LPSD2_Meshes/Pirate/SM_MapRoll_2.uasset" 6441
"D:/GitHub/CutyKiller/GAME FOLDER/Content/LPSDeluxe2TropicalEnvironment/LPSD2_Meshes/Pirate/SM_MapRoll_1.uasset" 6442
"C:/Users/b.lapeze/AppData/Local/UnrealEngine/Common/DerivedDataCache/Buckets/LegacyChaosGeometryData/5a/8b/dd8dcf3c43859e380c890d7749aa25c462e9.udd" 6443
"C:/Users/b.lapeze/AppData/Local/UnrealEngine/Common/DerivedDataCache/Buckets/LegacyNavCollision/5f/b2/b6e5f7d9cee415219ab491b2fa86f5b8dca7.udd" 6444
"C:/Users/b.lapeze/AppData/Local/UnrealEngine/Common/DerivedDataCache/Buckets/LegacyNavCollision/f9/72/03b2667b3c768f5901b63ca29c03763c039a.udd" 6445
"C:/Users/b.lapeze/AppData/Local/UnrealEngine/Common/DerivedDataCache/Buckets/LegacyDIST/f8/ff/e8179e24176d8ea2f9df39fa70aee0fe6e73.udd" 6446
"C:/Users/b.lapeze/AppData/Local/UnrealEngine/Common/DerivedDataCache/Buckets/LegacyCARD/de/73/5a150b8f6c29e7ce23a5209af325ff5c2d8e.udd" 6447
"C:/Users/b.lapeze/AppData/Local/UnrealEngine/Common/DerivedDataCache/Buckets/LegacyChaosGeometryData/e0/0f/2cacbb66d06442917f135a12f5ac4745ae17.udd" 6448
"C:/Users/b.lapeze/AppData/Local/UnrealEngine/Common/DerivedDataCache/Buckets/LegacyNavCollision/b9/bf/f88cd427fbf569e100ff449863b6eca6d2ae.udd" 6449
"C:/Users/b.lapeze/AppData/Local/UnrealEngine/Common/DerivedDataCache/Buckets/LegacyGeometryCollection/5c/29/3f9d2b18257067d4910575c9be4174ce98ad.udd" 6450
"C:/Users/b.lapeze/AppData/Local/UnrealEngine/Common/DerivedDataCache/Content/cc/14/374db8ceff0707b812432ca90f976760c1dc.udd" 6451
"C:/Users/b.lapeze/AppData/Local/UnrealEngine/Common/DerivedDataCache/Buckets/StaticMesh/38/d6/e8da39d06b784b3bfea8be1bab1ed90e3816.udd" 6452
"C:/Users/b.lapeze/AppData/Local/UnrealEngine/Common/DerivedDataCache/Buckets/StaticMesh/95/f9/a385aa1a5e2a16dc3dd3a418871b2a49a241.udd" 6453
"C:/Users/b.lapeze/AppData/Local/UnrealEngine/Common/DerivedDataCache/Buckets/StaticMesh/2d/a5/bed3ccf39adadc0b21b4a349fa5262200adc.udd" 6454
"C:/Users/b.lapeze/AppData/Local/UnrealEngine/Common/DerivedDataCache/Buckets/StaticMesh/a5/47/fd8ea2980cd53c4797f24adb3185c6e34e78.udd" 6455
"C:/Users/b.lapeze/AppData/Local/UnrealEngine/Common/DerivedDataCache/Buckets/StaticMesh/23/b3/8b49041db48bf2d995b54eb23ee463efd722.udd" 6456
"../../../../../../GitHub/CutyKiller/GAME FOLDER/Content/LPSDeluxe2TropicalEnvironment/LPSD2_Meshes/Pirate/SM_ShipBarrel_3.uasset" 6457
"C:/Users/b.lapeze/AppData/Local/UnrealEngine/Common/DerivedDataCache/Buckets/LegacyDIST/64/0f/17095c15d4cb5d9f0d6090cb364f397e9a3e.udd" 6458
"../../../../../../GitHub/CutyKiller/GAME FOLDER/Content/LPSDeluxe2TropicalEnvironment/LPSD2_Meshes/Pirate/SM_ShipBarrel_2.uasset" 6459
"../../../../../../GitHub/CutyKiller/GAME FOLDER/Content/LPSDeluxe2TropicalEnvironment/LPSD2_Meshes/Pirate/SM_ShipBarrel_1.uasset" 6460
"../../../../../../GitHub/CutyKiller/GAME FOLDER/Content/LPSDeluxe2TropicalEnvironment/LPSD2_Meshes/Pirate/SM_PirateCompass_2.uasset" 6461
"C:/Users/b.lapeze/AppData/Local/UnrealEngine/Common/DerivedDataCache/Buckets/LegacyDIST/0d/67/84be6b1c2a93776cd9cb1a7aadb0c358230e.udd" 6462
"C:/Users/b.lapeze/AppData/Local/UnrealEngine/Common/DerivedDataCache/Buckets/LegacyDIST/94/00/dab1d3028c05e8c00273e2152c11b862416d.udd" 6463
"../../../../../../GitHub/CutyKiller/GAME FOLDER/Content/LPSDeluxe2TropicalEnvironment/LPSD2_Meshes/Pirate/SM_PirateChest_3.uasset" 6464
"C:/Users/b.lapeze/AppData/Local/UnrealEngine/Common/DerivedDataCache/Content/57/19/27a4c149e4f7be2cc88b908bf410598a2557.udd" 6465
"C:/Users/b.lapeze/AppData/Local/UnrealEngine/Common/DerivedDataCache/Buckets/LegacyDIST/0e/5b/5d453dfc94a2040fbcd0c44d087a91286478.udd" 6466
"../../../../../../GitHub/CutyKiller/GAME FOLDER/Content/LPSDeluxe2TropicalEnvironment/LPSD2_Meshes/Pirate/SM_PirateChest_1.uasset" 6467
"../../../../../../GitHub/CutyKiller/GAME FOLDER/Content/LPSDeluxe2TropicalEnvironment/LPSD2_Meshes/Beach/SM_SmallBoat_1.uasset" 6468
"C:/Users/b.lapeze/AppData/Local/UnrealEngine/Common/DerivedDataCache/Buckets/LegacyCARD/52/95/2cb73addebe34c4ddb90a1140ce21a79b151.udd" 6469
"C:/Users/b.lapeze/AppData/Local/UnrealEngine/Common/DerivedDataCache/Buckets/LegacyCARD/49/21/922e33b753c6ff712bd91a92307b1d998d4f.udd" 6470
"C:/Users/b.lapeze/AppData/Local/UnrealEngine/Common/DerivedDataCache/Buckets/LegacyCARD/f0/44/8bb7671fa2f0650a23c808c486229674716a.udd" 6471
"C:/Users/b.lapeze/AppData/Local/UnrealEngine/Common/DerivedDataCache/Buckets/LegacyChaosGeometryData/b9/1b/e6732f8dc667d35db5f27b138ebf2045cbfb.udd" 6472
"D:/GitHub/CutyKiller/GAME FOLDER/Content/DONT_USE/LPSDeluxe2TropicalEnvironment/LPSD2_Meshes/Flora/SM_Underbrush_1.uasset" 6473
"C:/Users/b.lapeze/AppData/Local/UnrealEngine/Common/DerivedDataCache/Buckets/LegacyChaosGeometryData/04/5f/10c3231da01714a25dc7c15df0984afd50ce.udd" 6474
"C:/Users/b.lapeze/AppData/Local/UnrealEngine/Common/DerivedDataCache/Buckets/LegacyCARD/bc/48/90f9ae9f9c44f48ac69d1b0505a4e7964f2f.udd" 6475
"C:/Users/b.lapeze/AppData/Local/UnrealEngine/Common/DerivedDataCache/Buckets/LegacyChaosGeometryData/5f/3d/6f91265d42b83108c1076b408ce500853e98.udd" 6476
"C:/Users/b.lapeze/AppData/Local/UnrealEngine/Common/DerivedDataCache/Buckets/LegacyNavCollision/4a/9d/cd6a782875d862b6f7cfb31886939998947a.udd" 6477
"../../../../../../GitHub/CutyKiller/GAME FOLDER/Content/LPSDeluxe2TropicalEnvironment/LPSD2_Meshes/Pirate/SM_PirateCompass_1.uasset" 6478
"D:/GitHub/CutyKiller/GAME FOLDER/Content/DONT_USE/LPSDeluxe2TropicalEnvironment/LPSD2_Meshes/Tiki/SM_CoconutDrink_1.uasset" 6479
"C:/Users/b.lapeze/AppData/Local/UnrealEngine/Common/DerivedDataCache/Buckets/LegacyNavCollision/af/8f/5416182efb7c2527988bb57c124d318283f8.udd" 6480
"C:/Users/b.lapeze/AppData/Local/UnrealEngine/Common/DerivedDataCache/Buckets/LegacyNavCollision/0d/7f/25fda1ed05f6a0a7a320cd99267688e98511.udd" 6481
"../../../../../../GitHub/CutyKiller/GAME FOLDER/Content/LPSDeluxe2TropicalEnvironment/LPSD2_Meshes/Beach/SM_BeachDock_1.uasset" 6482
"C:/Users/b.lapeze/AppData/Local/UnrealEngine/Common/DerivedDataCache/Buckets/LegacyChaosGeometryData/18/6f/49c9ff909b3c9c1f92bfd74d7725a1e06376.udd" 6483
"D:/GitHub/CutyKiller/GAME FOLDER/Content/DONT_USE/LPSDeluxe2TropicalEnvironment/LPSD2_Meshes/Beach/SM_BeachUmb_1.uasset" 6484
"C:/Users/b.lapeze/AppData/Local/UnrealEngine/Common/DerivedDataCache/Buckets/LegacyNavCollision/dc/93/aaee61c88739f72cc7a67864af8a83e8136a.udd" 6485
"D:/GitHub/CutyKiller/GAME FOLDER/Content/DONT_USE/LPSDeluxe2TropicalEnvironment/LPSD2_Meshes/Pirate/SM_JailKeys_1.uasset" 6486
"C:/Users/b.lapeze/AppData/Local/UnrealEngine/Common/DerivedDataCache/Buckets/LegacyDIST/5c/53/b54e467c5e15806896fc0a7354b8c63e76de.udd" 6487
"D:/GitHub/CutyKiller/GAME FOLDER/Content/DONT_USE/LPSDeluxe2TropicalEnvironment/LPSD2_Meshes/Treasure/SM_MediumCoin_2.uasset" 6488
"C:/Users/b.lapeze/AppData/Local/UnrealEngine/Common/DerivedDataCache/Buckets/LegacyCARD/db/39/6dd0646f5a22e88cdf35b9d5b3eb99a40876.udd" 6489
"D:/GitHub/CutyKiller/GAME FOLDER/Content/DONT_USE/LPSDeluxe2TropicalEnvironment/LPSD2_Meshes/Beach/SM_Seashell_1.uasset" 6490
"C:/Users/b.lapeze/AppData/Local/UnrealEngine/Common/DerivedDataCache/Buckets/LegacyChaosGeometryData/3b/0c/9927efb940f345be25cad5f37d589f625eba.udd" 6491
"C:/Users/b.lapeze/AppData/Local/UnrealEngine/Common/DerivedDataCache/Content/a4/90/cd942963c4b8e9e78e24b0b408974e9a66d6.udd" 6492
"D:/GitHub/CutyKiller/GAME FOLDER/Content/DONT_USE/LPSDeluxe2TropicalEnvironment/LPSD2_Meshes/Treasure/SM_MediumCoin_3.uasset" 6493
"D:/GitHub/CutyKiller/GAME FOLDER/Content/DONT_USE/LPSDeluxe2TropicalEnvironment/LPSD2_Meshes/Treasure/SM_MediumCoin_1.uasset" 6494
"D:/GitHub/CutyKiller/GAME FOLDER/Content/DONT_USE/LPSDeluxe2TropicalEnvironment/LPSD2_Meshes/Beach/SM_BeachChair_1.uasset" 6495
"D:/GitHub/CutyKiller/GAME FOLDER/Content/DONT_USE/LPSDeluxe2TropicalEnvironment/LPSD2_Meshes/Treasure/SM_LargeCoin_1.uasset" 6496
"C:/Users/b.lapeze/AppData/Local/UnrealEngine/Common/DerivedDataCache/Buckets/LegacyNavCollision/c6/59/6954057402e824fcaf68603ffdb15da55e4a.udd" 6497
"../../../../../../GitHub/CutyKiller/GAME FOLDER/Content/LPSDeluxe2TropicalEnvironment/LPSD2_Meshes/Treasure/SM_TreasureGem_2.uasset" 6498
"../../../../../../GitHub/CutyKiller/GAME FOLDER/Content/LPSDeluxe2TropicalEnvironment/LPSD2_Meshes/Treasure/SM_PirateChest_3.uasset" 6499
"../../../../../../GitHub/CutyKiller/GAME FOLDER/Content/LPSDeluxe2TropicalEnvironment/LPSD2_Meshes/Pirate/SM_PirateShip_1.uasset" 6500
"D:/GitHub/CutyKiller/GAME FOLDER/Content/DONT_USE/LPSDeluxe2TropicalEnvironment/LPSD2_Meshes/Treasure/SM_SmallCoin_1.uasset" 6501
"D:/GitHub/CutyKiller/GAME FOLDER/Content/DONT_USE/LPSDeluxe2TropicalEnvironment/LPSD2_Meshes/Treasure/SM_TreasureVase_1.uasset" 6502
"C:/Users/b.lapeze/AppData/Local/UnrealEngine/Common/DerivedDataCache/Buckets/StaticMesh/97/25/3bc0b4e0e4aa23747c3862c88e53b78228c8.udd" 6503
"D:/GitHub/CutyKiller/GAME FOLDER/Content/DONT_USE/LPSDeluxe2TropicalEnvironment/LPSD2_Meshes/Beach/SM_Buoy_1.uasset" 6504
"C:/Users/b.lapeze/AppData/Local/UnrealEngine/Common/DerivedDataCache/Buckets/LegacyDIST/f6/2e/8d35b4b947f5005ade685bc899a589f55960.udd" 6505
"C:/Users/b.lapeze/AppData/Local/UnrealEngine/Common/DerivedDataCache/Buckets/LegacyCARD/b5/45/f2f9997d14365a9fe56cb0572ea0a2630902.udd" 6506
"D:/GitHub/CutyKiller/GAME FOLDER/Content/DONT_USE/LPSDeluxe2TropicalEnvironment/LPSD2_Meshes/Treasure/SM_TreasureBar_1.uasset" 6507
"C:/Users/b.lapeze/AppData/Local/UnrealEngine/Common/DerivedDataCache/Buckets/StaticMesh/ae/0f/99bf14a2ee477050d7c974cbd6ea0673c29e.udd" 6508
"C:/Users/b.lapeze/AppData/Local/UnrealEngine/Common/DerivedDataCache/Buckets/LegacyChaosGeometryData/35/68/7fba8e93385aa092d7bbdffd6a9a280cc25f.udd" 6509
"C:/Users/b.lapeze/AppData/Local/UnrealEngine/Common/DerivedDataCache/Buckets/StaticMesh/21/d2/03b9c3e861210e9ecea79afa3bfa10bf7c07.udd" 6510
"C:/Users/b.lapeze/AppData/Local/UnrealEngine/Common/DerivedDataCache/Buckets/LegacyNavCollision/28/21/19fc09910bc4826670b7d88e8ada81144f13.udd" 6511
"../../../../../../GitHub/CutyKiller/GAME FOLDER/Content/LPSDeluxe2TropicalEnvironment/LPSD2_Meshes/Pirate/SM_PirateChest_2.uasset" 6512
"C:/Users/b.lapeze/AppData/Local/UnrealEngine/Common/DerivedDataCache/Buckets/StaticMesh/ba/b6/e6d863fd9690d8e7ccb93f6e0feb17ca2811.udd" 6513
"C:/Users/b.lapeze/AppData/Local/UnrealEngine/Common/DerivedDataCache/Buckets/StaticMesh/b5/59/76dcd574fd81c90ec478187767ea633f1fca.udd" 6514
"C:/Users/b.lapeze/AppData/Local/UnrealEngine/Common/DerivedDataCache/Buckets/LegacyDIST/4b/17/2096ab7c92dec62e725202cec9ee9c07d30a.udd" 6515
"C:/Users/b.lapeze/AppData/Local/UnrealEngine/Common/DerivedDataCache/Buckets/StaticMesh/f8/a1/38706e216da686ba9a5c572623e090293b4f.udd" 6516
"C:/Users/b.lapeze/AppData/Local/UnrealEngine/Common/DerivedDataCache/Buckets/LegacyDIST/ba/c9/efe8616eb693beb9a2d3d5ca7962375b0805.udd" 6517
"C:/Users/b.lapeze/AppData/Local/UnrealEngine/Common/DerivedDataCache/Buckets/LegacyDIST/31/17/dec5b7e54f87ce6d423a7532f81f90b6f35d.udd" 6518
"C:/Users/b.lapeze/AppData/Local/UnrealEngine/Common/DerivedDataCache/Buckets/LegacyDIST/25/f7/e12dc96b96464e7d0d0afa9a0d79e0c289a7.udd" 6519
"C:/Users/b.lapeze/AppData/Local/UnrealEngine/Common/DerivedDataCache/Buckets/LegacyCARD/e9/1c/f02a15b088ff9981bc74e65d1287cdb6721a.udd" 6520
"C:/Users/b.lapeze/AppData/Local/UnrealEngine/Common/DerivedDataCache/Buckets/LegacyDIST/68/84/7c2e1c6d6701fc4963fc4a63597cf4ebd0f0.udd" 6521
"C:/Users/b.lapeze/AppData/Local/UnrealEngine/Common/DerivedDataCache/Buckets/LegacyCARD/e2/22/1f244f528a6321de93e797e1334150411c8f.udd" 6522
"C:/Users/b.lapeze/AppData/Local/UnrealEngine/Common/DerivedDataCache/Buckets/LegacyCARD/81/c2/3e18246279067c9501cdb53cfbb7fe86d142.udd" 6523
"C:/Users/b.lapeze/AppData/Local/UnrealEngine/Common/DerivedDataCache/Buckets/LegacyCARD/81/6a/6f1f237708eb86a7667731afed27392e9bbd.udd" 6524
"C:/Users/b.lapeze/AppData/Local/UnrealEngine/Common/DerivedDataCache/Buckets/LegacyChaosGeometryData/b3/d1/6832bd33a9c80e730797fc9476f6d96530f1.udd" 6525
"C:/Users/b.lapeze/AppData/Local/UnrealEngine/Common/DerivedDataCache/Buckets/LegacyCARD/b8/07/8aa5e8a55dba0d0fdc76561c8ece4e52ac8f.udd" 6526
"C:/Users/b.lapeze/AppData/Local/UnrealEngine/Common/DerivedDataCache/Buckets/LegacyChaosGeometryData/8d/60/203144834dacccd223a2627cf1ed8db9d99c.udd" 6527
"C:/Users/b.lapeze/AppData/Local/UnrealEngine/Common/DerivedDataCache/Buckets/LegacyChaosGeometryData/c8/19/62a68072af34eb0e3f38e3d72280bb7cdf9f.udd" 6528
"C:/Users/b.lapeze/AppData/Local/UnrealEngine/Common/DerivedDataCache/Buckets/LegacyChaosGeometryData/bc/05/ac3c053a532ecfc68c2d96665c27fa8d51a1.udd" 6529
"C:/Users/b.lapeze/AppData/Local/UnrealEngine/Common/DerivedDataCache/Buckets/LegacyNavCollision/3c/8f/d8e3285bc576c194ff2874c013874561fd5a.udd" 6530
"../../../../../../GitHub/CutyKiller/GAME FOLDER/Content/LPSDeluxe2TropicalEnvironment/LPSD2_Meshes/Pirate/SM_Book_1.uasset" 6531
"C:/Users/b.lapeze/AppData/Local/UnrealEngine/Common/DerivedDataCache/Buckets/LegacyChaosGeometryData/61/eb/504787d8bda284b8747dcb607238aea2fc25.udd" 6532
"C:/Users/b.lapeze/AppData/Local/UnrealEngine/Common/DerivedDataCache/Buckets/LegacyNavCollision/9c/3b/a5b363f1a7b790c67eddc5c569c927d94bdd.udd" 6533
"C:/Users/b.lapeze/AppData/Local/UnrealEngine/Common/DerivedDataCache/Buckets/LegacyNavCollision/7d/7f/692832c652b8a24bae79399ed6cd159da6e0.udd" 6534
"C:/Users/b.lapeze/AppData/Local/UnrealEngine/Common/DerivedDataCache/Buckets/LegacyNavCollision/66/d9/1a76c78155554632faed55f87cc382027df4.udd" 6535
"C:/Users/b.lapeze/AppData/Local/UnrealEngine/Common/DerivedDataCache/Buckets/StaticMesh/3c/96/8563c3aab869690a1006c3cdc50fc0da5cf8.udd" 6536
"C:/Users/b.lapeze/AppData/Local/UnrealEngine/Common/DerivedDataCache/Buckets/StaticMesh/1c/ee/4c53aeaec359b295bd4900ca2749faa9e83d.udd" 6537
"C:/Users/b.lapeze/AppData/Local/UnrealEngine/Common/DerivedDataCache/Buckets/StaticMesh/bd/8a/4645c1daf5dd80938011ddb00d818c0191dd.udd" 6538
"C:/Users/b.lapeze/AppData/Local/UnrealEngine/Common/DerivedDataCache/Buckets/LegacyNavCollision/69/87/82267e7fe84812ca1c466404dd735280e471.udd" 6539
"C:/Users/b.lapeze/AppData/Local/UnrealEngine/Common/DerivedDataCache/Buckets/LegacyDIST/73/72/a75d382738aa561f0a34c12b03f3c12bd480.udd" 6540
"C:/Users/b.lapeze/AppData/Local/UnrealEngine/Common/DerivedDataCache/Buckets/LegacyDIST/64/ec/42546b638782e4cef36be6525b8017aa6bbd.udd" 6541
"C:/Users/b.lapeze/AppData/Local/UnrealEngine/Common/DerivedDataCache/Buckets/LegacyDIST/66/5e/9cbf615c98af3d4b1d562ec57f9eb52ebe7a.udd" 6542
"C:/Users/b.lapeze/AppData/Local/UnrealEngine/Common/DerivedDataCache/Buckets/LegacyCARD/9d/3f/136d31545481491d4542310041e6c3d08e75.udd" 6543
"C:/Users/b.lapeze/AppData/Local/UnrealEngine/Common/DerivedDataCache/Buckets/LegacyCARD/ed/13/bf7bcf7df3946ad6565864c7e929bc9f1c11.udd" 6544
"C:/Users/b.lapeze/AppData/Local/UnrealEngine/Common/DerivedDataCache/Buckets/LegacyCARD/0f/68/5cdfac736020a3b676a207852118fbe3efc4.udd" 6545
"../../../../../../GitHub/CutyKiller/GAME FOLDER/Content/LPSDeluxe2TropicalEnvironment/LPSD2_Meshes/Beach/SM_TropicalLighthouse_1.uasset" 6546
"C:/Users/b.lapeze/AppData/Local/UnrealEngine/Common/DerivedDataCache/Buckets/LegacyChaosGeometryData/e5/2f/e1f2cd2709c7e5d98fa9bcbf197f998acd51.udd" 6547
"C:/Users/b.lapeze/AppData/Local/UnrealEngine/Common/DerivedDataCache/Buckets/LegacyChaosGeometryData/b5/1b/323eeb7e9530433adcace00004cca555e066.udd" 6548
"C:/Users/b.lapeze/AppData/Local/UnrealEngine/Common/DerivedDataCache/Buckets/LegacyChaosGeometryData/92/c1/0a10e2ee021af17b499bebbde5e26821aa2a.udd" 6549
"C:/Users/b.lapeze/AppData/Local/UnrealEngine/Common/DerivedDataCache/Buckets/StaticMesh/af/01/7e8372e4175001eeb7df3ea2181332171a11.udd" 6550
"C:/Users/b.lapeze/AppData/Local/UnrealEngine/Common/DerivedDataCache/Buckets/LegacyNavCollision/2e/a7/cdd776c2338674411fef49e3a918be5fa09d.udd" 6551
"C:/Users/b.lapeze/AppData/Local/UnrealEngine/Common/DerivedDataCache/Buckets/LegacyNavCollision/d8/94/2e221fbb94efd75dd5f47d6e932ea110fa7e.udd" 6552
"C:/Users/b.lapeze/AppData/Local/UnrealEngine/Common/DerivedDataCache/Buckets/LegacyNavCollision/f7/66/55d73f529d6bd06505676db7aeb48f725aed.udd" 6553
"C:/Users/b.lapeze/AppData/Local/UnrealEngine/Common/DerivedDataCache/Buckets/LegacyDIST/35/14/73f33605451e65519ca58f7cff7f0d663872.udd" 6554
"../../../../../../GitHub/CutyKiller/GAME FOLDER/Content/LPSDeluxe2TropicalEnvironment/LPSD2_Meshes/Beach/SM_Boombox_1.uasset" 6555
"C:/Users/b.lapeze/AppData/Local/UnrealEngine/Common/DerivedDataCache/Buckets/LegacyCARD/fa/4d/be00d5377557441992aa929a7ad932deaf5d.udd" 6556
"../../../../../../GitHub/CutyKiller/GAME FOLDER/Content/LPSDeluxe2TropicalEnvironment/LPSD2_Meshes/Pirate/SM_RumBottle_1.uasset" 6557
"../../../../../../GitHub/CutyKiller/GAME FOLDER/Content/LPSDeluxe2TropicalEnvironment/LPSD2_Meshes/Tiki/SM_TikiTorch_1.uasset" 6558
"C:/Users/b.lapeze/AppData/Local/UnrealEngine/Common/DerivedDataCache/Buckets/LegacyChaosGeometryData/d1/21/4b4128b9af0829258efb7cf7cfb90327660b.udd" 6559
"../../../../../../GitHub/CutyKiller/GAME FOLDER/Content/LPSDeluxe2TropicalEnvironment/LPSD2_Meshes/Flora/SM_Bamboo_1.uasset" 6560
"../../../../../../GitHub/CutyKiller/GAME FOLDER/Content/LPSDeluxe2TropicalEnvironment/LPSD2_Meshes/Pirate/SM_MessageBottle_1.uasset" 6561
"../../../../../../GitHub/CutyKiller/GAME FOLDER/Content/LPSDeluxe2TropicalEnvironment/LPSD2_Meshes/Pirate/SM_MapRoll_2.uasset" 6562
"C:/Users/b.lapeze/AppData/Local/UnrealEngine/Common/DerivedDataCache/Buckets/LegacyNavCollision/4e/e9/b77d5e0b4b05435b2f41e8d8612128639d1d.udd" 6563
"../../../../../../GitHub/CutyKiller/GAME FOLDER/Content/LPSDeluxe2TropicalEnvironment/LPSD2_Meshes/Pirate/SM_MapRoll_1.uasset" 6564
"../../../../../../GitHub/CutyKiller/GAME FOLDER/Content/DONT_USE/LPSDeluxe2TropicalEnvironment/LPSD2_Meshes/Beach/SM_BeachUmb_1.uasset" 6565
"../../../../../../GitHub/CutyKiller/GAME FOLDER/Content/DONT_USE/LPSDeluxe2TropicalEnvironment/LPSD2_Meshes/Beach/SM_Seashell_1.uasset" 6566
"D:/GitHub/CutyKiller/GAME FOLDER/Content/DONT_USE/LPSDeluxe2TropicalEnvironment/LPSD2_Meshes/Volcano/SM_LargeVolcano_1.uasset" 6567
"../../../../../../GitHub/CutyKiller/GAME FOLDER/Content/DONT_USE/LPSDeluxe2TropicalEnvironment/LPSD2_Meshes/Flora/SM_Underbrush_1.uasset" 6568
"D:/GitHub/CutyKiller/GAME FOLDER/Content/DONT_USE/LPSDeluxe2TropicalEnvironment/LPSD2_Meshes/Misc/SM_SkyDome_1.uasset" 6569
"D:/GitHub/CutyKiller/GAME FOLDER/Content/DONT_USE/LPSDeluxe2TropicalEnvironment/LPSD2_Meshes/Treasure/SM_TreasureGem_1.uasset" 6570
"D:/GitHub/CutyKiller/GAME FOLDER/Content/DONT_USE/LPSDeluxe2TropicalEnvironment/LPSD2_Meshes/Treasure/SM_TreasureGem_3.uasset" 6571
"../../../../../../GitHub/CutyKiller/GAME FOLDER/Content/DONT_USE/LPSDeluxe2TropicalEnvironment/LPSD2_Meshes/Tiki/SM_CoconutDrink_1.uasset" 6572
"D:/GitHub/CutyKiller/GAME FOLDER/Content/DONT_USE/LPSDeluxe2TropicalEnvironment/LPSD2_Meshes/Water/SM_TropicCloud_1.uasset" 6573
"../../../../../../GitHub/CutyKiller/GAME FOLDER/Content/DONT_USE/LPSDeluxe2TropicalEnvironment/LPSD2_Meshes/Pirate/SM_JailKeys_1.uasset" 6574
"D:/GitHub/CutyKiller/GAME FOLDER/Content/DONT_USE/LPSDeluxe2TropicalEnvironment/LPSD2_Meshes/Water/SM_TropicalCloud_3.uasset" 6575
"../../../../../../GitHub/CutyKiller/GAME FOLDER/Content/DONT_USE/LPSDeluxe2TropicalEnvironment/LPSD2_Meshes/Beach/SM_BeachChair_1.uasset" 6576
"D:/GitHub/CutyKiller/GAME FOLDER/Content/DONT_USE/LPSDeluxe2TropicalEnvironment/LPSD2_Meshes/Treasure/SM_TreasureCrown_1.uasset" 6577
"D:/GitHub/CutyKiller/GAME FOLDER/Content/DONT_USE/LPSDeluxe2TropicalEnvironment/LPSD2_Meshes/Treasure/SM_TreasureGlowStone_1.uasset" 6578
"../../../../../../GitHub/CutyKiller/GAME FOLDER/Content/DONT_USE/LPSDeluxe2TropicalEnvironment/LPSD2_Meshes/Treasure/SM_TreasureBar_1.uasset" 6579
"../../../../../../GitHub/CutyKiller/GAME FOLDER/Content/DONT_USE/LPSDeluxe2TropicalEnvironment/LPSD2_Meshes/Treasure/SM_SmallCoin_1.uasset" 6580
"D:/GitHub/CutyKiller/GAME FOLDER/Content/DONT_USE/LPSDeluxe2TropicalEnvironment/LPSD2_Meshes/Treasure/SM_TreasurePearls_1.uasset" 6581
"../../../../../../GitHub/CutyKiller/GAME FOLDER/Content/DONT_USE/LPSDeluxe2TropicalEnvironment/LPSD2_Meshes/Treasure/SM_MediumCoin_3.uasset" 6582
"../../../../../../GitHub/CutyKiller/GAME FOLDER/Content/DONT_USE/LPSDeluxe2TropicalEnvironment/LPSD2_Meshes/Treasure/SM_MediumCoin_2.uasset" 6583
"D:/GitHub/CutyKiller/GAME FOLDER/Content/DONT_USE/LPSDeluxe2TropicalEnvironment/LPSD2_Meshes/Tiki/SM_Ukulele_1.uasset" 6584
"../../../../../../GitHub/CutyKiller/GAME FOLDER/Content/DONT_USE/LPSDeluxe2TropicalEnvironment/LPSD2_Meshes/Treasure/SM_MediumCoin_1.uasset" 6585
"../../../../../../GitHub/CutyKiller/GAME FOLDER/Content/DONT_USE/LPSDeluxe2TropicalEnvironment/LPSD2_Meshes/Treasure/SM_LargeCoin_1.uasset" 6586
"D:/GitHub/CutyKiller/GAME FOLDER/Content/DONT_USE/LPSDeluxe2TropicalEnvironment/LPSD2_Meshes/Treasure/SM_TreasureGem_4.uasset" 6587
"../../../../../../GitHub/CutyKiller/GAME FOLDER/Content/DONT_USE/LPSDeluxe2TropicalEnvironment/LPSD2_Meshes/Treasure/SM_TreasureVase_1.uasset" 6588
"D:/GitHub/CutyKiller/GAME FOLDER/Content/DONT_USE/LPSDeluxe2TropicalEnvironment/LPSD2_Meshes/Pirate/SM_PRug_1.uasset" 6589
"../../../../../../GitHub/CutyKiller/GAME FOLDER/Content/DONT_USE/LPSDeluxe2TropicalEnvironment/LPSD2_Meshes/Beach/SM_Buoy_1.uasset" 6590
"../../../../../../GitHub/CutyKiller/GAME FOLDER/Content/DONT_USE/LPSDeluxe2TropicalEnvironment/LPSD2_Meshes/Misc/SM_SkyDome_1.uasset" 6591
"D:/GitHub/CutyKiller/GAME FOLDER/Content/DONT_USE/LPSDeluxe2TropicalEnvironment/LPSD2_Meshes/Treasure/Sm_TreasureChalice_1.uasset" 6592
"../../../../../../GitHub/CutyKiller/GAME FOLDER/Content/DONT_USE/LPSDeluxe2TropicalEnvironment/LPSD2_Meshes/Volcano/SM_LargeVolcano_1.uasset" 6593
"D:/GitHub/CutyKiller/GAME FOLDER/Content/DONT_USE/LPSDeluxe2TropicalEnvironment/LPSD2_Meshes/Treasure/SM_TreasureGem_5.uasset" 6594
"D:/GitHub/CutyKiller/GAME FOLDER/Content/DONT_USE/LPSDeluxe2TropicalEnvironment/LPSD2_Meshes/Beach/SM_BeachBall_1.uasset" 6595
"D:/GitHub/CutyKiller/GAME FOLDER/Content/DONT_USE/LPSDeluxe2TropicalEnvironment/LPSD2_Meshes/Water/SM_TropicCloud_2.uasset" 6596
"D:/GitHub/CutyKiller/GAME FOLDER/Content/DONT_USE/LPSDeluxe2TropicalEnvironment/LPSD2_Meshes/Pirate/SM_Spyglass_1.uasset" 6597
"D:/GitHub/CutyKiller/GAME FOLDER/Content/DONT_USE/LPSDeluxe2TropicalEnvironment/LPSD2_Meshes/Beach/SM_Longboard_1.uasset" 6598
"../../../../../../GitHub/CutyKiller/GAME FOLDER/Content/DONT_USE/LPSDeluxe2TropicalEnvironment/LPSD2_Meshes/Water/SM_TropicCloud_2.uasset" 6599
"../../../../../../GitHub/CutyKiller/GAME FOLDER/Content/DONT_USE/LPSDeluxe2TropicalEnvironment/LPSD2_Meshes/Water/SM_TropicCloud_1.uasset" 6600
"../../../../../../GitHub/CutyKiller/GAME FOLDER/Content/DONT_USE/LPSDeluxe2TropicalEnvironment/LPSD2_Meshes/Water/SM_TropicalCloud_3.uasset" 6601
"../../../../../../GitHub/CutyKiller/GAME FOLDER/Content/DONT_USE/LPSDeluxe2TropicalEnvironment/LPSD2_Meshes/Treasure/SM_TreasureGlowStone_1.uasset" 6602
"../../../../../../GitHub/CutyKiller/GAME FOLDER/Content/DONT_USE/LPSDeluxe2TropicalEnvironment/LPSD2_Meshes/Treasure/SM_TreasureGem_3.uasset" 6603
"D:/GitHub/CutyKiller/GAME FOLDER/Content/DONT_USE/LPSDeluxe2TropicalEnvironment/LPSD2_Meshes/Pirate/SM_PirateSword_1.uasset" 6604
"../../../../../../GitHub/CutyKiller/GAME FOLDER/Content/DONT_USE/LPSDeluxe2TropicalEnvironment/LPSD2_Meshes/Treasure/SM_TreasureGem_1.uasset" 6605
"../../../../../../GitHub/CutyKiller/GAME FOLDER/Content/DONT_USE/LPSDeluxe2TropicalEnvironment/LPSD2_Meshes/Treasure/SM_TreasureCrown_1.uasset" 6606
"../../../../../../GitHub/CutyKiller/GAME FOLDER/Content/DONT_USE/LPSDeluxe2TropicalEnvironment/LPSD2_Meshes/Treasure/SM_TreasurePearls_1.uasset" 6607
"../../../../../../GitHub/CutyKiller/GAME FOLDER/Content/DONT_USE/LPSDeluxe2TropicalEnvironment/LPSD2_Meshes/Treasure/SM_TreasureGem_4.uasset" 6608
"D:/GitHub/CutyKiller/GAME FOLDER/Content/DONT_USE/LPSDeluxe2TropicalEnvironment/LPSD2_Meshes/Pirate/SM_FlintLock_1.uasset" 6609
"../../../../../../GitHub/CutyKiller/GAME FOLDER/Content/DONT_USE/LPSDeluxe2TropicalEnvironment/LPSD2_Meshes/Treasure/Sm_TreasureChalice_1.uasset" 6610
"D:/GitHub/CutyKiller/GAME FOLDER/Content/DONT_USE/LPSDeluxe2TropicalEnvironment/LPSD2_Meshes/Pirate/SM_CaptainsChair_1.uasset" 6611
"../../../../../../GitHub/CutyKiller/GAME FOLDER/Content/DONT_USE/LPSDeluxe2TropicalEnvironment/LPSD2_Meshes/Treasure/SM_TreasureGem_5.uasset" 6612
"D:/GitHub/CutyKiller/GAME FOLDER/Content/DONT_USE/LPSDeluxe2TropicalEnvironment/LPSD2_Meshes/Platform/SM_LStoneBlock_1.uasset" 6613
"../../../../../../GitHub/CutyKiller/GAME FOLDER/Content/DONT_USE/LPSDeluxe2TropicalEnvironment/LPSD2_Meshes/Tiki/SM_Ukulele_1.uasset" 6614
"D:/GitHub/CutyKiller/GAME FOLDER/Content/DONT_USE/LPSDeluxe2TropicalEnvironment/LPSD2_Meshes/Mountain/SM_TRock_3.uasset" 6615
"D:/GitHub/CutyKiller/GAME FOLDER/Content/DONT_USE/LPSDeluxe2TropicalEnvironment/LPSD2_Meshes/Platform/SM_TPlatform_3.uasset" 6616
"D:/GitHub/CutyKiller/GAME FOLDER/Content/DONT_USE/LPSDeluxe2TropicalEnvironment/LPSD2_Meshes/Platform/SM_TPlatform_2.uasset" 6617
"../../../../../../GitHub/CutyKiller/GAME FOLDER/Content/DONT_USE/LPSDeluxe2TropicalEnvironment/LPSD2_Meshes/Pirate/SM_PRug_1.uasset" 6618
"D:/GitHub/CutyKiller/GAME FOLDER/Content/DONT_USE/LPSDeluxe2TropicalEnvironment/LPSD2_Meshes/Platform/SM_TPlatform_1.uasset" 6619
"../../../../../../GitHub/CutyKiller/GAME FOLDER/Content/DONT_USE/LPSDeluxe2TropicalEnvironment/LPSD2_Meshes/Pirate/SM_Spyglass_1.uasset" 6620
"D:/GitHub/CutyKiller/GAME FOLDER/Content/DONT_USE/LPSDeluxe2TropicalEnvironment/LPSD2_Meshes/Platform/SM_XLPlatform_1.uasset" 6621
"../../../../../../GitHub/CutyKiller/GAME FOLDER/Content/DONT_USE/LPSDeluxe2TropicalEnvironment/LPSD2_Meshes/Beach/SM_Longboard_1.uasset" 6622
"D:/GitHub/CutyKiller/GAME FOLDER/Content/DONT_USE/LPSDeluxe2TropicalEnvironment/LPSD2_Meshes/Mountain/SM_TRock_2.uasset" 6623
"../../../../../../GitHub/CutyKiller/GAME FOLDER/Content/DONT_USE/LPSDeluxe2TropicalEnvironment/LPSD2_Meshes/Beach/SM_BeachBall_1.uasset" 6624
"D:/GitHub/CutyKiller/GAME FOLDER/Content/DONT_USE/LPSDeluxe2TropicalEnvironment/LPSD2_Meshes/Pirate/SM_CaptainTable_1.uasset" 6625
"../../../../../../GitHub/CutyKiller/GAME FOLDER/Content/DONT_USE/LPSDeluxe2TropicalEnvironment/LPSD2_Meshes/Pirate/SM_PirateSword_1.uasset" 6626
"D:/GitHub/CutyKiller/GAME FOLDER/Content/DONT_USE/LPSDeluxe2TropicalEnvironment/LPSD2_Meshes/Beach/SM_BeachTowel_1.uasset" 6627
"../../../../../../GitHub/CutyKiller/GAME FOLDER/Content/DONT_USE/LPSDeluxe2TropicalEnvironment/LPSD2_Meshes/Pirate/SM_FlintLock_1.uasset" 6628
"D:/GitHub/CutyKiller/GAME FOLDER/Content/DONT_USE/LPSDeluxe2TropicalEnvironment/LPSD2_Meshes/Pirate/SM_Crate_1.uasset" 6629
"D:/GitHub/CutyKiller/GAME FOLDER/Content/DONT_USE/LPSDeluxe2TropicalEnvironment/LPSD2_Meshes/Beach/SM_StarFish_1.uasset" 6630
"D:/GitHub/CutyKiller/GAME FOLDER/Content/DONT_USE/LPSDeluxe2TropicalEnvironment/LPSD2_Meshes/Mountain/SM_TRock_1.uasset" 6631
"D:/GitHub/CutyKiller/GAME FOLDER/Content/DONT_USE/LPSDeluxe2TropicalEnvironment/LPSD2_Meshes/Volcano/SM_LavaField_1.uasset" 6632
"D:/GitHub/CutyKiller/GAME FOLDER/Content/DONT_USE/LPSDeluxe2TropicalEnvironment/LPSD2_Meshes/Platform/SM_TRockColumn_1.uasset" 6633
"D:/GitHub/CutyKiller/GAME FOLDER/Content/DONT_USE/LPSDeluxe2TropicalEnvironment/LPSD2_Meshes/Mountain/SM_FlatRockClust_1.uasset" 6634
"../../../../../../GitHub/CutyKiller/GAME FOLDER/Content/DONT_USE/LPSDeluxe2TropicalEnvironment/LPSD2_Meshes/Pirate/SM_Crate_1.uasset" 6635
"../../../../../../GitHub/CutyKiller/GAME FOLDER/Content/DONT_USE/LPSDeluxe2TropicalEnvironment/LPSD2_Meshes/Pirate/SM_CaptainTable_1.uasset" 6636
"../../../../../../GitHub/CutyKiller/GAME FOLDER/Content/DONT_USE/LPSDeluxe2TropicalEnvironment/LPSD2_Meshes/Pirate/SM_CaptainsChair_1.uasset" 6637
"../../../../../../GitHub/CutyKiller/GAME FOLDER/Content/DONT_USE/LPSDeluxe2TropicalEnvironment/LPSD2_Meshes/Beach/SM_BeachTowel_1.uasset" 6638
"../../../../../../GitHub/CutyKiller/GAME FOLDER/Content/DONT_USE/LPSDeluxe2TropicalEnvironment/LPSD2_Meshes/Platform/SM_XLPlatform_1.uasset" 6639
"../../../../../../GitHub/CutyKiller/GAME FOLDER/Content/DONT_USE/LPSDeluxe2TropicalEnvironment/LPSD2_Meshes/Platform/SM_TPlatform_3.uasset" 6640
"../../../../../../GitHub/CutyKiller/GAME FOLDER/Content/DONT_USE/LPSDeluxe2TropicalEnvironment/LPSD2_Meshes/Platform/SM_TPlatform_2.uasset" 6641
"../../../../../../GitHub/CutyKiller/GAME FOLDER/Content/DONT_USE/LPSDeluxe2TropicalEnvironment/LPSD2_Meshes/Platform/SM_TPlatform_1.uasset" 6642
"D:/GitHub/CutyKiller/GAME FOLDER/Content/DONT_USE/LPSDeluxe2TropicalEnvironment/LPSD2_Meshes/Platform/SM_LavaPlatform_1.uasset" 6643
"../../../../../../GitHub/CutyKiller/GAME FOLDER/Content/DONT_USE/LPSDeluxe2TropicalEnvironment/LPSD2_Meshes/Platform/SM_LStoneBlock_1.uasset" 6644
"D:/GitHub/CutyKiller/GAME FOLDER/Content/DONT_USE/LPSDeluxe2TropicalEnvironment/LPSD2_Meshes/Flora/SM_IslandTree_1.uasset" 6645
"../../../../../../GitHub/CutyKiller/GAME FOLDER/Content/DONT_USE/LPSDeluxe2TropicalEnvironment/LPSD2_Meshes/Mountain/SM_TRock_3.uasset" 6646
"D:/GitHub/CutyKiller/GAME FOLDER/Content/Meshes/SM_PirateChest_1_GeometryCollection.uasset" 6647
"../../../../../../GitHub/CutyKiller/GAME FOLDER/Content/DONT_USE/LPSDeluxe2TropicalEnvironment/LPSD2_Meshes/Mountain/SM_TRock_2.uasset" 6648
"D:/GitHub/CutyKiller/GAME FOLDER/Content/DONT_USE/LPSDeluxe2TropicalEnvironment/LPSD2_Meshes/Pirate/SM_BarrellTap_1.uasset" 6649
"../../../../../../GitHub/CutyKiller/GAME FOLDER/Content/DONT_USE/LPSDeluxe2TropicalEnvironment/LPSD2_Meshes/Mountain/SM_TRock_1.uasset" 6650
"D:/GitHub/CutyKiller/GAME FOLDER/Content/DONT_USE/LPSDeluxe2TropicalEnvironment/LPSD2_Meshes/Pirate/SM_ShipBarrel_3.uasset" 6651
"../../../../../../GitHub/CutyKiller/GAME FOLDER/Content/DONT_USE/LPSDeluxe2TropicalEnvironment/LPSD2_Meshes/Mountain/SM_FlatRockClust_1.uasset" 6652
"D:/GitHub/CutyKiller/GAME FOLDER/Content/DONT_USE/LPSDeluxe2TropicalEnvironment/LPSD2_Meshes/Pirate/SM_PirateChest_1.uasset" 6653
"D:/GitHub/CutyKiller/GAME FOLDER/Content/DONT_USE/LPSDeluxe2TropicalEnvironment/LPSD2_Meshes/Pirate/SM_PirateChest_3.uasset" 6654
"../../../../../../GitHub/CutyKiller/GAME FOLDER/Content/DONT_USE/LPSDeluxe2TropicalEnvironment/LPSD2_Meshes/Beach/SM_StarFish_1.uasset" 6655
"D:/GitHub/CutyKiller/GAME FOLDER/Content/DONT_USE/LPSDeluxe2TropicalEnvironment/LPSD2_Meshes/Tiki/SM_TikiPole_1.uasset" 6656
"../../../../../../GitHub/CutyKiller/GAME FOLDER/Content/DONT_USE/LPSDeluxe2TropicalEnvironment/LPSD2_Meshes/Volcano/SM_LavaField_1.uasset" 6657
"D:/GitHub/CutyKiller/GAME FOLDER/Content/DONT_USE/LPSDeluxe2TropicalEnvironment/LPSD2_Meshes/Tiki/SM_TikiSpear_1.uasset" 6658
"D:/GitHub/CutyKiller/GAME FOLDER/Content/DONT_USE/LPSDeluxe2TropicalEnvironment/LPSD2_Meshes/Pirate/SM_PirateCompass_2.uasset" 6659
"../../../../../../GitHub/CutyKiller/GAME FOLDER/Content/DONT_USE/LPSDeluxe2TropicalEnvironment/LPSD2_Meshes/Platform/SM_TRockColumn_1.uasset" 6660
"D:/GitHub/CutyKiller/GAME FOLDER/Content/DONT_USE/LPSDeluxe2TropicalEnvironment/LPSD2_Meshes/Pirate/SM_ShipBarrel_2.uasset" 6661
"D:/GitHub/CutyKiller/GAME FOLDER/Content/DONT_USE/LPSDeluxe2TropicalEnvironment/LPSD2_Meshes/Pirate/SM_Chalice_1.uasset" 6662
"../../../../../../GitHub/CutyKiller/GAME FOLDER/Content/DONT_USE/LPSDeluxe2TropicalEnvironment/LPSD2_Meshes/Platform/SM_LavaPlatform_1.uasset" 6663
"../../../../../../GitHub/CutyKiller/GAME FOLDER/Content/DONT_USE/LPSDeluxe2TropicalEnvironment/LPSD2_Meshes/Flora/SM_IslandTree_1.uasset" 6664
"D:/GitHub/CutyKiller/GAME FOLDER/Content/DONT_USE/LPSDeluxe2TropicalEnvironment/LPSD2_Meshes/Pirate/SM_ShipBarrel_1.uasset" 6665
"D:/GitHub/CutyKiller/GAME FOLDER/Content/DONT_USE/LPSDeluxe2TropicalEnvironment/LPSD2_Meshes/Pirate/SM_PirateCompass_1.uasset" 6666
"D:/GitHub/CutyKiller/GAME FOLDER/Content/DONT_USE/LPSDeluxe2TropicalEnvironment/LPSD2_Meshes/Beach/SM_BeachDock_1.uasset" 6667
"D:/GitHub/CutyKiller/GAME FOLDER/Content/DONT_USE/LPSDeluxe2TropicalEnvironment/LPSD2_Meshes/Treasure/SM_TreasureGem_2.uasset" 6668
"D:/GitHub/CutyKiller/GAME FOLDER/Content/ChaosMesh/SM_PirateChest_3_GeometryCollection.uasset" 6669
"D:/GitHub/CutyKiller/GAME FOLDER/Content/DONT_USE/LPSDeluxe2TropicalEnvironment/LPSD2_Meshes/Beach/SM_SmallBoat_1.uasset" 6670
"D:/GitHub/CutyKiller/GAME FOLDER/Content/DONT_USE/LPSDeluxe2TropicalEnvironment/LPSD2_Meshes/Treasure/SM_PirateChest_3.uasset" 6671
"C:/Users/b.lapeze/AppData/Local/UnrealEngine/Common/DerivedDataCache/Buckets/LegacyGeometryCollection/af/1c/76c77040756b8c4496e6bb45f55cfe270636.udd" 6672
"D:/GitHub/CutyKiller/GAME FOLDER/Content/DONT_USE/LPSDeluxe2TropicalEnvironment/LPSD2_Meshes/Pirate/SM_PirateShip_1.uasset" 6673
"C:/Users/b.lapeze/AppData/Local/UnrealEngine/Common/DerivedDataCache/Content/4c/6c/f987152fb914958d5854c8a2e9b5c9326da8.udd" 6674
"D:/GitHub/CutyKiller/GAME FOLDER/Content/DONT_USE/LPSDeluxe2TropicalEnvironment/LPSD2_Meshes/Pirate/SM_PirateChest_2.uasset" 6675
"D:/GitHub/CutyKiller/GAME FOLDER/Content/DONT_USE/LPSDeluxe2TropicalEnvironment/LPSD2_Meshes/Pirate/SM_Book_1.uasset" 6676
"C:/Users/b.lapeze/AppData/Local/UnrealEngine/Common/DerivedDataCache/Buckets/LegacyGeometryCollection/34/e3/53ae01adc126c7b12e5e189ee2bf7823d592.udd" 6677
"C:/Users/b.lapeze/AppData/Local/UnrealEngine/Common/DerivedDataCache/Content/fe/19/31d7e6488e950d6a28b37e602170a095bf6a.udd" 6678
"D:/GitHub/CutyKiller/GAME FOLDER/Content/DONT_USE/LPSDeluxe2TropicalEnvironment/LPSD2_Meshes/Pirate/SM_MapRoll_2.uasset" 6679
"D:/GitHub/CutyKiller/GAME FOLDER/Content/DONT_USE/LPSDeluxe2TropicalEnvironment/LPSD2_Meshes/Pirate/SM_MapRoll_1.uasset" 6680
"../../../../../../GitHub/CutyKiller/GAME FOLDER/Content/DONT_USE/LPSDeluxe2TropicalEnvironment/LPSD2_Meshes/Pirate/SM_Chalice_1.uasset" 6681
"../../../../../../GitHub/CutyKiller/GAME FOLDER/Content/DONT_USE/LPSDeluxe2TropicalEnvironment/LPSD2_Meshes/Pirate/SM_BarrellTap_1.uasset" 6682
"../../../../../../GitHub/CutyKiller/GAME FOLDER/Content/DONT_USE/LPSDeluxe2TropicalEnvironment/LPSD2_Meshes/Tiki/SM_TikiSpear_1.uasset" 6683
"../../../../../../GitHub/CutyKiller/GAME FOLDER/Content/DONT_USE/LPSDeluxe2TropicalEnvironment/LPSD2_Meshes/Tiki/SM_TikiPole_1.uasset" 6684
"D:/GitHub/CutyKiller/GAME FOLDER/Content/DONT_USE/LPSDeluxe2TropicalEnvironment/LPSD2_Meshes/Flora/SM_Bamboo_1.uasset" 6685
"D:/GitHub/CutyKiller/GAME FOLDER/Content/DONT_USE/LPSDeluxe2TropicalEnvironment/LPSD2_Meshes/Beach/SM_Boombox_1.uasset" 6686
"D:/GitHub/CutyKiller/GAME FOLDER/Content/DONT_USE/LPSDeluxe2TropicalEnvironment/LPSD2_Meshes/Pirate/SM_RumBottle_1.uasset" 6687
"D:/GitHub/CutyKiller/GAME FOLDER/Content/DONT_USE/LPSDeluxe2TropicalEnvironment/LPSD2_Meshes/Tiki/SM_TikiTorch_1.uasset" 6688
"D:/GitHub/CutyKiller/GAME FOLDER/Content/DONT_USE/LPSDeluxe2TropicalEnvironment/LPSD2_Meshes/Pirate/SM_MessageBottle_1.uasset" 6689
"D:/GitHub/CutyKiller/GAME FOLDER/Content/DONT_USE/Weapon_Pack/Blueprints/Lightshaft/BP_GodRay.uasset" 6690
"../../../../../../GitHub/CutyKiller/GAME FOLDER/Content/DONT_USE/LPSDeluxe2TropicalEnvironment/LPSD2_Meshes/Pirate/SM_ShipBarrel_3.uasset" 6691
"../../../../../../GitHub/CutyKiller/GAME FOLDER/Content/DONT_USE/LPSDeluxe2TropicalEnvironment/LPSD2_Meshes/Pirate/SM_ShipBarrel_2.uasset" 6692
"../../../../../../GitHub/CutyKiller/GAME FOLDER/Content/DONT_USE/LPSDeluxe2TropicalEnvironment/LPSD2_Meshes/Pirate/SM_ShipBarrel_1.uasset" 6693
"../../../../../../GitHub/CutyKiller/GAME FOLDER/Content/DONT_USE/LPSDeluxe2TropicalEnvironment/LPSD2_Meshes/Pirate/SM_PirateCompass_2.uasset" 6694
"D:/GitHub/CutyKiller/GAME FOLDER/Content/DONT_USE/LPSDeluxe2TropicalEnvironment/LPSD2_Meshes/Beach/SM_TropicalLighthouse_1.uasset" 6695
"../../../../../../GitHub/CutyKiller/GAME FOLDER/Content/DONT_USE/LPSDeluxe2TropicalEnvironment/LPSD2_Meshes/Pirate/SM_PirateChest_3.uasset" 6696
"../../../../../../GitHub/CutyKiller/GAME FOLDER/Content/DONT_USE/LPSDeluxe2TropicalEnvironment/LPSD2_Meshes/Pirate/SM_PirateChest_1.uasset" 6697
"../../../../../../GitHub/CutyKiller/GAME FOLDER/Content/DONT_USE/LPSDeluxe2TropicalEnvironment/LPSD2_Meshes/Beach/SM_SmallBoat_1.uasset" 6698
"../../../../../../GitHub/CutyKiller/GAME FOLDER/Content/DONT_USE/LPSDeluxe2TropicalEnvironment/LPSD2_Meshes/Pirate/SM_PirateCompass_1.uasset" 6699
"../../../../../../GitHub/CutyKiller/GAME FOLDER/Content/DONT_USE/LPSDeluxe2TropicalEnvironment/LPSD2_Meshes/Beach/SM_BeachDock_1.uasset" 6700
"../../../../../../GitHub/CutyKiller/GAME FOLDER/Content/DONT_USE/LPSDeluxe2TropicalEnvironment/LPSD2_Meshes/Treasure/SM_TreasureGem_2.uasset" 6701
"../../../../../../GitHub/CutyKiller/GAME FOLDER/Content/DONT_USE/LPSDeluxe2TropicalEnvironment/LPSD2_Meshes/Treasure/SM_PirateChest_3.uasset" 6702
"D:/GitHub/CutyKiller/GAME FOLDER/Content/Weapon_Pack/Blueprints/Lightshaft/BP_GodRay.uasset" 6703
"D:/GitHub/CutyKiller/GAME FOLDER/Content/LPSDeluxe2TropicalEnvironment/ExampleMaps/OverviewMap.umap" 6704
"D:/GitHub/CutyKiller/GAME FOLDER/Content/StarterContent/Maps/Advanced_Lighting.umap" 6705
"D:/GitHub/CutyKiller/GAME FOLDER/Content/Blueprints/ff.uasset" 6706
"../../../../../../GitHub/CutyKiller/GAME FOLDER/Content/DONT_USE/LPSDeluxe2TropicalEnvironment/LPSD2_Meshes/Pirate/SM_PirateShip_1.uasset" 6707
"../../../../../../GitHub/CutyKiller/GAME FOLDER/Content/DONT_USE/LPSDeluxe2TropicalEnvironment/LPSD2_Meshes/Pirate/SM_PirateChest_2.uasset" 6708
"D:/GitHub/CutyKiller/GAME FOLDER/Content/Weapon_Pack/Map/Weapons_Kit.umap" 6709
"../../../../../../GitHub/CutyKiller/GAME FOLDER/Content/DONT_USE/LPSDeluxe2TropicalEnvironment/LPSD2_Meshes/Pirate/SM_Book_1.uasset" 6710
"D:/GitHub/CutyKiller/GAME FOLDER/Content/DONT_USE/Characters/Mannequins/Meshes/SKM_Manny_Simple.uasset" 6711
"D:/GitHub/CutyKiller/GAME FOLDER/Content/DONT_USE/LPSDeluxe2TropicalEnvironment/ExampleMaps/OverviewMap.umap" 6712
"D:/GitHub/CutyKiller/GAME FOLDER/Content/DONT_USE/Characters/Mannequin_UE4/Rigs/RTG_UE5Manny_UE4Manny.uasset" 6713
"D:/GitHub/CutyKiller/GAME FOLDER/Content/DONT_USE/Characters/Mannequin_UE4/Rigs/RTG_UE4Manny_UE5Manny.uasset" 6714
"D:/GitHub/CutyKiller/GAME FOLDER/Content/DONT_USE/Characters/Mannequins/Meshes/SKM_Quinn.uasset" 6715
"../../../../../../GitHub/CutyKiller/GAME FOLDER/Content/DONT_USE/LPSDeluxe2TropicalEnvironment/LPSD2_Meshes/Beach/SM_TropicalLighthouse_1.uasset" 6716
"../../../../../../GitHub/CutyKiller/GAME FOLDER/Content/DONT_USE/LPSDeluxe2TropicalEnvironment/LPSD2_Meshes/Beach/SM_Boombox_1.uasset" 6717
"../../../../../../GitHub/CutyKiller/GAME FOLDER/Content/DONT_USE/LPSDeluxe2TropicalEnvironment/LPSD2_Meshes/Pirate/SM_RumBottle_1.uasset" 6718
"../../../../../../GitHub/CutyKiller/GAME FOLDER/Content/DONT_USE/LPSDeluxe2TropicalEnvironment/LPSD2_Meshes/Tiki/SM_TikiTorch_1.uasset" 6719
"D:/GitHub/CutyKiller/GAME FOLDER/Content/LPSDeluxe2TropicalEnvironment/ExampleMaps/DemoMap.umap" 6720
"../../../../../../GitHub/CutyKiller/GAME FOLDER/Content/StarterContent/Maps/Advanced_Lighting.umap" 6721
"D:/GitHub/CutyKiller/GAME FOLDER/Content/Blueprints/BPChaosTrap.uasset" 6722
"D:/GitHub/CutyKiller/GAME FOLDER/Content/DONT_USE/LPSDeluxe2TropicalEnvironment/ExampleMaps/DemoMap.umap" 6723
"D:/GitHub/CutyKiller/GAME FOLDER/Content/DONT_USE/Characters/Mannequins/Meshes/SKM_Manny.uasset" 6724
"D:/GitHub/CutyKiller/GAME FOLDER/Content/DONT_USE/Weapon_Pack/Map/Weapons_Kit.umap" 6725
"D:/GitHub/CutyKiller/GAME FOLDER/Content/DONT_USE/Characters/Mannequins/Rigs/RTG_Mannequin.uasset" 6726
"D:/GitHub/CutyKiller/GAME FOLDER/Content/ThirdPerson/Maps/ThirdPersonMap.umap" 6727
"../../../Engine/Content/EngineSounds/Submixes/MasterEQSubmixDefault.uasset" 6728
"C:/Users/b.lapeze/AppData/Local/UnrealEngine/Common/DerivedDataCache/Buckets/LegacySKELETALMESH/67/2a/1cb29443011caaadf335cb10e822e1f79333.udd" 6729
"C:/Users/b.lapeze/AppData/Local/UnrealEngine/Common/DerivedDataCache/Content/45/73/ba686e145bf22473a22c597e12c77468a225.udd" 6730
"../../../Engine/Content/EngineSounds/Submixes/MasterReverbSubmixDefault.uasset" 6731
"../../../Engine/Content/EngineSounds/Submixes/MasterSubmixDefault.uasset" 6732
"C:/Users/b.lapeze/AppData/Local/UnrealEngine/Common/DerivedDataCache/Buckets/LegacySKELETALMESH/09/a9/9b7797ba5bd5b29fefdd1f60b050a9ff13ea.udd" 6733
"C:/Users/b.lapeze/AppData/Local/UnrealEngine/Common/DerivedDataCache/Content/22/f9/14875756f487da43496ce4a4b830e8903821.udd" 6734
"../../../../../../GitHub/CutyKiller/GAME FOLDER/Content/LPSDeluxe2TropicalEnvironment/ExampleMaps/OverviewMap.umap" 6735
"C:/Users/b.lapeze/AppData/Local/UnrealEngine/Common/DerivedDataCache/Buckets/LegacyChaosGeometryData/ca/23/786eeb9fb01cdc5f474e050dfdd15f5002eb.udd" 6736
"C:/Users/b.lapeze/AppData/Local/UnrealEngine/Common/DerivedDataCache/Buckets/LegacyChaosGeometryData/10/df/9e80f1256da26e7fab9767522801d732233c.udd" 6737
"D:/GitHub/CutyKiller/GAME FOLDER/Content/Widget/SessionResultUI.uasset" 6738
"../../../../../../GitHub/CutyKiller/GAME FOLDER/Content/LPSDeluxe2TropicalEnvironment/ExampleMaps/DemoMap.umap" 6739
"C:/Users/b.lapeze/AppData/Local/UnrealEngine/Common/DerivedDataCache/Buckets/LegacyChaosGeometryData/fa/e4/352b917933b7b388f7996f6b85b37279be5d.udd" 6740
"C:/Users/b.lapeze/AppData/Local/UnrealEngine/Common/DerivedDataCache/Buckets/LegacyChaosGeometryData/fe/47/d484236de09eb6df8e52c3ab43c9f4818f4b.udd" 6741
"C:/Users/b.lapeze/AppData/Local/UnrealEngine/Common/DerivedDataCache/Buckets/LegacyChaosGeometryData/1f/9a/a3a1ed355d939680a52fad1b74462ba12683.udd" 6742
"C:/Users/b.lapeze/AppData/Local/UnrealEngine/Common/DerivedDataCache/Buckets/LegacyChaosGeometryData/81/32/80330270eef1c3048f116542f31bd1f05a41.udd" 6743
"C:/Users/b.lapeze/AppData/Local/UnrealEngine/Common/DerivedDataCache/Buckets/LegacyChaosGeometryData/c6/e9/af9e69d6c4726fb2cda6bcba31ddcb0424a9.udd" 6744
"C:/Users/b.lapeze/AppData/Local/UnrealEngine/Common/DerivedDataCache/Buckets/LegacyChaosGeometryData/2d/2f/b99551990bf5576706ce75405d5fbc1c32a1.udd" 6745
"C:/Users/b.lapeze/AppData/Local/UnrealEngine/Common/DerivedDataCache/Buckets/LegacyChaosGeometryData/6d/d4/db12a0ff1ec7b6345548eeac2db6af771c00.udd" 6746
"C:/Users/b.lapeze/AppData/Local/UnrealEngine/Common/DerivedDataCache/Buckets/LegacyChaosGeometryData/44/32/ef6dbc5a85db7d8bf4d14718bd12a50554fd.udd" 6747
"C:/Users/b.lapeze/AppData/Local/UnrealEngine/Common/DerivedDataCache/Buckets/LegacyChaosGeometryData/70/4a/68cc9808566a0325dc8e268003d48321311d.udd" 6748
"C:/Users/b.lapeze/AppData/Local/UnrealEngine/Common/DerivedDataCache/Buckets/LegacyChaosGeometryData/30/5e/2bf505c3b0eeb8589e9e227c0dc70abf81af.udd" 6749
"C:/Users/b.lapeze/AppData/Local/UnrealEngine/Common/DerivedDataCache/Buckets/LegacyChaosGeometryData/45/45/cddde188be07f1ded18cd4aeb7185159f9f4.udd" 6750
"C:/Users/b.lapeze/AppData/Local/UnrealEngine/Common/DerivedDataCache/Buckets/LegacyChaosGeometryData/6a/9f/05947597b552beaade292cf51ae091ba4f63.udd" 6751
"D:/GitHub/CutyKiller/GAME FOLDER/Content/Widget/MenuWidget.uasset" 6752
"D:/GitHub/CutyKiller/GAME FOLDER/Content/Widget/JoinWidget.uasset" 6753
"D:/GitHub/CutyKiller/GAME FOLDER/Content/Level/Menu.umap" 6754
"../../../../../../GitHub/CutyKiller/GAME FOLDER/Content/DONT_USE/LPSDeluxe2TropicalEnvironment/ExampleMaps/OverviewMap.umap" 6755
"D:/GitHub/CutyKiller/GAME FOLDER/Content/Level/MapSolo_2.umap" 6756
"../../../../../../GitHub/CutyKiller/GAME FOLDER/Content/DONT_USE/LPSDeluxe2TropicalEnvironment/ExampleMaps/DemoMap.umap" 6757
"D:/GitHub/CutyKiller/GAME FOLDER/Content/Blueprints/GameModeBP.uasset" 6758
"../../../../../../GitHub/CutyKiller/GAME FOLDER/Content/DONT_USE/Weapon_Pack/Map/Weapons_Kit.umap" 6759
"C:/Users/b.lapeze/AppData/Local/UnrealEngine/Common/DerivedDataCache/Buckets/LegacyChaosGeometryData/1e/4a/0cd2eaa8d07354261f1a597c7a6008ffc247.udd" 6760
"C:/Users/b.lapeze/AppData/Local/UnrealEngine/Common/DerivedDataCache/Buckets/LegacyChaosGeometryData/ec/7a/b7ca2b10a1ec3fa34b4eb579f25571de9b84.udd" 6761
"D:/GitHub/CutyKiller/GAME FOLDER/Content/Blueprints/TEST_Character/TESTBase.uasset" 6762
"../../../../../../GitHub/CutyKiller/GAME FOLDER/Content/Weapon_Pack/Map/Weapons_Kit.umap" 6763
"../../../../../../GitHub/CutyKiller/GAME FOLDER/Content/DONT_USE/LPSDeluxe2TropicalEnvironment/LPSD2_Meshes/Flora/SM_Bamboo_1.uasset" 6764
"../../../../../../GitHub/CutyKiller/GAME FOLDER/Content/DONT_USE/LPSDeluxe2TropicalEnvironment/LPSD2_Meshes/Pirate/SM_MessageBottle_1.uasset" 6765
"../../../../../../GitHub/CutyKiller/GAME FOLDER/Content/DONT_USE/LPSDeluxe2TropicalEnvironment/LPSD2_Meshes/Pirate/SM_MapRoll_2.uasset" 6766
"../../../../../../GitHub/CutyKiller/GAME FOLDER/Content/DONT_USE/LPSDeluxe2TropicalEnvironment/LPSD2_Meshes/Pirate/SM_MapRoll_1.uasset" 6767
"../../../../../../GitHub/CutyKiller/GAME FOLDER/Content/DONT_USE/Characters/Mannequins/Meshes/SKM_Quinn.uasset" 6768
"D:/GitHub/CutyKiller/GAME FOLDER/Content/Blueprints/AI/BPAnimEnemy.uasset" 6769
"../../../../../../GitHub/CutyKiller/GAME FOLDER/Content/DONT_USE/Characters/Mannequins/Meshes/SKM_Manny_Simple.uasset" 6770
"../../../../../../GitHub/CutyKiller/GAME FOLDER/Content/DONT_USE/Characters/Mannequins/Meshes/SKM_Manny.uasset" 6771
"C:/Users/b.lapeze/AppData/Local/UnrealEngine/Common/DerivedDataCache/Buckets/LegacyTEXTURE/43/cb/427b83e5388b94d6a99b89690c937066530e.udd" 6772
"C:/Users/b.lapeze/AppData/Local/UnrealEngine/Common/DerivedDataCache/Buckets/LegacyTEXTURE/56/7b/5dc88fe363839dff5333f27a97d3f7ccaac6.udd" 6773
"C:/Users/b.lapeze/AppData/Local/UnrealEngine/Common/DerivedDataCache/Buckets/LegacyTEXTURE/f9/a3/bc81caa608bb07b70c8a1fc5b56666335c57.udd" 6774
"C:/Users/b.lapeze/AppData/Local/UnrealEngine/Common/DerivedDataCache/Buckets/LegacyTEXTURE/5f/6a/4ddce2d7deebf313b577f59227a6cc9bccef.udd" 6775
"C:/Users/b.lapeze/AppData/Local/UnrealEngine/Common/DerivedDataCache/Buckets/LegacyMATSM/dd/ce/b1655e8a5cc80938de0e3afe453c378c74ab.udd" 6776
"C:/Users/b.lapeze/AppData/Local/UnrealEngine/Common/DerivedDataCache/Buckets/LegacyTEXTURE/90/b3/e403abd37c2571ed5859025871ae7890fe12.udd" 6777
"C:/Users/b.lapeze/AppData/Local/UnrealEngine/Common/DerivedDataCache/Buckets/LegacyTEXTURE/ff/f4/c4300669c658a30aa1d73aad7a8cb165ceee.udd" 6778
"C:/Users/b.lapeze/AppData/Local/UnrealEngine/Common/DerivedDataCache/Buckets/LegacyTEXTURE/d1/72/5513b2c57b71198c8c0946d55678cb497025.udd" 6779
"C:/Users/b.lapeze/AppData/Local/UnrealEngine/Common/DerivedDataCache/Buckets/LegacyTEXTURE/1b/4f/ab77fad387e523b712d2a2e411d70d160264.udd" 6780
"C:/Users/b.lapeze/AppData/Local/UnrealEngine/Common/DerivedDataCache/Buckets/LegacyTEXTURE/3a/a5/1aac824a424f01be51e396b63a75f34ea8d0.udd" 6781
"C:/Users/b.lapeze/AppData/Local/UnrealEngine/Common/DerivedDataCache/Buckets/LegacyTEXTURE/57/bb/0654e081e9de469ab668f331dc82f3a3cdc5.udd" 6782
"C:/Users/b.lapeze/AppData/Local/UnrealEngine/Common/DerivedDataCache/Buckets/LegacyTEXTURE/ac/0f/b54070bef15a7bf0e909028a7af582b937e4.udd" 6783
"C:/Users/b.lapeze/AppData/Local/UnrealEngine/Common/DerivedDataCache/Buckets/LegacyMATSM/1d/f0/cddaa02ebdb621b3895ef64143cd16b8de34.udd" 6784
"C:/Users/b.lapeze/AppData/Local/UnrealEngine/Common/DerivedDataCache/Buckets/LegacyTEXTURE/2a/39/2ef0efc090dd4db868e21664a4812176ec8b.udd" 6785
"C:/Users/b.lapeze/AppData/Local/UnrealEngine/Common/DerivedDataCache/Buckets/LegacyTEXTURE/44/d5/aa022f7cdf65d5d26087e5244cfa8582f2ce.udd" 6786
"C:/Users/b.lapeze/AppData/Local/UnrealEngine/Common/DerivedDataCache/Buckets/LegacyTEXTURE/0f/35/d007e2ad51c0aa3f1be51d608ca42b3454ae.udd" 6787
"C:/Users/b.lapeze/AppData/Local/UnrealEngine/Common/DerivedDataCache/Buckets/LegacyTEXTURE/04/27/2f66129be649db139dc780add8855f88108e.udd" 6788
"C:/Users/b.lapeze/AppData/Local/UnrealEngine/Common/DerivedDataCache/Buckets/LegacyTEXTURE/a0/a0/c6f2e14e2c853ebc7a607523ee0ce73f8091.udd" 6789
"C:/Users/b.lapeze/AppData/Local/UnrealEngine/Common/DerivedDataCache/Buckets/LegacyTEXTURE/17/de/71500bb5c9fdc820b6a2cf4bad152fe8838c.udd" 6790
"C:/Users/b.lapeze/AppData/Local/UnrealEngine/Common/DerivedDataCache/Buckets/LegacyTEXTURE/37/f0/506969b2966481ecd41c0af5a2d182998f46.udd" 6791
"C:/Users/b.lapeze/AppData/Local/UnrealEngine/Common/DerivedDataCache/Buckets/LegacyTEXTURE/cc/47/8c93090268d52513c62b570fdd2835d972da.udd" 6792
"C:/Users/b.lapeze/AppData/Local/UnrealEngine/Common/DerivedDataCache/Buckets/LegacyTEXTURE/c8/94/adfb89313d9a549a1321d4f555cebc154094.udd" 6793
"C:/Users/b.lapeze/AppData/Local/UnrealEngine/Common/DerivedDataCache/Buckets/LegacyTEXTURE/e2/da/65ed85b3870663202c91580675322b573ba0.udd" 6794
"C:/Users/b.lapeze/AppData/Local/UnrealEngine/Common/DerivedDataCache/Buckets/LegacyTEXTURE/20/b5/89680cc2568278f244106bf9204930087c98.udd" 6795
"C:/Users/b.lapeze/AppData/Local/UnrealEngine/Common/DerivedDataCache/Buckets/LegacyTEXTURE/c8/b8/4050216428e5258b5c521f5139e6153c6d49.udd" 6796
"C:/Users/b.lapeze/AppData/Local/UnrealEngine/Common/DerivedDataCache/Buckets/LegacyTEXTURE/2b/3e/7d942511707956459bc37d74e1eacaa648b5.udd" 6797
"C:/Users/b.lapeze/AppData/Local/UnrealEngine/Common/DerivedDataCache/Buckets/LegacyTEXTURE/58/86/799b0f9bb2deabf1f0a6e6fd3fd653b71c16.udd" 6798
"C:/Users/b.lapeze/AppData/Local/UnrealEngine/Common/DerivedDataCache/Buckets/LegacyTEXTURE/32/13/d623d9d15e665f30001d06956424de0fae03.udd" 6799
"C:/Users/b.lapeze/AppData/Local/UnrealEngine/Common/DerivedDataCache/Buckets/LegacyTEXTURE/44/48/3602b77af16611198dea756169db47e9363a.udd" 6800
"C:/Users/b.lapeze/AppData/Local/UnrealEngine/Common/DerivedDataCache/Buckets/LegacyTEXTURE/6c/b3/d01fe46b89c6809c89471c83615e1322ceef.udd" 6801
"C:/Users/b.lapeze/AppData/Local/UnrealEngine/Common/DerivedDataCache/Buckets/LegacyTEXTURE/f1/90/3e96f43419f83caf24c257bf82840906feef.udd" 6802
"C:/Users/b.lapeze/AppData/Local/UnrealEngine/Common/DerivedDataCache/Buckets/LegacyTEXTURE/bb/ed/eb060334ef1c91af97325d15fe66e808aff7.udd" 6803
"C:/Users/b.lapeze/AppData/Local/UnrealEngine/Common/DerivedDataCache/Buckets/LegacyTEXTURE/83/f6/0ac60ece29738545773324b073be21102f34.udd" 6804
"C:/Users/b.lapeze/AppData/Local/UnrealEngine/Common/DerivedDataCache/Buckets/LegacyTEXTURE/8c/4a/486ad3508483adafeb4512bf8f9169aadb6b.udd" 6805
"C:/Users/b.lapeze/AppData/Local/UnrealEngine/Common/DerivedDataCache/Buckets/LegacyTEXTURE/71/28/53f5bd6a6c2fadba88d82affa265f1272a99.udd" 6806
"C:/Users/b.lapeze/AppData/Local/UnrealEngine/Common/DerivedDataCache/Buckets/LegacyTEXTURE/4e/17/f33fb8cc82fbdc9e5e9675e6a14ec539c37c.udd" 6807
"C:/Users/b.lapeze/AppData/Local/UnrealEngine/Common/DerivedDataCache/Buckets/LegacyMATSM/d3/eb/9ce577a96be3d14e08eae7f3bca9fcca2236.udd" 6808
"C:/Users/b.lapeze/AppData/Local/UnrealEngine/Common/DerivedDataCache/Buckets/LegacyTEXTURE/97/8c/61ae1d06153b9ed9f133a0a811c56a5b13cf.udd" 6809
"C:/Users/b.lapeze/AppData/Local/UnrealEngine/Common/DerivedDataCache/Buckets/LegacyTEXTURE/cb/4a/a74b1a3b1a9795f5e7edb9fa659b7edbd6e7.udd" 6810
"C:/Users/b.lapeze/AppData/Local/UnrealEngine/Common/DerivedDataCache/Buckets/LegacyTEXTURE/66/f4/7f51476ef61ee1935dc4e294910f95b024c1.udd" 6811
"C:/Users/b.lapeze/AppData/Local/UnrealEngine/Common/DerivedDataCache/Buckets/LegacyTEXTURE/71/60/4317da204c7a724e29b7f107d550a8110ce0.udd" 6812
"C:/Users/b.lapeze/AppData/Local/UnrealEngine/Common/DerivedDataCache/Buckets/LegacyTEXTURE/d7/9f/38e86edfa596dd5e0276b416c98b8c7b908f.udd" 6813
"C:/Users/b.lapeze/AppData/Local/UnrealEngine/Common/DerivedDataCache/Buckets/LegacyMATSM/7b/37/f6859b2cdde868bce3acf7afcbdbe3e17f52.udd" 6814
"C:/Users/b.lapeze/AppData/Local/UnrealEngine/Common/DerivedDataCache/Buckets/LegacyTEXTURE/24/3b/aee66aa98163ea81b856b8db78c579585618.udd" 6815
"C:/Users/b.lapeze/AppData/Local/UnrealEngine/Common/DerivedDataCache/Buckets/LegacyTEXTURE/83/f7/4a7769cd7b02175938dd0512d13e5c331fba.udd" 6816
"C:/Users/b.lapeze/AppData/Local/UnrealEngine/Common/DerivedDataCache/Buckets/LegacyTEXTURE/19/ec/c87b197d168dbf729b407087c7c0a07d7d0d.udd" 6817
"C:/Users/b.lapeze/AppData/Local/UnrealEngine/Common/DerivedDataCache/Buckets/LegacyTEXTURE/04/96/5bffeb9c7a1447837106126b370db04b955a.udd" 6818
"C:/Users/b.lapeze/AppData/Local/UnrealEngine/Common/DerivedDataCache/Buckets/LegacyMATSM/d3/7d/f36917a59c36958c81863bb91d98c4a6f614.udd" 6819
"C:/Users/b.lapeze/AppData/Local/UnrealEngine/Common/DerivedDataCache/Buckets/LegacyTEXTURE/9e/92/13782ed8af0c2d8524cfd11e6b55b6bea3d1.udd" 6820
"C:/Users/b.lapeze/AppData/Local/UnrealEngine/Common/DerivedDataCache/Buckets/LegacyTEXTURE/cd/a8/1fc8304fa6ee662828c09986ad6ba42ac411.udd" 6821
"C:/Users/b.lapeze/AppData/Local/UnrealEngine/Common/DerivedDataCache/Buckets/LegacyTEXTURE/cc/33/af74a3a9d211da1f93cc91a275c8c117f543.udd" 6822
"C:/Users/b.lapeze/AppData/Local/UnrealEngine/Common/DerivedDataCache/Buckets/LegacyTEXTURE/02/93/73ec9ac04d7799601679184d368846e9ba55.udd" 6823
"C:/Users/b.lapeze/AppData/Local/UnrealEngine/Common/DerivedDataCache/Buckets/LegacyTEXTURE/d9/aa/0d2a6f4bd532d386a4c43ab677badd81a111.udd" 6824
"C:/Users/b.lapeze/AppData/Local/UnrealEngine/Common/DerivedDataCache/Buckets/LegacyTEXTURE/53/0d/a767c3adbd0114ef6ebef1df0a0a8e43520d.udd" 6825
"C:/Users/b.lapeze/AppData/Local/UnrealEngine/Common/DerivedDataCache/Buckets/LegacyTEXTURE/f8/08/2631447dcfc6d18c08c86dd7d9fd4b3725a1.udd" 6826
"C:/Users/b.lapeze/AppData/Local/UnrealEngine/Common/DerivedDataCache/Buckets/LegacyTEXTURE/a9/61/e5966202a87081512dab46b44a8792ac499d.udd" 6827
"C:/Users/b.lapeze/AppData/Local/UnrealEngine/Common/DerivedDataCache/Buckets/LegacyTEXTURE/5d/bf/053dd9ba228650a4587d7190bc79db316772.udd" 6828
"C:/Users/b.lapeze/AppData/Local/UnrealEngine/Common/DerivedDataCache/Buckets/LegacyTEXTURE/a8/ca/2c26a89ab1ef7eff96e4b9fd7fb2ff6a95ec.udd" 6829
"C:/Users/b.lapeze/AppData/Local/UnrealEngine/Common/DerivedDataCache/Buckets/LegacyTEXTURE/75/46/2a13f7a91b91eccd315c2da65cd0b090bbfc.udd" 6830
"C:/Users/b.lapeze/AppData/Local/UnrealEngine/Common/DerivedDataCache/Buckets/LegacyTEXTURE/20/28/3670aa40d8285f5c677a75ebfc0ccbae6eee.udd" 6831
"C:/Users/b.lapeze/AppData/Local/UnrealEngine/Common/DerivedDataCache/Buckets/LegacyTEXTURE/30/f0/bc6c451f79cf641b90e00b53a33f9d7b049c.udd" 6832
"C:/Users/b.lapeze/AppData/Local/UnrealEngine/Common/DerivedDataCache/Buckets/LegacyTEXTURE/44/88/119f2f56c6373793a053619dc9c386620bc0.udd" 6833
"C:/Users/b.lapeze/AppData/Local/UnrealEngine/Common/DerivedDataCache/Buckets/LegacyTEXTURE/52/0b/d77f97685e069c3c0f500ec1ae8910b61b33.udd" 6834
"C:/Users/b.lapeze/AppData/Local/UnrealEngine/Common/DerivedDataCache/Buckets/LegacyTEXTURE/e2/fb/6a5720c3c261e69f7899aa69290cb0574efd.udd" 6835
"C:/Users/b.lapeze/AppData/Local/UnrealEngine/Common/DerivedDataCache/Buckets/LegacyTEXTURE/fa/95/ff49d0e6f9a83821ffc0a87a4f32b38fc865.udd" 6836
"C:/Users/b.lapeze/AppData/Local/UnrealEngine/Common/DerivedDataCache/Buckets/LegacyTEXTURE/97/a6/45d74b5f7839ee092f5d0476c3d39933dc7d.udd" 6837
"C:/Users/b.lapeze/AppData/Local/UnrealEngine/Common/DerivedDataCache/Buckets/LegacyTEXTURE/b9/a0/829d2a9fe108e18fedbb6baf4f6696c4de32.udd" 6838
"C:/Users/b.lapeze/AppData/Local/UnrealEngine/Common/DerivedDataCache/Buckets/LegacyMATSM/fd/54/56c6c3faad111d6d20eee9d4915eaf871d79.udd" 6839
"C:/Users/b.lapeze/AppData/Local/UnrealEngine/Common/DerivedDataCache/Buckets/LegacyTEXTURE/0d/63/cd2a02da14ab3b8dbc3d9900291f4826b37e.udd" 6840
"C:/Users/b.lapeze/AppData/Local/UnrealEngine/Common/DerivedDataCache/Buckets/LegacyTEXTURE/91/a1/e71a6125fa203ca65cb9c4901b4a8bfeb133.udd" 6841
"C:/Users/b.lapeze/AppData/Local/UnrealEngine/Common/DerivedDataCache/Buckets/LegacyTEXTURE/db/c2/2f0ec1eb402ef6571fd6e8837b3664106f62.udd" 6842
"C:/Users/b.lapeze/AppData/Local/UnrealEngine/Common/DerivedDataCache/Buckets/LegacyTEXTURE/6c/dc/4c241191a2f24f5da5c2ba9a86f0e51fa019.udd" 6843
"C:/Users/b.lapeze/AppData/Local/UnrealEngine/Common/DerivedDataCache/Buckets/LegacyTEXTURE/21/d0/967ca514c5cd18b82b0fe5b29a71e4f1ce47.udd" 6844
"C:/Users/b.lapeze/AppData/Local/UnrealEngine/Common/DerivedDataCache/Buckets/LegacyTEXTURE/47/03/aa26c4e8e092e80276a0b3c283f69fdfe025.udd" 6845
"C:/Users/b.lapeze/AppData/Local/UnrealEngine/Common/DerivedDataCache/Buckets/LegacyTEXTURE/5a/df/e6ced4c9f7179d85dcf11abe9d6603088826.udd" 6846
"C:/Users/b.lapeze/AppData/Local/UnrealEngine/Common/DerivedDataCache/Buckets/LegacyTEXTURE/96/03/be74444e709b61d3125287ee08b8e55aa20c.udd" 6847
"C:/Users/b.lapeze/AppData/Local/UnrealEngine/Common/DerivedDataCache/Buckets/LegacyTEXTURE/73/36/acd0de547cb2f3db679ab51b800612b193c7.udd" 6848
"C:/Users/b.lapeze/AppData/Local/UnrealEngine/Common/DerivedDataCache/Buckets/LegacyTEXTURE/ac/26/3af3ab7a26adecd5d205fc88930f32845d3b.udd" 6849
"C:/Users/b.lapeze/AppData/Local/UnrealEngine/Common/DerivedDataCache/Buckets/LegacyTEXTURE/22/63/bd48582ccce1e900614f5f9d5ea24819f1dd.udd" 6850
"C:/Users/b.lapeze/AppData/Local/UnrealEngine/Common/DerivedDataCache/Buckets/LegacyTEXTURE/3a/96/65f7bf5852e231326ed841b6db6747df9f58.udd" 6851
"C:/Users/b.lapeze/AppData/Local/UnrealEngine/Common/DerivedDataCache/Buckets/LegacyTEXTURE/da/ac/d65ce9af5e6dafcec1dcae4708795aecb6f7.udd" 6852
"C:/Users/b.lapeze/AppData/Local/UnrealEngine/Common/DerivedDataCache/Buckets/LegacyTEXTURE/71/0f/baead28011524fd0e51be3355c648a2a2de9.udd" 6853
"C:/Users/b.lapeze/AppData/Local/UnrealEngine/Common/DerivedDataCache/Buckets/LegacyTEXTURE/88/11/d6beaaccf3e997a7f2cd0363f7250f99651b.udd" 6854
"C:/Users/b.lapeze/AppData/Local/UnrealEngine/Common/DerivedDataCache/Buckets/LegacyTEXTURE/6e/dc/3d79ac65456e4c8fab8bf60219bc5a710fbd.udd" 6855
"C:/Users/b.lapeze/AppData/Local/UnrealEngine/Common/DerivedDataCache/Buckets/LegacyTEXTURE/3c/b1/5f2b8639ee14d4205da4aa4671db4cbe2045.udd" 6856
"C:/Users/b.lapeze/AppData/Local/UnrealEngine/Common/DerivedDataCache/Buckets/LegacyTEXTURE/36/bf/693de349cfe1049b660c0a998d7351c7116c.udd" 6857
"C:/Users/b.lapeze/AppData/Local/UnrealEngine/Common/DerivedDataCache/Buckets/LegacyTEXTURE/eb/7a/0e7f4be8573e82707ce7e2cd1029ad63d340.udd" 6858
"C:/Users/b.lapeze/AppData/Local/UnrealEngine/Common/DerivedDataCache/Buckets/LegacyTEXTURE/00/a3/85f61cd5e388195097d56a0d0017aee07666.udd" 6859
"C:/Users/b.lapeze/AppData/Local/UnrealEngine/Common/DerivedDataCache/Buckets/LegacyTEXTURE/9e/64/2bfb40822e4aac2ad784cf356f707855cd30.udd" 6860
"C:/Users/b.lapeze/AppData/Local/UnrealEngine/Common/DerivedDataCache/Buckets/LegacyTEXTURE/76/00/52130931993c597bec065e992585a2459355.udd" 6861
"C:/Users/b.lapeze/AppData/Local/UnrealEngine/Common/DerivedDataCache/Buckets/LegacyTEXTURE/44/69/57bcc7645ec7c1945e20a486c7587b5c2b36.udd" 6862
"C:/Users/b.lapeze/AppData/Local/UnrealEngine/Common/DerivedDataCache/Buckets/LegacyMATSM/4d/bf/cffdba1fdd775a306e03fb10a171ecbeb683.udd" 6863
"C:/Users/b.lapeze/AppData/Local/UnrealEngine/Common/DerivedDataCache/Buckets/LegacyTEXTURE/d7/32/4ba0b2924de4e4ec47ce21d8874ded6df8ca.udd" 6864
"C:/Users/b.lapeze/AppData/Local/UnrealEngine/Common/DerivedDataCache/Buckets/LegacyTEXTURE/b3/39/4936d0402aa7da7f83053b863dd4aa722c84.udd" 6865
"C:/Users/b.lapeze/AppData/Local/UnrealEngine/Common/DerivedDataCache/Buckets/LegacyTEXTURE/19/8c/7a28fc8bef9735ddde86d1ba5b1b27d47344.udd" 6866
"C:/Users/b.lapeze/AppData/Local/UnrealEngine/Common/DerivedDataCache/Buckets/LegacyTEXTURE/41/8b/2159b3bcca21645ea0a88099f92a4182b7a1.udd" 6867
"C:/Users/b.lapeze/AppData/Local/UnrealEngine/Common/DerivedDataCache/Buckets/LegacyTEXTURE/2c/ab/6c58828f65c27e9284055bf46565430f1eb5.udd" 6868
"C:/Users/b.lapeze/AppData/Local/UnrealEngine/Common/DerivedDataCache/Buckets/LegacyTEXTURE/8b/53/3604c630aefb65a8966c1b7c4a6fb7d6b8f2.udd" 6869
"C:/Users/b.lapeze/AppData/Local/UnrealEngine/Common/DerivedDataCache/Buckets/LegacyTEXTURE/73/7e/4f0c66e8f9ffdda266f0df873803cf56afc9.udd" 6870
"C:/Users/b.lapeze/AppData/Local/UnrealEngine/Common/DerivedDataCache/Buckets/LegacyTEXTURE/56/34/47942e15833dcf0f5760c34c766c630b861a.udd" 6871
"C:/Users/b.lapeze/AppData/Local/UnrealEngine/Common/DerivedDataCache/Buckets/LegacyTEXTURE/d5/96/fec436b466caa9785bc0ad4000e839f0d47b.udd" 6872
"C:/Users/b.lapeze/AppData/Local/UnrealEngine/Common/DerivedDataCache/Buckets/LegacyTEXTURE/b4/1d/1ef82ca4f9acc4059941c7803cf3e47c5fbc.udd" 6873
"C:/Users/b.lapeze/AppData/Local/UnrealEngine/Common/DerivedDataCache/Buckets/LegacyTEXTURE/61/82/3a8fc89c76df25ea5388d6c39faa3db9d16b.udd" 6874
"C:/Users/b.lapeze/AppData/Local/UnrealEngine/Common/DerivedDataCache/Buckets/LegacyTEXTURE/f8/ed/d02c603837aa8c0c8f08ad243510412c1f54.udd" 6875
"C:/Users/b.lapeze/AppData/Local/UnrealEngine/Common/DerivedDataCache/Buckets/LegacyTEXTURE/55/1b/ef5ecb2fb807c5c186808a036449bd1b09b1.udd" 6876
"C:/Users/b.lapeze/AppData/Local/UnrealEngine/Common/DerivedDataCache/Buckets/LegacyTEXTURE/fa/db/6db7f012e79fe1119200f9edf350055b3738.udd" 6877
"C:/Users/b.lapeze/AppData/Local/UnrealEngine/Common/DerivedDataCache/Buckets/LegacyTEXTURE/0d/5f/5c179164a4b31f0c26d8cd7efda1a7c7faad.udd" 6878
"C:/Users/b.lapeze/AppData/Local/UnrealEngine/Common/DerivedDataCache/Buckets/LegacyTEXTURE/8c/58/2a180fa78baa98279bb4dc4aff4cfdc014b2.udd" 6879
"C:/Users/b.lapeze/AppData/Local/UnrealEngine/Common/DerivedDataCache/Buckets/LegacyTEXTURE/24/2a/9a4c733426ea8e23ab824d55bc321a88b37a.udd" 6880
"C:/Users/b.lapeze/AppData/Local/UnrealEngine/Common/DerivedDataCache/Buckets/LegacyTEXTURE/f3/ee/f2a9032b684af54546f8d0e5d9621d000ddd.udd" 6881
"C:/Users/b.lapeze/AppData/Local/UnrealEngine/Common/DerivedDataCache/Buckets/LegacyTEXTURE/46/db/abb0c3076ec3adbc7a8c6de941f387feb6e5.udd" 6882
"C:/Users/b.lapeze/AppData/Local/UnrealEngine/Common/DerivedDataCache/Buckets/LegacyTEXTURE/b5/d1/8c05c5d9dc4e277d5ba6a92ad45518d24910.udd" 6883
"C:/Users/b.lapeze/AppData/Local/UnrealEngine/Common/DerivedDataCache/Buckets/LegacyMATSM/8d/be/99ac68732820d05d8429044fc0b32427a3cc.udd" 6884
"C:/Users/b.lapeze/AppData/Local/UnrealEngine/Common/DerivedDataCache/Buckets/LegacyTEXTURE/42/68/b242bbb383ee7d2f0d1ead020b88f8af70de.udd" 6885
"C:/Users/b.lapeze/AppData/Local/UnrealEngine/Common/DerivedDataCache/Buckets/LegacyTEXTURE/7c/ec/5f163bf4df604af5ea94f146baf33240c7a0.udd" 6886
"C:/Users/b.lapeze/AppData/Local/UnrealEngine/Common/DerivedDataCache/Buckets/LegacyTEXTURE/b7/2a/c8430120ab7faf109e21e000034e62d5fdad.udd" 6887
"C:/Users/b.lapeze/AppData/Local/UnrealEngine/Common/DerivedDataCache/Buckets/LegacyTEXTURE/65/37/d27b73d2242ae7f7ce49ee643009ac651193.udd" 6888
"C:/Users/b.lapeze/AppData/Local/UnrealEngine/Common/DerivedDataCache/Buckets/LegacyTEXTURE/b0/1a/028328461dfc98898fecd4bf521a8885688e.udd" 6889
"C:/Users/b.lapeze/AppData/Local/UnrealEngine/Common/DerivedDataCache/Buckets/LegacyTEXTURE/88/cb/da343acfbc60f8681299954bd3c1809dd1e0.udd" 6890
"C:/Users/b.lapeze/AppData/Local/UnrealEngine/Common/DerivedDataCache/Buckets/LegacyTEXTURE/ca/57/d6889a7eda12767f999079c5de99db77d638.udd" 6891
"C:/Users/b.lapeze/AppData/Local/UnrealEngine/Common/DerivedDataCache/Buckets/LegacyTEXTURE/cc/0e/6e48a9936e7044c9074babc472bdd5005017.udd" 6892
"C:/Users/b.lapeze/AppData/Local/UnrealEngine/Common/DerivedDataCache/Buckets/LegacyTEXTURE/5f/83/0c026b8f79120f04616b9dff065b9b377aae.udd" 6893
"C:/Users/b.lapeze/AppData/Local/UnrealEngine/Common/DerivedDataCache/Buckets/LegacyTEXTURE/d6/49/64071f63419bf13f9367db1e9ae7c81c7370.udd" 6894
"C:/Users/b.lapeze/AppData/Local/UnrealEngine/Common/DerivedDataCache/Buckets/LegacyTEXTURE/62/ca/eb4b557bb57307161abd0fba5008656ab393.udd" 6895
"C:/Users/b.lapeze/AppData/Local/UnrealEngine/Common/DerivedDataCache/Buckets/LegacyTEXTURE/81/15/12f7191c296a6cb151da0e91fa672dfa5bce.udd" 6896
"C:/Users/b.lapeze/AppData/Local/UnrealEngine/Common/DerivedDataCache/Buckets/LegacyTEXTURE/f7/d3/ab4244344963fb47c3f5b6d60eb7c187f46d.udd" 6897
"C:/Users/b.lapeze/AppData/Local/UnrealEngine/Common/DerivedDataCache/Buckets/LegacyTEXTURE/09/a5/1df5c4731aae6990a87cdcffcf776ed0d32f.udd" 6898
"C:/Users/b.lapeze/AppData/Local/UnrealEngine/Common/DerivedDataCache/Buckets/LegacyTEXTURE/ee/7b/7137315ec9b533af498d36048c589b97a2e0.udd" 6899
"C:/Users/b.lapeze/AppData/Local/UnrealEngine/Common/DerivedDataCache/Buckets/LegacyMATSM/b8/0a/79a680b0b17437d9e413c2efdaf194ddd77c.udd" 6900
"C:/Users/b.lapeze/AppData/Local/UnrealEngine/Common/DerivedDataCache/Buckets/LegacyTEXTURE/5f/6a/6dc81031b839e1e96e999ea2a771edfa47ae.udd" 6901
"C:/Users/b.lapeze/AppData/Local/UnrealEngine/Common/DerivedDataCache/Buckets/LegacyTEXTURE/6e/de/da64fef977c315a612173b03f826b7dbfd70.udd" 6902
"C:/Users/b.lapeze/AppData/Local/UnrealEngine/Common/DerivedDataCache/Buckets/LegacyTEXTURE/49/be/238cafff6556a45e58368966d2929379fc33.udd" 6903
"C:/Users/b.lapeze/AppData/Local/UnrealEngine/Common/DerivedDataCache/Buckets/LegacyTEXTURE/d5/49/1fbc7ac18ce713f85e292f7741c839b6638a.udd" 6904
"C:/Users/b.lapeze/AppData/Local/UnrealEngine/Common/DerivedDataCache/Buckets/LegacyTEXTURE/58/53/6b7e2ec391f24cfaa65342b6ef213553e7b7.udd" 6905
"C:/Users/b.lapeze/AppData/Local/UnrealEngine/Common/DerivedDataCache/Buckets/LegacyTEXTURE/21/a5/315803aeddfccf85e4f39bd938570d45f6a6.udd" 6906
"C:/Users/b.lapeze/AppData/Local/UnrealEngine/Common/DerivedDataCache/Buckets/LegacyTEXTURE/dc/c4/6a202bb2d44fe8d28474e4730ecc93661dbb.udd" 6907
"C:/Users/b.lapeze/AppData/Local/UnrealEngine/Common/DerivedDataCache/Buckets/LegacyTEXTURE/88/cd/728201464e821c67b53f322bfb55ed1772e8.udd" 6908
"C:/Users/b.lapeze/AppData/Local/UnrealEngine/Common/DerivedDataCache/Buckets/LegacyTEXTURE/29/ce/c1430add5e48dce1f9a5c4d008f125c238cd.udd" 6909
"C:/Users/b.lapeze/AppData/Local/UnrealEngine/Common/DerivedDataCache/Buckets/LegacyTEXTURE/fe/91/0887dcd269be0c6e2406c2ff4c757fd0dbfe.udd" 6910
"C:/Users/b.lapeze/AppData/Local/UnrealEngine/Common/DerivedDataCache/Buckets/LegacyTEXTURE/13/d2/906c191e89ce36eb8ffb223671d017550278.udd" 6911
"C:/Users/b.lapeze/AppData/Local/UnrealEngine/Common/DerivedDataCache/Buckets/LegacyTEXTURE/87/2e/b336e8ca145087a79f88bea0a83c7daefa08.udd" 6912
"C:/Users/b.lapeze/AppData/Local/UnrealEngine/Common/DerivedDataCache/Buckets/LegacyTEXTURE/77/d4/b7b5f5ef52b41cf337aaf53fab0c911ff90b.udd" 6913
"C:/Users/b.lapeze/AppData/Local/UnrealEngine/Common/DerivedDataCache/Buckets/LegacyTEXTURE/bc/b6/db47d7ebd66cec91a71eb965ea46fb737f6d.udd" 6914
"C:/Users/b.lapeze/AppData/Local/UnrealEngine/Common/DerivedDataCache/Buckets/LegacyTEXTURE/a8/63/18972f19854594a31a60f5a8fb55dd3052e1.udd" 6915
"C:/Users/b.lapeze/AppData/Local/UnrealEngine/Common/DerivedDataCache/Buckets/LegacyTEXTURE/a5/90/ababb0d06079ac03ee144b6c7d3c72e17406.udd" 6916
"C:/Users/b.lapeze/AppData/Local/UnrealEngine/Common/DerivedDataCache/Buckets/LegacyMATSM/c9/9e/d88d4a5eaa192f586745694f46d58dc1b412.udd" 6917
"C:/Users/b.lapeze/AppData/Local/UnrealEngine/Common/DerivedDataCache/Buckets/LegacyTEXTURE/c3/47/586f1800244aeaa57ebc08c7c06dbc836614.udd" 6918
"C:/Users/b.lapeze/AppData/Local/UnrealEngine/Common/DerivedDataCache/Buckets/LegacyTEXTURE/a0/94/d78ceec82edfcf72be9f9cdf122962048036.udd" 6919
"C:/Users/b.lapeze/AppData/Local/UnrealEngine/Common/DerivedDataCache/Buckets/LegacyTEXTURE/41/8e/f818dc4dacd3f2adcfa417b2c757f48a65fc.udd" 6920
"C:/Users/b.lapeze/AppData/Local/UnrealEngine/Common/DerivedDataCache/Buckets/LegacyTEXTURE/e2/18/5a5c79e0a8d177b5c5f2f9e8383ee9e9bc75.udd" 6921
"C:/Users/b.lapeze/AppData/Local/UnrealEngine/Common/DerivedDataCache/Buckets/LegacyTEXTURE/03/24/3b550ef95623585e3eb97b67e964645e8e4e.udd" 6922
"C:/Users/b.lapeze/AppData/Local/UnrealEngine/Common/DerivedDataCache/Buckets/LegacyTEXTURE/ee/d2/81460534a1275f49f099c69fdb08b0c3c10f.udd" 6923
"C:/Users/b.lapeze/AppData/Local/UnrealEngine/Common/DerivedDataCache/Buckets/LegacyTEXTURE/04/35/54602d9b2146ecd637f342739a8a88121c4f.udd" 6924
"C:/Users/b.lapeze/AppData/Local/UnrealEngine/Common/DerivedDataCache/Buckets/LegacyTEXTURE/b8/59/6375876e0b6de6de17ce1bb3e2cd9670c003.udd" 6925
"C:/Users/b.lapeze/AppData/Local/UnrealEngine/Common/DerivedDataCache/Buckets/LegacyTEXTURE/3c/1b/2204d2555a13243b24edc6236d778c694c09.udd" 6926
"C:/Users/b.lapeze/AppData/Local/UnrealEngine/Common/DerivedDataCache/Buckets/LegacyTEXTURE/86/dc/7bfefcb1d5883902b8b5ee4d3a8f4c3ee5d3.udd" 6927
"C:/Users/b.lapeze/AppData/Local/UnrealEngine/Common/DerivedDataCache/Buckets/LegacyTEXTURE/48/5b/287e0316a67673a1ba8f7b67d192fee5b084.udd" 6928
"C:/Users/b.lapeze/AppData/Local/UnrealEngine/Common/DerivedDataCache/Buckets/LegacyTEXTURE/0a/b1/46eb3f78e46087ba517703d1a34301d48d66.udd" 6929
"C:/Users/b.lapeze/AppData/Local/UnrealEngine/Common/DerivedDataCache/Buckets/LegacyTEXTURE/c7/1f/e2a891b7e48954644ff2e484e6ec45abe3bf.udd" 6930
"C:/Users/b.lapeze/AppData/Local/UnrealEngine/Common/DerivedDataCache/Buckets/LegacyTEXTURE/35/fb/906213b020bb666691640732dff456c9b7c5.udd" 6931
"C:/Users/b.lapeze/AppData/Local/UnrealEngine/Common/DerivedDataCache/Buckets/LegacyTEXTURE/a1/cc/c17788de6a82cb6c50fad9ba3de8085e8bb7.udd" 6932
"C:/Users/b.lapeze/AppData/Local/UnrealEngine/Common/DerivedDataCache/Buckets/LegacyTEXTURE/cc/ef/5254685f7dde11987c13056ff6d78a2a5187.udd" 6933
"C:/Users/b.lapeze/AppData/Local/UnrealEngine/Common/DerivedDataCache/Buckets/LegacyTEXTURE/0f/56/d43b752bf93157c0d7e1c9c7273a5aa5b590.udd" 6934
"C:/Users/b.lapeze/AppData/Local/UnrealEngine/Common/DerivedDataCache/Buckets/LegacyTEXTURE/71/12/26b67e80c74dd008f2b61fb586534f5211c5.udd" 6935
"C:/Users/b.lapeze/AppData/Local/UnrealEngine/Common/DerivedDataCache/Buckets/LegacyTEXTURE/e4/6f/2f58f7f3712ab14b2f53a510bb7c946ac47e.udd" 6936
"C:/Users/b.lapeze/AppData/Local/UnrealEngine/Common/DerivedDataCache/Buckets/LegacyTEXTURE/79/56/0e364266f93120282ada1d0b1bce4ab04057.udd" 6937
"C:/Users/b.lapeze/AppData/Local/UnrealEngine/Common/DerivedDataCache/Buckets/LegacyTEXTURE/00/8d/0e434a84eb9de6c3acb77d9f9848752af447.udd" 6938
"C:/Users/b.lapeze/AppData/Local/UnrealEngine/Common/DerivedDataCache/Buckets/LegacyTEXTURE/79/b4/d61298b349d19ab76f782a93af5e9b7ff7e3.udd" 6939
"C:/Users/b.lapeze/AppData/Local/UnrealEngine/Common/DerivedDataCache/Buckets/LegacyTEXTURE/78/e6/8749447ecc49d3ebe17ec2917e6eb8b6cf9f.udd" 6940
"C:/Users/b.lapeze/AppData/Local/UnrealEngine/Common/DerivedDataCache/Buckets/LegacyTEXTURE/d4/d1/46001f8770520fd613083adf2995f46c904a.udd" 6941
"C:/Users/b.lapeze/AppData/Local/UnrealEngine/Common/DerivedDataCache/Buckets/LegacyTEXTURE/52/75/324c052b6ac162980bc95238e8c8ccbf5eab.udd" 6942
"C:/Users/b.lapeze/AppData/Local/UnrealEngine/Common/DerivedDataCache/Buckets/LegacyTEXTURE/ef/70/122c5947dbd5255ddd10f15f6e7030fd1fd9.udd" 6943
"C:/Users/b.lapeze/AppData/Local/UnrealEngine/Common/DerivedDataCache/Buckets/LegacyTEXTURE/b3/1a/a7b78d702f20ec5aae8b4ce5653ef56f8442.udd" 6944
"C:/Users/b.lapeze/AppData/Local/UnrealEngine/Common/DerivedDataCache/Buckets/LegacyTEXTURE/14/48/13ab02b5ba76ccc8afee1a1bdf567b0594be.udd" 6945
"C:/Users/b.lapeze/AppData/Local/UnrealEngine/Common/DerivedDataCache/Buckets/LegacyTEXTURE/16/e2/f80856f945852242b224c65e7f52551934c9.udd" 6946
"C:/Users/b.lapeze/AppData/Local/UnrealEngine/Common/DerivedDataCache/Buckets/LegacyTEXTURE/45/79/cfc5f38b833ad5e89136176ea26ac84e6c95.udd" 6947
"C:/Users/b.lapeze/AppData/Local/UnrealEngine/Common/DerivedDataCache/Buckets/LegacyTEXTURE/b8/47/17e41bad87f48a859979c9f3e1ff629cabcb.udd" 6948
"C:/Users/b.lapeze/AppData/Local/UnrealEngine/Common/DerivedDataCache/Buckets/LegacyTEXTURE/b6/41/f9f26ccf42b0afae4584d48ff4bc73787036.udd" 6949
"C:/Users/b.lapeze/AppData/Local/UnrealEngine/Common/DerivedDataCache/Buckets/LegacyTEXTURE/5d/c4/2aadf918d5dcc82adbbcf17b78b36fff124a.udd" 6950
"C:/Users/b.lapeze/AppData/Local/UnrealEngine/Common/DerivedDataCache/Buckets/LegacyTEXTURE/f2/50/1bb86a0915f527807b2cc6217317645a23ac.udd" 6951
"C:/Users/b.lapeze/AppData/Local/UnrealEngine/Common/DerivedDataCache/Buckets/LegacyCHAOS/01/89/7af470578feb2158cadaeec63d7974d413ff.udd" 6952
"C:/Users/b.lapeze/AppData/Local/UnrealEngine/Common/DerivedDataCache/Buckets/LegacyCHAOS/d3/b4/ecc47b9d49614a810d7b15d895b863aa806d.udd" 6953
"C:/Users/b.lapeze/AppData/Local/UnrealEngine/Common/DerivedDataCache/Buckets/LegacyCHAOS/ce/1c/de3df31ffa6cc75307b524efce530cc38590.udd" 6954
"C:/Users/b.lapeze/AppData/Local/UnrealEngine/Common/DerivedDataCache/Buckets/LegacyTEXTURE/1d/9c/fa7a0be6cb9de9753fba99d738a67418728a.udd" 6955
"C:/Users/b.lapeze/AppData/Local/UnrealEngine/Common/DerivedDataCache/Buckets/LegacyTEXTURE/57/a9/dc317403d80b234c749cab38a693324aaa14.udd" 6956
"C:/Users/b.lapeze/AppData/Local/UnrealEngine/Common/DerivedDataCache/Buckets/LegacyCHAOS/86/54/d16c1b288ed7b56af6df10511baa098583fa.udd" 6957
"C:/Users/b.lapeze/AppData/Local/UnrealEngine/Common/DerivedDataCache/Buckets/LegacyCHAOS/b5/51/064f8e6519ce0de3959c1e59c8789789d45d.udd" 6958
"C:/Users/b.lapeze/AppData/Local/UnrealEngine/Common/DerivedDataCache/Buckets/LegacyTEXTURE/47/76/ee45a74fac9a0d59a9fe28e85b21775f8e76.udd" 6959
"C:/Users/b.lapeze/AppData/Local/UnrealEngine/Common/DerivedDataCache/Buckets/LegacyTEXTURE/12/cb/71a10eadf91b121091960105d853c24ffa2d.udd" 6960
"C:/Users/b.lapeze/AppData/Local/UnrealEngine/Common/DerivedDataCache/Buckets/LegacyCHAOS/ab/81/eb7154733cd8113fea6909684d1947c4f66a.udd" 6961
"C:/Users/b.lapeze/AppData/Local/UnrealEngine/Common/DerivedDataCache/Buckets/LegacyTEXTURE/df/d6/6fd0bca64dda26e5873f747ef64b52f96f5b.udd" 6962
"C:/Users/b.lapeze/AppData/Local/UnrealEngine/Common/DerivedDataCache/Buckets/LegacyTEXTURE/be/fa/dfc9462724e86aae05594dbaa6b1f776b48e.udd" 6963
"C:/Users/b.lapeze/AppData/Local/UnrealEngine/Common/DerivedDataCache/Buckets/LegacyCHAOS/3b/a7/200ecf1553cd78e6f92fe38975035fa728d7.udd" 6964
"C:/Users/b.lapeze/AppData/Local/UnrealEngine/Common/DerivedDataCache/Buckets/LegacyCHAOS/2b/39/64dfd944564f573a3bacbfb53bf9baa1c4e6.udd" 6965
"C:/Users/b.lapeze/AppData/Local/UnrealEngine/Common/DerivedDataCache/Buckets/LegacyTEXTURE/56/e9/3f56f426bb139c861347d7b406ef0af3f9ac.udd" 6966
"C:/Users/b.lapeze/AppData/Local/UnrealEngine/Common/DerivedDataCache/Buckets/LegacyCHAOS/60/02/dcf55229968ae1b62bf2caee99189c8145a9.udd" 6967
"C:/Users/b.lapeze/AppData/Local/UnrealEngine/Common/DerivedDataCache/Buckets/LegacyTEXTURE/2a/92/75a9bd826e90eaef50787bbd7ae571dfcd3a.udd" 6968
"C:/Users/b.lapeze/AppData/Local/UnrealEngine/Common/DerivedDataCache/Buckets/LegacyCHAOS/0f/53/4544b9343b7d3e4aeabdf34b6e63a8b81073.udd" 6969
"C:/Users/b.lapeze/AppData/Local/UnrealEngine/Common/DerivedDataCache/Buckets/LegacyCHAOS/35/b1/c1342dcd931dd99305c58eb8028c8eb4df8b.udd" 6970
"C:/Users/b.lapeze/AppData/Local/UnrealEngine/Common/DerivedDataCache/Buckets/LegacyTEXTURE/86/ef/af5be17792156e1bdaf76607cf30ee72eb63.udd" 6971
"C:/Users/b.lapeze/AppData/Local/UnrealEngine/Common/DerivedDataCache/Buckets/LegacyCHAOS/cc/a2/c5f28d681d8ab045ef4d4e946068ce467453.udd" 6972
"C:/Users/b.lapeze/AppData/Local/UnrealEngine/Common/DerivedDataCache/Buckets/LegacyTEXTURE/3d/9c/8d69db7cd520e61b9da3d6bbe0d15085a48e.udd" 6973
"C:/Users/b.lapeze/AppData/Local/UnrealEngine/Common/DerivedDataCache/Buckets/LegacyTEXTURE/13/4e/473641e4810bb16927e666a55ceba7dc78d9.udd" 6974
"C:/Users/b.lapeze/AppData/Local/UnrealEngine/Common/DerivedDataCache/Buckets/LegacyCHAOS/28/9e/05fb0ceee47cb3be2ded0f36af820a79e270.udd" 6975
"C:/Users/b.lapeze/AppData/Local/UnrealEngine/Common/DerivedDataCache/Buckets/LegacyCHAOS/35/58/9deff28fd1c5f874e7918846d721d49dc414.udd" 6976
"C:/Users/b.lapeze/AppData/Local/UnrealEngine/Common/DerivedDataCache/Buckets/LegacyCHAOS/f1/29/fa7edbe6098a7f21b16a1980908d911ee402.udd" 6977
"C:/Users/b.lapeze/AppData/Local/UnrealEngine/Common/DerivedDataCache/Buckets/LegacyCHAOS/f9/49/59b42af1db2d42af359767789fd270bbff0c.udd" 6978
"C:/Users/b.lapeze/AppData/Local/UnrealEngine/Common/DerivedDataCache/Buckets/LegacyTEXTURE/dd/06/3eaf2bdc5b796f0dcce4cf9ec212cc4e2a39.udd" 6979
"C:/Users/b.lapeze/AppData/Local/UnrealEngine/Common/DerivedDataCache/Buckets/LegacyTEXTURE/f4/5c/64f61798c9b81c2f6716242c1b80a90ca9d1.udd" 6980
"D:/GitHub/CutyKiller/GAME FOLDER/Content/Blueprints/AI/Enemy.uasset" 6981
"D:/GitHub/CutyKiller/GAME FOLDER/Content/Blueprints/ChestTrap.uasset" 6982
"D:/GitHub/CutyKiller/GAME FOLDER/Content/Blueprints/AI/BTEnemy.uasset" 6983
"D:/GitHub/CutyKiller/GAME FOLDER/Content/Blueprints/AI/CheckHit.uasset" 6984
"D:/GitHub/CutyKiller/GAME FOLDER/Content/Blueprints/AI/GetTargetImportantLocation.uasset" 6985
"C:/Users/b.lapeze/AppData/Local/UnrealEngine/Common/DerivedDataCache/Buckets/LegacyTEXTURE/4a/9c/8690f408ea8d272740a86f95d8db5462e102.udd" 6986
"C:/Users/b.lapeze/AppData/Local/UnrealEngine/Common/DerivedDataCache/Buckets/LegacyTEXTURE/0a/6b/76ab3417189280d4132c573b15da6fe24971.udd" 6987
"D:/GitHub/CutyKiller/GAME FOLDER/Content/Blueprints/AI/EnemyController.uasset" 6988
"C:/Users/b.lapeze/AppData/Local/UnrealEngine/Common/DerivedDataCache/Buckets/LegacyTEXTURE/f2/95/d466840b17f2004d575b4f50fc7b928c25e8.udd" 6989
"C:/Users/b.lapeze/AppData/Local/UnrealEngine/Common/DerivedDataCache/Buckets/LegacyTEXTURE/29/76/82b971d43f612f4533725ff3992daa71a23a.udd" 6990
"C:/Users/b.lapeze/AppData/Local/UnrealEngine/Common/DerivedDataCache/Buckets/LegacyTEXTURE/74/48/75ed9f58efa1a51b22d6ec880d89a878f449.udd" 6991
"C:/Users/b.lapeze/AppData/Local/UnrealEngine/Common/DerivedDataCache/Buckets/LegacyTEXTURE/51/9b/f14c41ebad20acd1fa2d91f98d8a757d9724.udd" 6992
"C:/Users/b.lapeze/AppData/Local/UnrealEngine/Common/DerivedDataCache/Buckets/LegacyTEXTURE/9c/08/0e0afb1bfc2c2604b61f79807c613f7ae820.udd" 6993
"C:/Users/b.lapeze/AppData/Local/UnrealEngine/Common/DerivedDataCache/Buckets/LegacyTEXTURE/04/21/fe132ec50f47eee942daf92453259a3e09c4.udd" 6994
"C:/Users/b.lapeze/AppData/Local/UnrealEngine/Common/DerivedDataCache/Buckets/LegacyTEXTURE/74/e6/337302c8fd2a825bce38f7268c22a05da249.udd" 6995
"C:/Users/b.lapeze/AppData/Local/UnrealEngine/Common/DerivedDataCache/Buckets/LegacyTEXTURE/37/22/f67d4b0e9abfb0b764c08bf33e4bf8c4bb65.udd" 6996
"C:/Users/b.lapeze/AppData/Local/UnrealEngine/Common/DerivedDataCache/Buckets/LegacyTEXTURE/8f/db/3e846b0b10bf38964a15d5be1de63f9f0976.udd" 6997
"C:/Users/b.lapeze/AppData/Local/UnrealEngine/Common/DerivedDataCache/Buckets/LegacyTEXTURE/b2/74/9c46f3069b8b53dc384cc3cde8c614fd9c4e.udd" 6998
"C:/Users/b.lapeze/AppData/Local/UnrealEngine/Common/DerivedDataCache/Buckets/LegacyTEXTURE/3f/b7/746d3cde6c8635efe91860bbb64a6b6238f4.udd" 6999
"C:/Users/b.lapeze/AppData/Local/UnrealEngine/Common/DerivedDataCache/Buckets/LegacyTEXTURE/83/b0/1764a23b5a1408ee3372a260fd6bf4d472b5.udd" 7000
"C:/Users/b.lapeze/AppData/Local/UnrealEngine/Common/DerivedDataCache/Buckets/LegacyTEXTURE/0b/28/6291e65bd8a16f92e16e70607ac6f8c633f3.udd" 7001
"../../../../../../GitHub/CutyKiller/GAME FOLDER/Content/__ExternalActors__/Level/MapSolo/0/DU/C5G4UB78TNE5RYZ1TF786O.uasset" 7002
"../../../../../../GitHub/CutyKiller/GAME FOLDER/Content/__ExternalActors__/Level/MapSolo/0/IR/L3PPRXG4VNEKJD361IPZ9Z.uasset" 7003
"../../../../../../GitHub/CutyKiller/GAME FOLDER/Content/__ExternalActors__/Level/MapSolo/0/LP/JR1FQTPX90737FAEOVLF3F.uasset" 7004
"../../../../../../GitHub/CutyKiller/GAME FOLDER/Content/__ExternalActors__/Level/MapSolo/0/RF/8SDDAAVGEYGNA373JWFRTN.uasset" 7005
"../../../../../../GitHub/CutyKiller/GAME FOLDER/Content/__ExternalActors__/Level/MapSolo/1/MT/9LRUORJAXEE1VFRZNJ39CD.uasset" 7006
"../../../../../../GitHub/CutyKiller/GAME FOLDER/Content/__ExternalActors__/Level/MapSolo/2/5G/SLPXNLGJT31LJJV0WGVD4T.uasset" 7007
"C:/Users/b.lapeze/AppData/Local/UnrealEngine/Common/DerivedDataCache/Buckets/LegacyChaosGeometryData/7e/fc/7bb4e65e8b22b168c743bfd02550df006c4e.udd" 7008
"../../../../../../GitHub/CutyKiller/GAME FOLDER/Content/__ExternalActors__/Level/MapSolo/2/B2/8DRTTJYKHQ5ELMWUJZA5H9.uasset" 7009
"../../../../../../GitHub/CutyKiller/GAME FOLDER/Content/__ExternalActors__/Level/MapSolo/3/3R/AI8DU86TAHMC7RTC7HOJ8Q.uasset" 7010
"../../../../../../GitHub/CutyKiller/GAME FOLDER/Content/__ExternalActors__/Level/MapSolo/3/A5/I7HM0ZYAH668BWOPB5CXTR.uasset" 7011
"../../../../../../GitHub/CutyKiller/GAME FOLDER/Content/Blueprints/AI/Enemy.uasset" 7012
"../../../../../../GitHub/CutyKiller/GAME FOLDER/Content/Blueprints/AI/EnemyController.uasset" 7013
"../../../../../../GitHub/CutyKiller/GAME FOLDER/Content/Blueprints/AI/BTEnemy.uasset" 7014
"../../../../../../GitHub/CutyKiller/GAME FOLDER/Content/Blueprints/AI/CheckHit.uasset" 7015
"../../../../../../GitHub/CutyKiller/GAME FOLDER/Content/Blueprints/AI/GetTargetImportantLocation.uasset" 7016
"../../../../../../GitHub/CutyKiller/GAME FOLDER/Content/__ExternalActors__/Level/MapSolo/3/WA/2STZELJ4NHC963ID4N0395.uasset" 7017
"../../../../../../GitHub/CutyKiller/GAME FOLDER/Content/__ExternalActors__/Level/MapSolo/4/0M/AZWA5Z8NCVN5TVBEB7MN8G.uasset" 7018
"../../../../../../GitHub/CutyKiller/GAME FOLDER/Content/__ExternalActors__/Level/MapSolo/4/NN/L58J92VKUCJFJBGQ1VYSK7.uasset" 7019
"../../../../../../GitHub/CutyKiller/GAME FOLDER/Content/__ExternalActors__/Level/MapSolo/4/Z0/7L4X31G4DEAKNBZY5G5R84.uasset" 7020
"../../../../../../GitHub/CutyKiller/GAME FOLDER/Content/__ExternalActors__/Level/MapSolo/5/95/S612BXMS3R1YKW02HG5DGT.uasset" 7021
"../../../../../../GitHub/CutyKiller/GAME FOLDER/Content/__ExternalActors__/Level/MapSolo/5/LI/OC3190OVO3BETZK2F23PAX.uasset" 7022
"../../../../../../GitHub/CutyKiller/GAME FOLDER/Content/__ExternalActors__/Level/MapSolo/5/U6/3FH56GECYYMR3R9S4UUD0H.uasset" 7023
"../../../../../../GitHub/CutyKiller/GAME FOLDER/Content/__ExternalActors__/Level/MapSolo/5/XG/FTWJ9JOG9SLJMTOI6Y2MIC.uasset" 7024
"../../../../../../GitHub/CutyKiller/GAME FOLDER/Content/__ExternalActors__/Level/MapSolo/6/6E/WDPS09WPRTEOIUF3DYN80J.uasset" 7025
"../../../../../../GitHub/CutyKiller/GAME FOLDER/Content/__ExternalActors__/Level/MapSolo/6/88/H3F971DQGSQ7F9LJKR8J8Y.uasset" 7026
"../../../../../../GitHub/CutyKiller/GAME FOLDER/Content/__ExternalActors__/Level/MapSolo/6/LD/2R3Q423C52ORZVWSULP44P.uasset" 7027
"../../../../../../GitHub/CutyKiller/GAME FOLDER/Content/Blueprints/ChestTrap.uasset" 7028
"../../../../../../GitHub/CutyKiller/GAME FOLDER/Content/__ExternalActors__/Level/MapSolo/6/VT/O3NQ63J75SOHDKK6W79YQ4.uasset" 7029
"../../../../../../GitHub/CutyKiller/GAME FOLDER/Content/__ExternalActors__/Level/MapSolo/7/1C/BJCE957O5T7DFRE6D2OMCK.uasset" 7030
"../../../../../../GitHub/CutyKiller/GAME FOLDER/Content/__ExternalActors__/Level/MapSolo/7/HQ/ULPAWR0N89N60GJOX5O1H7.uasset" 7031
"../../../../../../GitHub/CutyKiller/GAME FOLDER/Content/__ExternalActors__/Level/MapSolo/7/K2/I8TKOUB6M07UKKWT2XSYZV.uasset" 7032
"../../../../../../GitHub/CutyKiller/GAME FOLDER/Content/__ExternalActors__/Level/MapSolo/7/M4/JKSRFH2XWL1JV10SA0INI6.uasset" 7033
"../../../../../../GitHub/CutyKiller/GAME FOLDER/Content/__ExternalActors__/Level/MapSolo/8/1N/A51B9UQ14ZD2BC408A3COI.uasset" 7034
"../../../../../../GitHub/CutyKiller/GAME FOLDER/Content/__ExternalActors__/Level/MapSolo/8/20/P2EQ4PCNPY1DD5LCLJ8KIQ.uasset" 7035
"../../../../../../GitHub/CutyKiller/GAME FOLDER/Content/__ExternalActors__/Level/MapSolo/8/AO/SKJ2ENJH9KNJDDKYDR5L9I.uasset" 7036
"../../../../../../GitHub/CutyKiller/GAME FOLDER/Content/__ExternalActors__/Level/MapSolo/8/BM/PN4V74P2IKD57P6O7L1UHT.uasset" 7037
"../../../../../../GitHub/CutyKiller/GAME FOLDER/Content/__ExternalActors__/Level/MapSolo/8/C2/6Q7RTAQEPK8M6ST2E487V3.uasset" 7038
"../../../../../../GitHub/CutyKiller/GAME FOLDER/Content/__ExternalActors__/Level/MapSolo/8/SZ/0FT9TDN8WK5WBF3UJ85A6V.uasset" 7039
"../../../../../../GitHub/CutyKiller/GAME FOLDER/Content/__ExternalActors__/Level/MapSolo/9/4X/U707A0D6NSUOIYT7DM0SD1.uasset" 7040
"../../../../../../GitHub/CutyKiller/GAME FOLDER/Content/__ExternalActors__/Level/MapSolo/9/EZ/8LYZI7YYC3MD6V8AKQ0K7J.uasset" 7041
"../../../../../../GitHub/CutyKiller/GAME FOLDER/Content/__ExternalActors__/Level/MapSolo/9/IH/1KC3VX8L7444GDZ5UJEH4H.uasset" 7042
"../../../../../../GitHub/CutyKiller/GAME FOLDER/Content/__ExternalActors__/Level/MapSolo/9/L9/1HU5J91BYXTXZ92OAUGDKI.uasset" 7043
"../../../../../../GitHub/CutyKiller/GAME FOLDER/Content/__ExternalActors__/Level/MapSolo/A/80/ECDVW6J7OOD0LPFGRYVNH0.uasset" 7044
"../../../../../../GitHub/CutyKiller/GAME FOLDER/Content/__ExternalActors__/Level/MapSolo/A/EK/FW7JN6D44LOEX4XBAUY5EA.uasset" 7045
"../../../../../../GitHub/CutyKiller/GAME FOLDER/Content/__ExternalActors__/Level/MapSolo/A/WZ/AMCYH3P57TGUA22ZHS08OF.uasset" 7046
"../../../../../../GitHub/CutyKiller/GAME FOLDER/Content/__ExternalActors__/Level/MapSolo/B/1Z/9Q8NEW53Q8SW1PPKAYWXZI.uasset" 7047
"../../../../../../GitHub/CutyKiller/GAME FOLDER/Content/__ExternalActors__/Level/MapSolo/C/8E/4ADKYP0DJBCDO28J1CGSDJ.uasset" 7048
"../../../../../../GitHub/CutyKiller/GAME FOLDER/Content/__ExternalActors__/Level/MapSolo/C/8O/JF3FYMDOPEBZKZIGT1N563.uasset" 7049
"../../../../../../GitHub/CutyKiller/GAME FOLDER/Content/__ExternalActors__/Level/MapSolo/D/07/0P5R5D5N5ACBEDDCF5VCUB.uasset" 7050
"../../../../../../GitHub/CutyKiller/GAME FOLDER/Content/__ExternalActors__/Level/MapSolo/D/O7/82KO1R9G7HLURU8S6TFCKK.uasset" 7051
"../../../../../../GitHub/CutyKiller/GAME FOLDER/Content/__ExternalActors__/Level/MapSolo/D/RP/687HO9VPVLI57FK6HLMI0T.uasset" 7052
"../../../../../../GitHub/CutyKiller/GAME FOLDER/Content/__ExternalActors__/Level/MapSolo/E/VB/PHR6L79TU1DL7M28O58EYT.uasset" 7053
"C:/Users/b.lapeze/AppData/Local/UnrealEngine/Common/DerivedDataCache/Buckets/LegacyCHAOS/b1/09/0c1444262ff242f5bd5badd6ff524a0459ce.udd" 7054
"C:/Users/b.lapeze/AppData/Local/UnrealEngine/Common/DerivedDataCache/Buckets/LegacyCHAOS/11/8f/e48418eb48828e53479ed36de98476150172.udd" 7055
"C:/Users/b.lapeze/AppData/Local/UnrealEngine/Common/DerivedDataCache/Buckets/LegacyCHAOS/ca/27/cd2beb6b06fbcd2e25f248659b7995c6b9c6.udd" 7056
"C:/Users/b.lapeze/AppData/Local/UnrealEngine/Common/DerivedDataCache/Buckets/LegacyCHAOS/89/62/8f69b9e000a0d08b6adc6418715bff3b127d.udd" 7057
"C:/Users/b.lapeze/AppData/Local/UnrealEngine/Common/DerivedDataCache/Buckets/LegacyCHAOS/0d/0b/f9838b33bc443215a188c4a89cfd184a7b04.udd" 7058
"C:/Users/b.lapeze/AppData/Local/UnrealEngine/Common/DerivedDataCache/Buckets/LegacyCHAOS/fd/15/e802ae31690f47f159ca8de1aa84f26645b9.udd" 7059
"C:/Users/b.lapeze/AppData/Local/UnrealEngine/Common/DerivedDataCache/Buckets/LegacyCHAOS/de/30/f3ac46510d979233f3a87811d059877f4150.udd" 7060
"C:/Users/b.lapeze/AppData/Local/UnrealEngine/Common/DerivedDataCache/Buckets/LegacyCHAOS/4b/6b/934a57ada4ee56481491f59fa1ad3bcf514e.udd" 7061
"C:/Users/b.lapeze/AppData/Local/UnrealEngine/Common/DerivedDataCache/Buckets/LegacyCHAOS/f2/cf/fa97116888ece72c8f3c753af6bf47ff2e57.udd" 7062
"C:/Users/b.lapeze/AppData/Local/UnrealEngine/Common/DerivedDataCache/Buckets/LegacyCHAOS/0d/29/c0bfe48e7680aba54bfa37194bc67fa38b0c.udd" 7063
"C:/Users/b.lapeze/AppData/Local/UnrealEngine/Common/DerivedDataCache/Buckets/LegacyCHAOS/fd/3d/f6e27ee09b2c879fab5289d533f389e43d90.udd" 7064
"C:/Users/b.lapeze/AppData/Local/UnrealEngine/Common/DerivedDataCache/Buckets/LegacyCHAOS/e1/5c/075df8c4cd122bccc411bbd186a618d40e26.udd" 7065
"C:/Users/b.lapeze/AppData/Local/UnrealEngine/Common/DerivedDataCache/Buckets/LegacyCHAOS/ad/5d/e686106fe508e1e68fc53487abcddf6b0e82.udd" 7066
"C:/Users/b.lapeze/AppData/Local/UnrealEngine/Common/DerivedDataCache/Buckets/LegacyCHAOS/3b/fc/6aa7e71bd3f4c59a6637659a6bac80d02183.udd" 7067
"C:/Users/b.lapeze/AppData/Local/UnrealEngine/Common/DerivedDataCache/Buckets/LegacyCHAOS/a4/af/dcb624c1ce4c3efd67acbe8cc79d25847155.udd" 7068
"C:/Users/b.lapeze/AppData/Local/UnrealEngine/Common/DerivedDataCache/Buckets/LegacyCHAOS/d2/0f/d0b8e3ba458ab4e1b0d738cc28a15a49c24a.udd" 7069
"C:/Users/b.lapeze/AppData/Local/UnrealEngine/Common/DerivedDataCache/Buckets/LegacyCHAOS/4e/39/1d8f82bf3f3830f3c70d45aeffbf13aa8556.udd" 7070
"C:/Users/b.lapeze/AppData/Local/UnrealEngine/Common/DerivedDataCache/Buckets/LegacyCHAOS/ab/6b/5b1b1f1ea9ebe83303e4b1e42b77eb5a4dc2.udd" 7071
"C:/Users/b.lapeze/AppData/Local/UnrealEngine/Common/DerivedDataCache/Buckets/LegacyCHAOS/7e/e6/e766264d81b4311a69b2ad3032813df63a28.udd" 7072
"C:/Users/b.lapeze/AppData/Local/UnrealEngine/Common/DerivedDataCache/Buckets/LegacyCHAOS/b7/23/112aff36cfa7d5105008404bd727113f1801.udd" 7073
"C:/Users/b.lapeze/AppData/Local/UnrealEngine/Common/DerivedDataCache/Buckets/LegacyCHAOS/4f/03/ecc819901ee537b06edac2321442a1a00acc.udd" 7074
"C:/Users/b.lapeze/AppData/Local/UnrealEngine/Common/DerivedDataCache/Buckets/LegacyCHAOS/eb/5c/c0d7c1ca3bd823cabf02a77697e113176336.udd" 7075
"C:/Users/b.lapeze/AppData/Local/UnrealEngine/Common/DerivedDataCache/Buckets/LegacyCHAOS/28/14/829e1317523330480b8df24292ae6efeb50c.udd" 7076
"C:/Users/b.lapeze/AppData/Local/UnrealEngine/Common/DerivedDataCache/Buckets/LegacyCHAOS/0b/94/c0b158ce98051d18e36c246b3616918af10b.udd" 7077
"C:/Users/b.lapeze/AppData/Local/UnrealEngine/Common/DerivedDataCache/Buckets/LegacyCHAOS/2a/22/7fd33574ede2b095c6d7f1fe059473c4f0a3.udd" 7078
"C:/Users/b.lapeze/AppData/Local/UnrealEngine/Common/DerivedDataCache/Buckets/LegacyCHAOS/7f/08/2829ace3a8d4f3248264f54dbcb1781a4517.udd" 7079
"C:/Users/b.lapeze/AppData/Local/UnrealEngine/Common/DerivedDataCache/Buckets/LegacyCHAOS/a0/23/f19d7ed1f616aa6fc5246821914c3e47a122.udd" 7080
"C:/Users/b.lapeze/AppData/Local/UnrealEngine/Common/DerivedDataCache/Buckets/LegacyCHAOS/87/2f/bfc0f8e2979e6f85d74b2be7daaf05c1fd20.udd" 7081
"C:/Users/b.lapeze/AppData/Local/UnrealEngine/Common/DerivedDataCache/Buckets/LegacyCHAOS/3f/c3/adda1e44ef53606ccf2ca61a36c7775a9a1f.udd" 7082
"C:/Users/b.lapeze/AppData/Local/UnrealEngine/Common/DerivedDataCache/Buckets/LegacyCHAOS/79/34/142d4ff03086da7cd0feffafbd5b2b0e0fb5.udd" 7083
"C:/Users/b.lapeze/AppData/Local/UnrealEngine/Common/DerivedDataCache/Buckets/LegacyCHAOS/45/64/334eac024b5cedf1f922daa549aa1e8b8f79.udd" 7084
"C:/Users/b.lapeze/AppData/Local/UnrealEngine/Common/DerivedDataCache/Buckets/LegacyCHAOS/5d/09/3ad098ca82656a75ab92ae0c6be9a6cc8b71.udd" 7085
"C:/Users/b.lapeze/AppData/Local/UnrealEngine/Common/DerivedDataCache/Buckets/LegacyCHAOS/32/d5/564da3260404eb03b3ff7f35a5693a647d08.udd" 7086
"C:/Users/b.lapeze/AppData/Local/UnrealEngine/Common/DerivedDataCache/Buckets/LegacyCHAOS/ba/ca/7db4ef16ce1f466c7c452e84aae54a422ea4.udd" 7087
"C:/Users/b.lapeze/AppData/Local/UnrealEngine/Common/DerivedDataCache/Buckets/LegacyCHAOS/64/59/7337b20141c023f249e9a3442f58296e7156.udd" 7088
"C:/Users/b.lapeze/AppData/Local/UnrealEngine/Common/DerivedDataCache/Buckets/LegacyCHAOS/79/a4/bbbd711de1bc8fb68dedf9e0a240f97f3bdc.udd" 7089
"C:/Users/b.lapeze/AppData/Local/UnrealEngine/Common/DerivedDataCache/Buckets/LegacyCHAOS/b9/57/020e58b3079b4340657964a443af44aebb0d.udd" 7090
"C:/Users/b.lapeze/AppData/Local/UnrealEngine/Common/DerivedDataCache/Buckets/LegacyCHAOS/94/1e/0dac9ab02d741b5289d033e75e6be532eb50.udd" 7091
"C:/Users/b.lapeze/AppData/Local/UnrealEngine/Common/DerivedDataCache/Buckets/LegacyCHAOS/f6/58/162478aeb83ab13e0c9eb8341f2d7add954a.udd" 7092
"C:/Users/b.lapeze/AppData/Local/UnrealEngine/Common/DerivedDataCache/Buckets/LegacyCHAOS/dd/df/d858298e51c5cd7aa568a05c69246f670842.udd" 7093
"C:/Users/b.lapeze/AppData/Local/UnrealEngine/Common/DerivedDataCache/Buckets/LegacyCHAOS/5c/af/434455e9a207af06b17ecabfd58b9f3cc356.udd" 7094
"C:/Users/b.lapeze/AppData/Local/UnrealEngine/Common/DerivedDataCache/Buckets/LegacyCHAOS/5c/e6/d6e8e47fe61ad8e3df244cec8f6240f7432a.udd" 7095
"C:/Users/b.lapeze/AppData/Local/UnrealEngine/Common/DerivedDataCache/Buckets/LegacyCHAOS/3f/20/bdfbb548e152390e7ff8bdb8d81814dcffff.udd" 7096
"C:/Users/b.lapeze/AppData/Local/UnrealEngine/Common/DerivedDataCache/Buckets/LegacyCHAOS/7d/bc/7598374e1aa82ebcec90428e945cd2b62b96.udd" 7097
"C:/Users/b.lapeze/AppData/Local/UnrealEngine/Common/DerivedDataCache/Buckets/LegacyCHAOS/f5/f8/f1802626604b0a3267a5e228c217619c0ab6.udd" 7098
"C:/Users/b.lapeze/AppData/Local/UnrealEngine/Common/DerivedDataCache/Buckets/LegacyCHAOS/19/45/3bc33fc3761efef37a6b340dc471a9c35178.udd" 7099
"C:/Users/b.lapeze/AppData/Local/UnrealEngine/Common/DerivedDataCache/Buckets/LegacyCHAOS/d2/73/64d84f6c6220849dc5efce6df675491b9b20.udd" 7100
"C:/Users/b.lapeze/AppData/Local/UnrealEngine/Common/DerivedDataCache/Buckets/LegacyCHAOS/5f/ba/6c53569c78ad636d38eca1ec7c53cb91c598.udd" 7101
"C:/Users/b.lapeze/AppData/Local/UnrealEngine/Common/DerivedDataCache/Buckets/LegacyCHAOS/6c/d6/2e5c73413e5007097ae5f6b6eed4629ccb6d.udd" 7102
"C:/Users/b.lapeze/AppData/Local/UnrealEngine/Common/DerivedDataCache/Buckets/LegacyCHAOS/18/6c/9818cfe6e9c88dfef61e2651dc6894015741.udd" 7103
"C:/Users/b.lapeze/AppData/Local/UnrealEngine/Common/DerivedDataCache/Buckets/LegacyCHAOS/4b/db/46feade0a9962df0401fb7713621af50f3a2.udd" 7104
"C:/Users/b.lapeze/AppData/Local/UnrealEngine/Common/DerivedDataCache/Buckets/LegacyCHAOS/6e/4a/1037f3a16dbd4c4e687297a6a339603affa4.udd" 7105
"C:/Users/b.lapeze/AppData/Local/UnrealEngine/Common/DerivedDataCache/Buckets/LegacyCHAOS/00/41/0eefb7f0a517b1984053f3cbc4153c70ab50.udd" 7106
"C:/Users/b.lapeze/AppData/Local/UnrealEngine/Common/DerivedDataCache/Buckets/LegacyCHAOS/ba/65/02c7ccc986abe02147519e9804c0797f5a18.udd" 7107
"C:/Users/b.lapeze/AppData/Local/UnrealEngine/Common/DerivedDataCache/Buckets/LegacyCHAOS/6a/b4/bef79de492f5c7614d9dc9d7724c1e1aa4b5.udd" 7108
"C:/Users/b.lapeze/AppData/Local/UnrealEngine/Common/DerivedDataCache/Buckets/LegacyCHAOS/36/84/7dceb9ec8eb0b5ce2f2ce5e6fedcf199470c.udd" 7109
"C:/Users/b.lapeze/AppData/Local/UnrealEngine/Common/DerivedDataCache/Buckets/LegacyCHAOS/2e/ac/5b5c47f9cab95ef268f3475029bcbddca1d8.udd" 7110
"C:/Users/b.lapeze/AppData/Local/UnrealEngine/Common/DerivedDataCache/Buckets/LegacyCHAOS/d5/14/7401f48447dd5f42234096c0c5af0123ddfd.udd" 7111
"C:/Users/b.lapeze/AppData/Local/UnrealEngine/Common/DerivedDataCache/Buckets/LegacyCHAOS/e9/8a/e7b3b3a4b2d6aa9f96765f2917f4107dc381.udd" 7112
"C:/Users/b.lapeze/AppData/Local/UnrealEngine/Common/DerivedDataCache/Buckets/LegacyCHAOS/81/13/c7d3d182226be3ecd686b183e65f5a31d400.udd" 7113
"C:/Users/b.lapeze/AppData/Local/UnrealEngine/Common/DerivedDataCache/Buckets/LegacyCHAOS/64/de/b79bd4ef5384fff443ae94db4a71f96b3a8c.udd" 7114
"C:/Users/b.lapeze/AppData/Local/UnrealEngine/Common/DerivedDataCache/Buckets/LegacyCHAOS/81/2d/8183f83c0fcc9a5f6abcf76032053b4b0125.udd" 7115
"C:/Users/b.lapeze/AppData/Local/UnrealEngine/Common/DerivedDataCache/Buckets/LegacyCHAOS/f3/74/355c9da66e2d2ef07795750fdf0db2624567.udd" 7116
"C:/Users/b.lapeze/AppData/Local/UnrealEngine/Common/DerivedDataCache/Buckets/LegacyCHAOS/b4/d1/1b211e2d9f97f6cb079d2e77b7155ae4d576.udd" 7117
"C:/Users/b.lapeze/AppData/Local/UnrealEngine/Common/DerivedDataCache/Buckets/LegacyCHAOS/32/a2/45d14f15b90df7f85be6a7a7ae5b552f908b.udd" 7118
"C:/Users/b.lapeze/AppData/Local/UnrealEngine/Common/DerivedDataCache/Buckets/LegacyCHAOS/67/72/6295a3df58e37cac215d570c05ea0d84f879.udd" 7119
"C:/Users/b.lapeze/AppData/Local/UnrealEngine/Common/DerivedDataCache/Buckets/LegacyCHAOS/75/f5/287e96dd2eac88b050a4725b519beb43b25e.udd" 7120
"C:/Users/b.lapeze/AppData/Local/UnrealEngine/Common/DerivedDataCache/Buckets/LegacyCHAOS/f0/87/9d1d0b747f0dcecf3e093d4706d373d49876.udd" 7121
"C:/Users/b.lapeze/AppData/Local/UnrealEngine/Common/DerivedDataCache/Buckets/LegacyCHAOS/7a/f0/7c37a6e01d2708c3a793a49ec173a7e64911.udd" 7122
"C:/Users/b.lapeze/AppData/Local/UnrealEngine/Common/DerivedDataCache/Buckets/LegacyCHAOS/5b/18/8c615d178c8bc792bffd5e7f6bdd18fd92fe.udd" 7123
"C:/Users/b.lapeze/AppData/Local/UnrealEngine/Common/DerivedDataCache/Buckets/LegacyCHAOS/f2/8e/47ccde13f28177a78383649299152565c8c0.udd" 7124
"C:/Users/b.lapeze/AppData/Local/UnrealEngine/Common/DerivedDataCache/Buckets/LegacyCHAOS/19/16/f93f107d095e38d80c9e9c001f29ce1086d7.udd" 7125
"C:/Users/b.lapeze/AppData/Local/UnrealEngine/Common/DerivedDataCache/Buckets/LegacyCHAOS/d8/c8/06cc6f3a6b4bc4226d7305cfb3d1aeceb21b.udd" 7126
"C:/Users/b.lapeze/AppData/Local/UnrealEngine/Common/DerivedDataCache/Buckets/LegacyCHAOS/ad/f1/d872f924fe046ec8318889b7eb8f3ef47df5.udd" 7127
"C:/Users/b.lapeze/AppData/Local/UnrealEngine/Common/DerivedDataCache/Buckets/LegacyCHAOS/c5/5f/c39003a996f53f9c6539adcecb9aa395d52b.udd" 7128
"C:/Users/b.lapeze/AppData/Local/UnrealEngine/Common/DerivedDataCache/Buckets/LegacyCHAOS/20/34/f19147aac7064ab01488879208b2bf53065b.udd" 7129
"C:/Users/b.lapeze/AppData/Local/UnrealEngine/Common/DerivedDataCache/Buckets/LegacyCHAOS/8f/0a/c70148a00c64c3a534e023d5c0a26ec4c34d.udd" 7130
"C:/Users/b.lapeze/AppData/Local/UnrealEngine/Common/DerivedDataCache/Buckets/LegacyCHAOS/4f/bd/94a6a207bf52bdbd811f2434bece8dea275d.udd" 7131
"C:/Users/b.lapeze/AppData/Local/UnrealEngine/Common/DerivedDataCache/Buckets/LegacyCHAOS/93/ed/8ddab0956a6c9be3b2fe077c8a38290383ea.udd" 7132
"C:/Users/b.lapeze/AppData/Local/UnrealEngine/Common/DerivedDataCache/Buckets/LegacyCHAOS/a3/cc/5640a916fcdfce5acea0033bf0bcfa454cf2.udd" 7133
"C:/Users/b.lapeze/AppData/Local/UnrealEngine/Common/DerivedDataCache/Buckets/LegacyCHAOS/3f/d3/fa405723837c6b2efcacae09686997ab387f.udd" 7134
"C:/Users/b.lapeze/AppData/Local/UnrealEngine/Common/DerivedDataCache/Buckets/LegacyCHAOS/76/45/a523010dc801fdb7af2b53f968c1d17ebbbb.udd" 7135
"C:/Users/b.lapeze/AppData/Local/UnrealEngine/Common/DerivedDataCache/Buckets/LegacyCHAOS/54/fb/a0ba77fe18c3ff711a84c55a671424fd9135.udd" 7136
"C:/Users/b.lapeze/AppData/Local/UnrealEngine/Common/DerivedDataCache/Buckets/LegacyCHAOS/5a/32/e86240c780d3c89f29eaf68f88c4b1be62a7.udd" 7137
"C:/Users/b.lapeze/AppData/Local/UnrealEngine/Common/DerivedDataCache/Buckets/LegacyCHAOS/8f/69/59ad0cb2f9b673244d2af7cb1b6d9e8fdc7a.udd" 7138
"C:/Users/b.lapeze/AppData/Local/UnrealEngine/Common/DerivedDataCache/Buckets/LegacyCHAOS/ef/ce/b08aeef705c095e11c2b619cd241d0cec1b0.udd" 7139
"C:/Users/b.lapeze/AppData/Local/UnrealEngine/Common/DerivedDataCache/Buckets/LegacyCHAOS/66/4f/d8c5577784d5db360ef187a87d1c4762fbf3.udd" 7140
"C:/Users/b.lapeze/AppData/Local/UnrealEngine/Common/DerivedDataCache/Buckets/LegacyCHAOS/d6/cb/46e6781d18323d5beb6b31d7ac9dbb1886da.udd" 7141
"C:/Users/b.lapeze/AppData/Local/UnrealEngine/Common/DerivedDataCache/Buckets/LegacyCHAOS/f4/d4/20758da432f3438246599aac6470ff54e224.udd" 7142
"C:/Users/b.lapeze/AppData/Local/UnrealEngine/Common/DerivedDataCache/Buckets/LegacyCHAOS/48/cf/c85c481ccfe121502dcfbcc8e41bb4ea1da8.udd" 7143
"C:/Users/b.lapeze/AppData/Local/UnrealEngine/Common/DerivedDataCache/Buckets/LegacyCHAOS/60/8d/a09f2911ce79670fc2b92e90a4c565889879.udd" 7144
"C:/Users/b.lapeze/AppData/Local/UnrealEngine/Common/DerivedDataCache/Buckets/LegacyCHAOS/1a/20/94f81bcecbf972c2d68c41d3db95dd401409.udd" 7145
"C:/Users/b.lapeze/AppData/Local/UnrealEngine/Common/DerivedDataCache/Buckets/LegacyCHAOS/f3/bb/b93831ca1d2e988466327810b4f5e47d9958.udd" 7146
"C:/Users/b.lapeze/AppData/Local/UnrealEngine/Common/DerivedDataCache/Buckets/LegacyCHAOS/49/1f/7a7633b57e79e47d950ca97af14e30a7a8a8.udd" 7147
"C:/Users/b.lapeze/AppData/Local/UnrealEngine/Common/DerivedDataCache/Buckets/LegacyCHAOS/6c/9f/28b9fc840883e01da75855623667f9a419a6.udd" 7148
"C:/Users/b.lapeze/AppData/Local/UnrealEngine/Common/DerivedDataCache/Buckets/LegacyCHAOS/da/69/60724df7bba52bc340b57653bd5d2006975f.udd" 7149
"C:/Users/b.lapeze/AppData/Local/UnrealEngine/Common/DerivedDataCache/Buckets/LegacyCHAOS/92/e9/8b2901273ace114c13b3da3edc7cdb0dbec7.udd" 7150
"C:/Users/b.lapeze/AppData/Local/UnrealEngine/Common/DerivedDataCache/Buckets/LegacyCHAOS/2e/cb/d775eef372ff7e1c326c1bef991392b7d533.udd" 7151
"C:/Users/b.lapeze/AppData/Local/UnrealEngine/Common/DerivedDataCache/Buckets/LegacyCHAOS/68/60/3069e46232048aa1782846b32ddfddbebabe.udd" 7152
"C:/Users/b.lapeze/AppData/Local/UnrealEngine/Common/DerivedDataCache/Buckets/LegacyCHAOS/34/c9/212e4c5927f0ad519f6553d6403af90db13c.udd" 7153
"C:/Users/b.lapeze/AppData/Local/UnrealEngine/Common/DerivedDataCache/Buckets/LegacyCHAOS/6a/23/2a55bdd0c5f19fa331ad8c91163238a8a2b1.udd" 7154
"C:/Users/b.lapeze/AppData/Local/UnrealEngine/Common/DerivedDataCache/Buckets/LegacyCHAOS/60/77/65a7a32529284c52221f0347e774c09b1ab5.udd" 7155
"C:/Users/b.lapeze/AppData/Local/UnrealEngine/Common/DerivedDataCache/Buckets/LegacyCHAOS/09/61/c015cb47afa4022840f9b90407c53332e795.udd" 7156
"C:/Users/b.lapeze/AppData/Local/UnrealEngine/Common/DerivedDataCache/Buckets/LegacyCHAOS/11/da/13f31ac7b8320c55988a4001bfc9254e19ba.udd" 7157
"C:/Users/b.lapeze/AppData/Local/UnrealEngine/Common/DerivedDataCache/Buckets/LegacyCHAOS/81/3e/0836fcc2d009a9185d35db749ccf094457fc.udd" 7158
"C:/Users/b.lapeze/AppData/Local/UnrealEngine/Common/DerivedDataCache/Buckets/LegacyCHAOS/94/8b/1d7b46e1142e994bed7008b2f0e733a08900.udd" 7159
"C:/Users/b.lapeze/AppData/Local/UnrealEngine/Common/DerivedDataCache/Buckets/LegacyCHAOS/1c/e4/7f42bed01ab8d7002e5cd9567f60f6fe1f7e.udd" 7160
"C:/Users/b.lapeze/AppData/Local/UnrealEngine/Common/DerivedDataCache/Buckets/LegacyCHAOS/98/e0/6e2a81fb68c0d911d1565e65335fbd0b9738.udd" 7161
"C:/Users/b.lapeze/AppData/Local/UnrealEngine/Common/DerivedDataCache/Buckets/LegacyCHAOS/97/4c/828198c8dc4eb9a4ad648a74da0d1931b8c5.udd" 7162
"C:/Users/b.lapeze/AppData/Local/UnrealEngine/Common/DerivedDataCache/Buckets/LegacyCHAOS/dc/39/b4d43f8406325d21ec778871c1866a24e41d.udd" 7163
"C:/Users/b.lapeze/AppData/Local/UnrealEngine/Common/DerivedDataCache/Buckets/LegacyCHAOS/f1/40/3a8710a36bc780b681b9cf03f78da8eb564e.udd" 7164
"C:/Users/b.lapeze/AppData/Local/UnrealEngine/Common/DerivedDataCache/Buckets/LegacyCHAOS/d4/04/458f051ba2b95cf95947533d00b306206087.udd" 7165
"C:/Users/b.lapeze/AppData/Local/UnrealEngine/Common/DerivedDataCache/Buckets/LegacyCHAOS/c2/7d/d514ddebde2e70825d09399b7bb8e95f342e.udd" 7166
"C:/Users/b.lapeze/AppData/Local/UnrealEngine/Common/DerivedDataCache/Buckets/LegacyCHAOS/4a/4b/8cbf558a249ce216cf9e04cdbb4e0fa01aec.udd" 7167
"C:/Users/b.lapeze/AppData/Local/UnrealEngine/Common/DerivedDataCache/Buckets/LegacyCHAOS/49/12/11d9e3ff91ed3c9ea16b971e9b4a3e8adc02.udd" 7168
"C:/Users/b.lapeze/AppData/Local/UnrealEngine/Common/DerivedDataCache/Buckets/LegacyCHAOS/e0/ae/a326b4631243877d4b3d7a1e59a3daf502a0.udd" 7169
"C:/Users/b.lapeze/AppData/Local/UnrealEngine/Common/DerivedDataCache/Buckets/LegacyCHAOS/6f/47/e6ef3cc836ef97a9e7c4eaff222eb9bb91fd.udd" 7170
"C:/Users/b.lapeze/AppData/Local/UnrealEngine/Common/DerivedDataCache/Buckets/LegacyCHAOS/bf/66/b2af9f5ddb7552ca8023e9450a63743d7947.udd" 7171
"C:/Users/b.lapeze/AppData/Local/UnrealEngine/Common/DerivedDataCache/Buckets/LegacyCHAOS/59/5b/f89b06382ab2185cf672d1b4ddd940bdb6c3.udd" 7172
"C:/Users/b.lapeze/AppData/Local/UnrealEngine/Common/DerivedDataCache/Buckets/LegacyCHAOS/75/03/0c5068c72a53ef4c110b50a6190813c549d5.udd" 7173
"C:/Users/b.lapeze/AppData/Local/UnrealEngine/Common/DerivedDataCache/Buckets/LegacyCHAOS/86/8a/71f925adfe79c93ea5798c38632493f97e41.udd" 7174
"C:/Users/b.lapeze/AppData/Local/UnrealEngine/Common/DerivedDataCache/Buckets/LegacyCHAOS/d6/94/a71a78ab91e7c5ca3e8ec0747f486df9d238.udd" 7175
"C:/Users/b.lapeze/AppData/Local/UnrealEngine/Common/DerivedDataCache/Buckets/LegacyCHAOS/1d/7b/8331848064194989f3da8714e3f9974cb12f.udd" 7176
"C:/Users/b.lapeze/AppData/Local/UnrealEngine/Common/DerivedDataCache/Buckets/LegacyCHAOS/24/3d/b7a965316df33f5f39bba6415d4dd264358c.udd" 7177
"C:/Users/b.lapeze/AppData/Local/UnrealEngine/Common/DerivedDataCache/Buckets/LegacyCHAOS/d1/7a/335290f5805c858a09d544af8e757e06b6ef.udd" 7178
"C:/Users/b.lapeze/AppData/Local/UnrealEngine/Common/DerivedDataCache/Buckets/LegacyCHAOS/61/14/8e1761ffcea5233a1546efb01a7164f8d074.udd" 7179
"C:/Users/b.lapeze/AppData/Local/UnrealEngine/Common/DerivedDataCache/Buckets/LegacyCHAOS/84/a2/d1db047099a585e2bc802a1e151416dbff4a.udd" 7180
"C:/Users/b.lapeze/AppData/Local/UnrealEngine/Common/DerivedDataCache/Buckets/LegacyCHAOS/77/67/561e837bb81c6f00f02ddf77e778ad74edfe.udd" 7181
"C:/Users/b.lapeze/AppData/Local/UnrealEngine/Common/DerivedDataCache/Buckets/LegacyCHAOS/e4/a9/5eefcf268a06fb3727820ed6706fe020bec4.udd" 7182
"C:/Users/b.lapeze/AppData/Local/UnrealEngine/Common/DerivedDataCache/Buckets/LegacyCHAOS/2c/f4/cc45ad08ebf48c28117d8ecf66d383f73194.udd" 7183
"C:/Users/b.lapeze/AppData/Local/UnrealEngine/Common/DerivedDataCache/Buckets/LegacyCHAOS/27/a1/e112df71a5a57a7a8a70dd77d8e43979fb56.udd" 7184
"C:/Users/b.lapeze/AppData/Local/UnrealEngine/Common/DerivedDataCache/Buckets/LegacyCHAOS/ea/58/b16e13daa1a0fc0415d903459201d34a0555.udd" 7185
"../../../../../../GitHub/CutyKiller/GAME FOLDER/Content/Level/Menu.umap" 7186
"../../../../../../GitHub/CutyKiller/GAME FOLDER/Content/__ExternalActors__/Level/MapMulti/1/BS/34GDAC9CHEIQHXOW4T3PMX.uasset" 7187
"../../../../../../GitHub/CutyKiller/GAME FOLDER/Content/__ExternalActors__/Level/MapMulti/C/IO/MRFRO6HI5Z68GVMWWS3SGJ.uasset" 7188
"../../../../../../GitHub/CutyKiller/GAME FOLDER/Content/__ExternalActors__/Level/MapMulti/0/ZF/T2G44HVL1C451OMMYRBHHM.uasset" 7189
"../../../../../../GitHub/CutyKiller/GAME FOLDER/Content/__ExternalActors__/Level/MapMulti/1/1T/7959CT2DF3KDXWRXEP3QMG.uasset" 7190
"../../../../../../GitHub/CutyKiller/GAME FOLDER/Content/__ExternalActors__/Level/MapMulti/A/XM/EM983YCNKEMRZUKKL5IZT2.uasset" 7191
"../../../../../../GitHub/CutyKiller/GAME FOLDER/Content/__ExternalActors__/Level/MapMulti/1/OU/2PC50DLO7VL1CZXBVJJEAW.uasset" 7192
"../../../../../../GitHub/CutyKiller/GAME FOLDER/Content/__ExternalActors__/Level/MapMulti/3/1D/39S1UKADR3LZ3P0MHM64KL.uasset" 7193
"../../../../../../GitHub/CutyKiller/GAME FOLDER/Content/__ExternalActors__/Level/MapMulti/1/RU/2PXI0R6K9IVTJJAQXPFGTE.uasset" 7194
"../../../../../../GitHub/CutyKiller/GAME FOLDER/Content/__ExternalActors__/Level/MapMulti/1/VZ/EI38RSY4ANIDRTZ1AEAASK.uasset" 7195
"../../../../../../GitHub/CutyKiller/GAME FOLDER/Content/__ExternalActors__/Level/MapMulti/2/EC/NZIGSC5732IKXJQ0NQ1BUS.uasset" 7196
"../../../../../../GitHub/CutyKiller/GAME FOLDER/Content/__ExternalActors__/Level/MapMulti/2/J8/YP3RSHR2F94D7HSSHFKV77.uasset" 7197
"../../Plugins/Experimental/Landmass/Content/DistanceFields/Materials/BlurEdges.uasset" 7198
"../../Plugins/Experimental/Landmass/Content/Landscape/Textures/LS_Debug_RT_01.uasset" 7199
"../../Plugins/Experimental/Landmass/Content/DistanceFields/Materials/DetectEdges.uasset" 7200
"../../Plugins/Experimental/Landmass/Content/Landscape/Mats/MPC/MPC_Erosion.uasset" 7201
"../../Plugins/Experimental/Landmass/Content/DistanceFields/Materials/JumpFloodStep.uasset" 7202
"../../Plugins/Experimental/Landmass/Content/Landscape/BlueprintBrushes/Materials/CacheDistanceField.uasset" 7203
"../../Plugins/Experimental/Landmass/Content/Landscape/BlueprintBrushes/MF/LocalizeLandscapeZValue.uasset" 7204
"../../Plugins/Experimental/Landmass/Content/Landscape/BlueprintBrushes/MF/PointSampleLandscapeUVs.uasset" 7205
"../../Plugins/Experimental/Landmass/Content/Landscape/BlueprintBrushes/MF/SampleDistanceField.uasset" 7206
"../../../Engine/Content/EngineResources/Black_Low.uasset" 7207
"../../../Engine/Content/MapTemplates/TilingNoise05.uasset" 7208
"../../Plugins/Experimental/Landmass/Content/Landscape/Curves/DynamicCurve_RT.uasset" 7209
"../../Plugins/Experimental/Landmass/Content/Landscape/BlueprintBrushes/Materials/RenderSplineDepths.uasset" 7210
"../../Plugins/Experimental/Water/Content/Materials/Brushes/CanvasDrawing.uasset" 7211
"../../Plugins/Experimental/Water/Content/Materials/Brushes/CompositeWaterBodyTexture.uasset" 7212
"../../Plugins/Experimental/Landmass/Content/Landscape/BlueprintBrushes/MF/ReadCachedDistanceField.uasset" 7213
"../../Plugins/Experimental/Landmass/Content/Landscape/BlueprintBrushes/MF/UnpackRG8Height.uasset" 7214
"../../Plugins/Experimental/Water/Content/Materials/Brushes/FinalizeWaterTexture.uasset" 7215
"../../Plugins/Experimental/Water/Content/Materials/Brushes/MeshBrush_Angle.uasset" 7216
"../../../Engine/Content/Functions/Engine_MaterialFunctions01/ImageAdjustment/SCurve.uasset" 7217
"../../../Engine/Content/Functions/Engine_MaterialFunctions01/Math/SmoothCeil.uasset" 7218
"../../../Engine/Content/Functions/Engine_MaterialFunctions02/WorldPositionOffset/GenerateASpline.uasset" 7219
"../../Plugins/Experimental/Landmass/Content/Landscape/BlueprintBrushes/MF/BrushAlphaMask.uasset" 7220
"../../Plugins/Experimental/Landmass/Content/Landscape/BlueprintBrushes/MF/BrushBlendModes.uasset" 7221
"../../Plugins/Experimental/Landmass/Content/Landscape/BlueprintBrushes/MF/BrushDisplaceMask.uasset" 7222
"../../Plugins/Experimental/Landmass/Content/Landscape/BlueprintBrushes/MF/BrushTerracing.uasset" 7223
"../../Plugins/Experimental/Landmass/Content/Landscape/Mats/MF/SmoothTerracing.uasset" 7224
"../../Plugins/Experimental/Landmass/Content/Landscape/BlueprintBrushes/MF/PackRG8Height.uasset" 7225
"../../Plugins/Experimental/Landmass/Content/Landscape/BlueprintBrushes/MF/SmoothIntersections.uasset" 7226
"../../Plugins/Experimental/Landmass/Content/Landscape/Mats/MF/CatmullRomTexture.uasset" 7227
"../../Plugins/Experimental/Landmass/Content/Landscape/Mats/MF/UnpackRG8Height.uasset" 7228
"../../Plugins/Experimental/Water/Content/Materials/Brushes/MeshBrush_Island.uasset" 7229
"../../Plugins/Experimental/Water/Content/Materials/Brushes/MeshBrush_Weightmap.uasset" 7230
"../../Plugins/Experimental/Water/Content/Materials/Brushes/MeshBrush_Width.uasset" 7231
"../../Plugins/Experimental/Landmass/Content/Landscape/Mats/MF/BrushAlphaMask.uasset" 7232
"../../Plugins/Experimental/Landmass/Content/Landscape/Mats/MF/BrushBlendModes.uasset" 7233
"../../Plugins/Experimental/Landmass/Content/Landscape/Mats/MF/BrushDisplaceMask.uasset" 7234
"../../Plugins/Experimental/Landmass/Content/Landscape/Mats/MF/BrushTerracing.uasset" 7235
"../../Plugins/Experimental/Landmass/Content/Landscape/Mats/MF/SmoothIntersections.uasset" 7236
"../../../../../../GitHub/CutyKiller/GAME FOLDER/Content/__ExternalActors__/Level/MapMulti/3/7N/4N4LAY3VEHCSX4YAHI901I.uasset" 7237
"C:/Users/b.lapeze/AppData/Local/UnrealEngine/Common/DerivedDataCache/Buckets/LegacyChaosGeometryData/3e/20/cf951db21caf67ea01938fe8b91b089b58b2.udd" 7238
"../../../../../../GitHub/CutyKiller/GAME FOLDER/Content/__ExternalActors__/Level/MapMulti/3/PK/ZFZR7B9L8OVTUC54SZAA7I.uasset" 7239
"../../../../../../GitHub/CutyKiller/GAME FOLDER/Content/__ExternalActors__/Level/MapMulti/3/E2/QPJ2V5ZPIRWY33YNZS341N.uasset" 7240
"../../../../../../GitHub/CutyKiller/GAME FOLDER/Content/__ExternalActors__/Level/MapMulti/4/1R/6X2M4296Q1ZPSG38MCOVZM.uasset" 7241
"../../../../../../GitHub/CutyKiller/GAME FOLDER/Content/__ExternalActors__/Level/MapMulti/B/4R/QIG4M0OBWX0OJ1XYZ1YP1X.uasset" 7242
"../../../../../../GitHub/CutyKiller/GAME FOLDER/Content/__ExternalActors__/Level/MapMulti/4/CU/93ZBKZXR20CY72OEAC4LHB.uasset" 7243
"../../../../../../GitHub/CutyKiller/GAME FOLDER/Content/__ExternalActors__/Level/MapMulti/B/03/U9LJ323IH3MHU9ADYTIWJ9.uasset" 7244
"../../../../../../GitHub/CutyKiller/GAME FOLDER/Content/__ExternalActors__/Level/MapMulti/D/ED/OV1I5RK6GMM6Z92RADDJHF.uasset" 7245
"C:/Users/b.lapeze/AppData/Local/UnrealEngine/Common/DerivedDataCache/Buckets/LegacyChaosGeometryData/a0/07/0d5ac7cae2fb2fe0a44b7c2b22671ffde394.udd" 7246
"C:/Users/b.lapeze/AppData/Local/UnrealEngine/Common/DerivedDataCache/Buckets/LegacyChaosGeometryData/cd/4c/67f0658c1da685a57d9e42fd0dd548c28a81.udd" 7247
"../../../../../../GitHub/CutyKiller/GAME FOLDER/Content/__ExternalActors__/Level/MapMulti/4/2H/RYP1X12H8AJMXWHN50G4YO.uasset" 7248
"../../../../../../GitHub/CutyKiller/GAME FOLDER/Content/__ExternalActors__/Level/MapMulti/4/8N/XFYQHHYC4O1Q5OA0YJ9ASB.uasset" 7249
"../../../../../../GitHub/CutyKiller/GAME FOLDER/Content/__ExternalActors__/Level/MapMulti/4/VQ/J6ZBOKBEPVJE7L4YXUOKLD.uasset" 7250
"../../../../../../GitHub/CutyKiller/GAME FOLDER/Content/__ExternalActors__/Level/MapMulti/4/ZA/SHS3UMR3EGZELOZQPX0JUF.uasset" 7251
"../../../../../../GitHub/CutyKiller/GAME FOLDER/Content/__ExternalActors__/Level/MapMulti/9/T7/N0UWD75RTWX5V2LBUBFKBB.uasset" 7252
"../../../../../../GitHub/CutyKiller/GAME FOLDER/Content/__ExternalActors__/Level/MapMulti/5/03/P0JH1JWZ5DNNCUBJDRFNNR.uasset" 7253
"../../Plugins/Experimental/Water/Content/Materials/WaterSurface/Water_FarMesh.uasset" 7254
"../../Plugins/Experimental/Water/Content/Materials/WaterSurface/Water_Material.uasset" 7255
"../../../Engine/Content/Functions/Engine_MaterialFunctions01/Coordinates/WorldPosition-XY.uasset" 7256
"../../../Engine/Content/Functions/Engine_MaterialFunctions01/Gradient/BoxMask-2D.uasset" 7257
"../../../Engine/Content/Functions/Engine_MaterialFunctions01/Texturing/ComputeMipLevel.uasset" 7258
"../../../Engine/Content/Functions/Engine_MaterialFunctions02/Math/AddComponents.uasset" 7259
"../../../Engine/Content/Functions/Engine_MaterialFunctions02/Math/MakeVectorsOrthogonal.uasset" 7260
"../../../Engine/Content/Functions/Engine_MaterialFunctions02/Texturing/Flowmaps.uasset" 7261
"../../../Engine/Content/Functions/Engine_MaterialFunctions02/Utility/LinearSine.uasset" 7262
"../../../Engine/Content/Functions/Engine_MaterialFunctions02/ExampleContent/Textures/LowResBlurredNoise.uasset" 7263
"../../../Engine/Content/Functions/Engine_MaterialFunctions02/Texturing/HeightLerp.uasset" 7264
"../../../Engine/Content/Functions/Engine_MaterialFunctions03/Procedurals/NormalFromHeightmap.uasset" 7265
"../../Plugins/Experimental/Water/Content/Caustics/Materials/Functions/GetDistortionUV.uasset" 7266
"../../Plugins/Experimental/Water/Content/Caustics/Materials/Functions/WaterCaustics_GerstnerWaves.uasset" 7267
"../../Plugins/Experimental/Water/Content/Materials/Functions/ComputeGerstnerWaves.uasset" 7268
"../../Plugins/Experimental/Water/Content/Materials/Functions/WaveDepthFalloff_Overrides.uasset" 7269
"../../Plugins/Experimental/Water/Content/Materials/Functions/ComputeWavesAttenuationFactor.uasset" 7270
"../../Plugins/Experimental/Water/Content/Materials/Functions/WaterBodyData.uasset" 7271
"../../Plugins/Experimental/Water/Content/Materials/Functions/HighQualityTextureFiltering.uasset" 7272
"../../Plugins/Experimental/Water/Content/Materials/Functions/GetWaterTime.uasset" 7273
"../../Plugins/Experimental/Water/Content/Materials/Functions/WorldNormalBehindWater.uasset" 7274
"../../Plugins/Experimental/Water/Content/Materials/Functions/WorldPositionBehindWater.uasset" 7275
"../../Plugins/Experimental/Water/Content/FluidSimulation/Materials/Functions/Fluidsim_WorldPosition_to_UV.uasset" 7276
"../../Plugins/Experimental/Water/Content/Materials/Functions/SampleFluidSimulation.uasset" 7277
"../../Plugins/Experimental/Water/Content/FluidSimulation/WaveFoam/WaterDistanceField.uasset" 7278
"../../Plugins/Experimental/Water/Content/Textures/Foam/T_WaterFlow_01_Foam_Tiled.uasset" 7279
"../../Plugins/Experimental/Water/Content/Textures/Foam/T_WaterFlow_01_Foam_Tiled_N.uasset" 7280
"../../Plugins/Experimental/Water/Content/Materials/Functions/SetWaveAttributes.uasset" 7281
"../../Plugins/Experimental/Water/Content/Materials/Layers/WaterAttributes.uasset" 7282
"../../Plugins/Experimental/Water/Content/Materials/Functions/Water_Underside.uasset" 7283
"../../Plugins/Experimental/Water/Content/Materials/Functions/WaterCoefficientMask.uasset" 7284
"../../Plugins/Experimental/Water/Content/Materials/Functions/WaterHeightMappingVS.uasset" 7285
"../../Plugins/Experimental/Water/Content/Materials/Functions/WaterOpacityMaskFromDepth.uasset" 7286
"../../Plugins/Experimental/Water/Content/Materials/Functions/WaterRiverFlowmaps.uasset" 7287
"../../../Engine/Content/Functions/Engine_MaterialFunctions02/ExampleContent/Textures/water_d.uasset" 7288
"../../../Engine/Content/Functions/Engine_MaterialFunctions02/ExampleContent/Textures/water_n.uasset" 7289
"../../Plugins/Experimental/Water/Content/Materials/Functions/WaterTextureSurface.uasset" 7290
"../../Plugins/Experimental/Water/Content/Materials/Functions/WaterTextureWaves.uasset" 7291
"../../Plugins/Experimental/Water/Content/Textures/Normals/T_Water_TilingNormal_With_Height_02_Softened.uasset" 7292
"../../Plugins/Experimental/Water/Content/Materials/Functions/WaveVelocityMask.uasset" 7293
"../../Plugins/Experimental/Water/Content/Materials/Layers/BeachFoam.uasset" 7294
"../../../Engine/Content/EngineSky/VolumetricClouds/T_VolumeNoiseShape128.uasset" 7295
"../../../Engine/Content/EngineSky/VolumetricClouds/T_NoiseShape.uasset" 7296
"../../Plugins/Experimental/Water/Content/FluidSimulation/WaveFoam/FoamRT.uasset" 7297
"../../../../../../GitHub/CutyKiller/GAME FOLDER/Content/__ExternalActors__/Level/MapMulti/5/2R/M9TB7CMUJ65B3P2DRQ1WKM.uasset" 7298
"../../../../../../GitHub/CutyKiller/GAME FOLDER/Content/__ExternalActors__/Level/MapMulti/5/7K/J71J58R6XKBEXPNCEV7C7B.uasset" 7299
"../../../../../../GitHub/CutyKiller/GAME FOLDER/Content/__ExternalActors__/Level/MapMulti/5/94/QG0LZBBHHLVBUIYODLAMCR.uasset" 7300
"../../../../../../GitHub/CutyKiller/GAME FOLDER/Content/__ExternalActors__/Level/MapMulti/5/WR/X57HW77UY79QEPKFBCCJ45.uasset" 7301
"../../Plugins/Experimental/Water/Content/Materials/PostProcessing/M_UnderWater_PostProcess_Volume.uasset" 7302
"../../../Engine/Content/Functions/Engine_MaterialFunctions01/Volumetrics/SchlickPhase.uasset" 7303
"../../../Engine/Content/Functions/Engine_MaterialFunctions02/Utility/DebugScalarValues.uasset" 7304
"../../../Engine/Content/Functions/Engine_MaterialFunctions01/Texturing/TextureCropping.uasset" 7305
"../../../Engine/Content/Functions/Engine_MaterialFunctions02/ExampleContent/DebugNumberStrip.uasset" 7306
"../../../Engine/Content/Functions/Engine_MaterialFunctions02/ExampleContent/Textures/DebugNumberPeriod.uasset" 7307
"../../Plugins/Experimental/Water/Content/Materials/WaterSurface/Water_Material_Ocean.uasset" 7308
"../../Plugins/Experimental/Water/Content/Materials/WaterSurface/Water_Material_Inst.uasset" 7309
"../../../../../../GitHub/CutyKiller/GAME FOLDER/Content/__ExternalActors__/Level/MapMulti/C/LU/RSPGH0QMGDOAGEJV26RCP2.uasset" 7310
"../../../../../../GitHub/CutyKiller/GAME FOLDER/Content/__ExternalActors__/Level/MapMulti/5/EX/V688Z4FOJA0V0E96GDPQOC.uasset" 7311
"../../../../../../GitHub/CutyKiller/GAME FOLDER/Content/__ExternalActors__/Level/MapMulti/5/P8/69XX7DMJ4ZJP5PG6FZP4XR.uasset" 7312
"../../../../../../GitHub/CutyKiller/GAME FOLDER/Content/__ExternalActors__/Level/MapMulti/6/R7/PLO2D8RJ1C0ZRVE0AFBKXV.uasset" 7313
"../../../../../../GitHub/CutyKiller/GAME FOLDER/Content/__ExternalActors__/Level/MapMulti/5/WZ/AICLGVNYILCO81H0FJTCX7.uasset" 7314
"../../../../../../GitHub/CutyKiller/GAME FOLDER/Content/__ExternalActors__/Level/MapMulti/B/28/QRC09GRALVTC7QWR51OZVI.uasset" 7315
"../../../../../../GitHub/CutyKiller/GAME FOLDER/Content/__ExternalActors__/Level/MapMulti/6/59/2KYPSU1ZHBR5T4OE6R119J.uasset" 7316
"../../../../../../GitHub/CutyKiller/GAME FOLDER/Content/__ExternalActors__/Level/MapMulti/6/80/PDCMTFLYY7A7CRWPQLYLZ9.uasset" 7317
"../../../../../../GitHub/CutyKiller/GAME FOLDER/Content/__ExternalActors__/Level/MapMulti/6/9M/CK0TZ0TVSO3C12I37GXVFF.uasset" 7318
"../../../../../../GitHub/CutyKiller/GAME FOLDER/Content/__ExternalActors__/Level/MapMulti/7/NQ/FNOIKOUAE4OX1N5N8FY0OS.uasset" 7319
"../../../../../../GitHub/CutyKiller/GAME FOLDER/Content/__ExternalActors__/Level/MapMulti/6/SQ/IW9NA2UHKTCOV0LBKDDE6F.uasset" 7320
"../../../../../../GitHub/CutyKiller/GAME FOLDER/Content/__ExternalActors__/Level/MapMulti/7/9Q/3RNPFYKUMG9KZIDLJL5AVZ.uasset" 7321
"../../../../../../GitHub/CutyKiller/GAME FOLDER/Content/__ExternalActors__/Level/MapMulti/8/AD/4VBSN5QK6V16R92BW0QWLN.uasset" 7322
"../../../../../../GitHub/CutyKiller/GAME FOLDER/Content/__ExternalActors__/Level/MapMulti/7/ZU/1HDWD94K80Z8T7W0ELMBNV.uasset" 7323
"../../../../../../GitHub/CutyKiller/GAME FOLDER/Content/__ExternalActors__/Level/MapMulti/8/CN/CSWASBXFZJBFKL5KKK5Q6O.uasset" 7324
"../../../../../../GitHub/CutyKiller/GAME FOLDER/Content/__ExternalActors__/Level/MapMulti/8/B5/O1CZKLYSNSFJRHSA50GZYG.uasset" 7325
"../../../../../../GitHub/CutyKiller/GAME FOLDER/Content/__ExternalActors__/Level/MapMulti/9/QO/GYMOZ2FG51ANY6OL1V1WIN.uasset" 7326
"../../../../../../GitHub/CutyKiller/GAME FOLDER/Content/__ExternalActors__/Level/MapMulti/5/E1/E61DJ8JFP0VYMZHZ9FKCFU.uasset" 7327
"../../../../../../GitHub/CutyKiller/GAME FOLDER/Content/__ExternalActors__/Level/MapMulti/8/QZ/M600IQW3A6AK0XFAXQVPKK.uasset" 7328
"../../../../../../GitHub/CutyKiller/GAME FOLDER/Content/__ExternalActors__/Level/MapMulti/8/UW/FMD3B5RAG31FZDL9HHR79E.uasset" 7329
"../../../../../../GitHub/CutyKiller/GAME FOLDER/Content/__ExternalActors__/Level/MapMulti/A/QS/M2AE3A56KIISAPWIWWQAHJ.uasset" 7330
"../../../../../../GitHub/CutyKiller/GAME FOLDER/Content/__ExternalActors__/Level/MapMulti/0/NH/9IHUZKTUM7AJUMV1A0YK3V.uasset" 7331
"../../../../../../GitHub/CutyKiller/GAME FOLDER/Content/__ExternalActors__/Level/MapMulti/1/5O/BRH21L4N675Q221ENPXMW7.uasset" 7332
"../../../../../../GitHub/CutyKiller/GAME FOLDER/Content/__ExternalActors__/Level/MapMulti/3/T8/KV91R5OUZE4KIGIV4Y284A.uasset" 7333
"../../../../../../GitHub/CutyKiller/GAME FOLDER/Content/__ExternalActors__/Level/MapMulti/5/E1/CGSXJY5MD1L7L5GG950JU4.uasset" 7334
"../../../../../../GitHub/CutyKiller/GAME FOLDER/Content/__ExternalActors__/Level/MapMulti/6/3Y/86QNGH2E9EPOHYL93OXW19.uasset" 7335
"../../../../../../GitHub/CutyKiller/GAME FOLDER/Content/__ExternalActors__/Level/MapMulti/A/CF/K3XDVHNEA3WOX5KC8GJOCH.uasset" 7336
"../../../../../../GitHub/CutyKiller/GAME FOLDER/Content/__ExternalActors__/Level/MapMulti/B/4M/TJI48X6XDU3WC0REYHXVWF.uasset" 7337
"../../../../../../GitHub/CutyKiller/GAME FOLDER/Content/__ExternalActors__/Level/MapMulti/A/BV/F7T5PMYSIRW8O698ME7XZT.uasset" 7338
"../../../../../../GitHub/CutyKiller/GAME FOLDER/Content/__ExternalActors__/Level/MapMulti/B/QX/1DKPK2MOI111U83VT98FL4.uasset" 7339
"../../../../../../GitHub/CutyKiller/GAME FOLDER/Content/__ExternalActors__/Level/MapMulti/B/JZ/5EMK3NOSBPGDGOP0TMZ7JQ.uasset" 7340
"../../../../../../GitHub/CutyKiller/GAME FOLDER/Content/__ExternalActors__/Level/MapMulti/D/75/BIQ9YXZYPGJ2KZFQ7E2XAK.uasset" 7341
"../../../../../../GitHub/CutyKiller/GAME FOLDER/Content/__ExternalActors__/Level/MapMulti/C/S9/1I6D65CB0ARU49MV5J7HHD.uasset" 7342
"../../../../../../GitHub/CutyKiller/GAME FOLDER/Content/__ExternalActors__/Level/MapMulti/C/UJ/2VKNB0BGOFL4QTEPLU7RD1.uasset" 7343
"../../../../../../GitHub/CutyKiller/GAME FOLDER/Content/__ExternalActors__/Level/MapMulti/E/OP/NUGH0RIGA2T090YEMYTCTD.uasset" 7344
"../../../../../../GitHub/CutyKiller/GAME FOLDER/Content/__ExternalActors__/Level/MapMulti/E/03/NQFB5JYE5O4KL05HWU2KPN.uasset" 7345
"../../../../../../GitHub/CutyKiller/GAME FOLDER/Content/__ExternalActors__/Level/MapMulti/E/HD/KKORXY8DJNSKI65ZI73TKB.uasset" 7346
"../../../../../../GitHub/CutyKiller/GAME FOLDER/Content/__ExternalActors__/Level/MapMulti/D/WP/NMHDHW4FZR6L0UJCS1OW2O.uasset" 7347
"../../../../../../GitHub/CutyKiller/GAME FOLDER/Content/__ExternalActors__/Level/MapMulti/D/IR/2H8I1Q9NEV6Q7OI5WF9FYY.uasset" 7348
"../../../../../../GitHub/CutyKiller/GAME FOLDER/Content/__ExternalActors__/Level/MapMulti/D/2M/CETOHCWC9QQGVJOI28G7YN.uasset" 7349
"../../../../../../GitHub/CutyKiller/GAME FOLDER/Content/__ExternalActors__/Level/MapMulti/C/LK/XGEDFWM9FL4TT3MIWRJCAD.uasset" 7350
"../../../../../../GitHub/CutyKiller/GAME FOLDER/Content/__ExternalActors__/Level/MapMulti/C/48/649G6BHYUDQ0CGYYJHBLPJ.uasset" 7351
"../../../../../../GitHub/CutyKiller/GAME FOLDER/Content/__ExternalActors__/Level/MapMulti/C/2C/1DXJVOPHXNRD573WRZ8XLS.uasset" 7352
"../../../../../../GitHub/CutyKiller/GAME FOLDER/Content/__ExternalActors__/Level/MapMulti/B/C4/Q80RV7Z1DJ2YEXTEOE9010.uasset" 7353
"../../../../../../GitHub/CutyKiller/GAME FOLDER/Content/__ExternalActors__/Level/MapMulti/A/MJ/K1V4VUO111CEIZPGUAX596.uasset" 7354
"../../../../../../GitHub/CutyKiller/GAME FOLDER/Content/__ExternalActors__/Level/MapMulti/0/3S/XUFQ6RPLX60B9VODGLIAS2.uasset" 7355
"../../../../../../GitHub/CutyKiller/GAME FOLDER/Content/__ExternalActors__/Level/MapMulti/A/JQ/NKA3B35ED8AA1GOTLMLOJE.uasset" 7356
"../../../../../../GitHub/CutyKiller/GAME FOLDER/Content/__ExternalActors__/Level/MapMulti/A/CL/DUCGSVB6ZIEWRRJGWVXD7T.uasset" 7357
"../../../../../../GitHub/CutyKiller/GAME FOLDER/Content/__ExternalActors__/Level/MapMulti/A/69/5049VI0S7YJPURKH2HEJ2L.uasset" 7358
"../../../../../../GitHub/CutyKiller/GAME FOLDER/Content/__ExternalActors__/Level/MapMulti/A/0O/A9ZLSD9GF2VRGNAJ02BQWI.uasset" 7359
"../../../../../../GitHub/CutyKiller/GAME FOLDER/Content/__ExternalActors__/Level/MapMulti/9/MJ/AOOXSM873PCK6JY7U010ML.uasset" 7360
"../../../../../../GitHub/CutyKiller/GAME FOLDER/Content/__ExternalActors__/Level/MapMulti/9/IP/5AZQ6TR0AE5OWRI2TC57IO.uasset" 7361
"../../../../../../GitHub/CutyKiller/GAME FOLDER/Content/__ExternalActors__/Level/MapMulti/8/XN/XRZV87G7JVSHX4OT0TDUUX.uasset" 7362
"../../../../../../GitHub/CutyKiller/GAME FOLDER/Content/__ExternalActors__/Level/MapMulti/8/KB/T6VCSYB2MMBBL9D8W7YZFM.uasset" 7363
"../../../../../../GitHub/CutyKiller/GAME FOLDER/Content/__ExternalActors__/Level/MapMulti/8/JJ/PQKUQGPRECXT0O9JI5ZMM0.uasset" 7364
"../../../../../../GitHub/CutyKiller/GAME FOLDER/Content/__ExternalActors__/Level/MapMulti/8/B6/LKW0J97KEZ8X409VQYJ50I.uasset" 7365
"../../../../../../GitHub/CutyKiller/GAME FOLDER/Content/__ExternalActors__/Level/MapMulti/8/9V/0AMOZYH2CGRW91ERN3CD68.uasset" 7366
"../../../../../../GitHub/CutyKiller/GAME FOLDER/Content/__ExternalActors__/Level/MapMulti/8/7J/1VL0GTX4IVF8GXVM998C9L.uasset" 7367
"../../../../../../GitHub/CutyKiller/GAME FOLDER/Content/__ExternalActors__/Level/MapMulti/8/4S/WF23V0DTJY7AWG4GI3QZGQ.uasset" 7368
"../../../../../../GitHub/CutyKiller/GAME FOLDER/Content/__ExternalActors__/Level/MapMulti/7/YX/8ISQYEAANB8FF7PA5P8MCE.uasset" 7369
"../../../../../../GitHub/CutyKiller/GAME FOLDER/Content/__ExternalActors__/Level/MapMulti/7/PJ/G6X3SIUHIIHNC6FGKF7VKL.uasset" 7370
"../../../../../../GitHub/CutyKiller/GAME FOLDER/Content/__ExternalActors__/Level/MapMulti/7/D6/E68205IY06DQ3GKMKREO7H.uasset" 7371
"../../../../../../GitHub/CutyKiller/GAME FOLDER/Content/__ExternalActors__/Level/MapMulti/7/CY/Y3KVBZ604ER0CJCZGHMLA1.uasset" 7372
"../../../../../../GitHub/CutyKiller/GAME FOLDER/Content/__ExternalActors__/Level/MapMulti/7/CX/26VA2E3U2QG6EQKD9K3JXQ.uasset" 7373
"../../../../../../GitHub/CutyKiller/GAME FOLDER/Content/__ExternalActors__/Level/MapMulti/6/N1/XEBYBSWJG4ORC2R58X5YVF.uasset" 7374
"../../../../../../GitHub/CutyKiller/GAME FOLDER/Content/__ExternalActors__/Level/MapMulti/6/HP/CIM34VE41ZA3U2RWW0XO2W.uasset" 7375
"../../../../../../GitHub/CutyKiller/GAME FOLDER/Content/__ExternalActors__/Level/MapMulti/6/ED/KKXU3RJKM6HBFK3EB65NGK.uasset" 7376
"../../../../../../GitHub/CutyKiller/GAME FOLDER/Content/__ExternalActors__/Level/MapMulti/6/14/2WMANHB5VA3MRW2N2TJS3Q.uasset" 7377
"../../../../../../GitHub/CutyKiller/GAME FOLDER/Content/__ExternalActors__/Level/MapMulti/6/0F/955VENOE11J55QLXBLFNEU.uasset" 7378
"../../../../../../GitHub/CutyKiller/GAME FOLDER/Content/__ExternalActors__/Level/MapMulti/5/YZ/LPFVYVL71C9O0HJ13WY07T.uasset" 7379
"../../../../../../GitHub/CutyKiller/GAME FOLDER/Content/__ExternalActors__/Level/MapMulti/5/X4/QLI941NNHSH03ZDSPYR4T2.uasset" 7380
"../../../../../../GitHub/CutyKiller/GAME FOLDER/Content/__ExternalActors__/Level/MapMulti/5/PF/J41QPK2SJTD62899XZNQBY.uasset" 7381
"../../../../../../GitHub/CutyKiller/GAME FOLDER/Content/__ExternalActors__/Level/MapMulti/5/NO/T9HHYYKQCAV3PV4A8U6OQJ.uasset" 7382
"../../../../../../GitHub/CutyKiller/GAME FOLDER/Content/__ExternalActors__/Level/MapMulti/5/KK/VVLG3QERZ72UGG0MPHBG49.uasset" 7383
"../../../../../../GitHub/CutyKiller/GAME FOLDER/Content/__ExternalActors__/Level/MapMulti/5/DP/FPGSAN6FPREPSN997YB0SO.uasset" 7384
"../../../../../../GitHub/CutyKiller/GAME FOLDER/Content/__ExternalActors__/Level/MapMulti/4/WK/YIHOSZZHS6H2BD7419POB5.uasset" 7385
"../../../../../../GitHub/CutyKiller/GAME FOLDER/Content/__ExternalActors__/Level/MapMulti/4/JB/S5WQR538Y7KV7RYYGK8HRT.uasset" 7386
"../../../../../../GitHub/CutyKiller/GAME FOLDER/Content/__ExternalActors__/Level/MapMulti/4/HW/9GD9POELMSWSGTFIKSHPA3.uasset" 7387
"../../../../../../GitHub/CutyKiller/GAME FOLDER/Content/__ExternalActors__/Level/MapMulti/4/G2/C12DGOTUXL4RVBJHOE5SXP.uasset" 7388
"../../../../../../GitHub/CutyKiller/GAME FOLDER/Content/__ExternalActors__/Level/MapMulti/4/BE/9ON259VSSJ0AQKPQABOL9G.uasset" 7389
"../../../../../../GitHub/CutyKiller/GAME FOLDER/Content/__ExternalActors__/Level/MapMulti/3/Z9/ZXGNQ5MAQBKJR6MNHY3EEW.uasset" 7390
"../../../../../../GitHub/CutyKiller/GAME FOLDER/Content/__ExternalActors__/Level/MapMulti/3/ET/VABOKYDFEZIN8BMP40AORR.uasset" 7391
"../../../../../../GitHub/CutyKiller/GAME FOLDER/Content/__ExternalActors__/Level/MapMulti/3/77/NDWUFUVPCUWYUHAN78LHWC.uasset" 7392
"../../../../../../GitHub/CutyKiller/GAME FOLDER/Content/__ExternalActors__/Level/MapMulti/2/UR/OXF3D1JYCPNCEOIB1O3KEQ.uasset" 7393
"../../../../../../GitHub/CutyKiller/GAME FOLDER/Content/__ExternalActors__/Level/MapMulti/2/7I/74B1H6LOIDIB583OPD8AMC.uasset" 7394
"../../../../../../GitHub/CutyKiller/GAME FOLDER/Content/__ExternalActors__/Level/MapMulti/2/6B/VAWQGW69ZNXVOD30J6CGQQ.uasset" 7395
"../../../../../../GitHub/CutyKiller/GAME FOLDER/Content/__ExternalActors__/Level/MapMulti/1/LB/6GQYV64YY4HJ54V0MNZ9Z5.uasset" 7396
"../../../../../../GitHub/CutyKiller/GAME FOLDER/Content/__ExternalActors__/Level/MapMulti/1/67/RKPBE43R8I0FTJPV7T0JY3.uasset" 7397
"../../../../../../GitHub/CutyKiller/GAME FOLDER/Content/__ExternalActors__/Level/MapMulti/0/LM/MTWJKU5K9S3DVVXV2YY3EI.uasset" 7398
"../../../../../../GitHub/CutyKiller/GAME FOLDER/Content/__ExternalActors__/Level/MapMulti/0/I0/CZX13TDJDKMCQUQXOEYFIK.uasset" 7399
"../../../../../../GitHub/CutyKiller/GAME FOLDER/Content/__ExternalActors__/Level/MapMulti/0/G0/5E48QFXN2ZMRZAJWOS8Q1L.uasset" 7400
"../../../../../../GitHub/CutyKiller/GAME FOLDER/Content/__ExternalActors__/Level/MapMulti/0/D5/NXEAFWSUZVUVOTJPMLXLCE.uasset" 7401
"../../../../../../GitHub/CutyKiller/GAME FOLDER/Content/__ExternalActors__/Level/MapMulti/0/5H/8EOY3ZK8WQO6JNW9HGLOUC.uasset" 7402
"../../../../../../GitHub/CutyKiller/GAME FOLDER/Content/__ExternalActors__/Level/MapMulti/0/4Q/A3POVKWNHXLL3LGGT3KQ7R.uasset" 7403
"../../../../../../GitHub/CutyKiller/GAME FOLDER/Content/__ExternalActors__/Level/MapMulti/0/3O/GXANIRS5SUXOGM2YTM89UJ.uasset" 7404
"../../../../../../GitHub/CutyKiller/GAME FOLDER/Content/__ExternalActors__/Level/MapMulti/D/90/1J4IOBRPEA1HNI9UCRZFCX.uasset" 7405
"../../../../../../GitHub/CutyKiller/GAME FOLDER/Content/__ExternalActors__/Level/MapMulti/D/YZ/B9E8BCLA1MOA48QH5S21C7.uasset" 7406
"../../../../../../GitHub/CutyKiller/GAME FOLDER/Content/__ExternalActors__/Level/MapMulti/E/RG/EY1FVGK978DRTEK9LS5V5P.uasset" 7407
"C:/Users/b.lapeze/AppData/Local/UnrealEngine/Common/DerivedDataCache/Buckets/LegacyCHAOS/11/27/97672a26bb99427793bfcf1f47c3d87e2ea2.udd" 7408
"C:/Users/b.lapeze/AppData/Local/UnrealEngine/Common/DerivedDataCache/Buckets/LegacyCHAOS/b7/16/067f8205a09af2c6bc7b8015a92afac54b22.udd" 7409
"C:/Users/b.lapeze/AppData/Local/UnrealEngine/Common/DerivedDataCache/Buckets/LegacyCHAOS/36/60/bbddd9b9c044f11df324a7fd367efba2d1c7.udd" 7410
"C:/Users/b.lapeze/AppData/Local/UnrealEngine/Common/DerivedDataCache/Buckets/LegacyCHAOS/55/e8/64f8f6ac4fae034fb305a791ae0d7028e456.udd" 7411
"C:/Users/b.lapeze/AppData/Local/UnrealEngine/Common/DerivedDataCache/Buckets/LegacyCHAOS/8c/0d/0368033605773c068d7f4a7359ace7d214a1.udd" 7412
"C:/Users/b.lapeze/AppData/Local/UnrealEngine/Common/DerivedDataCache/Buckets/LegacyCHAOS/03/84/f01d5bf53287efb057b5d2c48db9eb5c3dff.udd" 7413
"C:/Users/b.lapeze/AppData/Local/UnrealEngine/Common/DerivedDataCache/Buckets/LegacyCHAOS/ae/fc/da1a758e43bfa060e2197b1017930ffd85c1.udd" 7414
"C:/Users/b.lapeze/AppData/Local/UnrealEngine/Common/DerivedDataCache/Buckets/LegacyCHAOS/10/61/13603d44bd90cf2a8eb1cc91eb947fe4256b.udd" 7415
"C:/Users/b.lapeze/AppData/Local/UnrealEngine/Common/DerivedDataCache/Buckets/LegacyCHAOS/9b/e8/bb9f83b0e32c9ba833a49aa14c04547b29c9.udd" 7416
"C:/Users/b.lapeze/AppData/Local/UnrealEngine/Common/DerivedDataCache/Buckets/LegacyCHAOS/3b/b2/0704d0b17f934b23eb552666f3703d6dfa63.udd" 7417
"C:/Users/b.lapeze/AppData/Local/UnrealEngine/Common/DerivedDataCache/Buckets/LegacyCHAOS/14/5a/410254ff66c7e7fe0b7bb3c67a240a118e22.udd" 7418
"C:/Users/b.lapeze/AppData/Local/UnrealEngine/Common/DerivedDataCache/Buckets/LegacyCHAOS/35/dc/6c1da25d9f5b346aa32acc7885118f8e836b.udd" 7419
"C:/Users/b.lapeze/AppData/Local/UnrealEngine/Common/DerivedDataCache/Buckets/LegacyCHAOS/e0/6a/9259ca7e7cddbd750a1c2ddfbe9a4fb55585.udd" 7420
"C:/Users/b.lapeze/AppData/Local/UnrealEngine/Common/DerivedDataCache/Buckets/LegacyCHAOS/b6/b6/f80c379de5d6c9d26d9468294f7fca8c7a72.udd" 7421
"C:/Users/b.lapeze/AppData/Local/UnrealEngine/Common/DerivedDataCache/Buckets/LegacyCHAOS/be/a0/34ab76110865d7d5ba893971f23e654c93ab.udd" 7422
"C:/Users/b.lapeze/AppData/Local/UnrealEngine/Common/DerivedDataCache/Buckets/LegacyCHAOS/e3/db/8d78752ce1472ff54dc5565b4bf2069ccdc0.udd" 7423
"C:/Users/b.lapeze/AppData/Local/UnrealEngine/Common/DerivedDataCache/Buckets/LegacyCHAOS/6f/8b/7e6c5655ef809844cb9306d736995f7b9527.udd" 7424
"C:/Users/b.lapeze/AppData/Local/UnrealEngine/Common/DerivedDataCache/Buckets/LegacyCHAOS/ae/66/f20bcea20c35169e193c2aa03b68afd5c626.udd" 7425
"C:/Users/b.lapeze/AppData/Local/UnrealEngine/Common/DerivedDataCache/Buckets/LegacyCHAOS/da/bb/a6c66b90e3cdde1648bbe03789a4e752b80d.udd" 7426
"C:/Users/b.lapeze/AppData/Local/UnrealEngine/Common/DerivedDataCache/Buckets/LegacyCHAOS/4e/01/b49319bb9dd4a8110b8b8f8abc6cb42c25c2.udd" 7427
"C:/Users/b.lapeze/AppData/Local/UnrealEngine/Common/DerivedDataCache/Buckets/LegacyCHAOS/d4/25/7f4983cea313449efd1ae736fc763dfba0ce.udd" 7428
"C:/Users/b.lapeze/AppData/Local/UnrealEngine/Common/DerivedDataCache/Buckets/LegacyCHAOS/08/71/23cb9b8d396d114ab1a05f757c30917a7b49.udd" 7429
"C:/Users/b.lapeze/AppData/Local/UnrealEngine/Common/DerivedDataCache/Buckets/LegacyCHAOS/40/93/4d3e24523b909c0e5cb93f681e1e4871fd1b.udd" 7430
"C:/Users/b.lapeze/AppData/Local/UnrealEngine/Common/DerivedDataCache/Buckets/LegacyCHAOS/16/91/4d3fadd2dccf82b5d8f792b1fde5ebef88da.udd" 7431
"C:/Users/b.lapeze/AppData/Local/UnrealEngine/Common/DerivedDataCache/Buckets/LegacyCHAOS/88/92/902f6af35e292b89dee9ecc30ae15e0a74da.udd" 7432
"C:/Users/b.lapeze/AppData/Local/UnrealEngine/Common/DerivedDataCache/Buckets/LegacyCHAOS/18/f2/ecf744f417eeb117562c91705a382059360f.udd" 7433
"C:/Users/b.lapeze/AppData/Local/UnrealEngine/Common/DerivedDataCache/Buckets/LegacyCHAOS/80/ac/5a0860b88a171e7f6f5da8dc5839168efe5c.udd" 7434
"C:/Users/b.lapeze/AppData/Local/UnrealEngine/Common/DerivedDataCache/Buckets/LegacyCHAOS/2c/b6/0374b807299c8796f78381277cf3a3926bf3.udd" 7435
"C:/Users/b.lapeze/AppData/Local/UnrealEngine/Common/DerivedDataCache/Buckets/LegacyCHAOS/03/a0/496b6783cfdb0ff92a3925d798b2b2f236f5.udd" 7436
"C:/Users/b.lapeze/AppData/Local/UnrealEngine/Common/DerivedDataCache/Buckets/LegacyCHAOS/e0/eb/6d79621d05df796589910effe60faa993939.udd" 7437
"C:/Users/b.lapeze/AppData/Local/UnrealEngine/Common/DerivedDataCache/Buckets/LegacyCHAOS/3f/fe/3a8ad6f091a00e3c748bb3fa556077fe0918.udd" 7438
"C:/Users/b.lapeze/AppData/Local/UnrealEngine/Common/DerivedDataCache/Buckets/LegacyCHAOS/73/86/0a3128a3219dee05e7d460f27cf681eb672b.udd" 7439
"C:/Users/b.lapeze/AppData/Local/UnrealEngine/Common/DerivedDataCache/Buckets/LegacyCHAOS/98/c9/9787f6b138d8e82c1a0bcbf7ee56e5e251f6.udd" 7440
"C:/Users/b.lapeze/AppData/Local/UnrealEngine/Common/DerivedDataCache/Buckets/LegacyCHAOS/dd/da/e4b0744dc18b5eb444cc11062e9ce3316196.udd" 7441
"C:/Users/b.lapeze/AppData/Local/UnrealEngine/Common/DerivedDataCache/Buckets/LegacyCHAOS/fc/92/8abdfe995ae4b001f1948ff84bef165eeb21.udd" 7442
"C:/Users/b.lapeze/AppData/Local/UnrealEngine/Common/DerivedDataCache/Buckets/LegacyCHAOS/52/85/41479c2a6d97c2c1540f9fce4cf6c38e0013.udd" 7443
"C:/Users/b.lapeze/AppData/Local/UnrealEngine/Common/DerivedDataCache/Buckets/LegacyCHAOS/cc/ef/592912653b05cb3d4bd6e8ba371ca7b8afdd.udd" 7444
"C:/Users/b.lapeze/AppData/Local/UnrealEngine/Common/DerivedDataCache/Buckets/LegacyCHAOS/cd/e4/e1375780d2a6f4d2c32289b6479d8bd029b9.udd" 7445
"C:/Users/b.lapeze/AppData/Local/UnrealEngine/Common/DerivedDataCache/Buckets/LegacyCHAOS/b6/f2/3559d1bcd5943789fb154a9789e8b880b699.udd" 7446
"C:/Users/b.lapeze/AppData/Local/UnrealEngine/Common/DerivedDataCache/Buckets/LegacyCHAOS/10/3b/ef3f0d8081a3194678180bd7cc7039b2b795.udd" 7447
"C:/Users/b.lapeze/AppData/Local/UnrealEngine/Common/DerivedDataCache/Buckets/LegacyCHAOS/70/a4/5c499589827ce4cd0eface3c85f809c093a6.udd" 7448
"C:/Users/b.lapeze/AppData/Local/UnrealEngine/Common/DerivedDataCache/Buckets/LegacyCHAOS/94/47/64a739cf04e1b48df7e17384e1b6934d0259.udd" 7449
"C:/Users/b.lapeze/AppData/Local/UnrealEngine/Common/DerivedDataCache/Buckets/LegacyCHAOS/99/1d/97dfbe6b24a781aad6d21816ce621800e3ef.udd" 7450
"C:/Users/b.lapeze/AppData/Local/UnrealEngine/Common/DerivedDataCache/Buckets/LegacyCHAOS/05/69/6e171836e913b62948a0976d2f1ab8eeda3e.udd" 7451
"C:/Users/b.lapeze/AppData/Local/UnrealEngine/Common/DerivedDataCache/Buckets/LegacyCHAOS/09/c2/fa167bbb1f3c7a5507a797536207beaa07f8.udd" 7452
"C:/Users/b.lapeze/AppData/Local/UnrealEngine/Common/DerivedDataCache/Buckets/LegacyCHAOS/3d/90/47f87e387373af7955be4fa924ce6a9f05cf.udd" 7453
"C:/Users/b.lapeze/AppData/Local/UnrealEngine/Common/DerivedDataCache/Buckets/LegacyCHAOS/9d/47/585363b83b5fd97890c703c97da96a6e5955.udd" 7454
"C:/Users/b.lapeze/AppData/Local/UnrealEngine/Common/DerivedDataCache/Buckets/LegacyCHAOS/fe/e1/1f7dec475c3ef320e312cdffc5c9ffc47774.udd" 7455
"C:/Users/b.lapeze/AppData/Local/UnrealEngine/Common/DerivedDataCache/Buckets/LegacyCHAOS/7d/4d/3d886b1139530bd8b84cd9f1f4d7a9ff5ea6.udd" 7456
"C:/Users/b.lapeze/AppData/Local/UnrealEngine/Common/DerivedDataCache/Buckets/LegacyCHAOS/6d/47/9c992072a45376fde71ae51f1714d5204f1c.udd" 7457
"C:/Users/b.lapeze/AppData/Local/UnrealEngine/Common/DerivedDataCache/Buckets/LegacyCHAOS/57/c0/c92a3ee2948206eb2c8576a89d190ed679f0.udd" 7458
"C:/Users/b.lapeze/AppData/Local/UnrealEngine/Common/DerivedDataCache/Buckets/LegacyCHAOS/af/d2/40734c4353f0efa747355259b4d05ee30e35.udd" 7459
"C:/Users/b.lapeze/AppData/Local/UnrealEngine/Common/DerivedDataCache/Buckets/LegacyCHAOS/71/c3/da6123005866bab5e28a2ccff7e81611fa65.udd" 7460
"C:/Users/b.lapeze/AppData/Local/UnrealEngine/Common/DerivedDataCache/Buckets/LegacyCHAOS/91/02/7743a9db425414cc76913cfeef78fdffa0ec.udd" 7461
"C:/Users/b.lapeze/AppData/Local/UnrealEngine/Common/DerivedDataCache/Buckets/LegacyCHAOS/dc/65/eaeb9e61aa2f54955cfb0ded1774cbeac97d.udd" 7462
"C:/Users/b.lapeze/AppData/Local/UnrealEngine/Common/DerivedDataCache/Buckets/LegacyCHAOS/ea/19/f89ff2c2b6b98df927c4cb311c5707874c90.udd" 7463
"C:/Users/b.lapeze/AppData/Local/UnrealEngine/Common/DerivedDataCache/Buckets/LegacyCHAOS/41/50/a5d19f4f74b3f592dc4e55a758901c4dffff.udd" 7464
"C:/Users/b.lapeze/AppData/Local/UnrealEngine/Common/DerivedDataCache/Buckets/LegacyCHAOS/9b/64/072069f4fdc3d7e459bde6049d0a38f83caf.udd" 7465
"C:/Users/b.lapeze/AppData/Local/UnrealEngine/Common/DerivedDataCache/Buckets/LegacyCHAOS/32/2d/ff130e5bee6ddac11800aeeb96c04f48efa5.udd" 7466
"C:/Users/b.lapeze/AppData/Local/UnrealEngine/Common/DerivedDataCache/Buckets/LegacyCHAOS/48/cb/0af1caf7b25094e81daa8509b213f7c0bd6b.udd" 7467
"C:/Users/b.lapeze/AppData/Local/UnrealEngine/Common/DerivedDataCache/Buckets/LegacyCHAOS/17/77/d13ea3f50adb697e4cba9c1f577609c8f95c.udd" 7468
"C:/Users/b.lapeze/AppData/Local/UnrealEngine/Common/DerivedDataCache/Buckets/LegacyCHAOS/75/86/6760ba6cf8a8960040800fe0ea5bad07e0f3.udd" 7469
"C:/Users/b.lapeze/AppData/Local/UnrealEngine/Common/DerivedDataCache/Buckets/LegacyCHAOS/47/43/99b7d83725776871a3e2840c9de22bb149df.udd" 7470
"C:/Users/b.lapeze/AppData/Local/UnrealEngine/Common/DerivedDataCache/Buckets/LegacyCHAOS/93/c9/21f37be15c909ebf6bae4f77afd046243b8a.udd" 7471
"C:/Users/b.lapeze/AppData/Local/UnrealEngine/Common/DerivedDataCache/Buckets/LegacyCHAOS/4d/d1/ee005dea3e9d02f3bd74d5102566026dc605.udd" 7472
"C:/Users/b.lapeze/AppData/Local/UnrealEngine/Common/DerivedDataCache/Buckets/LegacyCHAOS/b0/2d/bbbd3f773629a5180a30135f019f195fc805.udd" 7473
"C:/Users/b.lapeze/AppData/Local/UnrealEngine/Common/DerivedDataCache/Buckets/LegacyCHAOS/f6/81/797c20a2dd6a961860354dd401ee67da526e.udd" 7474
"C:/Users/b.lapeze/AppData/Local/UnrealEngine/Common/DerivedDataCache/Buckets/LegacyCHAOS/6e/aa/6abaeeef86019513a41c9fee0933f810c5c1.udd" 7475
"C:/Users/b.lapeze/AppData/Local/UnrealEngine/Common/DerivedDataCache/Buckets/LegacyCHAOS/ff/f4/65a60ba2a91e9dc8f5f80105fa258c5fff45.udd" 7476
"C:/Users/b.lapeze/AppData/Local/UnrealEngine/Common/DerivedDataCache/Buckets/LegacyCHAOS/63/dd/cecc72968152dc034934e49824bf2ff26bd2.udd" 7477
"C:/Users/b.lapeze/AppData/Local/UnrealEngine/Common/DerivedDataCache/Buckets/LegacyCHAOS/78/60/c242673734273591566c7d3d7ca2196f0317.udd" 7478
"C:/Users/b.lapeze/AppData/Local/UnrealEngine/Common/DerivedDataCache/Buckets/LegacyCHAOS/01/24/b73bfbad87d842ce776492e3ff5d8f67410a.udd" 7479
"C:/Users/b.lapeze/AppData/Local/UnrealEngine/Common/DerivedDataCache/Buckets/LegacyMATSM/72/38/90b88201d0ed951b7ed20c55e5bf9dd6e3c8.udd" 7480
"C:/Users/b.lapeze/AppData/Local/UnrealEngine/Common/DerivedDataCache/Buckets/LegacyMATSM/8e/09/411d0a70670a5c23d839a68b14b690f0b062.udd" 7481
"C:/Users/b.lapeze/AppData/Local/UnrealEngine/Common/DerivedDataCache/Buckets/LegacyTEXTURE/c5/b8/84d150bbe2316f07f0dd5bb72af2c0365f40.udd" 7482
"C:/Users/b.lapeze/AppData/Local/UnrealEngine/Common/DerivedDataCache/Buckets/LegacyTEXTURE/dc/1c/23b7cfa2bf7cbf99b3377584fb9a6b6adf99.udd" 7483
"C:/Users/b.lapeze/AppData/Local/UnrealEngine/Common/DerivedDataCache/Buckets/LegacyTEXTURE/99/be/d81ab2c4ef58aafbaf5ba5c1e03df1544115.udd" 7484
"C:/Users/b.lapeze/AppData/Local/UnrealEngine/Common/DerivedDataCache/Buckets/LegacyTEXTURE/39/d5/a1cf490d554945fab0ac541405cdbf40e7f8.udd" 7485
"C:/Users/b.lapeze/AppData/Local/UnrealEngine/Common/DerivedDataCache/Buckets/LegacyTEXTURE/c9/be/b32db19ac208d5f95c73df51017b04c0a107.udd" 7486
"C:/Users/b.lapeze/AppData/Local/UnrealEngine/Common/DerivedDataCache/Buckets/LegacyTEXTURE/63/dd/642ba49ff7d18c8864a53fa0804324b7a2fa.udd" 7487
"C:/Users/b.lapeze/AppData/Local/UnrealEngine/Common/DerivedDataCache/Buckets/LegacyTEXTURE/ed/2d/9716e41932ae4e3c7112d682126ee224426b.udd" 7488
"C:/Users/b.lapeze/AppData/Local/UnrealEngine/Common/DerivedDataCache/Buckets/LegacyTEXTURE/b4/9c/967b1e4be2b5ef3306f67fc2f86e801bc86b.udd" 7489
"C:/Users/b.lapeze/AppData/Local/UnrealEngine/Common/DerivedDataCache/Buckets/LegacyTEXTURE/e9/15/3e7dd1a8e7355fa24c127eec0f61c78ca699.udd" 7490
"C:/Users/b.lapeze/AppData/Local/UnrealEngine/Common/DerivedDataCache/Buckets/LegacyTEXTURE/3c/35/3660d9533db4bac6f189307532dca31dde81.udd" 7491
"C:/Users/b.lapeze/AppData/Local/UnrealEngine/Common/DerivedDataCache/Buckets/LegacyTEXTURE/53/bb/34622e9ae67e22864c2f0ec9737a357a937f.udd" 7492
"C:/Users/b.lapeze/AppData/Local/UnrealEngine/Common/DerivedDataCache/Buckets/LegacyTEXTURE/90/4e/9fd2a0c00d2fe5c805af02cf2395e372a54b.udd" 7493
"C:/Users/b.lapeze/AppData/Local/UnrealEngine/Common/DerivedDataCache/Buckets/LegacyTEXTURE/9c/7f/2d263ac93c634a552b02082465cbe153bff0.udd" 7494
"C:/Users/b.lapeze/AppData/Local/UnrealEngine/Common/DerivedDataCache/Buckets/LegacyTEXTURE/d0/60/0d46fd9de274128f351959589b122a156566.udd" 7495
"C:/Users/b.lapeze/AppData/Local/UnrealEngine/Common/DerivedDataCache/Buckets/LegacyTEXTURE/93/64/1716cead46bbdc12d03b3756109097c54262.udd" 7496
"C:/Users/b.lapeze/AppData/Local/UnrealEngine/Common/DerivedDataCache/Buckets/LegacyTEXTURE/d9/20/1ff5b71d9f0660e177e016af064c5865e68d.udd" 7497
"C:/Users/b.lapeze/AppData/Local/UnrealEngine/Common/DerivedDataCache/Buckets/LegacyTEXTURE/1e/42/3d91c749d92b9bc9f0fb0acfba42b5229182.udd" 7498
"C:/Users/b.lapeze/AppData/Local/UnrealEngine/Common/DerivedDataCache/Buckets/LegacyTEXTURE/05/c3/97dc36dbe206b4c8d523ff0f049d8f87996a.udd" 7499
"C:/Users/b.lapeze/AppData/Local/UnrealEngine/Common/DerivedDataCache/Buckets/LegacyTEXTURE/f4/da/e4ba9cf67a98a712dafc223b226cf1c5db72.udd" 7500
"C:/Users/b.lapeze/AppData/Local/UnrealEngine/Common/DerivedDataCache/Buckets/LegacyTEXTURE/9e/30/b0e4828d79b1a1b948b5a2440ee9c93d9627.udd" 7501
"C:/Users/b.lapeze/AppData/Local/UnrealEngine/Common/DerivedDataCache/Buckets/LegacyTEXTURE/1a/d9/64eb93ad03593b6eb2a7fc090fe230196fa7.udd" 7502
"C:/Users/b.lapeze/AppData/Local/UnrealEngine/Common/DerivedDataCache/Buckets/LegacyTEXTURE/99/f2/e0aac9c38cd843fa8c0eb0b8ffdaec174a01.udd" 7503
"C:/Users/b.lapeze/AppData/Local/UnrealEngine/Common/DerivedDataCache/Buckets/LegacyTEXTURE/66/d7/c06ab76ee22e4c5367bb99c82ae5028153db.udd" 7504
"C:/Users/b.lapeze/AppData/Local/UnrealEngine/Common/DerivedDataCache/Buckets/LegacyTEXTURE/a5/90/b4ebb4ddfe9a16f4645d41265ba1e09fdc68.udd" 7505
"C:/Users/b.lapeze/AppData/Local/UnrealEngine/Common/DerivedDataCache/Buckets/LegacyTEXTURE/44/09/8fe357c6d120265bd55311f89d7693d6bd38.udd" 7506
"C:/Users/b.lapeze/AppData/Local/UnrealEngine/Common/DerivedDataCache/Buckets/LegacyTEXTURE/bf/fe/19d2061396afa6baa564c2853ae4b1c8a98f.udd" 7507
"C:/Users/b.lapeze/AppData/Local/UnrealEngine/Common/DerivedDataCache/Buckets/LegacyTEXTURE/fe/66/2629085fd01c288c118b6d5e94e5e6ecf686.udd" 7508
"C:/Users/b.lapeze/AppData/Local/UnrealEngine/Common/DerivedDataCache/Buckets/LegacyTEXTURE/4e/b2/3acb4afee3f719775fd3539f5a0200b00e4b.udd" 7509
"C:/Users/b.lapeze/AppData/Local/UnrealEngine/Common/DerivedDataCache/Buckets/LegacyTEXTURE/2f/29/4d91830f05d6a9ed975cf32ce1d4e494dc56.udd" 7510
"C:/Users/b.lapeze/AppData/Local/UnrealEngine/Common/DerivedDataCache/Buckets/LegacyTEXTURE/91/14/ec9e4425a6bf7bba21e601f41a653028a4a1.udd" 7511
"C:/Users/b.lapeze/AppData/Local/UnrealEngine/Common/DerivedDataCache/Buckets/LegacyTEXTURE/ca/16/4414b089f06422e3f4bc6870ece8ef577ada.udd" 7512
"C:/Users/b.lapeze/AppData/Local/UnrealEngine/Common/DerivedDataCache/Buckets/LegacyTEXTURE/21/97/cde3666395b922fe647d7d8e6f31dcfe07c6.udd" 7513
"C:/Users/b.lapeze/AppData/Local/UnrealEngine/Common/DerivedDataCache/Buckets/LegacyTEXTURE/f1/7c/52099084c8b50bdd40ae187bb002cb8ff4cf.udd" 7514
"C:/Users/b.lapeze/AppData/Local/UnrealEngine/Common/DerivedDataCache/Buckets/LegacyTEXTURE/db/e0/fcba2aa752cc7e6dcdeb10f942b6a9694766.udd" 7515
"C:/Users/b.lapeze/AppData/Local/UnrealEngine/Common/DerivedDataCache/Buckets/LegacyTEXTURE/14/02/ec0e0ab6241026073842d34f98657189c44f.udd" 7516
"C:/Users/b.lapeze/AppData/Local/UnrealEngine/Common/DerivedDataCache/Buckets/LegacyTEXTURE/70/f3/235235995637baeba9f62cfad52718504288.udd" 7517
"C:/Users/b.lapeze/AppData/Local/UnrealEngine/Common/DerivedDataCache/Buckets/LegacyTEXTURE/ee/b4/dae2f86c51fa5f80ddfbf8eb10f9a54f23e7.udd" 7518
"C:/Users/b.lapeze/AppData/Local/UnrealEngine/Common/DerivedDataCache/Buckets/LegacyTEXTURE/dd/89/f3d692a32baa4774a93a7a3ca0ac15a1edb3.udd" 7519
"C:/Users/b.lapeze/AppData/Local/UnrealEngine/Common/DerivedDataCache/Buckets/LegacyTEXTURE/06/fc/444bbcad85dc098d7667b6a81bfae0b06892.udd" 7520
"C:/Users/b.lapeze/AppData/Local/UnrealEngine/Common/DerivedDataCache/Buckets/LegacyTEXTURE/5b/d8/a62fb6aee28b0d613681bd48d885684e05d8.udd" 7521
"C:/Users/b.lapeze/AppData/Local/UnrealEngine/Common/DerivedDataCache/Buckets/LegacyTEXTURE/9c/c9/99faa5dea72300c6e441926985f5039064bf.udd" 7522
"C:/Users/b.lapeze/AppData/Local/UnrealEngine/Common/DerivedDataCache/Buckets/LegacyTEXTURE/44/4a/b01ba85b971909019ec07a23b0b29f5923f7.udd" 7523
"C:/Users/b.lapeze/AppData/Local/UnrealEngine/Common/DerivedDataCache/Buckets/LegacyTEXTURE/6b/13/51b32e3adef40a505a9a361af1edccd2a899.udd" 7524
"C:/Users/b.lapeze/AppData/Local/UnrealEngine/Common/DerivedDataCache/Buckets/LegacyTEXTURE/82/06/44f98233447f27f2d3249956b32545f617dd.udd" 7525
"C:/Users/b.lapeze/AppData/Local/UnrealEngine/Common/DerivedDataCache/Buckets/LegacyTEXTURE/6f/ee/17346c77cee72c50f4e2845a88f002b8fa89.udd" 7526
"C:/Users/b.lapeze/AppData/Local/UnrealEngine/Common/DerivedDataCache/Buckets/LegacyTEXTURE/7e/08/3883601e3b72fa874827fdeb8e0e0a97a1de.udd" 7527
"C:/Users/b.lapeze/AppData/Local/UnrealEngine/Common/DerivedDataCache/Buckets/LegacyTEXTURE/02/25/968df0c95114a147ad9c16475948f05c6c0c.udd" 7528
"C:/Users/b.lapeze/AppData/Local/UnrealEngine/Common/DerivedDataCache/Buckets/LegacyTEXTURE/cd/22/02722a4a3fbba8ae094229e96cb44694f9b9.udd" 7529
"../../../../../../GitHub/CutyKiller/GAME FOLDER/Content/__ExternalActors__/Level/ThirdPersonMap2/0/H3/DGK6PRRXO4S5DFAY4X1UN0.uasset" 7530
"../../../../../../GitHub/CutyKiller/GAME FOLDER/Content/__ExternalActors__/Level/ThirdPersonMap2/2/04/HERGELOC5MS8E7A48AEAUG.uasset" 7531
"../../../../../../GitHub/CutyKiller/GAME FOLDER/Content/__ExternalActors__/Level/ThirdPersonMap2/2/BS/EMF7DXJ32FGCLL7ALPSXZB.uasset" 7532
"../../../../../../GitHub/CutyKiller/GAME FOLDER/Content/__ExternalActors__/Level/ThirdPersonMap2/2/N4/9WZRPPQU486VUJYG2SYF5H.uasset" 7533
"../../../../../../GitHub/CutyKiller/GAME FOLDER/Content/__ExternalActors__/Level/ThirdPersonMap2/2/NL/IGKHCX47R66S4LGB8REGIY.uasset" 7534
"../../../../../../GitHub/CutyKiller/GAME FOLDER/Content/__ExternalActors__/Level/ThirdPersonMap2/2/O2/TIQRPF9B1PTD0T4XFWD78Z.uasset" 7535
"../../../../../../GitHub/CutyKiller/GAME FOLDER/Content/__ExternalActors__/Level/ThirdPersonMap2/6/OI/WH3B4XAX5SW0IMUEDWZUM8.uasset" 7536
"../../../../../../GitHub/CutyKiller/GAME FOLDER/Content/__ExternalActors__/Level/ThirdPersonMap2/8/JB/FMOT7WG9RMBCDF8BIPT7N0.uasset" 7537
"../../../../../../GitHub/CutyKiller/GAME FOLDER/Content/__ExternalActors__/Level/ThirdPersonMap2/A/T5/XG8OTGAFT9WVK8MG43IQCJ.uasset" 7538
"../../../../../../GitHub/CutyKiller/GAME FOLDER/Content/__ExternalActors__/Level/ThirdPersonMap2/B/6R/4EY6EOFV84B475FMMGFZE1.uasset" 7539
"../../../../../../GitHub/CutyKiller/GAME FOLDER/Content/__ExternalActors__/Level/ThirdPersonMap2/C/0F/6QT4VED9DLJA2EHAYJX2KR.uasset" 7540
"../../../../../../GitHub/CutyKiller/GAME FOLDER/Content/__ExternalActors__/Level/ThirdPersonMap2/D/0Y/56BFJ0Y3RARUMLOAJ5YPOP.uasset" 7541
"../../../../../../GitHub/CutyKiller/GAME FOLDER/Content/__ExternalActors__/Level/Lobby/0/2B/31CSEQ2JMBQYC4OOU6DEPO.uasset" 7542
"../../../../../../GitHub/CutyKiller/GAME FOLDER/Content/__ExternalActors__/Level/Lobby/0/BV/7VBZ0APQ5WJM00HVZEMW78.uasset" 7543
"../../../../../../GitHub/CutyKiller/GAME FOLDER/Content/__ExternalActors__/Level/Lobby/0/HD/ECSMKO23Z7AWZWD53A7SK2.uasset" 7544
"../../../../../../GitHub/CutyKiller/GAME FOLDER/Content/__ExternalActors__/Level/Lobby/3/DZ/TB1UU1XSBZPA1X95B9L1JI.uasset" 7545
"../../../../../../GitHub/CutyKiller/GAME FOLDER/Content/__ExternalActors__/Level/Lobby/3/RF/XHZESAAEO5YL1QVTQ4CARE.uasset" 7546
"../../../../../../GitHub/CutyKiller/GAME FOLDER/Content/__ExternalActors__/Level/Lobby/4/S0/4KAUH4LVB1VOFOCILJ917L.uasset" 7547
"../../../../../../GitHub/CutyKiller/GAME FOLDER/Content/__ExternalActors__/Level/Lobby/6/KF/TX7ZIM2H3K4YHKDWRBRTLK.uasset" 7548
"C:/Users/b.lapeze/AppData/Local/UnrealEngine/Common/DerivedDataCache/Buckets/LegacyChaosGeometryData/82/25/49a42ba403eb12dd6e8be392dd39169d348f.udd" 7549
"../../../../../../GitHub/CutyKiller/GAME FOLDER/Content/__ExternalActors__/Level/Lobby/8/8R/2KAXCP5QXNUQMRLOCGBXD2.uasset" 7550
"C:/Users/b.lapeze/AppData/Local/UnrealEngine/Common/DerivedDataCache/Buckets/LegacyChaosGeometryData/fb/95/e80253a78728b51faf931f4d202a1ea5d287.udd" 7551
"../../../../../../GitHub/CutyKiller/GAME FOLDER/Content/__ExternalActors__/Level/Lobby/8/PG/UD9UU7GR530NDZFJNRYB80.uasset" 7552
"../../../../../../GitHub/CutyKiller/GAME FOLDER/Content/__ExternalActors__/Level/Lobby/9/VC/Z8ZK6CPRW80MDKG35XB3R7.uasset" 7553
"../../../../../../GitHub/CutyKiller/GAME FOLDER/Content/__ExternalActors__/Level/Lobby/B/XL/V2C3SKIDA9V714SBHV8XZU.uasset" 7554
"../../../../../../GitHub/CutyKiller/GAME FOLDER/Content/__ExternalActors__/Level/Lobby/C/IL/OHGOFA92VEKYZ27RMX7VVH.uasset" 7555
"../../../../../../GitHub/CutyKiller/GAME FOLDER/Content/__ExternalActors__/Level/Lobby/C/XV/N4ZQ6KUXW87DBDX4PP5677.uasset" 7556
"../../../../../../GitHub/CutyKiller/GAME FOLDER/Content/__ExternalActors__/Level/Lobby/E/OZ/MFK4OQZGX669LU95WLSEYZ.uasset" 7557
"../../../../../../GitHub/CutyKiller/GAME FOLDER/Content/__ExternalActors__/Level/Lobby/E/PA/Q50ZB4JVZ48XI6RMJZWSJA.uasset" 7558
"../../../../../../GitHub/CutyKiller/GAME FOLDER/Content/__ExternalActors__/Level/Lobby/E/PX/E053VJRKUGH4CUXRIYMNUF.uasset" 7559
"C:/Users/b.lapeze/AppData/Local/UnrealEngine/Common/DerivedDataCache/Buckets/LegacyMATSM/e5/35/751a02bce64e754f61e9f33f76947fd9dc4c.udd" 7560
"C:/Users/b.lapeze/AppData/Local/UnrealEngine/Common/DerivedDataCache/Buckets/LegacyMATSM/fb/a9/517f90fb7c22aa3ee7c508181c76629c6bac.udd" 7561
"C:/Users/b.lapeze/AppData/Local/UnrealEngine/Common/DerivedDataCache/Buckets/LegacyMATSM/7d/c4/1b9d502acfefe12eae4d10cd2f6db80553dd.udd" 7562
"C:/Users/b.lapeze/AppData/Local/UnrealEngine/Common/DerivedDataCache/Buckets/LegacyMATSM/49/98/c2214dc8a94b19d80ea2281e1028585bb529.udd" 7563
"C:/Users/b.lapeze/AppData/Local/UnrealEngine/Common/DerivedDataCache/Buckets/LegacyMATSM/86/8b/eda038c90c8b0630af5481bd23f55c6d622e.udd" 7564
"C:/Users/b.lapeze/AppData/Local/UnrealEngine/Common/DerivedDataCache/Buckets/LegacyMATSM/73/48/55a0222083711b7e0448392dc69d552714c3.udd" 7565
"C:/Users/b.lapeze/AppData/Local/UnrealEngine/Common/DerivedDataCache/Buckets/LegacyMATSM/70/35/5d8a1158b0f79d03d2ac4c608411a374d54f.udd" 7566
"C:/Users/b.lapeze/AppData/Local/UnrealEngine/Common/DerivedDataCache/Buckets/LegacyMATSM/c2/2a/d2011fe25cb30da1d890a83e653ed2e25f71.udd" 7567
"C:/Users/b.lapeze/AppData/Local/UnrealEngine/Common/DerivedDataCache/Buckets/LegacyMATSM/4d/0e/e5dd1784c7dfe07c3347d918081bfda89fd3.udd" 7568
"C:/Users/b.lapeze/AppData/Local/UnrealEngine/Common/DerivedDataCache/Buckets/LegacyMATSM/bc/17/e2e73bdab6c971e08580178baac7e6021409.udd" 7569
"C:/Users/b.lapeze/AppData/Local/UnrealEngine/Common/DerivedDataCache/Buckets/LegacyMATSM/8e/3e/cab91dda3d4f2e4daa5f69e58aee0f234e9a.udd" 7570
"C:/Users/b.lapeze/AppData/Local/UnrealEngine/Common/DerivedDataCache/Buckets/LegacyMATSM/fb/e6/07ca4afd152fb835ab715b904f5ed0003441.udd" 7571
"C:/Users/b.lapeze/AppData/Local/UnrealEngine/Common/DerivedDataCache/Buckets/LegacyMATSM/96/5f/1456de237d3f8fc7a395efde3d5ce9f2889a.udd" 7572
"C:/Users/b.lapeze/AppData/Local/UnrealEngine/Common/DerivedDataCache/Buckets/LegacyMATSM/76/fa/11c22b9f3aed253fb179bf6f8a379c3ac349.udd" 7573
"C:/Users/b.lapeze/AppData/Local/UnrealEngine/Common/DerivedDataCache/Buckets/LegacyMATSM/02/cb/f3cd40e06a7ce672f8e2f8b18694e886c790.udd" 7574
"C:/Users/b.lapeze/AppData/Local/UnrealEngine/Common/DerivedDataCache/Buckets/LegacyMATSM/08/ba/dbe6f9da401e032a9e39d8558c4d83239210.udd" 7575
"C:/Users/b.lapeze/AppData/Local/UnrealEngine/Common/DerivedDataCache/Buckets/LegacyMATSM/30/13/eba94a65a71ed35410aa4d68af2b68d28365.udd" 7576
"C:/Users/b.lapeze/AppData/Local/UnrealEngine/Common/DerivedDataCache/Buckets/LegacyTEXTURE/ba/be/504e95e58d8fec2dfe069314e04ee64f76fd.udd" 7577
"C:/Users/b.lapeze/AppData/Local/UnrealEngine/Common/DerivedDataCache/Buckets/LegacyTEXTURE/7e/90/10685fe2534eb3f74db2020b236933d7b77f.udd" 7578
"C:/Users/b.lapeze/AppData/Local/UnrealEngine/Common/DerivedDataCache/Buckets/LegacyTEXTURE/7e/9a/7ad995ea10a394fbfb1184fa53ae0bd77676.udd" 7579
"C:/Users/b.lapeze/AppData/Local/UnrealEngine/Common/DerivedDataCache/Buckets/LegacyTEXTURE/5f/a5/e4c6c42b4ca30df6d4a1ecd84001e1b6fef2.udd" 7580
"C:/Users/b.lapeze/AppData/Local/UnrealEngine/Common/DerivedDataCache/Buckets/LegacyTEXTURE/de/e9/9fc38cecb5957775001f3e0728057fb1ab1a.udd" 7581
"C:/Users/b.lapeze/AppData/Local/UnrealEngine/Common/DerivedDataCache/Content/6c/c9/a045f3265410e2dc729bb40e5fae6bd7a4f7.udd" 7582
"C:/Users/b.lapeze/AppData/Local/UnrealEngine/Common/DerivedDataCache/Buckets/LegacyTEXTURE/97/35/d11dcfd511ff226f17b2f086a224655b5baf.udd" 7583
"C:/Users/b.lapeze/AppData/Local/UnrealEngine/Common/DerivedDataCache/Buckets/LegacyTEXTURE/5e/95/d1ae41f3202f1fc45e16658ef5d934b78418.udd" 7584
"C:/Users/b.lapeze/AppData/Local/UnrealEngine/Common/DerivedDataCache/Buckets/LegacyTEXTURE/7e/bf/7547336d54e5f1eb91f10cb4f13734a02fcb.udd" 7585
"C:/Users/b.lapeze/AppData/Local/UnrealEngine/Common/DerivedDataCache/Buckets/LegacyTEXTURE/36/5d/c65281f00a4c456656b3077fc0f13e8feb39.udd" 7586
"C:/Users/b.lapeze/AppData/Local/UnrealEngine/Common/DerivedDataCache/Content/01/0d/564469fa3bf6f8e5f01d64ca44410a3ba32e.udd" 7587
"C:/Users/b.lapeze/AppData/Local/UnrealEngine/Common/DerivedDataCache/Buckets/LegacyTEXTURE/04/ab/7a78b37e342683ecaa5855bfd0bfa2827219.udd" 7588
"C:/Users/b.lapeze/AppData/Local/UnrealEngine/Common/DerivedDataCache/Buckets/LegacyTEXTURE/1c/ef/53db5bcb4ca7e62fbccf9a83624d3c8bfdd6.udd" 7589
"C:/Users/b.lapeze/AppData/Local/UnrealEngine/Common/DerivedDataCache/Buckets/LegacyTEXTURE/3d/7e/4ead6c26e35739f87be722cbd76dddc48434.udd" 7590
"C:/Users/b.lapeze/AppData/Local/UnrealEngine/Common/DerivedDataCache/Buckets/LegacyTEXTURE/e0/0c/a2a2b718a131fbf87d2ce35c587ec0bc34a6.udd" 7591
"C:/Users/b.lapeze/AppData/Local/UnrealEngine/Common/DerivedDataCache/Buckets/LegacyTEXTURE/19/89/a03a49dbf565587d039daf054a7145bb46ea.udd" 7592
"C:/Users/b.lapeze/AppData/Local/UnrealEngine/Common/DerivedDataCache/Buckets/LegacyTEXTURE/32/2d/7bfb71401007fc386f08f29a8a4f3f7de305.udd" 7593
"C:/Users/b.lapeze/AppData/Local/UnrealEngine/Common/DerivedDataCache/Buckets/LegacyTEXTURE/93/af/aeca329f1bb4ca88fc13b7447b216fa0b22b.udd" 7594
"C:/Users/b.lapeze/AppData/Local/UnrealEngine/Common/DerivedDataCache/Buckets/LegacyTEXTURE/3d/01/dcf1204fe3eeb79c00bf20aeeef73b8c2898.udd" 7595
